BoundaryLayerThickness,Voltage,Value
80.0,-0.0012000000000000899,4.624874640337003e-19
80.0,-0.0025199999999998557,5.489911339008718e-19
80.0,-0.003972000000000309,5.966472007710637e-19
80.0,-0.005569200000000052,-2.7266573736482886e-19
80.0,-0.0073261199999997695,-4.197361515184596e-20
80.0,-0.009258731999999936,-8.89889889702341e-20
80.0,-0.011384605199999953,3.325990954961025e-19
80.0,-0.013723065720000038,-1.284257713978593e-19
80.0,-0.016295372292000065,1.3894277037281697e-19
80.0,-0.01912490952120005,-9.307185141541185e-19
80.0,-0.022237400473320124,6.045310377680509e-19
80.0,-0.025661140520652048,-2.960310006807736e-20
80.0,-0.02942725457271711,-3.6543860274878595e-20
80.0,-0.0335699800299889,2.503521800354604e-19
80.0,-0.038126978032988035,-4.0287643137949597e-19
80.0,-0.04313967583628653,1.631965218721295e-19
80.0,-0.04865364341991518,-9.319779186770666e-20
80.0,-0.05471900776190708,-1.2747413944954947e-19
80.0,-0.06139090853809748,1.3105223538726303e-19
80.0,-0.06872999939190727,-3.4757561525874393e-19
80.0,-0.07680299933109824,-3.050941403465321e-19
80.0,-0.08568329926420759,-9.00204792095001e-20
80.0,-0.09545162919062877,-2.8752677771550056e-19
80.0,-0.10619679210969157,-4.697823651632625e-19
80.0,-0.11801647132066084,-7.851811021336826e-19
80.0,-0.13001647132066052,-1.741842661394431e-18
80.0,-0.14201647132066064,-3.57999700954121e-18
80.0,-0.15401647132066076,-7.621845372097405e-18
80.0,-0.16601647132066044,-1.5282170125270335e-17
80.0,-0.17801647132066056,-3.157335851743635e-17
80.0,-0.19001647132066068,-6.477940484477872e-17
80.0,-0.2020164713206607,-1.3403721056190643e-16
80.0,-0.21401647132066093,-2.7737449988215723e-16
80.0,-0.22601647132066072,-5.746585434505085e-16
80.0,-0.23801647132066073,-1.1911675143520875e-15
80.0,-0.25001647132066074,-2.4715713429953544e-15
80.0,-0.2620164713206605,-5.132095992510041e-15
80.0,-0.27401647132066076,-1.0664460364929569e-14
80.0,-0.28601647132066077,-2.2175177319671787e-14
80.0,-0.2980164713206608,-4.614135048213938e-14
80.0,-0.310016471320661,-9.607081231293417e-14
80.0,-0.3220164713206608,-2.0015087760781874e-13
80.0,-0.3340164713206608,-4.1723431502280903e-13
80.0,-0.3460164713206608,-8.702552383692647e-13
80.0,-0.3580164713206606,-1.8161303681691527e-12
80.0,-0.37001647132066084,-3.792027937278559e-12
80.0,-0.38201647132066086,-7.92154630615107e-12
80.0,-0.39401647132066087,-1.655589933222699e-11
80.0,-0.4060164713206611,-3.461708638726979e-11
80.0,-0.4180164713206609,-7.24125435206942e-11
80.0,-0.43001647132066134,-1.515351176946103e-10
80.0,-0.44201647132066113,-3.1723384473210434e-10
80.0,-0.4540164713206607,-6.643587784063831e-10
80.0,-0.46601647132066115,-1.3917855597199153e-9
80.0,-0.47801647132066094,-2.9165998425651546e-9
80.0,-0.49001647132066073,-6.113679875184051e-9
80.0,-0.5020164713206612,-1.2818380953704496e-8
80.0,-0.514016471320661,-2.6881071982526793e-8
80.0,-0.5260164713206608,-5.63784729548951e-8
80.0,-0.5380164713206612,-1.1824732942493367e-7
80.0,-0.5500164713206608,-2.479815454934053e-7
80.0,-0.5620164713206606,-5.198835842813312e-7
80.0,-0.574016471320661,-1.0892162027330577e-6
80.0,-0.5860164713206615,-2.2794759574874584e-6
80.0,-0.5980164713206613,-4.7616000849986605e-6
80.0,-0.6100164713206611,-9.917229872913897e-6
80.0,-0.6220164713206615,-2.056044564905799e-5
80.0,-0.6340164713206613,-4.232780400134989e-5
80.0,-0.6460164713206609,-8.622952882553873e-5
80.0,-0.6580164713206613,-0.0001729939814123013
80.0,-0.6700164713206611,-0.0003396446430172759
80.0,-0.6820164713206609,-0.0006477200062746013
80.0,-0.6940164713206614,-0.001190506833244693
80.0,-0.7060164713206611,-0.002095183801408791
80.0,-0.7180164713206609,-0.003518518484383509
80.0,-0.7300164713206614,-0.005642576150608223
80.0,-0.742016471320661,-0.008682140623139658
80.0,-0.7540164713206607,-0.012910328566386273
80.0,-0.7660164713206612,-0.01869919143906216
80.0,-0.7780164713206617,-0.02656973716787674
80.0,-0.7900164713206614,-0.037251257344653635
80.0,-0.8020164713206612,-0.05175589338182118
80.0,-0.814016471320661,-0.07147756515691749
80.0,-0.8260164713206606,-0.09832592720985117
80.0,-0.838016471320661,-0.1349076357990182
80.0,-0.8500164713206608,-0.18476940665683148
80.0,-0.8620164713206606,-0.25271960279507494
80.0,-0.8740164713206611,-0.34524609660482225
80.0,-0.8860164713206609,-0.47104544322253433
80.0,-0.8980164713206606,-0.6416675688454845
80.0,-0.9100164713206602,-0.8722537047524391
80.0,-0.92201647132066,-1.1822914771599908
80.0,-0.9340164713206605,-1.596214086609865
80.0,-0.9460164713206602,-2.1435144561046293
80.0,-0.95801647132066,-2.8578267783737736
80.0,-0.9700164713206605,-3.7741834157264638
80.0,-0.9820164713206603,-4.923501986686691
80.0,-0.9940164713206598,-6.323530990845504
80.0,-1.0060164713206596,-7.966321231646248
80.0,-1.0180164713206594,-9.804112061098692
80.0,-1.0300164713206599,-11.738349931574215
80.0,-1.0420164713206597,-13.619661542527593
80.0,-1.0540164713206595,-15.267777046515665
80.0,-1.06601647132066,-16.515452514616367
80.0,-1.0780164713206595,-17.26559774078947
80.0,-1.0900164713206593,-17.531540344051063
80.0,-1.102016471320659,-17.42844048453267
80.0,-1.1140164713206588,-17.116395415431665
80.0,-1.1260164713206593,-16.735753480643396
80.0,-1.138016471320659,-16.37441141449133
80.0,-1.1500164713206587,-16.070821996742783
80.0,-1.162016471320659,-15.832369580111042
80.0,-1.174016471320659,-15.652122991597166
80.0,-1.1860164713206587,-15.518825600350922
80.0,-1.1980164713206585,-15.42146006593738
80.0,-1.1899835286793419,-15.134717028916976
80.0,-1.1779835286793414,-14.911558755626992
80.0,-1.1659835286793416,-14.712327429853307
80.0,-1.1539835286793418,-14.489571874885113
80.0,-1.1419835286793414,-14.217666985787
80.0,-1.1299835286793416,-13.87518897475762
80.0,-1.117983528679342,-13.442601544083367
80.0,-1.1059835286793422,-12.90299688698476
80.0,-1.0939835286793425,-12.244387308923317
80.0,-1.081983528679342,-11.462773767894257
80.0,-1.0699835286793422,-10.56500916738497
80.0,-1.0579835286793424,-9.570292036952257
80.0,-1.045983528679342,-8.50934779207105
80.0,-1.0339835286793422,-7.42105242446771
80.0,-1.0219835286793426,-6.3471670281163695
80.0,-1.0099835286793428,-5.326544542072821
80.0,-0.997983528679343,-4.390309395580086
80.0,-0.9859835286793426,-3.559064394779904
80.0,-0.9739835286793429,-2.842410410569445
80.0,-0.9619835286793431,-2.240351162444544
80.0,-0.9499835286793427,-1.7457694870873781
80.0,-0.937983528679343,-1.347153123504647
80.0,-0.9259835286793432,-1.0309874376594712
80.0,-0.9139835286793434,-0.7835381306675551
80.0,-0.9019835286793436,-0.5919908410573476
80.0,-0.8899835286793432,-0.4450525348393451
80.0,-0.8779835286793435,-0.3331663717722155
80.0,-0.8659835286793438,-0.2484831199761152
80.0,-0.8539835286793434,-0.184700262563766
80.0,-0.8419835286793436,-0.13684471769160422
80.0,-0.8299835286793438,-0.10104571813197845
80.0,-0.817983528679344,-0.0743232364059565
80.0,-0.8059835286793443,-0.05440357313755212
80.0,-0.7939835286793439,-0.03956551308029402
80.0,-0.7819835286793434,-0.02851596476854143
80.0,-0.7699835286793437,-0.02029174091415989
80.0,-0.7579835286793439,-0.014182974466875237
80.0,-0.7459835286793435,-0.00967286246605776
80.0,-0.733983528679343,-0.0063879642372479985
80.0,-0.7219835286793432,-0.004054338980172704
80.0,-0.7099835286793434,-0.002459033475985443
80.0,-0.6979835286793431,-0.0014222592901772858
80.0,-0.6859835286793426,-0.0007861557842975382
80.0,-0.6739835286793429,-0.000417686525691113
80.0,-0.6619835286793431,-0.00021493869304298159
80.0,-0.6499835286793426,-0.00010796179066142327
80.0,-0.6379835286793422,-5.3290750692857845e-5
80.0,-0.6259835286793425,-2.5987800190536076e-5
80.0,-0.6139835286793427,-1.2569540249259841e-5
80.0,-0.6019835286793422,-6.046247542278643e-6
80.0,-0.5899835286793418,-2.897723277725335e-6
80.0,-0.577983528679342,-1.3852007905721688e-6
80.0,-0.5659835286793423,-6.607970592250178e-7
80.0,-0.5539835286793419,-3.145154558462839e-7
80.0,-0.5419835286793414,-1.4917777893098336e-7
80.0,-0.5299835286793416,-7.028675553907016e-8
80.0,-0.5179835286793419,-3.2654939765367305e-8
80.0,-0.5059835286793415,-1.4703934073016847e-8
80.0,-0.49398352867934103,-6.137869511565762e-9
80.0,-0.48198352867934124,-2.0464513012196858e-9
80.0,-0.46998352867934146,-8.836904188309059e-11
80.0,-0.457983528679341,8.527024148374929e-10
80.0,-0.44598352867934055,1.3090641328022408e-9
80.0,-0.43398352867934087,1.53458331461246e-9
80.0,-0.4219835286793411,1.65037368821657e-9
80.0,-0.4099835286793406,1.7142452669744816e-9
80.0,-0.39798352867934017,1.7538164406879683e-9
80.0,-0.3859835286793405,1.7823038180128392e-9
80.0,-0.3739835286793407,1.806053492036855e-9
80.0,-0.36198352867934025,1.8281342467293443e-9
80.0,-0.3499835286793398,1.8500525060235832e-9
80.0,-0.33798352867934,1.87257123201476e-9
80.0,-0.32598352867934033,1.8961012382158217e-9
80.0,-0.3139835286793399,1.920888408042429e-9
80.0,-0.3019835286793394,1.947103488294301e-9
80.0,-0.28998352867933963,1.9748853630053163e-9
80.0,-0.27798352867933995,2.004362136995958e-9
80.0,-0.2659835286793395,2.035661638501062e-9
80.0,-0.25398352867933904,2.0689169046192807e-9
80.0,-0.24198352867933925,2.104269299485359e-9
80.0,-0.22998352867933947,2.141870546373506e-9
80.0,-0.217983528679339,2.181884277393738e-9
80.0,-0.20598352867933856,2.224487403018194e-9
80.0,-0.19398352867933877,2.2698714301220026e-9
80.0,-0.1819835286793392,2.3182438071389414e-9
80.0,-0.16998352867933875,2.369829310997644e-9
80.0,-0.1579835286793383,2.4248714899895717e-9
80.0,-0.1459835286793385,2.483634160562731e-9
80.0,-0.13398352867933871,2.5464029232380233e-9
80.0,-0.12198352867933826,2.613486683621806e-9
80.0,-0.1099835286793378,2.6852191272114534e-9
80.0,-0.09798352867933802,2.761960088587228e-9
80.0,-0.08598352867933823,2.8440967312480094e-9
80.0,-0.07398352867933777,2.9320444365523175e-9
80.0,-0.06198352867933732,3.0262472505275894e-9
80.0,-0.04998352867933775,3.127177725155614e-9
80.0,-0.03798352867933796,3.2353359112905687e-9
80.0,-0.02598352867933751,3.3512472283154668e-9
80.0,-0.013983528679337054,3.4754588556865623e-9
80.0,-0.0019835286793372653,3.6085342094976256e-9
80.0,0.010016471320662523,3.7510449785372136e-9
80.0,0.022016471320662978,3.903560086099443e-9
80.0,0.03401647132066343,4.066630799352748e-9
80.0,0.04601647132066322,4.240771082552283e-9
80.0,0.05801647132066301,4.426432084606377e-9
80.0,0.07001647132066346,4.6239694643971745e-9
80.0,0.08201647132066392,4.833601977099187e-9
80.0,0.09401647132066349,5.055359453641232e-9
80.0,0.10601647132066327,5.289017928236893e-9
80.0,0.11801647132066373,5.534019265955115e-9
80.0,0.13001647132066418,5.7893722167671794e-9
80.0,0.14201647132066397,6.053531494550917e-9
80.0,0.15401647132066376,6.324251405284807e-9
80.0,0.16601647132066422,6.598411105034781e-9
80.0,0.17801647132066467,6.871810215847966e-9
80.0,0.19001647132066446,7.1389372138250436e-9
80.0,0.20201647132066403,7.392719798286307e-9
80.0,0.21401647132066448,7.624277959948719e-9
80.0,0.22601647132066494,7.82271835501442e-9
80.0,0.23801647132066472,7.975034133878353e-9
80.0,0.2500164713206645,8.066207222750766e-9
80.0,0.26201647132066497,8.079645981332218e-9
80.0,0.2740164713206654,7.998118691701158e-9
80.0,0.2860164713206652,7.80534027876183e-9
80.0,0.298016471320665,7.488301682748562e-9
80.0,0.31001647132066545,7.040259120829232e-9
80.0,0.3220164713206659,6.464002256025981e-9
80.0,0.3340164713206655,5.774633849307567e-9
80.0,0.34601647132066526,5.000762822613646e-9
80.0,0.3580164713206657,4.182992416521151e-9
80.0,0.3700164713206662,3.3691350970800867e-9
80.0,0.38201647132066596,2.6067392442126724e-9
80.0,0.39401647132066575,1.9348536224404146e-9
80.0,0.4060164713206662,1.3776891608948523e-9
80.0,0.41801647132066666,9.423051964981438e-10
80.0,0.43001647132066645,6.207649926944174e-10
80.0,0.442016471320666,3.953490282578047e-10
80.0,0.45401647132066647,2.444946422229799e-10
80.0,0.4660164713206669,1.4750680345636626e-10
80.0,0.4780164713206667,8.720756013407304e-11
80.0,0.4900164713206665,5.072739889358776e-11
80.0,0.502016471320667,2.9131447680581605e-11
80.0,0.5140164713206674,1.6562410079522712e-11
80.0,0.5260164713206672,9.34301901815194e-12
80.0,0.538016471320667,5.23843627404089e-12
80.0,0.5500164713206674,2.923111381007684e-12
80.0,0.5620164713206679,1.6250438922156193e-12
80.0,0.5740164713206675,9.007506885904908e-13
80.0,0.5860164713206673,4.981182531208096e-13
80.0,0.5980164713206677,2.749512170302876e-13
80.0,0.6100164713206682,1.5154325242325846e-13
80.0,0.622016471320668,8.342780420385051e-14
80.0,0.6340164713206677,4.5885613860969174e-14
80.0,0.6460164713206682,2.5218101743462503e-14
80.0,0.6580164713206686,1.3851681228557125e-14
80.0,0.6700164713206684,7.604430531434313e-15
80.0,0.682016471320668,4.1726754401865244e-15
80.0,0.6940164713206685,2.2895605555289533e-15
80.0,0.7060164713206689,1.2553256404475954e-15
80.0,0.7180164713206687,6.886849753058067e-16
80.0,0.7300164713206685,3.772607149038314e-16
80.0,0.742016471320669,2.0689718780175116e-16
80.0,0.7540164713206694,1.138374093280583e-16
80.0,0.7660164713206692,6.25730891310854e-17
80.0,0.778016471320669,3.3982461764227517e-17
80.0,0.7900164713206694,1.871859195943252e-17
80.0,0.7979835286793311,1.0634228814903151e-17
80.0,0.7859835286793313,5.644764206968759e-18
80.0,0.7739835286793316,4.5104664194114546e-18
80.0,0.7619835286793318,2.2106186385528514e-18
80.0,0.7499835286793322,-1.4353752963874216e-19
80.0,0.7379835286793324,-1.8037342221512724e-19
80.0,0.7259835286793326,6.163826414103187e-19
80.0,0.7139835286793329,-6.223512799128766e-19
80.0,0.7019835286793331,3.806641050136918e-19
80.0,0.6899835286793334,1.11113784803633e-19
80.0,0.6779835286793336,8.94534031411244e-19
80.0,0.6659835286793339,-6.124415449376946e-19
80.0,0.6539835286793342,1.90850659494321e-19
80.0,0.6419835286793344,-1.8655919732885532e-19
80.0,0.6299835286793347,2.241704734180393e-19
80.0,0.6179835286793349,1.9694789937735884e-19
80.0,0.6059835286793351,1.2221022068041214e-18
80.0,0.5939835286793355,-1.4423399866806473e-19
80.0,0.5819835286793357,-7.215367995505562e-19
80.0,0.569983528679336,-8.535049544289078e-19
80.0,0.5579835286793362,3.8275911405573343e-19
80.0,0.5459835286793364,-7.277532636300807e-19
80.0,0.5339835286793366,-3.1648872805073544e-19
80.0,0.521983528679337,5.500195795998801e-19
80.0,0.5099835286793373,-1.2294438111812348e-19
80.0,0.4979835286793375,2.755382002070446e-20
80.0,0.4859835286793377,-4.709398384783869e-19
80.0,0.47398352867933796,1.0903838260085011e-20
80.0,0.46198352867933823,2.3274877004777917e-19
80.0,0.4499835286793385,-4.497101374807146e-19
80.0,0.43798352867933876,2.906446000570741e-19
80.0,0.425983528679339,4.2451431388950104e-19
80.0,0.41398352867933924,-2.761408973964339e-19
80.0,0.4019835286793395,-2.3577169406952416e-19
80.0,0.3899835286793405,-2.298286297051298e-19
80.0,0.37798352867934004,-6.792996489940146e-20
80.0,0.3659835286793396,-1.8952177856269522e-19
80.0,0.3539835286793405,1.6876733029923028e-19
80.0,0.3419835286793415,2.3583903930002167e-19
80.0,0.32998352867934105,-1.7147490084109577e-19
80.0,0.3179835286793406,1.1114319506252117e-19
80.0,0.30598352867934153,-3.432049341557762e-21
80.0,0.2939835286793425,1.7505582820124887e-19
80.0,0.28198352867934207,8.594475316668608e-20
80.0,0.2699835286793416,8.723034073584918e-20
80.0,0.2579835286793426,-3.656979975787312e-21
80.0,0.2459835286793436,-1.1706342537498366e-19
80.0,0.23398352867934313,3.5396695773066346e-19
80.0,0.22198352867934268,-3.1115164897920865e-19
80.0,0.20998352867934356,1.327730704316489e-19
80.0,0.19798352867934454,-3.439417128981091e-21
80.0,0.1859835286793441,-1.4721813524692825e-20
80.0,0.17398352867934364,-8.822139948049461e-20
80.0,0.16198352867934462,1.1456495385800833e-19
80.0,0.1499835286793456,2.345208751501025e-19
80.0,0.13798352867934516,-3.3549037359711e-20
80.0,0.1259835286793447,1.3363817654583847e-19
80.0,0.11398352867934558,1.2343720084961695e-19
80.0,0.10198352867934657,-1.736910521399863e-19
80.0,0.08998352867934611,8.33455682579902e-20
80.0,0.07798352867934566,-1.0331954862642613e-19
80.0,0.06598352867934665,-5.0298971376986597e-20
80.0,0.05398352867934764,-3.4417644695196806e-20
80.0,0.04198352867934718,-5.658299380482658e-20
80.0,0.03148764650950964,-1.4954124124506735e-19
80.0,0.020991764339673535,1.0248022976821819e-19
80.0,0.010495882169837545,1.1755791960361881e-20
80.0,0.0,1.9144404039052215e-20
99.99999999999999,-0.0012000000000000899,6.151262205368232e-20
99.99999999999999,-0.0025199999999998557,-4.722883262492714e-19
99.99999999999999,-0.003972000000000309,7.913981598985573e-19
99.99999999999999,-0.005569200000000052,-5.730408098667191e-19
99.99999999999999,-0.0073261199999997695,4.1785450385766876e-19
99.99999999999999,-0.009258731999999936,-6.628196743613781e-19
99.99999999999999,-0.011384605199999953,9.95289437787339e-19
99.99999999999999,-0.013723065720000038,-1.0758139959334663e-18
99.99999999999999,-0.016295372292000065,7.030963845552628e-19
99.99999999999999,-0.01912490952120005,-2.5189856292308726e-20
99.99999999999999,-0.022237400473320124,5.266823260543051e-20
99.99999999999999,-0.025661140520652048,-3.431073261951184e-19
99.99999999999999,-0.02942725457271711,-2.1384491513447782e-19
99.99999999999999,-0.0335699800299889,3.8954265420363357e-19
99.99999999999999,-0.038126978032988035,-4.980490338398753e-19
99.99999999999999,-0.04313967583628653,3.1290773979977717e-19
99.99999999999999,-0.04865364341991518,-1.695618335248467e-19
99.99999999999999,-0.05471900776190708,-1.7869776814816378e-20
99.99999999999999,-0.06139090853809748,2.4570542002193583e-19
99.99999999999999,-0.06872999939190727,1.965058930227643e-20
99.99999999999999,-0.07680299933109824,-2.812621185636987e-19
99.99999999999999,-0.08568329926420759,-1.5492237481412128e-19
99.99999999999999,-0.09545162919062877,-4.776591692722547e-19
99.99999999999999,-0.10619679210969157,-5.192106589173881e-19
99.99999999999999,-0.11801647132066084,-1.0244677027078744e-18
99.99999999999999,-0.13001647132066052,-1.7283641163293212e-18
99.99999999999999,-0.14201647132066064,-3.531672194180741e-18
99.99999999999999,-0.15401647132066076,-7.351203218860175e-18
99.99999999999999,-0.16601647132066044,-1.5057458621825825e-17
99.99999999999999,-0.17801647132066056,-3.101743967679503e-17
99.99999999999999,-0.19001647132066068,-6.478155185456836e-17
99.99999999999999,-0.2020164713206607,-1.3429646300631524e-16
99.99999999999999,-0.21401647132066093,-2.772550000862752e-16
99.99999999999999,-0.22601647132066072,-5.745149445124928e-16
99.99999999999999,-0.23801647132066073,-1.1911063157515273e-15
99.99999999999999,-0.25001647132066074,-2.4716353347713172e-15
99.99999999999999,-0.2620164713206605,-5.132177100303153e-15
99.99999999999999,-0.27401647132066076,-1.0663911176988975e-14
99.99999999999999,-0.28601647132066077,-2.217485335211432e-14
99.99999999999999,-0.2980164713206608,-4.614084683198111e-14
99.99999999999999,-0.310016471320661,-9.606951912592612e-14
99.99999999999999,-0.3220164713206608,-2.0014860350217377e-13
99.99999999999999,-0.3340164713206608,-4.1722890990358306e-13
99.99999999999999,-0.3460164713206608,-8.702439383371603e-13
99.99999999999999,-0.3580164713206606,-1.8161073218627583e-12
99.99999999999999,-0.37001647132066084,-3.7919781204890645e-12
99.99999999999999,-0.38201647132066086,-7.921441489161183e-12
99.99999999999999,-0.39401647132066087,-1.655567728724663e-11
99.99999999999999,-0.4060164713206611,-3.461661576002993e-11
99.99999999999999,-0.4180164713206609,-7.24115449129316e-11
99.99999999999999,-0.43001647132066134,-1.5153299868359085e-10
99.99999999999999,-0.44201647132066113,-3.17229347505935e-10
99.99999999999999,-0.4540164713206607,-6.643492311454736e-10
99.99999999999999,-0.46601647132066115,-1.3917652871081405e-9
99.99999999999999,-0.47801647132066094,-2.9165567896222714e-9
99.99999999999999,-0.49001647132066073,-6.113588429563122e-9
99.99999999999999,-0.5020164713206612,-1.2818186694771333e-8
99.99999999999999,-0.514016471320661,-2.6880659283742238e-8
99.99999999999999,-0.5260164713206608,-5.637759616338896e-8
99.99999999999999,-0.5380164713206612,-1.1824546676331389e-7
99.99999999999999,-0.5500164713206608,-2.4797758915585546e-7
99.99999999999999,-0.5620164713206606,-5.198751838741367e-7
99.99999999999999,-0.574016471320661,-1.0891983768628792e-6
99.99999999999999,-0.5860164713206615,-2.279438165081606e-6
99.99999999999999,-0.5980164713206613,-4.761520067492645e-6
99.99999999999999,-0.6100164713206611,-9.917060752524724e-6
99.99999999999999,-0.6220164713206615,-2.056008897050621e-5
99.99999999999999,-0.6340164713206613,-4.232705337025051e-5
99.99999999999999,-0.6460164713206609,-8.622795118630607e-5
99.99999999999999,-0.6580164713206613,-0.00017299066278755675
99.99999999999999,-0.6700164713206611,-0.0003396376333715315
99.99999999999999,-0.6820164713206609,-0.0006477051055307336
99.99999999999999,-0.6940164713206614,-0.0011904750415323182
99.99999999999999,-0.7060164713206611,-0.0020951164030629937
99.99999999999999,-0.7180164713206609,-0.003518378432458589
99.99999999999999,-0.7300164713206614,-0.005642293586364745
99.99999999999999,-0.742016471320661,-0.008681587584720608
99.99999999999999,-0.7540164713206607,-0.012909272261767342
99.99999999999999,-0.7660164713206612,-0.018697206227679175
99.99999999999999,-0.7780164713206617,-0.026566039316495062
99.99999999999999,-0.7900164713206614,-0.03724439615129799
99.99999999999999,-0.8020164713206612,-0.05174317473668057
99.99999999999999,-0.814016471320661,-0.07145397678567526
99.99999999999999,-0.8260164713206606,-0.09828213789884298
99.99999999999999,-0.838016471320661,-0.13482627999754343
99.99999999999999,-0.8500164713206608,-0.184618210714504
99.99999999999999,-0.8620164713206606,-0.25243873665382566
99.99999999999999,-0.8740164713206611,-0.34472507978935596
99.99999999999999,-0.8860164713206609,-0.47008144089970805
99.99999999999999,-0.8980164713206606,-0.6398912450855179
99.99999999999999,-0.9100164713206602,-0.8690002539247428
99.99999999999999,-0.92201647132066,-1.1763831288561237
99.99999999999999,-0.9340164713206605,-1.5856090721751857
99.99999999999999,-0.9460164713206602,-2.1247752735464065
99.99999999999999,-0.95801647132066,-2.8253878979221634
99.99999999999999,-0.9700164713206605,-3.719488054110441
99.99999999999999,-0.9820164713206603,-4.83425921413542
99.99999999999999,-0.9940164713206598,-6.183595489317839
99.99999999999999,-1.0060164713206596,-7.756859544566961
99.99999999999999,-1.0180164713206594,-9.506450150675747
99.99999999999999,-1.0300164713206599,-11.337830433652382
99.99999999999999,-1.0420164713206597,-13.108094010741205
99.99999999999999,-1.0540164713206595,-14.640966829050583
99.99999999999999,-1.06601647132066,-15.764391669479734
99.99999999999999,-1.0780164713206595,-16.366387803472644
99.99999999999999,-1.0900164713206593,-16.444732212120314
99.99999999999999,-1.102016471320659,-16.112945191729793
99.99999999999999,-1.1140164713206588,-15.547989671662197
99.99999999999999,-1.1260164713206593,-14.915191504335679
99.99999999999999,-1.138016471320659,-14.322420053064779
99.99999999999999,-1.1500164713206587,-13.81820160772247
99.99999999999999,-1.162016471320659,-13.412159694201785
99.99999999999999,-1.174016471320659,-13.095345489056616
99.99999999999999,-1.1860164713206587,-12.85272192579327
99.99999999999999,-1.1980164713206585,-12.669036628921091
99.99999999999999,-1.1899835286793419,-12.356584464804746
99.99999999999999,-1.1779835286793414,-12.11673048075859
99.99999999999999,-1.1659835286793416,-11.912599310693682
99.99999999999999,-1.1539835286793418,-11.702724199628506
99.99999999999999,-1.1419835286793414,-11.464156683731314
99.99999999999999,-1.1299835286793416,-11.177912654958787
99.99999999999999,-1.117983528679342,-10.826965852769069
99.99999999999999,-1.1059835286793422,-10.396701453019972
99.99999999999999,-1.0939835286793425,-9.876570021788913
99.99999999999999,-1.081983528679342,-9.262326914726208
99.99999999999999,-1.0699835286793422,-8.558122190391604
99.99999999999999,-1.0579835286793424,-7.777594970059464
99.99999999999999,-1.045983528679342,-6.943298662830208
99.99999999999999,-1.0339835286793422,-6.084278171796132
99.99999999999999,-1.0219835286793426,-5.232251642558836
99.99999999999999,-1.0099835286793428,-4.417330416535403
99.99999999999999,-0.997983528679343,-3.6643301235962236
99.99999999999999,-0.9859835286793426,-2.9904575040551737
99.99999999999999,-0.9739835286793429,-2.4046549805143855
99.99999999999999,-0.9619835286793431,-1.9083829044286398
99.99999999999999,-0.9499835286793427,-1.4973072181982383
99.99999999999999,-0.937983528679343,-1.1633001245523826
99.99999999999999,-0.9259835286793432,-0.8962923433325257
99.99999999999999,-0.9139835286793434,-0.6857224852045835
99.99999999999999,-0.9019835286793436,-0.5215149990367723
99.99999999999999,-0.8899835286793432,-0.39463741282635045
99.99999999999999,-0.8779835286793435,-0.2973392737316229
99.99999999999999,-0.8659835286793438,-0.22318015299116056
99.99999999999999,-0.8539835286793434,-0.1669356380913917
99.99999999999999,-0.8419835286793436,-0.12444511782301156
99.99999999999999,-0.8299835286793438,-0.0924422781151752
99.99999999999999,-0.817983528679344,-0.06839180103613701
99.99999999999999,-0.8059835286793443,-0.05034394147276788
99.99999999999999,-0.7939835286793439,-0.03681134458661043
99.99999999999999,-0.7819835286793434,-0.02666830645138665
99.99999999999999,-0.7699835286793437,-0.019070457380870782
99.99999999999999,-0.7579835286793439,-0.01339158902317492
99.99999999999999,-0.7459835286793435,-0.009173396138143245
99.99999999999999,-0.733983528679343,-0.006083257924808008
99.99999999999999,-0.7219835286793432,-0.003875996552837717
99.99999999999999,-0.7099835286793434,-0.002359456299755169
99.99999999999999,-0.6979835286793431,-0.0013693317708681685
99.99999999999999,-0.6859835286793426,-0.0007593151191074634
99.99999999999999,-0.6739835286793429,-0.0004046228704760078
99.99999999999999,-0.6619835286793431,-0.00020878766716345265
99.99999999999999,-0.6499835286793426,-0.00010513639182162139
99.99999999999999,-0.6379835286793422,-5.2014431962155546e-5
99.99999999999999,-0.6259835286793425,-2.541608504416133e-5
99.99999999999999,-0.6139835286793427,-1.2312815604931588e-5
99.99999999999999,-0.6019835286793422,-5.9284823465940684e-6
99.99999999999999,-0.5899835286793418,-2.840511170875819e-6
99.99999999999999,-0.577983528679342,-1.3539429750383155e-6
99.99999999999999,-0.5659835286793423,-6.403076420468713e-7
99.99999999999999,-0.5539835286793419,-2.981372592392407e-7
99.99999999999999,-0.5419835286793414,-1.3397723218996075e-7
99.99999999999999,-0.5299835286793416,-5.494747748677187e-8
99.99999999999999,-0.5179835286793419,-1.6558635655426712e-8
99.99999999999999,-0.5059835286793415,2.4694966919384425e-9
99.99999999999999,-0.49398352867934103,1.2308390226888414e-8
99.99999999999999,-0.48198352867934124,1.7819588349140987e-8
99.99999999999999,-0.46998352867934146,2.132880693684386e-8
99.99999999999999,-0.457983528679341,2.3951599927599812e-8
99.99999999999999,-0.44598352867934055,2.6226455751714628e-8
99.99999999999999,-0.43398352867934087,2.8417057569476328e-8
99.99999999999999,-0.4219835286793411,3.0656600258974255e-8
99.99999999999999,-0.4099835286793406,3.3016733896772086e-8
99.99999999999999,-0.39798352867934017,3.554054876231858e-8
99.99999999999999,-0.3859835286793405,3.825841233610284e-8
99.99999999999999,-0.3739835286793407,4.1195635296916825e-8
99.99999999999999,-0.36198352867934025,4.4376251485271625e-8
99.99999999999999,-0.3499835286793398,4.782495846513499e-8
99.99999999999999,-0.33798352867934,5.1568197621211054e-8
99.99999999999999,-0.32598352867934033,5.563484360494978e-8
99.99999999999999,-0.3139835286793399,6.005673034868174e-8
99.99999999999999,-0.3019835286793394,6.486912554417761e-8
99.99999999999999,-0.28998352867933963,7.011121089111077e-8
99.99999999999999,-0.27798352867933995,7.582659997666731e-8
99.99999999999999,-0.2659835286793395,8.206391413413264e-8
99.99999999999999,-0.25398352867933904,8.887743191586336e-8
99.99999999999999,-0.24198352867933925,9.632782642949633e-8
99.99999999999999,-0.22998352867933947,1.0448300512649492e-7
99.99999999999999,-0.217983528679339,1.1341906792119061e-7
99.99999999999999,-0.20598352867933856,1.2322140140240123e-7
99.99999999999999,-0.19398352867933877,1.3398592920190968e-7
99.99999999999999,-0.1819835286793392,1.4582054124567227e-7
99.99999999999999,-0.16998352867933875,1.5884672754756512e-7
99.99999999999999,-0.1579835286793383,1.7320144540562845e-7
99.99999999999999,-0.1459835286793385,1.89039252207604e-7
99.99999999999999,-0.13398352867933871,2.065347394713415e-7
99.99999999999999,-0.12198352867933826,2.2588530705888381e-7
99.99999999999999,-0.1099835286793378,2.4731431940928e-7
99.99999999999999,-0.09798352867933802,2.710746878467233e-7
99.99999999999999,-0.08598352867933823,2.974529238983313e-7
99.99999999999999,-0.07398352867933777,3.267737074574419e-7
99.99999999999999,-0.06198352867933732,3.594050094709359e-7
99.99999999999999,-0.04998352867933775,3.957638002993377e-7
99.99999999999999,-0.03798352867933796,4.3632236019580746e-7
99.99999999999999,-0.02598352867933751,4.816151850860852e-7
99.99999999999999,-0.013983528679337054,5.322464460341653e-7
99.99999999999999,-0.0019835286793372653,5.888979104200732e-7
99.99999999999999,0.010016471320662523,6.52337162028995e-7
99.99999999999999,0.022016471320662978,7.234258594191334e-7
99.99999999999999,0.03401647132066343,8.031276388909047e-7
99.99999999999999,0.04601647132066322,8.925150894209147e-7
99.99999999999999,0.05801647132066301,9.92774988111849e-7
99.99999999999999,0.07001647132066346,1.1052106679185815e-6
99.99999999999999,0.08201647132066392,1.2312399708280589e-6
99.99999999999999,0.09401647132066349,1.3723866889433253e-6
99.99999999999999,0.10601647132066327,1.5302626750309862e-6
99.99999999999999,0.11801647132066373,1.706536868965076e-6
99.99999999999999,0.13001647132066418,1.9028862918074134e-6
99.99999999999999,0.14201647132066397,2.1209225713697016e-6
99.99999999999999,0.15401647132066376,2.3620857865341963e-6
99.99999999999999,0.16601647132066422,2.627495444112694e-6
99.99999999999999,0.17801647132066467,2.91774649388747e-6
99.99999999999999,0.19001647132066446,3.2326370100764612e-6
99.99999999999999,0.20201647132066403,3.5708145810733836e-6
99.99999999999999,0.21401647132066448,3.92933235606484e-6
99.99999999999999,0.22601647132066494,4.303115890782812e-6
99.99999999999999,0.23801647132066472,4.684362300078569e-6
99.99999999999999,0.2500164713206645,5.061928347034501e-6
99.99999999999999,0.26201647132066497,5.42081776689875e-6
99.99999999999999,0.2740164713206654,5.741949864632946e-6
99.99999999999999,0.2860164713206652,6.002470303603481e-6
99.99999999999999,0.298016471320665,6.1769212358034965e-6
99.99999999999999,0.31001647132066545,6.239566348205512e-6
99.99999999999999,0.3220164713206659,6.167991954989626e-6
99.99999999999999,0.3340164713206655,5.947715933833026e-6
99.99999999999999,0.34601647132066526,5.57695300535362e-6
99.99999999999999,0.3580164713206657,5.070095573918049e-6
99.99999999999999,0.3700164713206662,4.458247315677875e-6
99.99999999999999,0.38201647132066596,3.78569225970616e-6
99.99999999999999,0.39401647132066575,3.102575729419881e-6
99.99999999999999,0.4060164713206662,2.45577631003358e-6
99.99999999999999,0.41801647132066666,1.8809518190677098e-6
99.99999999999999,0.43001647132066645,1.3982816970925424e-6
99.99999999999999,0.442016471320666,1.0127010603496496e-6
99.99999999999999,0.45401647132066647,7.175244376366271e-7
99.99999999999999,0.4660164713206669,4.993905972025021e-7
99.99999999999999,0.4780164713206667,3.426987504881711e-7
99.99999999999999,0.4900164713206665,2.3261280957486794e-7
99.99999999999999,0.502016471320667,1.565743648999957e-7
99.99999999999999,0.5140164713206674,1.0472353397971898e-7
99.99999999999999,0.5260164713206672,6.970548994041134e-8
99.99999999999999,0.538016471320667,4.6226002734979455e-8
99.99999999999999,0.5500164713206674,3.0568535277234335e-8
99.99999999999999,0.5620164713206679,2.0170236851438475e-8
99.99999999999999,0.5740164713206675,1.328636146981291e-8
99.99999999999999,0.5860164713206673,8.740173207395059e-9
99.99999999999999,0.5980164713206677,5.743489926816379e-9
99.99999999999999,0.6100164713206682,3.771105409119247e-9
99.99999999999999,0.622016471320668,2.474415618537508e-9
99.99999999999999,0.6340164713206677,1.6227291095464625e-9
99.99999999999999,0.6460164713206682,1.0637382601971792e-9
99.99999999999999,0.6580164713206686,6.970683627668934e-10
99.99999999999999,0.6700164713206684,4.566640672701688e-10
99.99999999999999,0.682016471320668,2.991041064064179e-10
99.99999999999999,0.6940164713206685,1.958711896097489e-10
99.99999999999999,0.7060164713206689,1.2824968526689858e-10
99.99999999999999,0.7180164713206687,8.396370659796934e-11
99.99999999999999,0.7300164713206685,5.496498342664747e-11
99.99999999999999,0.742016471320669,3.597872020335956e-11
99.99999999999999,0.7540164713206694,2.354938127381063e-11
99.99999999999999,0.7660164713206692,1.5413199739004487e-11
99.99999999999999,0.778016471320669,1.0087630765740703e-11
99.99999999999999,0.7900164713206694,6.601941479283554e-12
99.99999999999999,0.7979835286793311,4.320377689214154e-12
99.99999999999999,0.7859835286793313,2.826645193673017e-12
99.99999999999999,0.7739835286793316,1.8496733691399137e-12
99.99999999999999,0.7619835286793318,1.2104305592678395e-12
99.99999999999999,0.7499835286793322,7.921321433351011e-13
99.99999999999999,0.7379835286793324,5.184033391052632e-13
99.99999999999999,0.7259835286793326,3.3927211104751975e-13
99.99999999999999,0.7139835286793329,2.2204792698675178e-13
99.99999999999999,0.7019835286793331,1.453314603924296e-13
99.99999999999999,0.6899835286793334,9.512540580367364e-14
99.99999999999999,0.6779835286793336,6.226847365530668e-14
99.99999999999999,0.6659835286793339,4.0763121713230407e-14
99.99999999999999,0.6539835286793342,2.6687847065256297e-14
99.99999999999999,0.6419835286793344,1.747291750149356e-14
99.99999999999999,0.6299835286793347,1.1442499594779525e-14
99.99999999999999,0.6179835286793349,7.494129408712208e-15
99.99999999999999,0.6059835286793351,4.909968803960092e-15
99.99999999999999,0.5939835286793355,3.2173523812650182e-15
99.99999999999999,0.5819835286793357,2.1092484501110503e-15
99.99999999999999,0.569983528679336,1.3826848447271913e-15
99.99999999999999,0.5579835286793362,9.06767688077791e-16
99.99999999999999,0.5459835286793364,5.958676154273646e-16
99.99999999999999,0.5339835286793366,3.9173639244961914e-16
99.99999999999999,0.521983528679337,2.5726419320602316e-16
99.99999999999999,0.5099835286793373,1.6970539833356616e-16
99.99999999999999,0.4979835286793375,1.1210892542429254e-16
99.99999999999999,0.4859835286793377,7.355660483643528e-17
99.99999999999999,0.47398352867933796,4.878772589381722e-17
99.99999999999999,0.46198352867933823,3.308225782460378e-17
99.99999999999999,0.4499835286793385,2.1326466229586737e-17
99.99999999999999,0.43798352867933876,1.4652456401102285e-17
99.99999999999999,0.425983528679339,9.958575185539996e-18
99.99999999999999,0.41398352867933924,6.02884288566293e-18
99.99999999999999,0.4019835286793395,4.1958855829585305e-18
99.99999999999999,0.3899835286793405,2.8845024157734736e-18
99.99999999999999,0.37798352867934004,1.918181961209364e-18
99.99999999999999,0.3659835286793396,1.2008592316109262e-18
99.99999999999999,0.3539835286793405,5.485034594424136e-19
99.99999999999999,0.3419835286793415,1.9416725986931158e-19
99.99999999999999,0.32998352867934105,3.8251208005923397e-19
99.99999999999999,0.3179835286793406,7.741210637356828e-19
99.99999999999999,0.30598352867934153,1.6668279447567466e-19
99.99999999999999,0.2939835286793425,-1.0578115076088223e-19
99.99999999999999,0.28198352867934207,3.7391825627418045e-19
99.99999999999999,0.2699835286793416,-1.0885631909344722e-19
99.99999999999999,0.2579835286793426,-7.891618841885642e-20
99.99999999999999,0.2459835286793436,4.7499516610147516e-20
99.99999999999999,0.23398352867934313,3.9045741676942416e-20
99.99999999999999,0.22198352867934268,-1.1415351468759982e-19
99.99999999999999,0.20998352867934356,7.63296079068269e-20
99.99999999999999,0.19798352867934454,9.541625701719294e-20
99.99999999999999,0.1859835286793441,5.823645317331233e-20
99.99999999999999,0.17398352867934364,5.649509792759043e-20
99.99999999999999,0.16198352867934462,-2.5274658916643184e-19
99.99999999999999,0.1499835286793456,9.983881708614975e-20
99.99999999999999,0.13798352867934516,1.3500319617032166e-19
99.99999999999999,0.1259835286793447,-1.6124457577679122e-19
99.99999999999999,0.11398352867934558,1.992423258062716e-20
99.99999999999999,0.10198352867934657,5.0261249523195265e-20
99.99999999999999,0.08998352867934611,-1.5019685254413329e-19
99.99999999999999,0.07798352867934566,-1.2278314226608236e-19
99.99999999999999,0.06598352867934665,-2.6043682384844004e-19
99.99999999999999,0.05398352867934764,2.993893417026955e-19
99.99999999999999,0.04198352867934718,4.25350618652854e-19
99.99999999999999,0.03148764650950964,-3.768219256540363e-19
99.99999999999999,0.020991764339673535,2.8465020474393713e-19
99.99999999999999,0.010495882169837545,6.354905414116826e-20
99.99999999999999,0.0,-2.3806540503147635e-19
199.99999999999997,-0.0012000000000000899,3.624771540839219e-18
199.99999999999997,-0.0025199999999998557,-2.7660818561332733e-18
199.99999999999997,-0.003972000000000309,6.511538485656276e-19
199.99999999999997,-0.005569200000000052,4.1737663281883997e-19
199.99999999999997,-0.0073261199999997695,-1.9699300728581507e-18
199.99999999999997,-0.009258731999999936,-4.748202877090801e-19
199.99999999999997,-0.011384605199999953,1.1482946351558635e-18
199.99999999999997,-0.013723065720000038,-6.878675941868787e-19
199.99999999999997,-0.016295372292000065,2.274558246318261e-18
199.99999999999997,-0.01912490952120005,-2.0108244593794917e-18
199.99999999999997,-0.022237400473320124,7.415183608242335e-19
199.99999999999997,-0.025661140520652048,-7.205454972426902e-19
199.99999999999997,-0.02942725457271711,3.486482067914872e-19
199.99999999999997,-0.0335699800299889,1.4481733258141588e-19
199.99999999999997,-0.038126978032988035,1.3398753754039505e-19
199.99999999999997,-0.04313967583628653,-4.026081769374011e-19
199.99999999999997,-0.04865364341991518,-6.766636860390073e-20
199.99999999999997,-0.05471900776190708,4.195253475510252e-19
199.99999999999997,-0.06139090853809748,-3.3262442607104554e-19
199.99999999999997,-0.06872999939190727,3.5214309544396126e-19
199.99999999999997,-0.07680299933109824,-8.151739490228334e-19
199.99999999999997,-0.08568329926420759,1.3068628164830268e-20
199.99999999999997,-0.09545162919062877,-3.793515428178466e-19
199.99999999999997,-0.10619679210969157,-3.183176442742652e-19
199.99999999999997,-0.11801647132066084,-2.9705707163838116e-19
199.99999999999997,-0.13001647132066052,-2.278883990007027e-18
199.99999999999997,-0.14201647132066064,-3.7962166051857905e-18
199.99999999999997,-0.15401647132066076,-6.966702247209578e-18
199.99999999999997,-0.16601647132066044,-1.5023888912037766e-17
199.99999999999997,-0.17801647132066056,-3.1298433190794503e-17
199.99999999999997,-0.19001647132066068,-6.505661195539605e-17
199.99999999999997,-0.2020164713206607,-1.3360505298297976e-16
199.99999999999997,-0.21401647132066093,-2.775601807752899e-16
199.99999999999997,-0.22601647132066072,-5.739490780627954e-16
199.99999999999997,-0.23801647132066073,-1.1922015621421743e-15
199.99999999999997,-0.25001647132066074,-2.471111281459055e-15
199.99999999999997,-0.2620164713206605,-5.131402406180827e-15
199.99999999999997,-0.27401647132066076,-1.0663968606090963e-14
199.99999999999997,-0.28601647132066077,-2.2174278143294947e-14
199.99999999999997,-0.2980164713206608,-4.6138702064510583e-14
199.99999999999997,-0.310016471320661,-9.606614772585873e-14
199.99999999999997,-0.3220164713206608,-2.0014100410750032e-13
199.99999999999997,-0.3340164713206608,-4.172137376428986e-13
199.99999999999997,-0.3460164713206608,-8.702105152675091e-13
199.99999999999997,-0.3580164713206606,-1.8160377025984173e-12
199.99999999999997,-0.37001647132066084,-3.791832220771985e-12
199.99999999999997,-0.38201647132066086,-7.921133366674964e-12
199.99999999999997,-0.39401647132066087,-1.6555028245916167e-11
199.99999999999997,-0.4060164713206611,-3.461524961546046e-11
199.99999999999997,-0.4180164713206609,-7.240866407550575e-11
199.99999999999997,-0.43001647132066134,-1.5152692203793038e-10
199.99999999999997,-0.44201647132066113,-3.172165276390112e-10
199.99999999999997,-0.4540164713206607,-6.643221681638858e-10
199.99999999999997,-0.46601647132066115,-1.3917081376525412e-9
199.99999999999997,-0.47801647132066094,-2.916436065030916e-9
199.99999999999997,-0.49001647132066073,-6.113333327632769e-9
199.99999999999997,-0.5020164713206612,-1.2817647507532644e-8
199.99999999999997,-0.514016471320661,-2.6879519430623208e-8
199.99999999999997,-0.5260164713206608,-5.637518620072415e-8
199.99999999999997,-0.5380164713206612,-1.1824037130778388e-7
199.99999999999997,-0.5500164713206608,-2.479668166961717e-7
199.99999999999997,-0.5620164713206606,-5.198524150759363e-7
199.99999999999997,-0.574016471320661,-1.0891502726800433e-6
199.99999999999997,-0.5860164713206615,-2.279336593404305e-6
199.99999999999997,-0.5980164713206613,-4.761305734092951e-6
199.99999999999997,-0.6100164713206611,-9.916608613274579e-6
199.99999999999997,-0.6220164713206615,-2.0559134345152747e-5
199.99999999999997,-0.6340164713206613,-4.2325030165891715e-5
199.99999999999997,-0.6460164713206609,-8.622362208313146e-5
199.99999999999997,-0.6580164713206613,-0.00017298122621542473
199.99999999999997,-0.6700164713206611,-0.00033961647820561144
199.99999999999997,-0.6820164713206609,-0.0006476562122851685
199.99999999999997,-0.6940164713206614,-0.0011903600161606211
199.99999999999997,-0.7060164713206611,-0.0020948480184417406
199.99999999999997,-0.7180164713206609,-0.0035177734388177452
199.99999999999997,-0.7300164713206614,-0.005640994397821314
199.99999999999997,-0.742016471320661,-0.008678928144207327
199.99999999999997,-0.7540164713206607,-0.012904031855233393
199.99999999999997,-0.7660164713206612,-0.01868714501439982
199.99999999999997,-0.7780164713206617,-0.026547026050456887
199.99999999999997,-0.7900164713206614,-0.03720878201511584
199.99999999999997,-0.8020164713206612,-0.05167677051461474
199.99999999999997,-0.814016471320661,-0.07133044069808626
199.99999999999997,-0.8260164713206606,-0.09805257526830377
199.99999999999997,-0.838016471320661,-0.13440003336618134
199.99999999999997,-0.8500164713206608,-0.1838275635994452
199.99999999999997,-0.8620164713206606,-0.25097455950780717
199.99999999999997,-0.8740164713206611,-0.34202078792743135
199.99999999999997,-0.8860164713206609,-0.4651069933498083
199.99999999999997,-0.8980164713206606,-0.6307953642950994
199.99999999999997,-0.9100164713206602,-0.8525077711543061
199.99999999999997,-0.92201647132066,-1.1468225678294734
199.99999999999997,-0.9340164713206605,-1.5334367924554329
199.99999999999997,-0.9460164713206602,-2.0345289139697864
199.99999999999997,-0.95801647132066,-2.67322977704029
199.99999999999997,-0.9700164713206605,-3.4709822940598145
199.99999999999997,-0.9820164713206603,-4.443775582309238
199.99999999999997,-0.9940164713206598,-5.597527346308359
199.99999999999997,-1.0060164713206596,-6.923116595901472
199.99999999999997,-1.0180164713206594,-8.391602660734854
199.99999999999997,-1.0300164713206599,-9.950056721084131
199.99999999999997,-1.0420164713206597,-11.51850561641217
199.99999999999997,-1.0540164713206595,-12.98924439508401
199.99999999999997,-1.06601647132066,-14.231612751386761
199.99999999999997,-1.0780164713206595,-15.107906255791434
199.99999999999997,-1.0900164713206593,-15.506600037832872
199.99999999999997,-1.102016471320659,-15.390194663456228
199.99999999999997,-1.1140164713206588,-14.831506056264002
199.99999999999997,-1.1260164713206593,-13.996389567135905
199.99999999999997,-1.138016471320659,-13.068925939180634
199.99999999999997,-1.1500164713206587,-12.179820528918539
199.99999999999997,-1.162016471320659,-11.389191988195364
199.99999999999997,-1.174016471320659,-10.709242467580387
199.99999999999997,-1.1860164713206587,-10.130709371779938
199.99999999999997,-1.1980164713206585,-9.638337921456166
199.99999999999997,-1.1899835286793419,-9.088788844187272
199.99999999999997,-1.1779835286793414,-8.638363282621528
199.99999999999997,-1.1659835286793416,-8.251027244576376
199.99999999999997,-1.1539835286793418,-7.893228410575697
199.99999999999997,-1.1419835286793414,-7.547670141529673
199.99999999999997,-1.1299835286793416,-7.201205363110319
199.99999999999997,-1.117983528679342,-6.842763345116396
199.99999999999997,-1.1059835286793422,-6.4631351955145835
199.99999999999997,-1.0939835286793425,-6.055529299301722
199.99999999999997,-1.081983528679342,-5.616466474347764
199.99999999999997,-1.0699835286793422,-5.146631982431881
199.99999999999997,-1.0579835286793424,-4.65129973706362
199.99999999999997,-1.045983528679342,-4.1400421593166925
199.99999999999997,-1.0339835286793422,-3.625651924815229
199.99999999999997,-1.0219835286793426,-3.12245444445302
199.99999999999997,-1.0099835286793428,-2.6443799342884957
199.99999999999997,-0.997983528679343,-2.203222900391591
199.99999999999997,-0.9859835286793426,-1.807435964203564
199.99999999999997,-0.9739835286793429,-1.4616277273736142
199.99999999999997,-0.9619835286793431,-1.1667335445032154
199.99999999999997,-0.9499835286793427,-0.9206749776524431
199.99999999999997,-0.937983528679343,-0.7192591949915815
199.99999999999997,-0.9259835286793432,-0.5570913646285552
199.99999999999997,-0.9139835286793434,-0.4283469825318511
199.99999999999997,-0.9019835286793436,-0.3273355649088831
199.99999999999997,-0.8899835286793432,-0.24885344016752686
199.99999999999997,-0.8779835286793435,-0.1883613812931499
199.99999999999997,-0.8659835286793438,-0.14203604946975223
199.99999999999997,-0.8539835286793434,-0.10674167238280473
199.99999999999997,-0.8419835286793436,-0.07995864660032483
199.99999999999997,-0.8299835286793438,-0.0596946137443051
199.99999999999997,-0.817983528679344,-0.04439394203976285
199.99999999999997,-0.8059835286793443,-0.032854401665942286
199.99999999999997,-0.7939835286793439,-0.024155052011086434
199.99999999999997,-0.7819835286793434,-0.017596434004807846
199.99999999999997,-0.7699835286793437,-0.012652458540964952
199.99999999999997,-0.7579835286793439,-0.008932323429644971
199.99999999999997,-0.7459835286793435,-0.006149954978977939
199.99999999999997,-0.733983528679343,-0.0040978771263575076
199.99999999999997,-0.7219835286793432,-0.0026229096657345405
199.99999999999997,-0.7099835286793434,-0.0016038474256720896
199.99999999999997,-0.6979835286793431,-0.0009351809443111396
199.99999999999997,-0.6859835286793426,-0.0005212295405352891
199.99999999999997,-0.6739835286793429,-0.0002793209683107686
199.99999999999997,-0.6619835286793431,-0.00014500517819345977
199.99999999999997,-0.6499835286793426,-7.346286912460079e-5
199.99999999999997,-0.6379835286793422,-3.653433833398879e-5
199.99999999999997,-0.6259835286793425,-1.7893953169341436e-5
199.99999999999997,-0.6139835286793427,-8.623057340996841e-6
199.99999999999997,-0.6019835286793422,-4.049688726489602e-6
199.99999999999997,-0.5899835286793418,-1.7957425662004182e-6
199.99999999999997,-0.577983528679342,-6.736220093973907e-7
199.99999999999997,-0.5659835286793423,-9.742100667676408e-8
199.99999999999997,-0.5539835286793419,2.1998428224080767e-7
199.99999999999997,-0.5419835286793414,4.191215763102998e-7
199.99999999999997,-0.5299835286793416,5.692335615271755e-7
199.99999999999997,-0.5179835286793419,7.051969117556786e-7
199.99999999999997,-0.5059835286793415,8.455282053829131e-7
199.99999999999997,-0.49398352867934103,1.001157500832719e-6
199.99999999999997,-0.48198352867934124,1.1797260766861795e-6
199.99999999999997,-0.46998352867934146,1.3877291105694099e-6
199.99999999999997,-0.457983528679341,1.6316308918011213e-6
199.99999999999997,-0.44598352867934055,1.9185009640487887e-6
199.99999999999997,-0.43398352867934087,2.2564390790705944e-6
199.99999999999997,-0.4219835286793411,2.6549217085188095e-6
199.99999999999997,-0.4099835286793406,3.1251392158378935e-6
199.99999999999997,-0.39798352867934017,3.6803625532270264e-6
199.99999999999997,-0.3859835286793405,4.336365294910666e-6
199.99999999999997,-0.3739835286793407,5.111921981286524e-6
199.99999999999997,-0.36198352867934025,6.029403386832648e-6
199.99999999999997,-0.3499835286793398,7.115491348017552e-6
199.99999999999997,-0.33798352867934,8.40203958728692e-6
199.99999999999997,-0.32598352867934033,9.927112199239403e-6
199.99999999999997,-0.3139835286793399,1.173623852136523e-5
199.99999999999997,-0.3019835286793394,1.3883931147063169e-5
199.99999999999997,-0.28998352867933963,1.6435524928675313e-5
199.99999999999997,-0.27798352867933995,1.946940743804708e-5
199.99999999999997,-0.2659835286793395,2.307972783382921e-5
199.99999999999997,-0.25398352867933904,2.7379690852480745e-5
199.99999999999997,-0.24198352867933925,3.250556757457993e-5
199.99999999999997,-0.22998352867933947,3.862158529263481e-5
199.99999999999997,-0.217983528679339,4.592589684649609e-5
199.99999999999997,-0.20598352867933856,5.465787722501998e-5
199.99999999999997,-0.19398352867933877,6.510705389847299e-5
199.99999999999997,-0.1819835286793392,7.76240503873804e-5
199.99999999999997,-0.16998352867933875,9.263401328866683e-5
199.99999999999997,-0.1579835286793383,0.00011065310558141919
199.99999999999997,-0.1459835286793385,0.00013230878898504102
199.99999999999997,-0.13398352867933871,0.00015836479139489672
199.99999999999997,-0.12198352867933826,0.0001897518703391186
199.99999999999997,-0.1099835286793378,0.0002276057485757582
199.99999999999997,-0.09798352867933802,0.000273313925068611
199.99999999999997,-0.08598352867933823,0.00032857346608049665
199.99999999999997,-0.07398352867933777,0.00039546237218287465
199.99999999999997,-0.06198352867933732,0.0004765277138428486
199.99999999999997,-0.04998352867933775,0.0005748944490432163
199.99999999999997,-0.03798352867933796,0.0006943996988037419
199.99999999999997,-0.02598352867933751,0.0008397582772642413
199.99999999999997,-0.013983528679337054,0.0010167664639513104
199.99999999999997,-0.0019835286793372653,0.0012325523697174258
199.99999999999997,0.010016471320662523,0.0014958827709816208
199.99999999999997,0.022016471320662978,0.0018175379280258937
199.99999999999997,0.03401647132066343,0.0022107675773679392
199.99999999999997,0.04601647132066322,0.002691842842676083
199.99999999999997,0.05801647132066301,0.003280719986523104
199.99999999999997,0.07001647132066346,0.004001832313286342
199.99999999999997,0.08201647132066392,0.0048850254851120455
199.99999999999997,0.09401647132066349,0.005966648037131753
199.99999999999997,0.10601647132066327,0.007290801482723858
199.99999999999997,0.11801647132066373,0.00891074087561234
199.99999999999997,0.13001647132066418,0.010890393837902627
199.99999999999997,0.14201647132066397,0.013305929337765286
199.99999999999997,0.15401647132066376,0.01624725071226249
199.99999999999997,0.16601647132066422,0.019819202531996493
199.99999999999997,0.17801647132066467,0.0241421582453917
199.99999999999997,0.19001647132066446,0.02935148514486189
199.99999999999997,0.20201647132066403,0.03559515807804499
199.99999999999997,0.21401647132066448,0.04302851646651414
199.99999999999997,0.22601647132066494,0.05180485642553703
199.99999999999997,0.23801647132066472,0.06206029096192736
199.99999999999997,0.2500164713206645,0.07389124051215319
199.99999999999997,0.26201647132066497,0.08732328622034463
199.99999999999997,0.2740164713206654,0.10227131000803834
199.99999999999997,0.2860164713206652,0.11849332660915418
199.99999999999997,0.298016471320665,0.135544558473957
199.99999999999997,0.31001647132066545,0.15274398027149597
199.99999999999997,0.3220164713206659,0.16917144102557646
199.99999999999997,0.3340164713206655,0.18371634938872408
199.99999999999997,0.34601647132066526,0.1951937706313321
199.99999999999997,0.3580164713206657,0.20252597246490267
199.99999999999997,0.3700164713206662,0.20495757251898122
199.99999999999997,0.38201647132066596,0.20224171383950892
199.99999999999997,0.39401647132066575,0.1947241594989959
199.99999999999997,0.4060164713206662,0.18327954935970034
199.99999999999997,0.41801647132066666,0.16911401391472214
199.99999999999997,0.43001647132066645,0.15350729380506134
199.99999999999997,0.442016471320666,0.13758689765874674
199.99999999999997,0.45401647132066647,0.1221967636236677
199.99999999999997,0.4660164713206669,0.10786965413067132
199.99999999999997,0.4780164713206667,0.09487205500794095
199.99999999999997,0.4900164713206665,0.08327908442946408
199.99999999999997,0.502016471320667,0.0730475700820243
199.99999999999997,0.5140164713206674,0.06407231685002959
199.99999999999997,0.5260164713206672,0.056223217399846794
199.99999999999997,0.538016471320667,0.04936685826424251
199.99999999999997,0.5500164713206674,0.043377594145760034
199.99999999999997,0.5620164713206679,0.038142258033733153
199.99999999999997,0.5740164713206675,0.03356137436702947
199.99999999999997,0.5860164713206673,0.029548633271503394
199.99999999999997,0.5980164713206677,0.026029619617208906
199.99999999999997,0.6100164713206682,0.022940320255043292
199.99999999999997,0.622016471320668,0.020225663544595977
199.99999999999997,0.6340164713206677,0.017838199543202305
199.99999999999997,0.6460164713206682,0.015736954530011196
199.99999999999997,0.6580164713206686,0.013886457868523109
199.99999999999997,0.6700164713206684,0.012255924130662116
199.99999999999997,0.682016471320668,0.010818568707655234
199.99999999999997,0.6940164713206685,0.009551035335281004
199.99999999999997,0.7060164713206689,0.00843291621410006
199.99999999999997,0.7180164713206687,0.007446348283603599
199.99999999999997,0.7300164713206685,0.006575672047697168
199.99999999999997,0.742016471320669,0.005807116741666337
199.99999999999997,0.7540164713206694,0.005128640547884759
199.99999999999997,0.7660164713206692,0.004529619537453662
199.99999999999997,0.778016471320669,0.004000693514357367
199.99999999999997,0.7900164713206694,0.0035336230683376334
199.99999999999997,0.7979835286793311,0.0031209946038016625
199.99999999999997,0.7859835286793313,0.0027559930520315774
199.99999999999997,0.7739835286793316,0.002434033677865743
199.99999999999997,0.7619835286793318,0.002149760326988198
199.99999999999997,0.7499835286793322,0.001898704493535512
199.99999999999997,0.7379835286793324,0.0016769591583430958
199.99999999999997,0.7259835286793326,0.0014810813284204646
199.99999999999997,0.7139835286793329,0.0013080481859990382
199.99999999999997,0.7019835286793331,0.0011551900744194363
199.99999999999997,0.6899835286793334,0.0010201462461264747
199.99999999999997,0.6779835286793336,0.0009008337706210325
199.99999999999997,0.6659835286793339,0.0007954135063748523
199.99999999999997,0.6539835286793342,0.00070226120892989
199.99999999999997,0.6419835286793344,0.0006199422233303776
199.99999999999997,0.6299835286793347,0.0005471892242088947
199.99999999999997,0.6179835286793349,0.0004828826079164284
199.99999999999997,0.6059835286793351,0.00042603320927843934
199.99999999999997,0.5939835286793355,0.0003757670637861288
199.99999999999997,0.5819835286793357,0.00033131197434750333
199.99999999999997,0.569983528679336,0.00029198567386348056
199.99999999999997,0.5579835286793362,0.00025718540243024337
199.99999999999997,0.5459835286793364,0.0002263787417331167
199.99999999999997,0.5339835286793366,0.00019909556961353976
199.99999999999997,0.521983528679337,0.0001749210148945563
199.99999999999997,0.5099835286793373,0.00015348930594327406
199.99999999999997,0.4979835286793375,0.00013447841548929395
199.99999999999997,0.4859835286793377,0.00011760540796559296
199.99999999999997,0.47398352867933796,0.00010262239328509818
199.99999999999997,0.46198352867933823,8.931298248116401e-5
199.99999999999997,0.4499835286793385,7.7489127698024e-5
199.99999999999997,0.43798352867933876,6.698821619259386e-5
199.99999999999997,0.425983528679339,5.767028317935121e-5
199.99999999999997,0.41398352867933924,4.941522166736327e-5
199.99999999999997,0.4019835286793395,4.2119907666700204e-5
199.99999999999997,0.3899835286793405,3.569522799536693e-5
199.99999999999997,0.37798352867934004,3.0063084859389453e-5
199.99999999999997,0.3659835286793396,2.515353315256497e-5
199.99999999999997,0.3539835286793405,2.0902254209376986e-5
199.99999999999997,0.3419835286793415,1.7248562074029388e-5
199.99999999999997,0.32998352867934105,1.4134072830473567e-5
199.99999999999997,0.3179835286793406,1.150206373991978e-5
199.99999999999997,0.30598352867934153,9.297439943805157e-6
199.99999999999997,0.2939835286793425,7.467144333427628e-6
199.99999999999997,0.28198352867934207,5.960809374093924e-6
199.99999999999997,0.2699835286793416,4.73145909961844e-6
199.99999999999997,0.2579835286793426,3.7361123003177397e-6
199.99999999999997,0.2459835286793436,2.9361957269272875e-6
199.99999999999997,0.23398352867934313,2.2977323318151202e-6
199.99999999999997,0.22198352867934268,1.7913135805110728e-6
199.99999999999997,0.20998352867934356,1.3918926637279015e-6
199.99999999999997,0.19798352867934454,1.0784480061268112e-6
199.99999999999997,0.1859835286793441,8.335674537277794e-7
199.99999999999997,0.17398352867934364,6.429972794700838e-7
199.99999999999997,0.16198352867934462,4.951905145201172e-7
199.99999999999997,0.1499835286793456,3.8087883736886376e-7
199.99999999999997,0.13798352867934516,2.926830099753978e-7
199.99999999999997,0.1259835286793447,2.2476940460683963e-7
199.99999999999997,0.11398352867934558,1.72554694585976e-7
199.99999999999997,0.10198352867934657,1.3245710245591014e-7
199.99999999999997,0.08998352867934611,1.0169038301887234e-7
199.99999999999997,0.07798352867934566,7.809559731033195e-8
199.99999999999997,0.06598352867934665,6.00053743744895e-8
199.99999999999997,0.05398352867934764,4.61354886082004e-8
199.99999999999997,0.04198352867934718,3.5498997485154216e-8
199.99999999999997,0.03148764650950964,2.8245856524405063e-8
199.99999999999997,0.020991764339673535,2.2490984428942812e-8
199.99999999999997,0.010495882169837545,1.7922497078978496e-8
199.99999999999997,0.0,1.4293606838594847e-8
399.99999999999994,-0.0012000000000000899,1.1950756524433845e-17
399.99999999999994,-0.0025199999999998557,-5.5620118978253586e-18
399.99999999999994,-0.003972000000000309,-3.443760591894156e-18
399.99999999999994,-0.005569200000000052,2.2543981532038798e-18
399.99999999999994,-0.0073261199999997695,2.5726919282825253e-18
399.99999999999994,-0.009258731999999936,-6.676894773941726e-19
399.99999999999994,-0.011384605199999953,-1.1436774071828373e-18
399.99999999999994,-0.013723065720000038,-1.4031360506919215e-19
399.99999999999994,-0.016295372292000065,-1.793738265795996e-18
399.99999999999994,-0.01912490952120005,3.800862999854484e-18
399.99999999999994,-0.022237400473320124,2.459170155698372e-19
399.99999999999994,-0.025661140520652048,-6.919914848565676e-19
399.99999999999994,-0.02942725457271711,-2.164038512209686e-19
399.99999999999994,-0.0335699800299889,-4.984015672453802e-18
399.99999999999994,-0.038126978032988035,5.273450615775737e-18
399.99999999999994,-0.04313967583628653,-1.5404074293541357e-18
399.99999999999994,-0.04865364341991518,1.3016517813781634e-19
399.99999999999994,-0.05471900776190708,-7.096713736955191e-19
399.99999999999994,-0.06139090853809748,1.1020390568041553e-18
399.99999999999994,-0.06872999939190727,-2.3825476021279613e-20
399.99999999999994,-0.07680299933109824,3.5173561417588767e-19
399.99999999999994,-0.08568329926420759,-2.3452044891446646e-19
399.99999999999994,-0.09545162919062877,3.9734270545273245e-19
399.99999999999994,-0.10619679210969157,-8.464994672962305e-19
399.99999999999994,-0.11801647132066084,-1.8106098900873668e-18
399.99999999999994,-0.13001647132066052,-2.6360723148934243e-18
399.99999999999994,-0.14201647132066064,-1.7582940934621527e-18
399.99999999999994,-0.15401647132066076,-8.002105816741045e-18
399.99999999999994,-0.16601647132066044,-1.5243121019376407e-17
399.99999999999994,-0.17801647132066056,-3.0537665176174513e-17
399.99999999999994,-0.19001647132066068,-6.593161185116988e-17
399.99999999999994,-0.2020164713206607,-1.3255880262987263e-16
399.99999999999994,-0.21401647132066093,-2.7766908087487224e-16
399.99999999999994,-0.22601647132066072,-5.750293035975622e-16
399.99999999999994,-0.23801647132066073,-1.1909731282354417e-15
399.99999999999994,-0.25001647132066074,-2.4718965181088255e-15
399.99999999999994,-0.2620164713206605,-5.130710912660975e-15
399.99999999999994,-0.27401647132066076,-1.0663002443313138e-14
399.99999999999994,-0.28601647132066077,-2.2171283626508302e-14
399.99999999999994,-0.2980164713206608,-4.6136464924851405e-14
399.99999999999994,-0.310016471320661,-9.605710908576066e-14
399.99999999999994,-0.3220164713206608,-2.001236246984965e-13
399.99999999999994,-0.3340164713206608,-4.1717968975041727e-13
399.99999999999994,-0.3460164713206608,-8.701379099572706e-13
399.99999999999994,-0.3580164713206606,-1.8158886207326446e-12
399.99999999999994,-0.37001647132066084,-3.7915213499136775e-12
399.99999999999994,-0.38201647132066086,-7.920488923708836e-12
399.99999999999994,-0.39401647132066087,-1.6553692456521364e-11
399.99999999999994,-0.4060164713206611,-3.461247051494287e-11
399.99999999999994,-0.4180164713206609,-7.240289341979483e-11
399.99999999999994,-0.43001647132066134,-1.5151492557446928e-10
399.99999999999994,-0.44201647132066113,-3.1719157756438563e-10
399.99999999999994,-0.4540164713206607,-6.642702479214024e-10
399.99999999999994,-0.46601647132066115,-1.3916000579037158e-9
399.99999999999994,-0.47801647132066094,-2.9162109879357917e-9
399.99999999999994,-0.49001647132066073,-6.112864427743439e-9
399.99999999999994,-0.5020164713206612,-1.2816670339055853e-8
399.99999999999994,-0.514016471320661,-2.6877482499323776e-8
399.99999999999994,-0.5260164713206608,-5.6370939336288894e-8
399.99999999999994,-0.5380164713206612,-1.1823151601824497e-7
399.99999999999994,-0.5500164713206608,-2.4794835286519227e-7
399.99999999999994,-0.5620164713206606,-5.198139245143768e-7
399.99999999999994,-0.574016471320661,-1.0890700639607831e-6
399.99999999999994,-0.5860164713206615,-2.279169536094067e-6
399.99999999999994,-0.5980164713206613,-4.76095794167924e-6
399.99999999999994,-0.6100164713206611,-9.91588437939938e-6
399.99999999999994,-0.6220164713206615,-2.0557622758503738e-5
399.99999999999994,-0.6340164713206613,-4.232185289808888e-5
399.99999999999994,-0.6460164713206609,-8.621683473322308e-5
399.99999999999994,-0.6580164713206613,-0.00017296628788366866
399.99999999999994,-0.6700164713206611,-0.00033958215578862126
399.99999999999994,-0.6820164713206609,-0.0006475738105796722
399.99999999999994,-0.6940164713206614,-0.0011901574672554768
399.99999999999994,-0.7060164713206611,-0.0020943557111394655
399.99999999999994,-0.7180164713206609,-0.003516626388410406
399.99999999999994,-0.7300164713206614,-0.005638469544555899
399.99999999999994,-0.742016471320661,-0.008673666637347224
399.99999999999994,-0.7540164713206607,-0.012893530125626869
399.99999999999994,-0.7660164713206612,-0.018666793121794385
399.99999999999994,-0.7780164713206617,-0.026508299155992572
399.99999999999994,-0.7900164713206614,-0.037135870984404254
399.99999999999994,-0.8020164713206612,-0.05154033733028101
399.99999999999994,-0.814016471320661,-0.07107608538169528
399.99999999999994,-0.8260164713206606,-0.09757962688845245
399.99999999999994,-0.838016471320661,-0.13352279417978852
399.99999999999994,-0.8500164713206608,-0.18220513794267967
399.99999999999994,-0.8620164713206606,-0.24798544262882355
399.99999999999994,-0.8740164713206611,-0.33654274068721635
399.99999999999994,-0.8860164713206609,-0.4551401577841476
399.99999999999994,-0.8980164713206606,-0.6128385462998198
399.99999999999994,-0.9100164713206602,-0.820572941318708
399.99999999999994,-0.92201647132066,-1.0909732117416506
399.99999999999994,-0.9340164713206605,-1.4378023848162964
399.99999999999994,-0.9460164713206602,-1.8749312712500232
399.99999999999994,-0.95801647132066,-2.4148836878972197
399.99999999999994,-0.9700164713206605,-3.067147316404286
399.99999999999994,-0.9820164713206603,-3.8365698647505426
399.99999999999994,-0.9940164713206598,-4.722153822034254
399.99999999999994,-1.0060164713206596,-5.716398793553122
399.99999999999994,-1.0180164713206594,-6.80509806239394
399.99999999999994,-1.0300164713206599,-7.967303429410383
399.99999999999994,-1.0420164713206597,-9.175108116691554
399.99999999999994,-1.0540164713206595,-10.39295862263979
399.99999999999994,-1.06601647132066,-11.576362419829444
399.99999999999994,-1.0780164713206595,-12.670139118436317
399.99999999999994,-1.0900164713206593,-13.606944288049167
399.99999999999994,-1.102016471320659,-14.308068395451386
399.99999999999994,-1.1140164713206588,-14.690917320815737
399.99999999999994,-1.1260164713206593,-14.690172317157433
399.99999999999994,-1.138016471320659,-14.295752380453926
399.99999999999994,-1.1500164713206587,-13.58777756888969
399.99999999999994,-1.162016471320659,-12.721225962893469
399.99999999999994,-1.174016471320659,-11.850108363698585
399.99999999999994,-1.1860164713206587,-11.063956168126754
399.99999999999994,-1.1980164713206585,-10.388009368080107
399.99999999999994,-1.1899835286793419,-9.614502808445867
399.99999999999994,-1.1779835286793414,-9.00721337191502
399.99999999999994,-1.1659835286793416,-8.50153806202403
399.99999999999994,-1.1539835286793418,-8.044426312717327
399.99999999999994,-1.1419835286793414,-7.611759682782825
399.99999999999994,-1.1299835286793416,-7.187988680942936
399.99999999999994,-1.117983528679342,-6.761997731585374
399.99999999999994,-1.1059835286793422,-6.32594445818663
399.99999999999994,-1.0939835286793425,-5.875051889578608
399.99999999999994,-1.081983528679342,-5.4077029062365725
399.99999999999994,-1.0699835286793422,-4.925507594163118
399.99999999999994,-1.0579835286793424,-4.433150975574796
399.99999999999994,-1.045983528679342,-3.9379323864872178
399.99999999999994,-1.0339835286793422,-3.448999366396082
399.99999999999994,-1.0219835286793426,-2.9763527160410828
399.99999999999994,-1.0099835286793428,-2.5297511503869416
399.99999999999994,-0.997983528679343,-2.1176723898830447
399.99999999999994,-0.9859835286793426,-1.7464883731332526
399.99999999999994,-0.9739835286793429,-1.4199788190384328
399.99999999999994,-0.9619835286793431,-1.1392396139215764
399.99999999999994,-0.9499835286793427,-0.9029562956020594
399.99999999999994,-0.937983528679343,-0.7079373987022234
399.99999999999994,-0.9259835286793432,-0.5497645346814751
399.99999999999994,-0.9139835286793434,-0.42342439014554567
399.99999999999994,-0.9019835286793436,-0.32382958328903105
399.99999999999994,-0.8899835286793432,-0.2461874015126495
399.99999999999994,-0.8779835286793435,-0.18621843773558455
399.99999999999994,-0.8659835286793438,-0.14025246378247505
399.99999999999994,-0.8539835286793434,-0.10523756002623899
399.99999999999994,-0.8419835286793436,-0.0786962113002895
399.99999999999994,-0.8299835286793438,-0.05865470455599219
399.99999999999994,-0.817983528679344,-0.043563869093569664
399.99999999999994,-0.8059835286793443,-0.032222113843758
399.99999999999994,-0.7939835286793439,-0.023706519363974846
399.99999999999994,-0.7819835286793434,-0.01731433044005845
399.99999999999994,-0.7699835286793437,-0.0125151454608814
399.99999999999994,-0.7579835286793439,-0.008912911264364628
399.99999999999994,-0.7459835286793435,-0.006216036705473206
399.99999999999994,-0.733983528679343,-0.00421322934792924
399.99999999999994,-0.7219835286793432,-0.0027522437188522344
399.99999999999994,-0.7099835286793434,-0.0017196526399279406
399.99999999999994,-0.6979835286793431,-0.0010228998613139417
399.99999999999994,-0.6859835286793426,-0.0005790923464048966
399.99999999999994,-0.6739835286793429,-0.0003133508633803494
399.99999999999994,-0.6619835286793431,-0.0001632437455574631
399.99999999999994,-0.6499835286793426,-8.25387394323083e-5
399.99999999999994,-0.6379835286793422,-4.0777317816274253e-5
399.99999999999994,-0.6259835286793425,-1.9752694927138796e-5
399.99999999999994,-0.6139835286793427,-9.354312902186787e-6
399.99999999999994,-0.6019835286793422,-4.254767256940725e-6
399.99999999999994,-0.5899835286793418,-1.745773699944184e-6
399.99999999999994,-0.577983528679342,-4.823596918030425e-7
399.99999999999994,-0.5659835286793423,1.9416669204593445e-7
399.99999999999994,-0.5539835286793419,6.04653381218707e-7
399.99999999999994,-0.5419835286793414,9.062402367299181e-7
399.99999999999994,-0.5299835286793416,1.1778352363385643e-6
399.99999999999994,-0.5179835286793419,1.4616468185873114e-6
399.99999999999994,-0.5059835286793415,1.7833257658728091e-6
399.99999999999994,-0.49398352867934103,2.1617983359158342e-6
399.99999999999994,-0.48198352867934124,2.614214815021904e-6
399.99999999999994,-0.46998352867934146,3.1586077949025206e-6
399.99999999999994,-0.457983528679341,3.815532696617774e-6
399.99999999999994,-0.44598352867934055,4.6093019795609846e-6
399.99999999999994,-0.43398352867934087,5.569130028746085e-6
399.99999999999994,-0.4219835286793411,6.730354766180379e-6
399.99999999999994,-0.4099835286793406,8.135853440158393e-6
399.99999999999994,-0.39798352867934017,9.837731531147587e-6
399.99999999999994,-0.3859835286793405,1.1899373444245285e-5
399.99999999999994,-0.3739835286793407,1.4397946481076524e-5
399.99999999999994,-0.36198352867934025,1.7427469614649906e-5
399.99999999999994,-0.3499835286793398,2.110257701087119e-5
399.99999999999994,-0.33798352867934,2.5563145475555016e-5
399.99999999999994,-0.32598352867934033,3.097998155543164e-5
399.99999999999994,-0.3139835286793399,3.756183331727227e-5
399.99999999999994,-0.3019835286793394,4.556402577625054e-5
399.99999999999994,-0.28998352867933963,5.5299122147657576e-5
399.99999999999994,-0.27798352867933995,6.715009456055792e-5
399.99999999999994,-0.2659835286793395,8.158661233792165e-5
399.99999999999994,-0.25398352867933904,9.918520908904079e-5
399.99999999999994,-0.24198352867933925,0.00012065428312942447
399.99999999999994,-0.22998352867933947,0.0001468651209984734
399.99999999999994,-0.217983528679339,0.00017889043902506296
399.99999999999994,-0.20598352867933856,0.0002180523279241602
399.99999999999994,-0.19398352867933877,0.0002659819481351181
399.99999999999994,-0.1819835286793392,0.00032469395158428373
399.99999999999994,-0.16998352867933875,0.00039667935926167297
399.99999999999994,-0.1579835286793383,0.0004850215924824333
399.99999999999994,-0.1459835286793385,0.0005935415778222849
399.99999999999994,-0.13398352867933871,0.0007269793858370791
399.99999999999994,-0.12198352867933826,0.0008912217847932053
399.99999999999994,-0.1099835286793378,0.0010935875510872624
399.99999999999994,-0.09798352867933802,0.0013431854035550693
399.99999999999994,-0.08598352867933823,0.0016513632773080664
399.99999999999994,-0.07398352867933777,0.0020322724066363434
399.99999999999994,-0.06198352867933732,0.0025035756236619225
399.99999999999994,-0.04998352867933775,0.0030873365842110615
399.99999999999994,-0.03798352867933796,0.003811135624258626
399.99999999999994,-0.02598352867933751,0.004709468868936012
399.99999999999994,-0.013983528679337054,0.005825500359957342
399.99999999999994,-0.0019835286793372653,0.007213252597008727
399.99999999999994,0.010016471320662523,0.008940339106244333
399.99999999999994,0.022016471320662978,0.0110913634705195
399.99999999999994,0.03401647132066343,0.013772132258823972
399.99999999999994,0.04601647132066322,0.017114853643598302
399.99999999999994,0.05801647132066301,0.021284517445386023
399.99999999999994,0.07001647132066346,0.026486672991408264
399.99999999999994,0.08201647132066392,0.0329768337595338
399.99999999999994,0.09401647132066349,0.04107173500750696
399.99999999999994,0.10601647132066327,0.05116264149023893
399.99999999999994,0.11801647132066373,0.06373083110413866
399.99999999999994,0.13001647132066418,0.07936524449232463
399.99999999999994,0.14201647132066397,0.09878205977368186
399.99999999999994,0.15401647132066376,0.1228455855064392
399.99999999999994,0.16601647132066422,0.15258931357885766
399.99999999999994,0.17801647132066467,0.18923517827245334
399.99999999999994,0.19001647132066446,0.23420796667577531
399.99999999999994,0.20201647132066403,0.2891403659341278
399.99999999999994,0.21401647132066448,0.35586229060192653
399.99999999999994,0.22601647132066494,0.43636594492025704
399.99999999999994,0.23801647132066472,0.532735680868614
399.99999999999994,0.2500164713206645,0.6470294158517285
399.99999999999994,0.26201647132066497,0.7810967144580232
399.99999999999994,0.2740164713206654,0.9363185051377276
399.99999999999994,0.2860164713206652,1.1132562129545212
399.99999999999994,0.298016471320665,1.311206109677615
399.99999999999994,0.31001647132066545,1.5276715245635808
399.99999999999994,0.3220164713206659,1.7577967068315403
399.99999999999994,0.3340164713206655,1.9938586745699736
399.99999999999994,0.34601647132066526,2.2249926152611215
399.99999999999994,0.3580164713206657,2.43742451553762
399.99999999999994,0.3700164713206662,2.6155563892743148
399.99999999999994,0.38201647132066596,2.744181284049125
399.99999999999994,0.39401647132066575,2.8117281584998874
399.99999999999994,0.4060164713206662,2.813687577138941
399.99999999999994,0.41801647132066666,2.754617325641954
399.99999999999994,0.43001647132066645,2.6472451253774496
399.99999999999994,0.442016471320666,2.5086914824651427
399.99999999999994,0.45401647132066647,2.3557209412614033
399.99999999999994,0.4660164713206669,2.201354737150593
399.99999999999994,0.4780164713206667,2.0538224167026917
399.99999999999994,0.4900164713206665,1.9172585553306398
399.99999999999994,0.502016471320667,1.793031109553754
399.99999999999994,0.5140164713206674,1.6809435414413405
399.99999999999994,0.5260164713206672,1.5800579585468433
399.99999999999994,0.538016471320667,1.4891726379615218
399.99999999999994,0.5500164713206674,1.4070666075916973
399.99999999999994,0.5620164713206679,1.3326095963283988
399.99999999999994,0.5740164713206675,1.2648014307057314
399.99999999999994,0.5860164713206673,1.2027773356662934
399.99999999999994,0.5980164713206677,1.1457983259488724
399.99999999999994,0.6100164713206682,1.0932362408341423
399.99999999999994,0.622016471320668,1.0445579203511728
399.99999999999994,0.6340164713206677,0.9993104703315603
399.99999999999994,0.6460164713206682,0.9571083192984036
399.99999999999994,0.6580164713206686,0.9176221890400635
399.99999999999994,0.6700164713206684,0.8805698493398536
399.99999999999994,0.682016471320668,0.8457084360744507
399.99999999999994,0.6940164713206685,0.8128280953771467
399.99999999999994,0.7060164713206689,0.7817467325101574
399.99999999999994,0.7180164713206687,0.7523056718751686
399.99999999999994,0.7300164713206685,0.7243660645731059
399.99999999999994,0.742016471320669,0.6978035906548905
399.99999999999994,0.7540164713206694,0.6725126382474927
399.99999999999994,0.7660164713206692,0.648399820060038
399.99999999999994,0.778016471320669,0.6253792603813578
399.99999999999994,0.7900164713206694,0.6033750323841576
399.99999999999994,0.7979835286793311,0.5822938187638066
399.99999999999994,0.7859835286793313,0.5619909614625831
399.99999999999994,0.7739835286793316,0.5425864731920981
399.99999999999994,0.7619835286793318,0.5239759678748567
399.99999999999994,0.7499835286793322,0.5061027407032509
399.99999999999994,0.7379835286793324,0.48891992302415455
399.99999999999994,0.7259835286793326,0.4723835955985136
399.99999999999994,0.7139835286793329,0.45645817695828667
399.99999999999994,0.7019835286793331,0.44110879353021315
399.99999999999994,0.6899835286793334,0.42630185925292824
399.99999999999994,0.6779835286793336,0.4120057793446716
399.99999999999994,0.6659835286793339,0.398190239864367
399.99999999999994,0.6539835286793342,0.3848257679585999
399.99999999999994,0.6419835286793344,0.3718833279426145
399.99999999999994,0.6299835286793347,0.35933392131266356
399.99999999999994,0.6179835286793349,0.3471481777586463
399.99999999999994,0.6059835286793351,0.3352959304053229
399.99999999999994,0.5939835286793355,0.32374577314443953
399.99999999999994,0.5819835286793357,0.3124646035298153
399.99999999999994,0.569983528679336,0.30141716261220486
399.99999999999994,0.5579835286793362,0.29056559449134534
399.99999999999994,0.5459835286793364,0.2798690644868343
399.99999999999994,0.5339835286793366,0.269283496734641
399.99999999999994,0.521983528679337,0.2587615201635551
399.99999999999994,0.5099835286793373,0.2482527451561164
399.99999999999994,0.4979835286793375,0.23770452782739035
399.99999999999994,0.4859835286793377,0.22706340618831417
399.99999999999994,0.47398352867933796,0.2162773975113822
399.99999999999994,0.46198352867933823,0.20529930721180412
399.99999999999994,0.4499835286793385,0.19409109109834488
399.99999999999994,0.43798352867933876,0.18262911500624138
399.99999999999994,0.425983528679339,0.17090987043724548
399.99999999999994,0.41398352867933924,0.1589553746442172
399.99999999999994,0.4019835286793395,0.14681720318888478
399.99999999999994,0.3899835286793405,0.13457800451540888
399.99999999999994,0.37798352867934004,0.12234955021719884
399.99999999999994,0.3659835286793396,0.11026691926811366
399.99999999999994,0.3539835286793405,0.09847920076871493
399.99999999999994,0.3419835286793415,0.08713790210963131
399.99999999999994,0.32998352867934105,0.07638480128204016
399.99999999999994,0.3179835286793406,0.06634109670363328
399.99999999999994,0.30598352867934153,0.05709936292713032
399.99999999999994,0.2939835286793425,0.04871915715796374
399.99999999999994,0.28198352867934207,0.041226367167475526
399.99999999999994,0.2699835286793416,0.034615758497005225
399.99999999999994,0.2579835286793426,0.028855794035101974
399.99999999999994,0.2459835286793436,0.023894684596131432
399.99999999999994,0.23398352867934313,0.019666729788936632
399.99999999999994,0.22198352867934268,0.01609823463440557
399.99999999999994,0.20998352867934356,0.013112552633168323
399.99999999999994,0.19798352867934454,0.010634048205137508
399.99999999999994,0.1859835286793441,0.008590957834898869
399.99999999999994,0.17398352867934364,0.006917251347472334
399.99999999999994,0.16198352867934462,0.005553659347312746
399.99999999999994,0.1499835286793456,0.004448053814966856
399.99999999999994,0.13798352867934516,0.003555361121609928
399.99999999999994,0.1259835286793447,0.0028371631051745715
399.99999999999994,0.11398352867934558,0.002261111789745636
399.99999999999994,0.10198352867934657,0.0018002529629999242
399.99999999999994,0.08998352867934611,0.0014323265990297317
399.99999999999994,0.07798352867934566,0.0011390895335193138
399.99999999999994,0.06598352867934665,0.0009056881803864724
399.99999999999994,0.05398352867934764,0.0007200960264936064
399.99999999999994,0.04198352867934718,0.0005726214631098201
399.99999999999994,0.03148764650950964,0.00046874893666470625
399.99999999999994,0.020991764339673535,0.0003838363714582273
399.99999999999994,0.010495882169837545,0.00031442518368757254
399.99999999999994,0.0,0.00025768025569212187
600.0,-0.0012000000000000899,-3.5216120436941336e-18
600.0,-0.0025199999999998557,-8.48374526571904e-18
600.0,-0.003972000000000309,3.43463318198356e-18
600.0,-0.005569200000000052,3.84751558625578e-18
600.0,-0.0073261199999997695,7.847852114303696e-18
600.0,-0.009258731999999936,-6.785776545391725e-18
600.0,-0.011384605199999953,-1.2618401551540258e-20
600.0,-0.013723065720000038,1.5816356192693173e-18
600.0,-0.016295372292000065,6.160418112175638e-18
600.0,-0.01912490952120005,6.285750387108582e-18
600.0,-0.022237400473320124,-3.682913004356495e-18
600.0,-0.025661140520652048,-1.3890078738048114e-17
600.0,-0.02942725457271711,1.2589780437486858e-17
600.0,-0.0335699800299889,-2.6941295055363707e-18
600.0,-0.038126978032988035,-2.4615457495705523e-18
600.0,-0.04313967583628653,5.177414003235662e-18
600.0,-0.04865364341991518,-3.146122804647045e-18
600.0,-0.05471900776190708,-1.745780302313863e-18
600.0,-0.06139090853809748,-1.179809280270061e-18
600.0,-0.06872999939190727,7.679944135937569e-19
600.0,-0.07680299933109824,1.7984521883676028e-18
600.0,-0.08568329926420759,-3.8045850112101735e-18
600.0,-0.09545162919062877,-8.988346271974824e-19
600.0,-0.10619679210969157,4.204704215596202e-18
600.0,-0.11801647132066084,-1.3925857444465458e-18
600.0,-0.13001647132066052,-3.42861558727366e-18
600.0,-0.14201647132066064,-4.923488994317133e-18
600.0,-0.15401647132066076,-8.121459345297776e-18
600.0,-0.16601647132066044,-1.3413935658487924e-17
600.0,-0.17801647132066056,-3.115587527242904e-17
600.0,-0.19001647132066068,-6.4586694838881e-17
600.0,-0.2020164713206607,-1.3344933455222448e-16
600.0,-0.21401647132066093,-2.782696848819437e-16
600.0,-0.22601647132066072,-5.758174162113963e-16
600.0,-0.23801647132066073,-1.1862764448250264e-15
600.0,-0.25001647132066074,-2.473738317000001e-15
600.0,-0.2620164713206605,-5.1293195612949305e-15
600.0,-0.27401647132066076,-1.0662687640834155e-14
600.0,-0.28601647132066077,-2.2171208956479287e-14
600.0,-0.2980164713206608,-4.612997910822501e-14
600.0,-0.310016471320661,-9.605039820654964e-14
600.0,-0.3220164713206608,-2.0010490809267336e-13
600.0,-0.3340164713206608,-4.1713683188739594e-13
600.0,-0.3460164713206608,-8.700536863095034e-13
600.0,-0.3580164713206606,-1.8157105013188812e-12
600.0,-0.37001647132066084,-3.791150625258961e-12
600.0,-0.38201647132066086,-7.91971871717388e-12
600.0,-0.39401647132066087,-1.6552082731698696e-11
600.0,-0.4060164713206611,-3.4609107958912174e-11
600.0,-0.4180164713206609,-7.239586670371766e-11
600.0,-0.43001647132066134,-1.515002403862286e-10
600.0,-0.44201647132066113,-3.171608758684895e-10
600.0,-0.4540164713206607,-6.642060687977821e-10
600.0,-0.46601647132066115,-1.3914658604020999e-9
600.0,-0.47801647132066094,-2.9159303484863244e-9
600.0,-0.49001647132066073,-6.112277490029291e-9
600.0,-0.5020164713206612,-1.2815442733378542e-8
600.0,-0.514016471320661,-2.6874914921078125e-8
600.0,-0.5260164713206608,-5.636556964236516e-8
600.0,-0.5380164713206612,-1.182202884183082e-7
600.0,-0.5500164713206608,-2.4792488547765294e-7
600.0,-0.5620164713206606,-5.197649030265119e-7
600.0,-0.574016471320661,-1.0889677515992947e-6
600.0,-0.5860164713206615,-2.278956257811589e-6
600.0,-0.5980164713206613,-4.760514005869276e-6
600.0,-0.6100164713206611,-9.914961687114918e-6
600.0,-0.6220164713206615,-2.0555706114591134e-5
600.0,-0.6340164713206613,-4.231786258977433e-5
600.0,-0.6460164713206609,-8.62084550535621e-5
600.0,-0.6580164713206613,-0.00017294834036851126
600.0,-0.6700164713206611,-0.00033954242774327827
600.0,-0.6820164713206609,-0.0006474823529581449
600.0,-0.6940164713206614,-0.0011899410910998275
600.0,-0.7060164713206611,-0.002093844681767508
600.0,-0.7180164713206609,-0.003515457720311127
600.0,-0.7300164713206614,-0.005635925268513084
600.0,-0.742016471320661,-0.008668396997290422
600.0,-0.7540164713206607,-0.012883046992112035
600.0,-0.7660164713206612,-0.018646515685075363
600.0,-0.7780164713206617,-0.02646976555118348
600.0,-0.7900164713206614,-0.037063420808642715
600.0,-0.8020164713206612,-0.05140499884241594
600.0,-0.814016471320661,-0.07082437566174465
600.0,-0.8260164713206606,-0.0971131805347179
600.0,-0.838016471320661,-0.13266169245912285
600.0,-0.8500164713206608,-0.18062285363816635
600.0,-0.8620164713206606,-0.24509573996307035
600.0,-0.8740164713206611,-0.3313084143557098
600.0,-0.8860164713206609,-0.44576152342561964
600.0,-0.8980164713206606,-0.5962711869913259
600.0,-0.9100164713206602,-0.7918305575581892
600.0,-0.92201647132066,-1.0422097086966893
600.0,-0.9340164713206605,-1.357252845008892
600.0,-0.9460164713206602,-1.7459185542094648
600.0,-0.95801647132066,-2.2152194522513886
600.0,-0.9700164713206605,-2.7692931965680265
600.0,-0.9820164713206603,-3.4088179001125827
600.0,-0.9940164713206598,-4.130865331970035
600.0,-1.0060164713206596,-4.929127696740422
600.0,-1.0180164713206594,-5.794341052886285
600.0,-1.0300164713206599,-6.714700210954435
600.0,-1.0420164713206597,-7.676097450301157
600.0,-1.0540164713206595,-8.662075705610425
600.0,-1.06601647132066,-9.65343137396473
600.0,-1.0780164713206595,-10.627422283908643
600.0,-1.0900164713206593,-11.55654552837441
600.0,-1.102016471320659,-12.406888089285049
600.0,-1.1140164713206588,-13.136219824776175
600.0,-1.1260164713206593,-13.692537110373374
600.0,-1.138016471320659,-14.015196505749453
600.0,-1.1500164713206587,-14.04371828190503
600.0,-1.162016471320659,-13.742171037642755
600.0,-1.174016471320659,-13.138878867878791
600.0,-1.1860164713206587,-12.347381546055642
600.0,-1.1980164713206585,-11.51902836602653
600.0,-1.1899835286793419,-10.399348284032143
600.0,-1.1779835286793414,-9.564634286530323
600.0,-1.1659835286793416,-8.90848270562362
600.0,-1.1539835286793418,-8.337930506318294
600.0,-1.1419835286793414,-7.813860546830568
600.0,-1.1299835286793416,-7.3142732908584875
600.0,-1.117983528679342,-6.825424598621286
600.0,-1.1059835286793422,-6.3387307352341224
600.0,-1.0939835286793425,-5.8494650158289385
600.0,-1.081983528679342,-5.356092202830969
600.0,-1.0699835286793422,-4.85980771281581
600.0,-1.0579835286793424,-4.364100349313964
600.0,-1.045983528679342,-3.874264724737655
600.0,-1.0339835286793422,-3.3968403561403093
600.0,-1.0219835286793426,-2.9389815223935667
600.0,-1.0099835286793428,-2.507782384155801
600.0,-0.997983528679343,-2.109603739848413
600.0,-0.9859835286793426,-1.749470170548386
600.0,-0.9739835286793429,-1.4306197058718562
600.0,-0.9619835286793431,-1.154279608653103
600.0,-0.9499835286793427,-0.9197049208566753
600.0,-0.937983528679343,-0.724459536372552
600.0,-0.9259835286793432,-0.5648650589204011
600.0,-0.9139835286793434,-0.43651375589092334
600.0,-0.9019835286793436,-0.33474784459214146
600.0,-0.8899835286793432,-0.25503944903473824
600.0,-0.8779835286793435,-0.1932456667173572
600.0,-0.8659835286793438,-0.14574567739475172
600.0,-0.8539835286793434,-0.10948499212047241
600.0,-0.8419835286793436,-0.08195698068452109
600.0,-0.8299835286793438,-0.061148563993224075
600.0,-0.817983528679344,-0.04547025051557213
600.0,-0.8059835286793443,-0.03368375426756738
600.0,-0.7939835286793439,-0.02483478443988861
600.0,-0.7819835286793434,-0.01819462138827762
600.0,-0.7699835286793437,-0.013211582025857661
600.0,-0.7579835286793439,-0.00947200565710342
600.0,-0.7459835286793435,-0.006669502969966898
600.0,-0.733983528679343,-0.004580534192468272
600.0,-0.7219835286793432,-0.003043854305244422
600.0,-0.7099835286793434,-0.0019415839430342462
600.0,-0.6979835286793431,-0.001181658026569864
600.0,-0.6859835286793426,-0.0006846253931255687
600.0,-0.6739835286793429,-0.00037847873473343795
600.0,-0.6619835286793431,-0.00020085045708499516
600.0,-0.6499835286793426,-0.00010311539467812233
600.0,-0.6379835286793422,-5.1594656199608215e-5
600.0,-0.6259835286793425,-2.5290253446539187e-5
600.0,-0.6139835286793427,-1.215262598148832e-5
600.0,-0.6019835286793422,-5.6755682738765376e-6
600.0,-0.5899835286793418,-2.492337461118425e-6
600.0,-0.577983528679342,-9.098021245342254e-7
600.0,-0.5659835286793423,-9.176277367166822e-8
600.0,-0.5539835286793419,3.708267757594353e-7
600.0,-0.5419835286793414,6.779761974174131e-7
600.0,-0.5299835286793416,9.288587606076466e-7
600.0,-0.5179835286793419,1.174758785752817e-6
600.0,-0.5059835286793415,1.444825560616228e-6
600.0,-0.49398352867934103,1.7586335301941788e-6
600.0,-0.48198352867934124,2.132411704384843e-6
600.0,-0.46998352867934146,2.582291708865227e-6
600.0,-0.457983528679341,3.1261959469098076e-6
600.0,-0.44598352867934055,3.7851293711188797e-6
600.0,-0.43398352867934087,4.584301540574613e-6
600.0,-0.4219835286793411,5.5542782958535365e-6
600.0,-0.4099835286793406,6.732270247974662e-6
600.0,-0.39798352867934017,8.163680726109204e-6
600.0,-0.3859835286793405,9.903980161267925e-6
600.0,-0.3739835286793407,1.2020995281338677e-5
600.0,-0.36198352867934025,1.4597739427297692e-5
600.0,-0.3499835286793398,1.773587765424434e-5
600.0,-0.33798352867934,2.1560032669286157e-5
600.0,-0.32598352867934033,2.6223076566029107e-5
600.0,-0.3139835286793399,3.1912699153380605e-5
600.0,-0.3019835286793394,3.885952112737999e-5
600.0,-0.28998352867933963,4.734717217836094e-5
600.0,-0.27798352867933995,5.7724771107551115e-5
600.0,-0.2659835286793395,7.042245026341699e-5
600.0,-0.25398352867933904,8.597064242138935e-5
600.0,-0.24198352867933925,0.00010502410114172109
600.0,-0.22998352867933947,0.0001283918219656541
600.0,-0.217983528679339,0.00015707438150246514
600.0,-0.20598352867933856,0.00019231056098184036
600.0,-0.19398352867933877,0.00023563563646154885
600.0,-0.1819835286793392,0.00028895433649086345
600.0,-0.16998352867933875,0.0003546322428684357
600.0,-0.1579835286793383,0.0004356104125126496
600.0,-0.1459835286793385,0.0005355492679348414
600.0,-0.13398352867933871,0.0006590093671229851
600.0,-0.12198352867933826,0.0008116787128789523
600.0,-0.1099835286793378,0.0010006587602876891
600.0,-0.09798352867933802,0.0012348245052312004
600.0,-0.08598352867933823,0.0015252780219379494
600.0,-0.07398352867933777,0.0018859198577249867
600.0,-0.06198352867933732,0.002334168933201827
600.0,-0.04998352867933775,0.002891869348364603
600.0,-0.03798352867933796,0.0035864320739039677
600.0,-0.02598352867933751,0.0044522711135261015
600.0,-0.013983528679337054,0.005532607907281628
600.0,-0.0019835286793372653,0.006881734468171516
600.0,0.010016471320662523,0.008567845587125615
600.0,0.022016471320662978,0.010676572977935467
600.0,0.03401647132066343,0.013315379502825417
600.0,0.04601647132066322,0.016618998385161426
600.0,0.05801647132066301,0.020756128979097885
600.0,0.07001647132066346,0.025937623935956507
600.0,0.08201647132066392,0.03242641744037688
600.0,0.09401647132066349,0.04054944264968707
600.0,0.10601647132066327,0.050711756840229355
600.0,0.11801647132066373,0.06341301832968738
600.0,0.13001647132066418,0.07926631699288407
600.0,0.14201647132066397,0.09901911981346283
600.0,0.15401647132066376,0.12357571693744956
600.0,0.16601647132066422,0.15401999888324067
600.0,0.17801647132066467,0.1916366186973676
600.0,0.19001647132066446,0.2379275604663488
600.0,0.20201647132066403,0.294619841475884
600.0,0.21401647132066448,0.36365856339301766
600.0,0.22601647132066494,0.44717791906008303
600.0,0.23801647132066472,0.5474412742403424
600.0,0.2500164713206645,0.6667403956775908
600.0,0.26201647132066497,0.8072436744274905
600.0,0.2740164713206654,0.9707841884991331
600.0,0.2860164713206652,1.1585809989594487
600.0,0.298016471320665,1.3708914873812654
600.0,0.31001647132066545,1.6065993438172708
600.0,0.3220164713206659,1.8627533254145399
600.0,0.3340164713206655,2.1340891776295083
600.0,0.34601647132066526,2.4125968579557697
600.0,0.3580164713206657,2.6872455921416827
600.0,0.3700164713206662,2.94405662777765
600.0,0.38201647132066596,3.166807887170778
600.0,0.39401647132066575,3.338708430402742
600.0,0.4060164713206662,3.4452490873435213
600.0,0.41801647132066666,3.4779122034879664
600.0,0.43001647132066645,3.4374858397850483
600.0,0.442016471320666,3.334996693360774
600.0,0.45401647132066647,3.1889450480440065
600.0,0.4660164713206669,3.0198464800690563
600.0,0.4780164713206667,2.845043714629467
600.0,0.4900164713206665,2.6761733074153224
600.0,0.502016471320667,2.519385920194839
600.0,0.5140164713206674,2.3769285664524937
600.0,0.5260164713206672,2.2487999043258027
600.0,0.538016471320667,2.1339312752420923
600.0,0.5500164713206674,2.0308725193197006
600.0,0.5620164713206679,1.9381365139367788
600.0,0.5740164713206675,1.8543492472833831
600.0,0.5860164713206673,1.7783010670217672
600.0,0.5980164713206677,1.7089520607245505
600.0,0.6100164713206682,1.6454183952285761
600.0,0.622016471320668,1.586952397619835
600.0,0.6340164713206677,1.532922100042934
600.0,0.6460164713206682,1.4827925654466474
600.0,0.6580164713206686,1.4361097290566454
600.0,0.6700164713206684,1.3924867923171194
600.0,0.682016471320668,1.351592927659993
600.0,0.6940164713206685,1.3131439676537913
600.0,0.7060164713206689,1.2768947521589795
600.0,0.7180164713206687,1.2426328406041764
600.0,0.7300164713206685,1.210173339678605
600.0,0.742016471320669,1.1793532117803496
600.0,0.7540164713206694,1.1500273471454032
600.0,0.7660164713206692,1.1220792919297213
600.0,0.778016471320669,1.095395687514694
600.0,0.7900164713206694,1.0698777373815223
600.0,0.7979835286793311,1.0453922432296454
600.0,0.7859835286793313,1.0217087070546085
600.0,0.7739835286793316,0.9990685967714834
600.0,0.7619835286793318,0.9773119404349537
600.0,0.7499835286793322,0.9563607268488599
600.0,0.7379835286793324,0.9361521476730772
600.0,0.7259835286793326,0.9166254076454923
600.0,0.7139835286793329,0.8977383735572317
600.0,0.7019835286793331,0.8794418033382141
600.0,0.6899835286793334,0.8616904209861993
600.0,0.6779835286793336,0.844440556302144
600.0,0.6659835286793339,0.8276491869000447
600.0,0.6539835286793342,0.8112730908286508
600.0,0.6419835286793344,0.7952679828029079
600.0,0.6299835286793347,0.7795875872379737
600.0,0.6179835286793349,0.7641826178259049
600.0,0.6059835286793351,0.7489996404810427
600.0,0.5939835286793355,0.7339798032478143
600.0,0.5819835286793357,0.7190574268509887
600.0,0.569983528679336,0.7041584660131326
600.0,0.5579835286793362,0.6891988780577214
600.0,0.5459835286793364,0.6740829758619671
600.0,0.5339835286793366,0.6587019017049288
600.0,0.521983528679337,0.6429324411741764
600.0,0.5099835286793373,0.6266365037863914
600.0,0.4979835286793375,0.609661724748259
600.0,0.4859835286793377,0.5918437739412802
600.0,0.47398352867933796,0.5730110585643117
600.0,0.46198352867933823,0.5529925155571953
600.0,0.4499835286793385,0.5316290268563464
600.0,0.43798352867933876,0.5087885669975427
600.0,0.425983528679339,0.48438445510253986
600.0,0.41398352867933924,0.4583950729056958
600.0,0.4019835286793395,0.4308823198253997
600.0,0.3899835286793405,0.40200525728769043
600.0,0.37798352867934004,0.37202527137195984
600.0,0.3659835286793396,0.34129996533793594
600.0,0.3539835286793405,0.31026487226844546
600.0,0.3419835286793415,0.2794045309348499
600.0,0.32998352867934105,0.24921677506234052
600.0,0.3179835286793406,0.22017552047302172
600.0,0.30598352867934153,0.19269747388608477
600.0,0.2939835286793425,0.16711707375368115
600.0,0.28198352867934207,0.14367205041044
600.0,0.2699835286793416,0.1224998799154204
600.0,0.2579835286793426,0.10364365141326928
600.0,0.2459835286793436,0.08706478832885743
600.0,0.23398352867934313,0.07265971298622996
600.0,0.22198352867934268,0.060277780234156
600.0,0.20998352867934356,0.04973839635571903
600.0,0.19798352867934454,0.04084595639149363
600.0,0.1859835286793441,0.03340190598695516
600.0,0.17398352867934364,0.027213767685415325
600.0,0.16198352867934462,0.02210133546624484
600.0,0.1499835286793456,0.01790044754069092
600.0,0.13798352867934516,0.01446482976105436
600.0,0.1259835286793447,0.011666499564207108
600.0,0.11398352867934558,0.00939516812748302
600.0,0.10198352867934657,0.00755700309861233
600.0,0.08998352867934611,0.0060730339767116545
600.0,0.07798352867934566,0.004877407649932029
600.0,0.06598352867934665,0.003915638044357323
600.0,0.05398352867934764,0.003142942950183993
600.0,0.04198352867934718,0.002522722427886657
600.0,0.03148764650950964,0.002081792683868012
600.0,0.020991764339673535,0.0017182762730273806
600.0,0.010495882169837545,0.0014186327133772804
600.0,0.0,0.0011716482125949128
1000.0,-0.0012000000000000899,-4.940654721197385e-18
1000.0,-0.0025199999999998557,5.767672297167011e-18
1000.0,-0.003972000000000309,-4.5207735277810546e-18
1000.0,-0.005569200000000052,-1.4929627266467854e-17
1000.0,-0.0073261199999997695,1.1964532460191315e-17
1000.0,-0.009258731999999936,-7.164203887568984e-19
1000.0,-0.011384605199999953,-1.5405460168266603e-18
1000.0,-0.013723065720000038,-2.6462746910781643e-18
1000.0,-0.016295372292000065,1.580749840726779e-17
1000.0,-0.01912490952120005,-1.628529199299241e-17
1000.0,-0.022237400473320124,9.184474459333234e-18
1000.0,-0.025661140520652048,-8.407678523418052e-18
1000.0,-0.02942725457271711,2.4798233425528703e-18
1000.0,-0.0335699800299889,-6.2286120387153716e-18
1000.0,-0.038126978032988035,8.976121346806173e-18
1000.0,-0.04313967583628653,5.616851618324102e-19
1000.0,-0.04865364341991518,-3.923764635627391e-18
1000.0,-0.05471900776190708,-2.9188286329247348e-18
1000.0,-0.06139090853809748,-2.871535840598077e-18
1000.0,-0.06872999939190727,2.8427279135544724e-18
1000.0,-0.07680299933109824,-2.840829947157901e-18
1000.0,-0.08568329926420759,-1.235439972327721e-18
1000.0,-0.09545162919062877,7.638422208778337e-18
1000.0,-0.10619679210969157,-2.0750674251361663e-18
1000.0,-0.11801647132066084,1.2866495048049428e-19
1000.0,-0.13001647132066052,-6.326396704489736e-18
1000.0,-0.14201647132066064,-1.9843415868397914e-18
1000.0,-0.15401647132066076,-1.2032326455922812e-17
1000.0,-0.16601647132066044,-1.1933998278821666e-17
1000.0,-0.17801647132066056,-2.9514192794567646e-17
1000.0,-0.19001647132066068,-7.031092556536556e-17
1000.0,-0.2020164713206607,-1.3020351912931446e-16
1000.0,-0.21401647132066093,-2.747501289989579e-16
1000.0,-0.22601647132066072,-5.793978147957975e-16
1000.0,-0.23801647132066073,-1.1844149235238438e-15
1000.0,-0.25001647132066074,-2.478962765496768e-15
1000.0,-0.2620164713206605,-5.123131894912794e-15
1000.0,-0.27401647132066076,-1.0657858656074375e-14
1000.0,-0.28601647132066077,-2.2171360563745552e-14
1000.0,-0.2980164713206608,-4.611649348521271e-14
1000.0,-0.310016471320661,-9.603283626904579e-14
1000.0,-0.3220164713206608,-2.0006197579246943e-13
1000.0,-0.3340164713206608,-4.1706041305351316e-13
1000.0,-0.3460164713206608,-8.698842376724727e-13
1000.0,-0.3580164713206606,-1.815347513565438e-12
1000.0,-0.37001647132066084,-3.790406046424095e-12
1000.0,-0.38201647132066086,-7.918147720375994e-12
1000.0,-0.39401647132066087,-1.6548800635293295e-11
1000.0,-0.4060164713206611,-3.4602249009695767e-11
1000.0,-0.4180164713206609,-7.238149967353077e-11
1000.0,-0.43001647132066134,-1.5147014191800062e-10
1000.0,-0.44201647132066113,-3.170978294965749e-10
1000.0,-0.4540164713206607,-6.640739503670442e-10
1000.0,-0.46601647132066115,-1.3911889241804767e-9
1000.0,-0.47801647132066094,-2.9153497968086944e-9
1000.0,-0.49001647132066073,-6.1110602155832715e-9
1000.0,-0.5020164713206612,-1.2812890144774398e-8
1000.0,-0.514016471320661,-2.6869561984772003e-8
1000.0,-0.5260164713206608,-5.63543446320623e-8
1000.0,-0.5380164713206612,-1.1819675369568855e-7
1000.0,-0.5500164713206608,-2.478755583969605e-7
1000.0,-0.5620164713206606,-5.196615763522588e-7
1000.0,-0.574016471320661,-1.0887515024888326e-6
1000.0,-0.5860164713206615,-2.278504248078626e-6
1000.0,-0.5980164713206613,-4.759570742333504e-6
1000.0,-0.6100164713206611,-9.912996759242946e-6
1000.0,-0.6220164713206615,-2.0551617847020633e-5
1000.0,-0.6340164713206613,-4.230934719340766e-5
1000.0,-0.6460164713206609,-8.619060099188043e-5
1000.0,-0.6580164713206613,-0.00017291028115428027
1000.0,-0.6700164713206611,-0.00033945889800796416
1000.0,-0.6820164713206609,-0.0006472922694888983
1000.0,-0.6940164713206614,-0.0011894968116045897
1000.0,-0.7060164713206611,-0.002092806175612792
1000.0,-0.7180164713206609,-0.003513100587658457
1000.0,-0.7300164713206614,-0.005630819487678273
1000.0,-0.742016471320661,-0.008657857369026528
1000.0,-0.7540164713206607,-0.012862129690915282
1000.0,-0.7660164713206612,-0.018606134984545546
1000.0,-0.7780164713206617,-0.026393182072338206
1000.0,-0.7900164713206614,-0.036919770243909224
1000.0,-0.8020164713206612,-0.051137474614129846
1000.0,-0.814016471320661,-0.07032883947785659
1000.0,-0.8260164713206606,-0.0961998938979347
1000.0,-0.838016471320661,-0.13098794595339244
1000.0,-0.8500164713206608,-0.17757697532855296
1000.0,-0.8620164713206606,-0.23960336082545453
1000.0,-0.8740164713206611,-0.3215218545875616
1000.0,-0.8860164713206609,-0.4285883444912023
1000.0,-0.8980164713206606,-0.5667091930052535
1000.0,-0.9100164713206602,-0.7421181327409115
1000.0,-0.92201647132066,-0.9608806008644019
1000.0,-0.9340164713206605,-1.2282884661141513
1000.0,-0.9460164713206602,-1.5482693586345824
1000.0,-0.95801647132066,-1.9229549425591792
1000.0,-0.9700164713206605,-2.352508925457637
1000.0,-0.9820164713206603,-2.835227268239184
1000.0,-0.9940164713206598,-3.3678388198824396
1000.0,-1.0060164713206596,-3.9458943714614274
1000.0,-1.0180164713206594,-4.564141090318566
1000.0,-1.0300164713206599,-5.21681563565415
1000.0,-1.0420164713206597,-5.897827523330274
1000.0,-1.0540164713206595,-6.6008302135662085
1000.0,-1.06601647132066,-7.319188448270658
1000.0,-1.0780164713206595,-8.045850011563472
1000.0,-1.0900164713206593,-8.773122556177476
1000.0,-1.102016471320659,-9.492344100100302
1000.0,-1.1140164713206588,-10.193420079125278
1000.0,-1.1260164713206593,-10.86418024572924
1000.0,-1.138016471320659,-11.489486174562005
1000.0,-1.1500164713206587,-12.05000306465338
1000.0,-1.162016471320659,-12.520573745441176
1000.0,-1.174016471320659,-12.868322903630625
1000.0,-1.1860164713206587,-13.051355330800888
1000.0,-1.1980164713206585,-13.021121430412117
1000.0,-1.1899835286793419,-11.769126957626332
1000.0,-1.1779835286793414,-10.589959042529989
1000.0,-1.1659835286793416,-9.640001620027832
1000.0,-1.1539835286793418,-8.835053542119928
1000.0,-1.1419835286793414,-8.125230747526189
1000.0,-1.1299835286793416,-7.479367368653484
1000.0,-1.117983528679342,-6.877576416000567
1000.0,-1.1059835286793422,-6.307172882412153
1000.0,-1.0939835286793425,-5.760313438912778
1000.0,-1.081983528679342,-5.232562705167922
1000.0,-1.0699835286793422,-4.721974042396991
1000.0,-1.0579835286793424,-4.22846144700131
1000.0,-1.045983528679342,-3.7533355167430735
1000.0,-1.0339835286793422,-3.2989262822951666
1000.0,-1.0219835286793426,-2.8682426342693383
1000.0,-1.0099835286793428,-2.4646353273436112
1000.0,-0.997983528679343,-2.0914460614437593
1000.0,-0.9859835286793426,-1.7516434561363223
1000.0,-0.9739835286793429,-1.4474685689126516
1000.0,-0.9619835286793431,-1.1801336078603484
1000.0,-0.9499835286793427,-0.9496284756008841
1000.0,-0.937983528679343,-0.7546810320603067
1000.0,-0.9259835286793432,-0.59288603240772
1000.0,-0.9139835286793434,-0.4609749436217159
1000.0,-0.9019835286793436,-0.3551636413630586
1000.0,-0.8899835286793432,-0.27150336081159315
1000.0,-0.8779835286793435,-0.20617439023054965
1000.0,-0.8659835286793438,-0.15569076467028498
1000.0,-0.8539835286793434,-0.1170128414160838
1000.0,-0.8419835286793436,-0.08758358972316327
1000.0,-0.8299835286793438,-0.06531188038862228
1000.0,-0.817983528679344,-0.048525135923830676
1000.0,-0.8059835286793443,-0.03590870164601341
1000.0,-0.7939835286793439,-0.026443482390873293
1000.0,-0.7819835286793434,-0.019348459440458293
1000.0,-0.7699835286793437,-0.014031169568312461
1000.0,-0.7579835286793439,-0.010046944938534683
1000.0,-0.7459835286793435,-0.007066268420934097
1000.0,-0.733983528679343,-0.004848579540856084
1000.0,-0.7219835286793432,-0.003220157853639471
1000.0,-0.7099835286793434,-0.002053874419644363
1000.0,-0.6979835286793431,-0.0012506076474933085
1000.0,-0.6859835286793426,-0.0007253409754252723
1000.0,-0.6739835286793429,-0.0004016081856463139
1000.0,-0.6619835286793431,-0.0002135321688428517
1000.0,-0.6499835286793426,-0.00010986507970393226
1000.0,-0.6379835286793422,-5.510738046739377e-5
1000.0,-0.6259835286793425,-2.7093244879469817e-5
1000.0,-0.6139835286793427,-1.307584287742141e-5
1000.0,-0.6019835286793422,-6.156187288368762e-6
1000.0,-0.5899835286793418,-2.7558740611791085e-6
1000.0,-0.577983528679342,-1.0713553971208666e-6
1000.0,-0.5659835286793423,-2.102256656972776e-7
1000.0,-0.5539835286793419,2.6456405940321234e-7
1000.0,-0.5419835286793414,5.666100207181188e-7
1000.0,-0.5299835286793416,8.013355626801745e-7
1000.0,-0.5179835286793419,1.022539408626066e-6
1000.0,-0.5059835286793415,1.2598797408035778e-6
1000.0,-0.49398352867934103,1.5323103818263772e-6
1000.0,-0.48198352867934124,1.854671352495446e-6
1000.0,-0.46998352867934146,2.241085119313754e-6
1000.0,-0.457983528679341,2.7068488439252788e-6
1000.0,-0.44598352867934055,3.2696698083170846e-6
1000.0,-0.43398352867934087,3.95066603382125e-6
1000.0,-0.4219835286793411,4.775346017554823e-6
1000.0,-0.4099835286793406,5.774684750887966e-6
1000.0,-0.39798352867934017,6.9864084193013666e-6
1000.0,-0.3859835286793405,8.45651421037329e-6
1000.0,-0.3739835286793407,1.024115972659833e-5
1000.0,-0.36198352867934025,1.240896362288529e-5
1000.0,-0.3499835286793398,1.5043831275878952e-5
1000.0,-0.33798352867934,1.8248463690529186e-5
1000.0,-0.32598352867934033,2.2148654807291118e-5
1000.0,-0.3139835286793399,2.689863871187441e-5
1000.0,-0.3019835286793394,3.2687664597079945e-5
1000.0,-0.28998352867933963,3.9748175313019194e-5
1000.0,-0.27798352867933995,4.8365923924191415e-5
1000.0,-0.2659835286793395,5.889253621164059e-5
1000.0,-0.25398352867933904,7.17611237924866e-5
1000.0,-0.24198352867933925,8.750569107212645e-5
1000.0,-0.22998352867933947,0.00010678532143930928
1000.0,-0.217983528679339,0.0001304143105614191
1000.0,-0.20598352867933856,0.00015939978988268108
1000.0,-0.19398352867933877,0.00019498872410475196
1000.0,-0.1819835286793392,0.00023872670092246078
1000.0,-0.16998352867933875,0.00029253154086405434
1000.0,-0.1579835286793383,0.00035878556421968814
1000.0,-0.1459835286793385,0.0004404513495936864
1000.0,-0.13398352867933871,0.0005412170942539494
1000.0,-0.12198352867933826,0.000665679295807067
1000.0,-0.1099835286793378,0.0008195725266483423
1000.0,-0.09798352867933802,0.0010100585502895458
1000.0,-0.08598352867933823,0.0012460903265537945
1000.0,-0.07398352867933777,0.001538870383624321
1000.0,-0.06198352867933732,0.001902428048393302
1000.0,-0.04998352867933775,0.0023543461796278146
1000.0,-0.03798352867933796,0.002916675666880029
1000.0,-0.02598352867933751,0.0036170851741869313
1000.0,-0.013983528679337054,0.0044903047783170676
1000.0,-0.0019835286793372653,0.005579935417441975
1000.0,0.010016471320662523,0.006940711508326165
1000.0,0.022016471320662978,0.008641321784216368
1000.0,0.03401647132066343,0.010767912748292481
1000.0,0.04601647132066322,0.013428419504846096
1000.0,0.05801647132066301,0.01675788830646478
1000.0,0.07001647132066346,0.020924971165849734
1000.0,0.08201647132066392,0.026139780901193534
1000.0,0.09401647132066349,0.03266328815036112
1000.0,0.10601647132066327,0.04081841025163449
1000.0,0.11801647132066373,0.05100287159671865
1000.0,0.13001647132066418,0.06370378760197229
1000.0,0.14201647132066397,0.07951371643681505
1000.0,0.15401647132066376,0.09914760723862989
1000.0,0.16601647132066422,0.1234596237872395
1000.0,0.17801647132066467,0.15345821834090845
1000.0,0.19001647132066446,0.1903170712070999
1000.0,0.20201647132066403,0.23537863362073566
1000.0,0.21401647132066448,0.29014610828737136
1000.0,0.22601647132066494,0.35625894058164514
1000.0,0.23801647132066472,0.4354465128649153
1000.0,0.2500164713206645,0.529455011529195
1000.0,0.26201647132066497,0.6399436016424858
1000.0,0.2740164713206654,0.7683481649734043
1000.0,0.2860164713206652,0.9157137230709739
1000.0,0.298016471320665,1.0824997678076558
1000.0,0.31001647132066545,1.2683653972975184
1000.0,0.3220164713206659,1.4719429537915942
1000.0,0.3340164713206655,1.6906100373773167
1000.0,0.34601647132066526,1.9202717844917523
1000.0,0.3580164713206657,2.1551711720304807
1000.0,0.3700164713206662,2.387759504052152
1000.0,0.38201647132066596,2.60868793523234
1000.0,0.39401647132066575,2.807028226916694
1000.0,0.4060164713206662,2.9708917377760247
1000.0,0.41801647132066666,3.088656100424619
1000.0,0.43001647132066645,3.150938114350837
1000.0,0.442016471320666,3.153122931322289
1000.0,0.45401647132066647,3.0976171721644308
1000.0,0.4660164713206669,2.9944129094893928
1000.0,0.4780164713206667,2.858920687108775
1000.0,0.4900164713206665,2.7077290432847043
1000.0,0.502016471320667,2.5545631509564672
1000.0,0.5140164713206674,2.408372608968215
1000.0,0.5260164713206672,2.2736405145330014
1000.0,0.538016471320667,2.1517567930591737
1000.0,0.5500164713206674,2.0423934294263666
1000.0,0.5620164713206679,1.9444541545421665
1000.0,0.5740164713206675,1.8566070571160715
1000.0,0.5860164713206673,1.7775407678328605
1000.0,0.5980164713206677,1.7060686168000814
1000.0,0.6100164713206682,1.6411583887502452
1000.0,0.622016471320668,1.5819291562638738
1000.0,0.6340164713206677,1.5276354977688738
1000.0,0.6460164713206682,1.4776484131122287
1000.0,0.6580164713206686,1.431436893158845
1000.0,0.6700164713206684,1.3885515994769995
1000.0,0.682016471320668,1.348610993344526
1000.0,0.6940164713206685,1.3112897888555928
1000.0,0.7060164713206689,1.2763094402186603
1000.0,0.7180164713206687,1.2434303410398198
1000.0,0.7300164713206685,1.212445435411743
1000.0,0.742016471320669,1.1831749810387995
1000.0,0.7540164713206694,1.1554562251412814
1000.0,0.7660164713206692,1.1291607833427741
1000.0,0.778016471320669,1.1041668144768229
1000.0,0.7900164713206694,1.0803667053849666
1000.0,0.7979835286793311,1.0576070085151215
1000.0,0.7859835286793313,1.0356071660759196
1000.0,0.7739835286793316,1.0146946381890938
1000.0,0.7619835286793318,0.9946773159027649
1000.0,0.7499835286793322,0.9754676941907725
1000.0,0.7379835286793324,0.9569951060538844
1000.0,0.7259835286793326,0.939198335656578
1000.0,0.7139835286793329,0.9220278792836493
1000.0,0.7019835286793331,0.9054308934296315
1000.0,0.6899835286793334,0.8893579947707666
1000.0,0.6779835286793336,0.8737610966088222
1000.0,0.6659835286793339,0.8585922965080135
1000.0,0.6539835286793342,0.8438028440555295
1000.0,0.6419835286793344,0.8293420731844674
1000.0,0.6299835286793347,0.8151562497589387
1000.0,0.6179835286793349,0.8011873019536703
1000.0,0.6059835286793351,0.7873714108536317
1000.0,0.5939835286793355,0.7736374501981498
1000.0,0.5819835286793357,0.7599052814494197
1000.0,0.569983528679336,0.7460839373915836
1000.0,0.5579835286793362,0.7320697686380356
1000.0,0.5459835286793364,0.7177446875504345
1000.0,0.5339835286793366,0.702974727362044
1000.0,0.521983528679337,0.6876092424337817
1000.0,0.5099835286793373,0.6714812041439768
1000.0,0.4979835286793375,0.6544091801493592
1000.0,0.4859835286793377,0.6362016894005009
1000.0,0.47398352867933796,0.6166646457721443
1000.0,0.46198352867933823,0.5956124636075062
1000.0,0.4499835286793385,0.5728830182144077
1000.0,0.43798352867933876,0.5483559831743796
1000.0,0.425983528679339,0.5219731355281257
1000.0,0.41398352867933924,0.4937581898209622
1000.0,0.4019835286793395,0.46383288872388473
1000.0,0.3899835286793405,0.4324258045951803
1000.0,0.37798352867934004,0.39987087900258267
1000.0,0.3659835286793396,0.36659419322316206
1000.0,0.3539835286793405,0.33308954602363794
1000.0,0.3419835286793415,0.29988557779630404
1000.0,0.32998352867934105,0.2675088169861512
1000.0,0.3179835286793406,0.2364476930851224
1000.0,0.30598352867934153,0.20712213423188264
1000.0,0.2939835286793425,0.17986205048927587
1000.0,0.28198352867934207,0.1548962194970143
1000.0,0.2699835286793416,0.13235131437313316
1000.0,0.2579835286793426,0.11225942205080118
1000.0,0.2459835286793436,0.09457159136691613
1000.0,0.23398352867934313,0.07917473592012692
1000.0,0.22198352867934268,0.06590947337159386
1000.0,0.20998352867934356,0.054587024180173895
1000.0,0.19798352867934454,0.04500393527046576
1000.0,0.1859835286793441,0.03695399839578669
1000.0,0.17398352867934364,0.030237217464713542
1000.0,0.16198352867934462,0.024666015026153575
1000.0,0.1499835286793456,0.020069063244137
1000.0,0.13798352867934516,0.016293206692482236
1000.0,0.1259835286793447,0.013203946944208816
1000.0,0.11398352867934558,0.01068491335684643
1000.0,0.10198352867934657,0.008636675402739087
1000.0,0.08998352867934611,0.006975176423069111
1000.0,0.07798352867934566,0.0056299974038823124
1000.0,0.06598352867934665,0.004542597688183554
1000.0,0.05398352867934764,0.0036646294660008204
1000.0,0.04198352867934718,0.0029563843275940494
1000.0,0.03148764650950964,0.0024504821490655923
1000.0,0.020991764339673535,0.002031566034973987
1000.0,0.010495882169837545,0.0016847350068683862
1000.0,0.0,0.0013975942389807588
