BoundaryLayerThickness,Voltage,Value
80.0,-0.0012000000000000899,-4.0622703926916356e-19
80.0,-0.0025199999999998557,-1.6033023944663666e-19
80.0,-0.003972000000000309,-2.82703343030829e-19
80.0,-0.005569200000000052,-2.6888527083619436e-20
80.0,-0.0073261199999997695,2.6771592381406544e-19
80.0,-0.009258731999999936,-2.1499142810467495e-19
80.0,-0.011384605199999953,2.4286395059954224e-19
80.0,-0.013723065720000038,2.565297957812982e-19
80.0,-0.016295372292000065,1.3084977346013438e-19
80.0,-0.01912490952120005,-6.111132729141204e-19
80.0,-0.022237400473320124,3.598501664335938e-19
80.0,-0.025661140520652048,-8.879803540527907e-20
80.0,-0.02942725457271711,2.242348349990844e-19
80.0,-0.0335699800299889,-2.9908065576598017e-19
80.0,-0.038126978032988035,-1.3222852396117924e-19
80.0,-0.04313967583628653,2.423437604511332e-19
80.0,-0.04865364341991518,5.2762308899389536e-20
80.0,-0.05471900776190708,-2.36096637851215e-19
80.0,-0.06139090853809748,2.250026680520445e-19
80.0,-0.06872999939190727,-4.140726977313209e-20
80.0,-0.07680299933109824,-2.35786916770812e-19
80.0,-0.08568329926420759,-6.611790020619741e-20
80.0,-0.09545162919062877,-1.8577623291081509e-19
80.0,-0.10619679210969157,-5.143470210786153e-19
80.0,-0.11801647132066084,-8.437276265095276e-19
80.0,-0.13001647132066052,-2.1361880778543875e-18
80.0,-0.14201647132066064,-3.792722188437056e-18
80.0,-0.15401647132066076,-8.223307178386392e-18
80.0,-0.16601647132066044,-1.6423467485940867e-17
80.0,-0.17801647132066056,-3.495683523327937e-17
80.0,-0.19001647132066068,-7.140907857098496e-17
80.0,-0.2020164713206607,-1.4793059632525044e-16
80.0,-0.21401647132066093,-3.061423256952567e-16
80.0,-0.22601647132066072,-6.343141910031538e-16
80.0,-0.23801647132066073,-1.3156224800065245e-15
80.0,-0.25001647132066074,-2.7300108609880185e-15
80.0,-0.2620164713206605,-5.670224019920843e-15
80.0,-0.27401647132066076,-1.1784310804768749e-14
80.0,-0.28601647132066077,-2.4508631834850743e-14
80.0,-0.2980164713206608,-5.100590108719577e-14
80.0,-0.310016471320661,-1.0621668626870261e-13
80.0,-0.3220164713206608,-2.2132304772394386e-13
80.0,-0.3340164713206608,-4.614381809844116e-13
80.0,-0.3460164713206608,-9.625893628669799e-13
80.0,-0.3580164713206606,-2.0090905613761376e-12
80.0,-0.37001647132066084,-4.195453255574249e-12
80.0,-0.38201647132066086,-8.765354468010405e-12
80.0,-0.39401647132066087,-1.8321532700996168e-11
80.0,-0.4060164713206611,-3.8313026999858336e-11
80.0,-0.4180164713206609,-8.015197489543853e-11
80.0,-0.43001647132066134,-1.6774741011330382e-10
80.0,-0.44201647132066113,-3.5120594180767825e-10
80.0,-0.4540164713206607,-7.355675496614375e-10
80.0,-0.46601647132066115,-1.5410881577187146e-9
80.0,-0.47801647132066094,-3.229720458603579e-9
80.0,-0.49001647132066073,-6.770507099118685e-9
80.0,-0.5020164713206612,-1.4196433872795277e-8
80.0,-0.514016471320661,-2.9772608269944773e-8
80.0,-0.5260164713206608,-6.244584497249869e-8
80.0,-0.5380164713206612,-1.309772331473229e-7
80.0,-0.5500164713206608,-2.74681934187293e-7
80.0,-0.5620164713206606,-5.758529564929252e-7
80.0,-0.574016471320661,-1.2064168212873559e-6
80.0,-0.5860164713206615,-2.5244731620104846e-6
80.0,-0.5980164713206613,-5.272336035575203e-6
80.0,-0.6100164713206611,-1.0977363521493528e-5
80.0,-0.6220164713206615,-2.2746433900049586e-5
80.0,-0.6340164713206613,-4.6790417155164644e-5
80.0,-0.6460164713206609,-9.520601754848585e-5
80.0,-0.6580164713206613,-0.00019067055651412923
80.0,-0.6700164713206611,-0.00037344808158617826
80.0,-0.6820164713206609,-0.0007099356431926162
80.0,-0.6940164713206614,-0.0012998149675758092
80.0,-0.7060164713206611,-0.002277591709389129
80.0,-0.7180164713206609,-0.0038077176735200873
80.0,-0.7300164713206614,-0.006080781323298701
80.0,-0.742016471320661,-0.009322833991224315
80.0,-0.7540164713206607,-0.013823570882310905
80.0,-0.7660164713206612,-0.01997936920179519
80.0,-0.7780164713206617,-0.028345719048687858
80.0,-0.7900164713206614,-0.03969959513398413
80.0,-0.8020164713206612,-0.05511832345604059
80.0,-0.814016471320661,-0.07608452311882423
80.0,-0.8260164713206606,-0.10462821585243705
80.0,-0.838016471320661,-0.1435188732562749
80.0,-0.8500164713206608,-0.1965223950415357
80.0,-0.8620164713206606,-0.26874013816497716
80.0,-0.8740164713206611,-0.3670476474380525
80.0,-0.8860164713206609,-0.5006469058579118
80.0,-0.8980164713206606,-0.6817328037871175
80.0,-0.9100164713206602,-0.9262438524503053
80.0,-0.92201647132066,-1.2546063129885578
80.0,-0.9340164713206605,-1.692273418062288
80.0,-0.9460164713206602,-2.2696920926986546
80.0,-0.95801647132066,-3.0210997629843197
80.0,-0.9700164713206605,-3.9813114190835246
80.0,-0.9820164713206603,-5.179540276086963
80.0,-0.9940164713206598,-6.629566013271097
80.0,-1.0060164713206596,-8.316579558033109
80.0,-1.0180164713206594,-10.183093417445843
80.0,-1.0300164713206599,-12.11934139853038
80.0,-1.0420164713206597,-13.96662209417637
80.0,-1.0540164713206595,-15.542380947433637
80.0,-1.06601647132066,-16.688873639571806
80.0,-1.0780164713206595,-17.33019477811723
80.0,-1.0900164713206593,-17.50438749493436
80.0,-1.102016471320659,-17.34258363384611
80.0,-1.1140164713206588,-17.005790150325918
80.0,-1.1260164713206593,-16.624519178190212
80.0,-1.138016471320659,-16.274799309931737
80.0,-1.1500164713206587,-15.986566743023463
80.0,-1.162016471320659,-15.762788000315695
80.0,-1.174016471320659,-15.594884791058792
80.0,-1.1860164713206587,-15.47134714773032
80.0,-1.1980164713206585,-15.38145397627306
80.0,-1.1899835286793419,-15.114021148497361
80.0,-1.1779835286793414,-14.905779115747457
80.0,-1.1659835286793416,-14.719476732243331
80.0,-1.1539835286793418,-14.510449225239785
80.0,-1.1419835286793414,-14.254320506540223
80.0,-1.1299835286793416,-13.930381797314851
80.0,-1.117983528679342,-13.519339357960426
80.0,-1.1059835286793422,-13.0039453639264
80.0,-1.0939835286793425,-12.371166312987938
80.0,-1.081983528679342,-11.6152321067653
80.0,-1.0699835286793422,-10.740677902542824
80.0,-1.0579835286793424,-9.764236709821844
80.0,-1.045983528679342,-8.714552700969426
80.0,-1.0339835286793422,-7.629296089928966
80.0,-1.0219835286793426,-6.550169694603733
80.0,-1.0099835286793428,-5.517076738053497
80.0,-0.997983528679343,-4.562986359232155
80.0,-0.9859835286793426,-3.7106857856766666
80.0,-0.9739835286793429,-2.9718647115058765
80.0,-0.9619835286793431,-2.34821871738194
80.0,-0.9499835286793427,-1.8337953301121233
80.0,-0.937983528679343,-1.4177327141511193
80.0,-0.9259835286793432,-1.086750131500744
80.0,-0.9139835286793434,-0.8270570066554402
80.0,-0.9019835286793436,-0.6256098894654802
80.0,-0.8899835286793432,-0.4708048566991724
80.0,-0.8779835286793435,-0.35275408027739635
80.0,-0.8659835286793438,-0.2632940597450657
80.0,-0.8539835286793434,-0.19584338580499833
80.0,-0.8419835286793436,-0.14519225896184093
80.0,-0.8299835286793438,-0.10727518282695281
80.0,-0.817983528679344,-0.07895557413820492
80.0,-0.8059835286793443,-0.05783602521571764
80.0,-0.7939835286793439,-0.042098856927464505
80.0,-0.7819835286793434,-0.03037653503985982
80.0,-0.7699835286793437,-0.02164891932769279
80.0,-0.7579835286793439,-0.01516296684988992
80.0,-0.7459835286793435,-0.010369605074264003
80.0,-0.733983528679343,-0.006871903805487883
80.0,-0.7219835286793432,-0.004379504256505305
80.0,-0.7099835286793434,-0.0026682765505846866
80.0,-0.6979835286793431,-0.0015502725120806271
80.0,-0.6859835286793426,-0.0008604572319796698
80.0,-0.6739835286793429,-0.00045874605392846993
80.0,-0.6619835286793431,-0.00023670424348195383
80.0,-0.6499835286793426,-0.00011912995752463951
80.0,-0.6379835286793422,-5.888524729360541e-5
80.0,-0.6259835286793425,-2.874311910305582e-5
80.0,-0.6139835286793427,-1.3910870627176771e-5
80.0,-0.6019835286793422,-6.694154055884782e-6
80.0,-0.5899835286793418,-3.209066130846393e-6
80.0,-0.577983528679342,-1.53429498380116e-6
80.0,-0.5659835286793423,-7.320206618975456e-7
80.0,-0.5539835286793419,-3.4847135908827047e-7
80.0,-0.5419835286793414,-1.6532981592730393e-7
80.0,-0.5299835286793416,-7.794266101254018e-8
80.0,-0.5179835286793419,-3.6258954847200745e-8
80.0,-0.5059835286793415,-1.637611463909518e-8
80.0,-0.49398352867934103,-6.8890081938345926e-9
80.0,-0.48198352867934124,-2.358331406176445e-9
80.0,-0.46998352867934146,-1.9059753396670958e-10
80.0,-0.457983528679341,8.507052557478988e-10
80.0,-0.44598352867934055,1.3551559548621392e-9
80.0,-0.43398352867934087,1.6039207690997557e-9
80.0,-0.4219835286793411,1.731126395234471e-9
80.0,-0.4099835286793406,1.800787531484566e-9
80.0,-0.39798352867934017,1.843482216351493e-9
80.0,-0.3859835286793405,1.873839751180603e-9
80.0,-0.3739835286793407,1.8988813318927992e-9
80.0,-0.36198352867934025,1.9219990955850855e-9
80.0,-0.3499835286793398,1.944855057714866e-9
80.0,-0.33798352867934,1.9682877667046918e-9
80.0,-0.32598352867934033,1.992745488214519e-9
80.0,-0.3139835286793399,2.018493414912508e-9
80.0,-0.3019835286793394,2.045713000665431e-9
80.0,-0.28998352867933963,2.0745498007523278e-9
80.0,-0.27798352867933995,2.1051367393202205e-9
80.0,-0.2659835286793395,2.137605659110383e-9
80.0,-0.25398352867933904,2.1720933112168565e-9
80.0,-0.24198352867933925,2.2087447221526258e-9
80.0,-0.22998352867933947,2.247715344457057e-9
80.0,-0.217983528679339,2.289172675168662e-9
80.0,-0.20598352867933856,2.3332976522098414e-9
80.0,-0.19398352867933877,2.380286002435619e-9
80.0,-0.1819835286793392,2.430349594804834e-9
80.0,-0.16998352867933875,2.4837178461388825e-9
80.0,-0.1579835286793383,2.540639179465314e-9
80.0,-0.1459835286793385,2.601382525622142e-9
80.0,-0.13398352867933871,2.6662388698852637e-9
80.0,-0.12198352867933826,2.735522786727613e-9
80.0,-0.1099835286793378,2.8095739480563186e-9
80.0,-0.09798352867933802,2.88875852936819e-9
80.0,-0.08598352867933823,2.973470442415007e-9
80.0,-0.07398352867933777,3.064132292114747e-9
80.0,-0.06198352867933732,3.1611959199318397e-9
80.0,-0.04998352867933775,3.265142363494232e-9
80.0,-0.03798352867933796,3.3764810174649e-9
80.0,-0.02598352867933751,3.495747712172819e-9
80.0,-0.013983528679337054,3.623501378843586e-9
80.0,-0.0019835286793372653,3.760318866594064e-9
80.0,0.010016471320662523,3.906787406180033e-9
80.0,0.022016471320662978,4.0634940792494175e-9
80.0,0.03401647132066343,4.231011527438443e-9
80.0,0.04601647132066322,4.409878978399685e-9
80.0,0.05801647132066301,4.600577458841493e-9
80.0,0.07001647132066346,4.8034978311174865e-9
80.0,0.08201647132066392,5.01890000463174e-9
80.0,0.09401647132066349,5.246861296230258e-9
80.0,0.10601647132066327,5.487211511483947e-9
80.0,0.11801647132066373,5.739451791721454e-9
80.0,0.13001647132066418,6.0026537760391325e-9
80.0,0.14201647132066397,6.2753351401812024e-9
80.0,0.15401647132066376,6.555307366663093e-9
80.0,0.16601647132066422,6.839491948239922e-9
80.0,0.17801647132066467,7.123702743353172e-9
80.0,0.19001647132066446,7.402395718300019e-9
80.0,0.20201647132066403,7.668394171134291e-9
80.0,0.21401647132066448,7.912609402752648e-9
80.0,0.22601647132066494,8.123795697166253e-9
80.0,0.23801647132066472,8.288406120491161e-9
80.0,0.2500164713206645,8.390652177704326e-9
80.0,0.26201647132066497,8.412911942120502e-9
80.0,0.2740164713206654,8.336666202149455e-9
80.0,0.2860164713206652,8.144146449264937e-9
80.0,0.298016471320665,7.820813493855072e-9
80.0,0.31001647132066545,7.358604193109406e-9
80.0,0.3220164713206659,6.759555496603102e-9
80.0,0.3340164713206655,6.03897377580731e-9
80.0,0.34601647132066526,5.226920058209144e-9
80.0,0.3580164713206657,4.366721747911822e-9
80.0,0.3700164713206662,3.509813189875106e-9
80.0,0.38201647132066596,2.70751323629375e-9
80.0,0.39401647132066575,2.0018991863387425e-9
80.0,0.4060164713206662,1.4187994033480984e-9
80.0,0.41801647132066666,9.653159716434135e-10
80.0,0.43001647132066645,6.323416024040596e-10
80.0,0.442016471320666,4.0041309460888424e-10
80.0,0.45401647132066647,2.462449108069125e-10
80.0,0.4660164713206669,1.4778667113171273e-10
80.0,0.4780164713206667,8.695887509710809e-11
80.0,0.4900164713206665,5.0370402685702305e-11
80.0,0.502016471320667,2.882074502511733e-11
80.0,0.5140164713206674,1.63342510948523e-11
80.0,0.5260164713206672,9.189565207525714e-12
80.0,0.538016471320667,5.1406220788067005e-12
80.0,0.5500164713206674,2.8629627852550897e-12
80.0,0.5620164713206679,1.588982315718926e-12
80.0,0.5740164713206675,8.795325610266817e-13
80.0,0.5860164713206673,4.858075969279096e-13
80.0,0.5980164713206677,2.6788889179532294e-13
80.0,0.6100164713206682,1.475254063717811e-13
80.0,0.622016471320668,8.115690230850603e-14
80.0,0.6340164713206677,4.460992770641807e-14
80.0,0.6460164713206682,2.4504154370943267e-14
80.0,0.6580164713206686,1.3452873048630546e-14
80.0,0.6700164713206684,7.382924893929704e-15
80.0,0.682016471320668,4.050431025422008e-15
80.0,0.6940164713206685,2.2212274830262306e-15
80.0,0.7060164713206689,1.2173262877721234e-15
80.0,0.7180164713206687,6.68497299509163e-16
80.0,0.7300164713206685,3.6737901332465147e-16
80.0,0.742016471320669,2.0049305545977286e-16
80.0,0.7540164713206694,1.0927904157361352e-16
80.0,0.7660164713206692,6.010009189135324e-17
80.0,0.778016471320669,3.4102087718246494e-17
80.0,0.7900164713206694,1.8031691554794666e-17
80.0,0.7979835286793311,9.290673625471482e-18
80.0,0.7859835286793313,5.607091552947982e-18
80.0,0.7739835286793316,2.542642559503493e-18
80.0,0.7619835286793318,1.2809681491210896e-18
80.0,0.7499835286793322,2.159086141245106e-18
80.0,0.7379835286793324,1.3135327952793192e-19
80.0,0.7259835286793326,-6.836210694356148e-19
80.0,0.7139835286793329,8.419358232317378e-19
80.0,0.7019835286793331,6.412051434751486e-19
80.0,0.6899835286793334,-2.325360175745799e-19
80.0,0.6779835286793336,7.984250805946478e-19
80.0,0.6659835286793339,5.424774009105978e-20
80.0,0.6539835286793342,-2.347770427673748e-19
80.0,0.6419835286793344,5.706056647871013e-19
80.0,0.6299835286793347,-3.385525112973726e-19
80.0,0.6179835286793349,-4.5196151411038525e-19
80.0,0.6059835286793351,2.3729621715810166e-19
80.0,0.5939835286793355,3.2620251641494005e-19
80.0,0.5819835286793357,-2.2266147748477544e-19
80.0,0.569983528679336,2.5443515208408743e-19
80.0,0.5579835286793362,-2.042042566272602e-19
80.0,0.5459835286793364,-7.750995180836618e-19
80.0,0.5339835286793366,4.035316468883284e-19
80.0,0.521983528679337,1.5642214579040467e-19
80.0,0.5099835286793373,-6.333954714788358e-19
80.0,0.4979835286793375,5.352465569080549e-19
80.0,0.4859835286793377,-4.936776220472456e-19
80.0,0.47398352867933796,1.9260108747001049e-19
80.0,0.46198352867933823,6.597518738162365e-22
80.0,0.4499835286793385,2.8182334911477987e-19
80.0,0.43798352867933876,4.250128269112762e-19
80.0,0.425983528679339,-7.468049614182897e-19
80.0,0.41398352867933924,-3.061787578132928e-19
80.0,0.4019835286793395,-3.721114434129207e-19
80.0,0.3899835286793405,-3.540119560356704e-19
80.0,0.37798352867934004,-1.887213080381739e-20
80.0,0.3659835286793396,-2.8831430894392716e-19
80.0,0.3539835286793405,-3.44591296007465e-19
80.0,0.3419835286793415,-2.6417938585086776e-19
80.0,0.32998352867934105,-9.476064571812701e-20
80.0,0.3179835286793406,2.6971277687820294e-19
80.0,0.30598352867934153,2.5916216617880165e-19
80.0,0.2939835286793425,2.0556266959938446e-19
80.0,0.28198352867934207,7.970107089725894e-20
80.0,0.2699835286793416,-4.8726405443144594e-20
80.0,0.2579835286793426,4.556373702357696e-19
80.0,0.2459835286793436,-9.324221171006465e-20
80.0,0.23398352867934313,-8.370494578999421e-20
80.0,0.22198352867934268,2.010092551901571e-19
80.0,0.20998352867934356,-3.5978501327208173e-19
80.0,0.19798352867934454,2.8284296564704136e-19
80.0,0.1859835286793441,2.992423208536573e-19
80.0,0.17398352867934364,3.123479097372145e-20
80.0,0.16198352867934462,9.18738735367007e-21
80.0,0.1499835286793456,-1.537179242428225e-20
80.0,0.13798352867934516,-9.341431957082531e-20
80.0,0.1259835286793447,7.684206492298172e-20
80.0,0.11398352867934558,1.6010293407100622e-20
80.0,0.10198352867934657,-1.127109201773536e-19
80.0,0.08998352867934611,1.3245375904943455e-19
80.0,0.07798352867934566,-1.9606276018827444e-19
80.0,0.06598352867934665,3.6138510184985225e-20
80.0,0.05398352867934764,8.232747399585753e-20
80.0,0.04198352867934718,1.3039351865713437e-19
80.0,0.03148764650950964,2.3294827877085795e-19
80.0,0.020991764339673535,-5.542950883743962e-21
80.0,0.010495882169837545,8.018369141888954e-20
80.0,0.0,-4.023816631422377e-22
99.99999999999999,-0.0012000000000000899,2.4055274266472977e-18
99.99999999999999,-0.0025199999999998557,3.0115191739401274e-19
99.99999999999999,-0.003972000000000309,-6.713184475995902e-19
99.99999999999999,-0.005569200000000052,-7.554563879050164e-19
99.99999999999999,-0.0073261199999997695,5.753144725310752e-19
99.99999999999999,-0.009258731999999936,-3.593897101650384e-19
99.99999999999999,-0.011384605199999953,-1.4336898389008288e-19
99.99999999999999,-0.013723065720000038,-2.109323252516673e-19
99.99999999999999,-0.016295372292000065,-1.2312790600485003e-19
99.99999999999999,-0.01912490952120005,5.276701575862775e-19
99.99999999999999,-0.022237400473320124,-4.052887119617794e-19
99.99999999999999,-0.025661140520652048,-5.2051293056716275e-19
99.99999999999999,-0.02942725457271711,2.4113051115849003e-19
99.99999999999999,-0.0335699800299889,1.2645132615001756e-20
99.99999999999999,-0.038126978032988035,-4.088868105289852e-19
99.99999999999999,-0.04313967583628653,1.8485924783063642e-19
99.99999999999999,-0.04865364341991518,-3.158341518953571e-19
99.99999999999999,-0.05471900776190708,3.389119497201817e-19
99.99999999999999,-0.06139090853809748,-5.686927192524624e-20
99.99999999999999,-0.06872999939190727,-2.0418970372482898e-20
99.99999999999999,-0.07680299933109824,-3.187194018066546e-19
99.99999999999999,-0.08568329926420759,7.782118906981745e-20
99.99999999999999,-0.09545162919062877,-3.9696015896936834e-19
99.99999999999999,-0.10619679210969157,-3.750013210254097e-19
99.99999999999999,-0.11801647132066084,-1.0487984810757037e-18
99.99999999999999,-0.13001647132066052,-1.973983299748461e-18
99.99999999999999,-0.14201647132066064,-3.895400084981497e-18
99.99999999999999,-0.15401647132066076,-7.91975932959128e-18
99.99999999999999,-0.16601647132066044,-1.7048807826976476e-17
99.99999999999999,-0.17801647132066056,-3.481493130499529e-17
99.99999999999999,-0.19001647132066068,-7.131437749169696e-17
99.99999999999999,-0.2020164713206607,-1.4802304064668385e-16
99.99999999999999,-0.21401647132066093,-3.062944900438856e-16
99.99999999999999,-0.22601647132066072,-6.34148035203374e-16
99.99999999999999,-0.23801647132066073,-1.3152813642967842e-15
99.99999999999999,-0.25001647132066074,-2.730177612025864e-15
99.99999999999999,-0.2620164713206605,-5.669912350113946e-15
99.99999999999999,-0.27401647132066076,-1.1784147508424015e-14
99.99999999999999,-0.28601647132066077,-2.4508596293511904e-14
99.99999999999999,-0.2980164713206608,-5.100495896211365e-14
99.99999999999999,-0.310016471320661,-1.0621548823818381e-13
99.99999999999999,-0.3220164713206608,-2.213206916519835e-13
99.99999999999999,-0.3340164713206608,-4.61432337279821e-13
99.99999999999999,-0.3460164713206608,-9.625768169627708e-13
99.99999999999999,-0.3580164713206606,-2.0090645645530636e-12
99.99999999999999,-0.37001647132066084,-4.19539816646299e-12
99.99999999999999,-0.38201647132066086,-8.765237578276356e-12
99.99999999999999,-0.39401647132066087,-1.8321285161031802e-11
99.99999999999999,-0.4060164713206611,-3.831250263042712e-11
99.99999999999999,-0.4180164713206609,-8.015086228465731e-11
99.99999999999999,-0.43001647132066134,-1.67745049853389e-10
99.99999999999999,-0.44201647132066113,-3.5120093362073554e-10
99.99999999999999,-0.4540164713206607,-7.355569203797677e-10
99.99999999999999,-0.46601647132066115,-1.5410655911356205e-9
99.99999999999999,-0.47801647132066094,-3.229672542970436e-9
99.99999999999999,-0.49001647132066073,-6.770405344797008e-9
99.99999999999999,-0.5020164713206612,-1.4196217756691836e-8
99.99999999999999,-0.514016471320661,-2.977214922271633e-8
99.99999999999999,-0.5260164713206608,-6.244486989922008e-8
99.99999999999999,-0.5380164713206612,-1.3097516209834238e-7
99.99999999999999,-0.5500164713206608,-2.7467753611295595e-7
99.99999999999999,-0.5620164713206606,-5.758436201355105e-7
99.99999999999999,-0.574016471320661,-1.2063970138232945e-6
99.99999999999999,-0.5860164713206615,-2.52443117885621e-6
99.99999999999999,-0.5980164713206613,-5.272247168565138e-6
99.99999999999999,-0.6100164713206611,-1.0977175746544398e-5
99.99999999999999,-0.6220164713206615,-2.274603795892874e-5
99.99999999999999,-0.6340164713206613,-4.6789583910479446e-5
99.99999999999999,-0.6460164713206609,-9.52042655871109e-5
99.99999999999999,-0.6580164713206613,-0.0001906668671076424
99.99999999999999,-0.6700164713206611,-0.0003734402728743686
99.99999999999999,-0.6820164713206609,-0.0007099189981796591
99.99999999999999,-0.6940164713206614,-0.00129977936153479
99.99999999999999,-0.7060164713206611,-0.0022775161140520354
99.99999999999999,-0.7180164713206609,-0.0038075605920103294
99.99999999999999,-0.7300164713206614,-0.006080464714141206
99.99999999999999,-0.742016471320661,-0.00932221503980876
99.99999999999999,-0.7540164713206607,-0.01382238966622517
99.99999999999999,-0.7660164713206612,-0.019977150075485055
99.99999999999999,-0.7780164713206617,-0.028341585568388207
99.99999999999999,-0.7900164713206614,-0.03969192415176277
99.99999999999999,-0.8020164713206612,-0.055104099604629954
99.99999999999999,-0.814016471320661,-0.07605813547845432
99.99999999999999,-0.8260164713206606,-0.10457921865537277
99.99999999999999,-0.838016471320661,-0.1434278301059231
99.99999999999999,-0.8500164713206608,-0.19635319744381155
99.99999999999999,-0.8620164713206606,-0.2684258896210854
99.99999999999999,-0.8740164713206611,-0.366464937985761
99.99999999999999,-0.8860164713206609,-0.4995694781387415
99.99999999999999,-0.8980164713206606,-0.6797494772431233
99.99999999999999,-0.9100164713206602,-0.9226164982603988
99.99999999999999,-0.92201647132066,-1.2480320789464643
99.99999999999999,-0.9340164713206605,-1.6805049454160192
99.99999999999999,-0.9460164713206602,-2.248971009726566
99.99999999999999,-0.95801647132066,-2.98539506272734
99.99999999999999,-0.9700164713206605,-3.921459553627825
99.99999999999999,-0.9820164713206603,-5.082582930436988
99.99999999999999,-0.9940164713206598,-6.478832367151203
99.99999999999999,-1.0060164713206596,-8.093167310760178
99.99999999999999,-1.0180164713206594,-9.868996114302018
99.99999999999999,-1.0300164713206599,-11.701222094921008
99.99999999999999,-1.0420164713206597,-13.43745599736358
99.99999999999999,-1.0540164713206595,-14.897536290150876
99.99999999999999,-1.06601647132066,-15.916305737050877
99.99999999999999,-1.0780164713206595,-16.401521105238178
99.99999999999999,-1.0900164713206593,-16.377603853238796
99.99999999999999,-1.102016471320659,-15.978505126428935
99.99999999999999,-1.1140164713206588,-15.385402528905107
99.99999999999999,-1.1260164713206593,-14.75382422984442
99.99999999999999,-1.138016471320659,-14.17779652778003
99.99999999999999,-1.1500164713206587,-13.695338390034372
99.99999999999999,-1.162016471320659,-13.310432272085803
99.99999999999999,-1.174016471320659,-13.011908390809607
99.99999999999999,-1.1860164713206587,-12.784264982004961
99.99999999999999,-1.1980164713206585,-12.612508153329607
99.99999999999999,-1.1899835286793419,-12.320735086072933
99.99999999999999,-1.1779835286793414,-12.09672955388588
99.99999999999999,-1.1659835286793416,-11.905891260480196
99.99999999999999,-1.1539835286793418,-11.709209117667454
99.99999999999999,-1.1419835286793414,-11.484867937164978
99.99999999999999,-1.1299835286793416,-11.21456134530622
99.99999999999999,-1.117983528679342,-10.881552307966864
99.99999999999999,-1.1059835286793422,-10.471051536374917
99.99999999999999,-1.0939835286793425,-9.971784553142886
99.99999999999999,-1.081983528679342,-9.378221338785114
99.99999999999999,-1.0699835286793422,-8.692801463045475
99.99999999999999,-1.0579835286793424,-7.927322464087085
99.99999999999999,-1.045983528679342,-7.102754390106142
99.99999999999999,-1.0339835286793422,-6.247179542031812
99.99999999999999,-1.0219835286793426,-5.392185992306818
99.99999999999999,-1.0099835286793428,-4.568582003151654
99.99999999999999,-0.997983528679343,-3.8025021912237484
99.99999999999999,-0.9859835286793426,-3.1127762125420984
99.99999999999999,-0.9739835286793429,-2.509951514869284
99.99999999999999,-0.9619835286793431,-1.9968360889322203
99.99999999999999,-0.9499835286793427,-1.5700656143105511
99.99999999999999,-0.937983528679343,-1.2220920950916723
99.99999999999999,-0.9259835286793432,-0.943095436344775
99.99999999999999,-0.9139835286793434,-0.7225225303713296
99.99999999999999,-0.9019835286793436,-0.5501547502371812
99.99999999999999,-0.8899835286793432,-0.41673824979171165
99.99999999999999,-0.8779835286793435,-0.31427464308799524
99.99999999999999,-0.8659835286793438,-0.23608130944093114
99.99999999999999,-0.8539835286793434,-0.1767148064110041
99.99999999999999,-0.8419835286793436,-0.1318259863630378
99.99999999999999,-0.8299835286793438,-0.0979916639311867
99.99999999999999,-0.817983528679344,-0.07254913826842535
99.99999999999999,-0.8059835286793443,-0.05344706977794357
99.99999999999999,-0.7939835286793439,-0.039118164519355264
99.99999999999999,-0.7819835286793434,-0.028374467551239037
99.99999999999999,-0.7699835286793437,-0.02032354613887995
99.99999999999999,-0.7579835286793439,-0.01430242442260592
99.99999999999999,-0.7459835286793435,-0.009825090826300342
99.99999999999999,-0.733983528679343,-0.006538640250795611
99.99999999999999,-0.7219835286793432,-0.004183702558129875
99.99999999999999,-0.7099835286793434,-0.0025584977649529103
99.99999999999999,-0.6979835286793431,-0.001491684536959099
99.99999999999999,-0.6859835286793426,-0.0008306387177970629
99.99999999999999,-0.6739835286793429,-0.0004441914793427482
99.99999999999999,-0.6619835286793431,-0.00022983744698114488
99.99999999999999,-0.6499835286793426,-0.00011597207292013909
99.99999999999999,-0.6379835286793422,-5.74581830672841e-5
99.99999999999999,-0.6259835286793425,-2.8104170839247273e-5
99.99999999999999,-0.6139835286793427,-1.3624426242600784e-5
99.99999999999999,-0.6019835286793422,-6.563246401479018e-6
99.99999999999999,-0.5899835286793418,-3.14594664652441e-6
99.99999999999999,-0.577983528679342,-1.5002521110171307e-6
99.99999999999999,-0.5659835286793423,-7.100741523547185e-7
99.99999999999999,-0.5539835286793419,-3.3118545826542686e-7
99.99999999999999,-0.5419835286793414,-1.4943378479138164e-7
99.99999999999999,-0.5299835286793416,-6.197361361056227e-8
99.99999999999999,-0.5179835286793419,-1.9534034431778415e-8
99.99999999999999,-0.5059835286793415,1.4543185344114815e-9
99.99999999999999,-0.49398352867934103,1.2257341560390625e-8
99.99999999999999,-0.48198352867934124,1.8259418045199484e-8
99.99999999999999,-0.46998352867934146,2.2035993872200206e-8
99.99999999999999,-0.457983528679341,2.482196860513283e-8
99.99999999999999,-0.44598352867934055,2.7212968671114898e-8
99.99999999999999,-0.43398352867934087,2.9500153177919064e-8
99.99999999999999,-0.4219835286793411,3.183006185170635e-8
99.99999999999999,-0.4099835286793406,3.428096945936049e-8
99.99999999999999,-0.39798352867934017,3.689940791153359e-8
99.99999999999999,-0.3859835286793405,3.971769274206019e-8
99.99999999999999,-0.3739835286793407,4.276239751203579e-8
99.99999999999999,-0.36198352867934025,4.605852216904885e-8
99.99999999999999,-0.3499835286793398,4.96316219008888e-8
99.99999999999999,-0.33798352867934,5.350898035045211e-8
99.99999999999999,-0.32598352867934033,5.772034706301918e-8
99.99999999999999,-0.3139835286793399,6.229849033423941e-8
99.99999999999999,-0.3019835286793394,6.727968877077346e-8
99.99999999999999,-0.28998352867933963,7.270422438471141e-8
99.99999999999999,-0.27798352867933995,7.861691173286007e-8
99.99999999999999,-0.2659835286793395,8.506768475962437e-8
99.99999999999999,-0.25398352867933904,9.211225763634805e-8
99.99999999999999,-0.24198352867933925,9.981287420702066e-8
99.99999999999999,-0.22998352867933947,1.082391608423616e-7
99.99999999999999,-0.217983528679339,1.1746909872365547e-7
99.99999999999999,-0.20598352867933856,1.275901334453142e-7
99.99999999999999,-0.19398352867933877,1.3870044210408175e-7
99.99999999999999,-0.1819835286793392,1.5091038072913638e-7
99.99999999999999,-0.16998352867933875,1.643441378489522e-7
99.99999999999999,-0.1579835286793383,1.7914162322510945e-7
99.99999999999999,-0.1459835286793385,1.954606241854871e-7
99.99999999999999,-0.13398352867933871,2.134792655022256e-7
99.99999999999999,-0.12198352867933826,2.3339881217783175e-7
99.99999999999999,-0.1099835286793378,2.554468576337097e-7
99.99999999999999,-0.09798352867933802,2.798809422502145e-7
99.99999999999999,-0.08598352867933823,3.069926485245427e-7
99.99999999999999,-0.07398352867933777,3.3711221855941654e-7
99.99999999999999,-0.06198352867933732,3.7061373625108424e-7
99.99999999999999,-0.04998352867933775,4.0792090911040193e-7
99.99999999999999,-0.03798352867933796,4.4951347137639073e-7
99.99999999999999,-0.02598352867933751,4.959342087940645e-7
99.99999999999999,-0.013983528679337054,5.477965729914481e-7
99.99999999999999,-0.0019835286793372653,6.057928061323838e-7
99.99999999999999,0.010016471320662523,6.707024292518472e-7
99.99999999999999,0.022016471320662978,7.434008539211282e-7
99.99999999999999,0.03401647132066343,8.248677481748121e-7
99.99999999999999,0.04601647132066322,9.161946125897262e-7
99.99999999999999,0.05801647132066301,1.0185907864285789e-6
99.99999999999999,0.07001647132066346,1.1333867871109336e-6
99.99999999999999,0.08201647132066392,1.2620334632019995e-6
99.99999999999999,0.09401647132066349,1.4060948779588734e-6
99.99999999999999,0.10601647132066327,1.5672320949811502e-6
99.99999999999999,0.11801647132066373,1.7471740591513188e-6
99.99999999999999,0.13001647132066418,1.9476705008654226e-6
99.99999999999999,0.14201647132066397,2.1704201940139246e-6
99.99999999999999,0.15401647132066376,2.416965957310959e-6
99.99999999999999,0.16601647132066422,2.688545577466729e-6
99.99999999999999,0.17801647132066467,2.98588559455002e-6
99.99999999999999,0.19001647132066446,3.3089231785150483e-6
99.99999999999999,0.20201647132066403,3.6564412150998613e-6
99.99999999999999,0.21401647132066448,4.025605083743552e-6
99.99999999999999,0.22601647132066494,4.411399431797128e-6
99.99999999999999,0.23801647132066472,4.805983798457415e-6
99.99999999999999,0.2500164713206645,5.198022474605399e-6
99.99999999999999,0.26201647132066497,5.572101277180105e-6
99.99999999999999,0.2740164713206654,5.908422613113407e-6
99.99999999999999,0.2860164713206652,6.183059970474047e-6
99.99999999999999,0.298016471320665,6.369122685139772e-6
99.99999999999999,0.31001647132066545,6.439170974624828e-6
99.99999999999999,0.3220164713206659,6.369043796834692e-6
99.99999999999999,0.3340164713206655,6.1428415262314636e-6
99.99999999999999,0.34601647132066526,5.7581542469484055e-6
99.99999999999999,0.3580164713206657,5.229947885097366e-6
99.99999999999999,0.3700164713206662,4.5912397061140284e-6
99.99999999999999,0.38201647132066596,3.889284072966359e-6
99.99999999999999,0.39401647132066575,3.177559597257427e-6
99.99999999999999,0.4060164713206662,2.505783912326049e-6
99.99999999999999,0.41801647132066666,1.911308327388022e-6
99.99999999999999,0.43001647132066645,1.4146788431147209e-6
99.99999999999999,0.442016471320666,1.0201541286791561e-6
99.99999999999999,0.45401647132066647,7.198449417493417e-7
99.99999999999999,0.4660164713206669,4.991331397563403e-7
99.99999999999999,0.4780164713206667,3.413889535229288e-7
99.99999999999999,0.4900164713206665,2.3106018603285293e-7
99.99999999999999,0.502016471320667,1.5514940086573075e-7
99.99999999999999,0.5140164713206674,1.035561576910345e-7
99.99999999999999,0.5260164713206672,6.880863058752554e-8
99.99999999999999,0.538016471320667,4.5564551043790654e-8
99.99999999999999,0.5500164713206674,3.009410548589292e-8
99.99999999999999,0.5620164713206679,1.9836660645260526e-8
99.99999999999999,0.5740164713206675,1.3055251531170143e-8
99.99999999999999,0.5860164713206673,8.581835857724305e-9
99.99999999999999,0.5980164713206677,5.635946603542056e-9
99.99999999999999,0.6100164713206682,3.698558435515462e-9
99.99999999999999,0.622016471320668,2.4257423025841104e-9
99.99999999999999,0.6340164713206677,1.5902160847958586e-9
99.99999999999999,0.6460164713206682,1.0420973399786191e-9
99.99999999999999,0.6580164713206686,6.827059409239144e-10
99.99999999999999,0.6700164713206684,4.471549906888593e-10
99.99999999999999,0.682016471320668,2.92820794011643e-10
99.99999999999999,0.6940164713206685,1.9172617382523209e-10
99.99999999999999,0.7060164713206689,1.2551900240027262e-10
99.99999999999999,0.7180164713206687,8.21668104827203e-11
99.99999999999999,0.7300164713206685,5.378367690684624e-11
99.99999999999999,0.742016471320669,3.520288084003657e-11
99.99999999999999,0.7540164713206694,2.304004300121048e-11
99.99999999999999,0.7660164713206692,1.5078981488851393e-11
99.99999999999999,0.778016471320669,9.868438767054118e-12
99.99999999999999,0.7900164713206694,6.458244376331171e-12
99.99999999999999,0.7979835286793311,4.226257937307494e-12
99.99999999999999,0.7859835286793313,2.7651672517919964e-12
99.99999999999999,0.7739835286793316,1.8094333848214032e-12
99.99999999999999,0.7619835286793318,1.1840777358890775e-12
99.99999999999999,0.7499835286793322,7.748667706684954e-13
99.99999999999999,0.7379835286793324,5.070855566766108e-13
99.99999999999999,0.7259835286793326,3.31851102145646e-13
99.99999999999999,0.7139835286793329,2.171792149244054e-13
99.99999999999999,0.7019835286793331,1.4213720886249183e-13
99.99999999999999,0.6899835286793334,9.302843880695376e-14
99.99999999999999,0.6779835286793336,6.08898320874251e-14
99.99999999999999,0.6659835286793339,3.9856046685389825e-14
99.99999999999999,0.6539835286793342,2.609044766319799e-14
99.99999999999999,0.6419835286793344,1.7080534476581222e-14
99.99999999999999,0.6299835286793347,1.1183603255082854e-14
99.99999999999999,0.6179835286793349,7.32295820051824e-15
99.99999999999999,0.6059835286793351,4.7965925298330664e-15
99.99999999999999,0.5939835286793355,3.1419308948074272e-15
99.99999999999999,0.5819835286793357,2.0590892062042426e-15
99.99999999999999,0.569983528679336,1.349718595212091e-15
99.99999999999999,0.5579835286793362,8.839726630115149e-16
99.99999999999999,0.5459835286793364,5.812558207490171e-16
99.99999999999999,0.5339835286793366,3.8024519636821534e-16
99.99999999999999,0.521983528679337,2.5051004626758577e-16
99.99999999999999,0.5099835286793373,1.6472971909946404e-16
99.99999999999999,0.4979835286793375,1.0876852319891312e-16
99.99999999999999,0.4859835286793377,7.082024688772751e-17
99.99999999999999,0.47398352867933796,4.6559224600044264e-17
99.99999999999999,0.46198352867933823,3.109347930746502e-17
99.99999999999999,0.4499835286793385,2.0433392237901416e-17
99.99999999999999,0.43798352867933876,1.3907704921196923e-17
99.99999999999999,0.425983528679339,8.896656105997266e-18
99.99999999999999,0.41398352867933924,6.510216120040801e-18
99.99999999999999,0.4019835286793395,4.17158765518008e-18
99.99999999999999,0.3899835286793405,2.4078158248865003e-18
99.99999999999999,0.37798352867934004,1.5558590191785686e-18
99.99999999999999,0.3659835286793396,1.5688547001588277e-18
99.99999999999999,0.3539835286793405,9.60270526836674e-19
99.99999999999999,0.3419835286793415,8.783334846834476e-19
99.99999999999999,0.32998352867934105,1.2737035107216877e-19
99.99999999999999,0.3179835286793406,2.5203209645878447e-19
99.99999999999999,0.30598352867934153,4.003134460544626e-19
99.99999999999999,0.2939835286793425,1.1355501896376596e-19
99.99999999999999,0.28198352867934207,2.517121761685186e-19
99.99999999999999,0.2699835286793416,3.1615602069138783e-19
99.99999999999999,0.2579835286793426,1.0520652423266775e-19
99.99999999999999,0.2459835286793436,-1.4187898588802628e-19
99.99999999999999,0.23398352867934313,1.7227500602078616e-19
99.99999999999999,0.22198352867934268,4.749166169628297e-20
99.99999999999999,0.20998352867934356,7.574469083254183e-20
99.99999999999999,0.19798352867934454,1.1967314439297076e-19
99.99999999999999,0.1859835286793441,-2.2221399095771723e-19
99.99999999999999,0.17398352867934364,2.584775708564836e-19
99.99999999999999,0.16198352867934462,1.9179958180180162e-19
99.99999999999999,0.1499835286793456,-1.326301292665558e-19
99.99999999999999,0.13798352867934516,5.965045945053989e-21
99.99999999999999,0.1259835286793447,-2.032305822074855e-19
99.99999999999999,0.11398352867934558,-5.953217906153315e-20
99.99999999999999,0.10198352867934657,1.3977176823955174e-19
99.99999999999999,0.08998352867934611,-2.2358927068286843e-19
99.99999999999999,0.07798352867934566,1.1531732064645994e-19
99.99999999999999,0.06598352867934665,-1.2177521676841e-19
99.99999999999999,0.05398352867934764,-1.7354074318746985e-19
99.99999999999999,0.04198352867934718,2.1674158207174125e-19
99.99999999999999,0.03148764650950964,-4.318568316286917e-19
99.99999999999999,0.020991764339673535,2.0951405661807917e-19
99.99999999999999,0.010495882169837545,1.8400756813898277e-19
99.99999999999999,0.0,-5.559450769669883e-20
199.99999999999997,-0.0012000000000000899,2.3381829268394275e-18
199.99999999999997,-0.0025199999999998557,-2.8767824359331485e-18
199.99999999999997,-0.003972000000000309,7.130944111979145e-19
199.99999999999997,-0.005569200000000052,7.327234147097646e-21
199.99999999999997,-0.0073261199999997695,9.465851965972696e-19
199.99999999999997,-0.009258731999999936,1.6779674304327676e-18
199.99999999999997,-0.011384605199999953,-3.2612799824759564e-18
199.99999999999997,-0.013723065720000038,1.3697769013080753e-18
199.99999999999997,-0.016295372292000065,1.1505316415555183e-18
199.99999999999997,-0.01912490952120005,-8.592212614349179e-19
199.99999999999997,-0.022237400473320124,-1.5493897973668607e-18
199.99999999999997,-0.025661140520652048,-6.486844828535146e-19
199.99999999999997,-0.02942725457271711,6.116852811377133e-19
199.99999999999997,-0.0335699800299889,3.520109623967826e-19
199.99999999999997,-0.038126978032988035,-3.340201651067277e-20
199.99999999999997,-0.04313967583628653,-1.0817626622519346e-18
199.99999999999997,-0.04865364341991518,7.570287102756378e-19
199.99999999999997,-0.05471900776190708,-3.203882969942462e-19
199.99999999999997,-0.06139090853809748,5.668734237761468e-19
199.99999999999997,-0.06872999939190727,-3.3718283352629527e-21
199.99999999999997,-0.07680299933109824,6.257874089383796e-19
199.99999999999997,-0.08568329926420759,-3.438481846213964e-19
199.99999999999997,-0.09545162919062877,-1.7912668297965076e-19
199.99999999999997,-0.10619679210969157,-3.882490290481905e-19
199.99999999999997,-0.11801647132066084,-1.102518450113113e-18
199.99999999999997,-0.13001647132066052,-1.703164715403305e-18
199.99999999999997,-0.14201647132066064,-4.203271881186625e-18
199.99999999999997,-0.15401647132066076,-7.869638296369648e-18
199.99999999999997,-0.16601647132066044,-1.667283919462043e-17
199.99999999999997,-0.17801647132066056,-3.470709291271426e-17
199.99999999999997,-0.19001647132066068,-7.122987613984371e-17
199.99999999999997,-0.2020164713206607,-1.4860759659282626e-16
199.99999999999997,-0.21401647132066093,-3.0576493680770456e-16
199.99999999999997,-0.22601647132066072,-6.337274623360792e-16
199.99999999999997,-0.23801647132066073,-1.3158784938669024e-15
199.99999999999997,-0.25001647132066074,-2.7295469137734902e-15
199.99999999999997,-0.2620164713206605,-5.670291415097023e-15
199.99999999999997,-0.27401647132066076,-1.1783376650833426e-14
199.99999999999997,-0.28601647132066077,-2.4507370235944956e-14
199.99999999999997,-0.2980164713206608,-5.1003413812097385e-14
199.99999999999997,-0.310016471320661,-1.0621098534481471e-13
199.99999999999997,-0.3220164713206608,-2.2131236262480395e-13
199.99999999999997,-0.3340164713206608,-4.61414848254482e-13
199.99999999999997,-0.3460164713206608,-9.625396008401304e-13
199.99999999999997,-0.3580164713206606,-2.0089866440733575e-12
199.99999999999997,-0.37001647132066084,-4.195234346567165e-12
199.99999999999997,-0.38201647132066086,-8.76489307118546e-12
199.99999999999997,-0.39401647132066087,-1.8320558903508174e-11
199.99999999999997,-0.4060164713206611,-3.831097221578207e-11
199.99999999999997,-0.4180164713206609,-8.014763483202907e-11
199.99999999999997,-0.43001647132066134,-1.6773824125609428e-10
199.99999999999997,-0.44201647132066113,-3.5118656447366767e-10
199.99999999999997,-0.4540164713206607,-7.35526581500178e-10
199.99999999999997,-0.46601647132066115,-1.5410015120076516e-9
199.99999999999997,-0.47801647132066094,-3.2295371583121716e-9
199.99999999999997,-0.49001647132066073,-6.770119227682226e-9
199.99999999999997,-0.5020164713206612,-1.4195612948446854e-8
199.99999999999997,-0.514016471320661,-2.977087053384768e-8
199.99999999999997,-0.5260164713206608,-6.24421662274524e-8
199.99999999999997,-0.5380164713206612,-1.3096944541862315e-7
199.99999999999997,-0.5500164713206608,-2.7466545014539455e-7
199.99999999999997,-0.5620164713206606,-5.758180754241603e-7
199.99999999999997,-0.574016471320661,-1.2063430468172761e-6
199.99999999999997,-0.5860164713206615,-2.524317232888947e-6
199.99999999999997,-0.5980164713206613,-5.272006726901895e-6
199.99999999999997,-0.6100164713206611,-1.097666847942703e-5
199.99999999999997,-0.6220164713206615,-2.2744966506306382e-5
199.99999999999997,-0.6340164713206613,-4.678731074652233e-5
199.99999999999997,-0.6460164713206609,-9.519939112918105e-5
199.99999999999997,-0.6580164713206613,-0.00019065620228800605
199.99999999999997,-0.6700164713206611,-0.00037341624266898317
199.99999999999997,-0.6820164713206609,-0.000709863177700043
199.99999999999997,-0.6940164713206614,-0.0012996476355181487
199.99999999999997,-0.7060164713206611,-0.0022772087754283246
199.99999999999997,-0.7180164713206609,-0.003806869574808433
199.99999999999997,-0.7300164713206614,-0.006078986162371437
199.99999999999997,-0.742016471320661,-0.009319198601120912
199.99999999999997,-0.7540164713206607,-0.013816460607896104
199.99999999999997,-0.7660164713206612,-0.019965784898070525
199.99999999999997,-0.7780164713206617,-0.02832012818039791
199.99999999999997,-0.7900164713206614,-0.0396517528917662
199.99999999999997,-0.8020164713206612,-0.05502922122036411
199.99999999999997,-0.814016471320661,-0.07591886421851428
199.99999999999997,-0.8260164713206606,-0.10432047005915122
199.99999999999997,-0.838016471320661,-0.1429475196687883
199.99999999999997,-0.8500164713206608,-0.19546260416966485
199.99999999999997,-0.8620164713206606,-0.2667775262759233
199.99999999999997,-0.8740164713206611,-0.3634228327119952
199.99999999999997,-0.8860164713206609,-0.49397974133781253
199.99999999999997,-0.8980164713206606,-0.6695438568347967
199.99999999999997,-0.9100164713206602,-0.9041493399905411
199.99999999999997,-0.92201647132066,-1.2150211767789099
199.99999999999997,-0.9340164713206605,-1.622447279233458
199.99999999999997,-0.9460164713206602,-2.148994356337601
199.99999999999997,-0.95801647132066,-2.817777776612216
199.99999999999997,-0.9700164713206605,-3.649591619129173
199.99999999999997,-0.9820164713206603,-4.658931849543891
199.99999999999997,-0.9940164713206598,-5.849234972958666
199.99999999999997,-1.0060164713206596,-7.207854691042724
199.99999999999997,-1.0180164713206594,-8.70129796151459
199.99999999999997,-1.0300164713206599,-10.271143018544914
199.99999999999997,-1.0420164713206597,-11.83124357890211
199.99999999999997,-1.0540164713206595,-13.267800363011203
199.99999999999997,-1.06601647132066,-14.445980209875183
199.99999999999997,-1.0780164713206595,-15.229297924612423
199.99999999999997,-1.0900164713206593,-15.517208017311303
199.99999999999997,-1.102016471320659,-15.294130083142733
199.99999999999997,-1.1140164713206588,-14.657612472947017
199.99999999999997,-1.1260164713206593,-13.785916677315655
199.99999999999997,-1.138016471320659,-12.856722418510868
199.99999999999997,-1.1500164713206587,-11.984999131602827
199.99999999999997,-1.162016471320659,-11.217787474012164
199.99999999999997,-1.174016471320659,-10.560536536848879
199.99999999999997,-1.1860164713206587,-10.001660537471594
199.99999999999997,-1.1980164713206585,-9.525615653715448
199.99999999999997,-1.1899835286793419,-8.999477251192776
199.99999999999997,-1.1779835286793414,-8.56650795299659
199.99999999999997,-1.1659835286793416,-8.193257234702225
199.99999999999997,-1.1539835286793418,-7.848460428942679
199.99999999999997,-1.1419835286793414,-7.515769225686512
199.99999999999997,-1.1299835286793416,-7.182558905002613
199.99999999999997,-1.117983528679342,-6.8379961597710865
199.99999999999997,-1.1059835286793422,-6.4728308017831075
199.99999999999997,-1.0939835286793425,-6.079933541656668
199.99999999999997,-1.081983528679342,-5.655203233936197
199.99999999999997,-1.0699835286793422,-5.198493351369276
199.99999999999997,-1.0579835286793424,-4.71417746385023
199.99999999999997,-1.045983528679342,-4.2110384462154515
199.99999999999997,-1.0339835286793422,-3.701356957729802
199.99999999999997,-1.0219835286793426,-3.199328354357537
199.99999999999997,-1.0099835286793428,-2.7191490936123075
199.99999999999997,-0.997983528679343,-2.2732032657289323
199.99999999999997,-0.9859835286793426,-1.8707251326234553
199.99999999999997,-0.9739835286793429,-1.517149239251091
199.99999999999997,-0.9619835286793431,-1.2141558468302254
199.99999999999997,-0.9499835286793427,-0.9602511806766185
199.99999999999997,-0.937983528679343,-0.7516383128441799
199.99999999999997,-0.9259835286793432,-0.5831413613190993
199.99999999999997,-0.9139835286793434,-0.4490130308978418
199.99999999999997,-0.9019835286793436,-0.3435410414690904
199.99999999999997,-0.8899835286793432,-0.26144034889185297
199.99999999999997,-0.8779835286793435,-0.19806166514539925
199.99999999999997,-0.8659835286793438,-0.1494641930384989
199.99999999999997,-0.8539835286793434,-0.11240025734242542
199.99999999999997,-0.8419835286793436,-0.0842506195893218
199.99999999999997,-0.8299835286793438,-0.06293809396026455
199.99999999999997,-0.817983528679344,-0.04683705764426662
199.99999999999997,-0.8059835286793443,-0.03468882424716944
199.99999999999997,-0.7939835286793439,-0.025527661971390697
199.99999999999997,-0.7819835286793434,-0.01861900611720652
199.99999999999997,-0.7699835286793437,-0.01340951285680819
199.99999999999997,-0.7579835286793439,-0.009487427352421661
199.99999999999997,-0.7459835286793435,-0.006550835002990187
199.99999999999997,-0.733983528679343,-0.004380686014876506
199.99999999999997,-0.7219835286793432,-0.0028158146397366224
199.99999999999997,-0.7099835286793434,-0.0017297574793206276
199.99999999999997,-0.6979835286793431,-0.0010132426062375792
199.99999999999997,-0.6859835286793426,-0.0005671113080473126
199.99999999999997,-0.6739835286793429,-0.0003049851937549238
199.99999999999997,-0.6619835286793431,-0.00015877289935884285
199.99999999999997,-0.6499835286793426,-8.06109360979507e-5
199.99999999999997,-0.6379835286793422,-4.015649091035429e-5
199.99999999999997,-0.6259835286793425,-1.9697359503586542e-5
199.99999999999997,-0.6139835286793427,-9.509167862322851e-6
199.99999999999997,-0.6019835286793422,-4.480065663396674e-6
199.99999999999997,-0.5899835286793418,-2.0017859576708004e-6
199.99999999999997,-0.577983528679342,-7.696838645135583e-7
199.99999999999997,-0.5659835286793423,-1.3943557040466338e-7
199.99999999999997,-0.5539835286793419,2.0488742537183577e-7
199.99999999999997,-0.5419835286793414,4.1791124675672355e-7
199.99999999999997,-0.5299835286793416,5.757551380086615e-7
199.99999999999997,-0.5179835286793419,7.166533970052487e-7
199.99999999999997,-0.5059835286793415,8.607760345420616e-7
199.99999999999997,-0.49398352867934103,1.0198868928193117e-6
199.99999999999997,-0.48198352867934124,1.202071372726286e-6
199.99999999999997,-0.46998352867934146,1.4140879555114056e-6
199.99999999999997,-0.457983528679341,1.6625857172178047e-6
199.99999999999997,-0.44598352867934055,1.954791299087893e-6
199.99999999999997,-0.43398352867934087,2.29896000622085e-6
199.99999999999997,-0.4219835286793411,2.7047371487357796e-6
199.99999999999997,-0.4099835286793406,3.1835046871811755e-6
199.99999999999997,-0.39798352867934017,3.7487554908105865e-6
199.99999999999997,-0.3859835286793405,4.416522213923286e-6
199.99999999999997,-0.3739835286793407,5.205883021118992e-6
199.99999999999997,-0.36198352867934025,6.139564978663954e-6
199.99999999999997,-0.3499835286793398,7.24466819483e-6
199.99999999999997,-0.33798352867934,8.553537444283743e-6
199.99999999999997,-0.32598352867934033,1.0104813286264665e-5
199.99999999999997,-0.3139835286793399,1.1944701478968518e-5
199.99999999999997,-0.3019835286793394,1.4128508101187595e-5
199.99999999999997,-0.28998352867933963,1.6722498286997496e-5
199.99999999999997,-0.27798352867933995,1.980614959512633e-5
199.99999999999997,-0.2659835286793395,2.3474887321810455e-5
199.99999999999997,-0.25398352867933904,2.784340892560882e-5
199.99999999999997,-0.24198352867933925,3.304972969016286e-5
199.99999999999997,-0.22998352867933947,3.926011237672411e-5
199.99999999999997,-0.217983528679339,4.667508165303356e-5
199.99999999999997,-0.20598352867933856,5.553677150977938e-5
199.99999999999997,-0.19398352867933877,6.613791221829613e-5
199.99999999999997,-0.1819835286793392,7.883283650294664e-5
199.99999999999997,-0.16998352867933875,9.405097474670445e-5
199.99999999999997,-0.1579835286793383,0.00011231342138782063
199.99999999999997,-0.1459835286793385,0.00013425329394629748
199.99999999999997,-0.13398352867933871,0.00016064077861567484
199.99999999999997,-0.12198352867933826,0.00019241397024214008
199.99999999999997,-0.1099835286793378,0.0002307168784942828
199.99999999999997,-0.09798352867933802,0.0002769462976879162
199.99999999999997,-0.08598352867933823,0.00033280963775765055
199.99999999999997,-0.07398352867933777,0.00040039630343649226
199.99999999999997,-0.06198352867933732,0.00048226580477194066
199.99999999999997,-0.04998352867933775,0.0005815565031210429
199.99999999999997,-0.03798352867933796,0.0007021197618509961
199.99999999999997,-0.02598352867933751,0.00084868529858256
199.99999999999997,-0.013983528679337054,0.0010270647403335792
199.99999999999997,-0.0019835286793372653,0.001244401771347937
199.99999999999997,0.010016471320662523,0.0015094788275806354
199.99999999999997,0.022016471320662978,0.0018330919985288293
199.99999999999997,0.03401647132066343,0.0022285075720830196
199.99999999999997,0.04601647132066322,0.002712015361972308
199.99999999999997,0.05801647132066301,0.0033035953503173527
199.99999999999997,0.07001647132066346,0.004027714866037139
199.99999999999997,0.08201647132066392,0.004914272877421639
199.99999999999997,0.09401647132066349,0.00599970503140564
199.99999999999997,0.10601647132066327,0.007328256339441525
199.99999999999997,0.11801647132066373,0.008953415668710088
199.99999999999997,0.13001647132066418,0.01093948418574714
199.99999999999997,0.14201647132066397,0.013363213945674315
199.99999999999997,0.15401647132066376,0.016315396449242504
199.99999999999997,0.16601647132066422,0.01990219563903895
199.99999999999997,0.17801647132066467,0.024245894942083606
199.99999999999997,0.19001647132066446,0.029484552192268212
199.99999999999997,0.20201647132066403,0.03576982048335433
199.99999999999997,0.21401647132066448,0.04326189736885545
199.99999999999997,0.22601647132066494,0.05212023204110516
199.99999999999997,0.23801647132066472,0.06248831798376597
199.99999999999997,0.2500164713206645,0.07447077345049671
199.99999999999997,0.26201647132066497,0.08810122919019964
199.99999999999997,0.2740164713206654,0.10330071449015932
199.99999999999997,0.2860164713206652,0.11982878683930612
199.99999999999997,0.298016471320665,0.13723404989790985
199.99999999999997,0.31001647132066545,0.15481689699665113
199.99999999999997,0.3220164713206659,0.17162396443825734
199.99999999999997,0.3340164713206655,0.18649740646602594
199.99999999999997,0.34601647132066526,0.1981970623229738
199.99999999999997,0.3580164713206657,0.20559436074518214
199.99999999999997,0.3700164713206662,0.20790365559749002
199.99999999999997,0.38201647132066596,0.20488209200322244
199.99999999999997,0.39401647132066575,0.1969171635561052
199.99999999999997,0.4060164713206662,0.1849522687006677
199.99999999999997,0.41801647132066666,0.17026836611536172
199.99999999999997,0.43001647132066645,0.15420499740029175
199.99999999999997,0.442016471320666,0.13792267477508544
199.99999999999997,0.45401647132066647,0.12227185818644387
199.99999999999997,0.4660164713206669,0.10777369091391478
199.99999999999997,0.4780164713206667,0.09467496094050176
199.99999999999997,0.4900164713206665,0.08303052563245583
199.99999999999997,0.502016471320667,0.07278025096177204
199.99999999999997,0.5140164713206674,0.06380634603281297
199.99999999999997,0.5260164713206672,0.055970061024154506
199.99999999999997,0.538016471320667,0.04913237956098438
199.99999999999997,0.5500164713206674,0.043164185970608386
199.99999999999997,0.5620164713206679,0.037950256270332924
199.99999999999997,0.5740164713206675,0.03338995954371032
199.99999999999997,0.5860164713206673,0.02939638934380023
199.99999999999997,0.5980164713206677,0.02589487133065754
199.99999999999997,0.6100164713206682,0.022821330845531323
199.99999999999997,0.622016471320668,0.02012074585065428
199.99999999999997,0.6340164713206677,0.01774577424898484
199.99999999999997,0.6460164713206682,0.015655576674105758
199.99999999999997,0.6580164713206686,0.013814824740131208
199.99999999999997,0.6700164713206684,0.01219287263125575
199.99999999999997,0.682016471320668,0.010763067102993233
199.99999999999997,0.6940164713206685,0.00950217236079917
199.99999999999997,0.7060164713206689,0.008389889280591365
199.99999999999997,0.7180164713206687,0.007408451780346365
199.99999999999997,0.7300164713206685,0.00654228628156236
199.99999999999997,0.742016471320669,0.00577772290287803
199.99999999999997,0.7540164713206694,0.005102730387272266
199.99999999999997,0.7660164713206692,0.004506769235255488
199.99999999999997,0.778016471320669,0.003980541926869668
199.99999999999997,0.7900164713206694,0.003515848972326581
199.99999999999997,0.7979835286793311,0.0031053520683971643
199.99999999999997,0.7859835286793313,0.002742369068088943
199.99999999999997,0.7739835286793316,0.0024220881077548204
199.99999999999997,0.7619835286793318,0.0021392694546681994
199.99999999999997,0.7499835286793322,0.001889485713897454
199.99999999999997,0.7379835286793324,0.0016688505828937263
199.99999999999997,0.7259835286793326,0.001473956229029198
199.99999999999997,0.7139835286793329,0.0013017925748995784
199.99999999999997,0.7019835286793331,0.0011496998685606517
199.99999999999997,0.6899835286793334,0.0010153314373607
199.99999999999997,0.6779835286793336,0.0008966154219216002
199.99999999999997,0.6659835286793339,0.0007917221632486486
199.99999999999997,0.6539835286793342,0.0006990356478307598
199.99999999999997,0.6419835286793344,0.0006171284011688309
199.99999999999997,0.6299835286793347,0.0005447393768800669
199.99999999999997,0.6179835286793349,0.0004807544676889161
199.99999999999997,0.6059835286793351,0.00042418932031763494
199.99999999999997,0.5939835286793355,0.0003741741802586905
199.99999999999997,0.5819835286793357,0.00032994052898007597
199.99999999999997,0.569983528679336,0.0002908093073291089
199.99999999999997,0.5579835286793362,0.00025618054595512486
199.99999999999997,0.5459835286793364,0.00022552424714111625
199.99999999999997,0.5339835286793366,0.00019837238282833104
199.99999999999997,0.521983528679337,0.00017431189076724907
199.99999999999997,0.5099835286793373,0.00015297856426197356
199.99999999999997,0.4979835286793375,0.00013405173999717768
199.99999999999997,0.4859835286793377,0.0001172496919426279
199.99999999999997,0.47398352867933796,0.0001023256361975001
199.99999999999997,0.46198352867933823,8.906424157801303e-5
199.99999999999997,0.4499835286793385,7.727852537904017e-5
199.99999999999997,0.43798352867933876,6.680699776898584e-5
199.99999999999997,0.425983528679339,5.7510910489445716e-5
199.99999999999997,0.41398352867933924,4.9271477487331964e-5
199.99999999999997,0.4019835286793395,4.1986977283914805e-5
199.99999999999997,0.3899835286793405,3.556972194275477e-5
199.99999999999997,0.37798352867934004,2.9942974014660687e-5
199.99999999999997,0.3659835286793396,2.5037984425804756e-5
199.99999999999997,0.3539835286793405,2.079137781914153e-5
199.99999999999997,0.3419835286793415,1.71431027151501e-5
199.99999999999997,0.32998352867934105,1.4035089636823563e-5
199.99999999999997,0.3179835286793406,1.141064403368442e-5
199.99999999999997,0.30598352867934153,9.214480469064481e-6
199.99999999999997,0.2939835286793425,7.393216029194019e-6
199.99999999999997,0.28198352867934207,5.896103935677389e-6
199.99999999999997,0.2699835286793416,4.675802350241804e-6
199.99999999999997,0.2579835286793426,3.6890227887646554e-6
199.99999999999997,0.2459835286793436,2.8969664854501707e-6
199.99999999999997,0.23398352867934313,2.265517436114912e-6
199.99999999999997,0.22198352867934268,1.7652067560292125e-6
199.99999999999997,0.20998352867934356,1.3709908602568843e-6
199.99999999999997,0.19798352867934454,1.0618975066475728e-6
199.99999999999997,0.1859835286793441,8.205932800916697e-7
199.99999999999997,0.17398352867934364,6.329184700753573e-7
199.99999999999997,0.16198352867934462,4.874245617470566e-7
199.99999999999997,0.1499835286793456,3.7493855730145405e-7
199.99999999999997,0.13798352867934516,2.881686858232996e-7
199.99999999999997,0.1259835286793447,2.213584476670109e-7
199.99999999999997,0.11398352867934558,1.6999045131382232e-7
199.99999999999997,0.10198352867934657,1.305378950293036e-7
199.99999999999997,0.08998352867934611,1.0025943660477634e-7
199.99999999999997,0.07798352867934566,7.703218457028464e-8
199.99999999999997,0.06598352867934665,5.921728534060264e-8
199.99999999999997,0.05398352867934764,4.555279334404329e-8
199.99999999999997,0.04198352867934718,3.506898727559983e-8
199.99999999999997,0.03148764650950964,2.791664085146317e-8
199.99999999999997,0.020991764339673535,2.22391796551531e-8
199.99999999999997,0.010495882169837545,1.7730048628936442e-8
199.99999999999997,0.0,1.414661028329017e-8
399.99999999999994,-0.0012000000000000899,6.4188149418244916e-18
399.99999999999994,-0.0025199999999998557,2.8197374940350404e-19
399.99999999999994,-0.003972000000000309,1.242386188350664e-17
399.99999999999994,-0.005569200000000052,-1.6863243524512988e-17
399.99999999999994,-0.0073261199999997695,-1.7297007456159024e-18
399.99999999999994,-0.009258731999999936,1.3579995479136093e-17
399.99999999999994,-0.011384605199999953,-2.391528143416532e-18
399.99999999999994,-0.013723065720000038,-7.217466657995913e-18
399.99999999999994,-0.016295372292000065,8.390532281595448e-18
399.99999999999994,-0.01912490952120005,-8.302205419240431e-18
399.99999999999994,-0.022237400473320124,4.6984034538792774e-18
399.99999999999994,-0.025661140520652048,8.697766825079261e-19
399.99999999999994,-0.02942725457271711,-2.9333317266773238e-18
399.99999999999994,-0.0335699800299889,3.9346478927953355e-18
399.99999999999994,-0.038126978032988035,-1.832907737589006e-18
399.99999999999994,-0.04313967583628653,9.702949800887612e-20
399.99999999999994,-0.04865364341991518,2.8248632820126913e-19
399.99999999999994,-0.05471900776190708,-1.0623394696614965e-18
399.99999999999994,-0.06139090853809748,1.3253140700416371e-18
399.99999999999994,-0.06872999939190727,-3.443435922121088e-19
399.99999999999994,-0.07680299933109824,-6.851689137025654e-19
399.99999999999994,-0.08568329926420759,9.360297755242611e-19
399.99999999999994,-0.09545162919062877,-2.630244212369156e-18
399.99999999999994,-0.10619679210969157,5.521925288725157e-19
399.99999999999994,-0.11801647132066084,-5.730073199238858e-19
399.99999999999994,-0.13001647132066052,-2.358225622481477e-18
399.99999999999994,-0.14201647132066064,-3.0832262563738796e-18
399.99999999999994,-0.15401647132066076,-8.02027283202121e-18
399.99999999999994,-0.16601647132066044,-1.7463498383707667e-17
399.99999999999994,-0.17801647132066056,-3.554389223118664e-17
399.99999999999994,-0.19001647132066068,-6.98014714401576e-17
399.99999999999994,-0.2020164713206607,-1.4761668797446096e-16
399.99999999999994,-0.21401647132066093,-3.065963385520905e-16
399.99999999999994,-0.22601647132066072,-6.346256347757707e-16
399.99999999999994,-0.23801647132066073,-1.314470974013139e-15
399.99999999999994,-0.25001647132066074,-2.7311219700499267e-15
399.99999999999994,-0.2620164713206605,-5.668405511321179e-15
399.99999999999994,-0.27401647132066076,-1.1782910988248804e-14
399.99999999999994,-0.28601647132066077,-2.4505270317825313e-14
399.99999999999994,-0.2980164713206608,-5.0999068073451364e-14
399.99999999999994,-0.310016471320661,-1.062029725928496e-13
399.99999999999994,-0.3220164713206608,-2.2129339644493957e-13
399.99999999999994,-0.3340164713206608,-4.613750464789288e-13
399.99999999999994,-0.3460164713206608,-9.624602489723073e-13
399.99999999999994,-0.3580164713206606,-2.008819569279284e-12
399.99999999999994,-0.37001647132066084,-4.194890653555591e-12
399.99999999999994,-0.38201647132066086,-8.76417778306777e-12
399.99999999999994,-0.39401647132066087,-1.831907790965372e-11
399.99999999999994,-0.4060164713206611,-3.830789284309728e-11
399.99999999999994,-0.4180164713206609,-8.014123311970955e-11
399.99999999999994,-0.43001647132066134,-1.6772493275175378e-10
399.99999999999994,-0.44201647132066113,-3.5115887902022827e-10
399.99999999999994,-0.4540164713206607,-7.354689617085291e-10
399.99999999999994,-0.46601647132066115,-1.5408815445367651e-9
399.99999999999994,-0.47801647132066094,-3.2292872760613303e-9
399.99999999999994,-0.49001647132066073,-6.7695985547278565e-9
399.99999999999994,-0.5020164713206612,-1.419452768396902e-8
399.99999999999994,-0.514016471320661,-2.9768607862820107e-8
399.99999999999994,-0.5260164713206608,-6.243744787247108e-8
399.99999999999994,-0.5380164713206612,-1.309596053357546e-7
399.99999999999994,-0.5500164713206608,-2.7464492964801156e-7
399.99999999999994,-0.5620164713206606,-5.757752908921688e-7
399.99999999999994,-0.574016471320661,-1.2062538764723343e-6
399.99999999999994,-0.5860164713206615,-2.5241314774380645e-6
399.99999999999994,-0.5980164713206613,-5.271619903395622e-6
399.99999999999994,-0.6100164713206611,-1.0975862557870128e-5
399.99999999999994,-0.6220164713206615,-2.2743282647643794e-5
399.99999999999994,-0.6340164713206613,-4.678376376341532e-5
399.99999999999994,-0.6460164713206609,-9.519178363525188e-5
399.99999999999994,-0.6580164713206613,-0.00019063935139283135
399.99999999999994,-0.6700164713206611,-0.00037337720778778577
399.99999999999994,-0.6820164713206609,-0.0007097687471274977
399.99999999999994,-0.6940164713206614,-0.0012994145267906864
399.99999999999994,-0.7060164713206611,-0.0022766421991934553
399.99999999999994,-0.7180164713206609,-0.0038055535677574154
399.99999999999994,-0.7300164713206614,-0.006076101609123368
399.99999999999994,-0.742016471320661,-0.009313210603105148
399.99999999999994,-0.7540164713206607,-0.01380454263176406
399.99999999999994,-0.7660164713206612,-0.0199427302537641
399.99999999999994,-0.7780164713206617,-0.028276305274029093
399.99999999999994,-0.7900164713206614,-0.03956929923085254
399.99999999999994,-0.8020164713206612,-0.054874994629666565
399.99999999999994,-0.814016471320661,-0.07563143525515927
399.99999999999994,-0.8260164713206606,-0.10378622905135836
399.99999999999994,-0.838016471320661,-0.14195708718187175
399.99999999999994,-0.8500164713206608,-0.19363208557246037
399.99999999999994,-0.8620164713206606,-0.2634082109311387
399.99999999999994,-0.8740164713206611,-0.35725597116126395
399.99999999999994,-0.8860164713206609,-0.48277909117865714
399.99999999999994,-0.8980164713206606,-0.6494101723860312
399.99999999999994,-0.9100164713206602,-0.8684485932906322
399.99999999999994,-0.92201647132066,-1.152817727266772
399.99999999999994,-0.9340164713206605,-1.5164184160442267
399.99999999999994,-0.9460164713206602,-1.9730136382141479
399.99999999999994,-0.95801647132066,-2.53470718512059
399.99999999999994,-0.9700164713206605,-3.210240588387211
399.99999999999994,-0.9820164713206603,-4.003438651683068
399.99999999999994,-0.9940164713206598,-4.9120964263079685
399.99999999999994,-1.0060164713206596,-5.927412463072688
399.99999999999994,-1.0180164713206594,-7.033830709258345
399.99999999999994,-1.0300164713206599,-8.208981573644438
399.99999999999994,-1.0420164713206597,-9.423374270371678
399.99999999999994,-1.0540164713206595,-10.639574046594248
399.99999999999994,-1.06601647132066,-11.810774964905345
399.99999999999994,-1.0780164713206595,-12.879006124880153
399.99999999999994,-1.0900164713206593,-13.773906789071388
399.99999999999994,-1.102016471320659,-14.414512234929948
399.99999999999994,-1.1140164713206588,-14.71914956045451
399.99999999999994,-1.1260164713206593,-14.630609834457303
399.99999999999994,-1.138016471320659,-14.15663273153594
399.99999999999994,-1.1500164713206587,-13.398199707908345
399.99999999999994,-1.162016471320659,-12.518272685198362
399.99999999999994,-1.174016471320659,-11.660330556744476
399.99999999999994,-1.1860164713206587,-10.897759831593657
399.99999999999994,-1.1980164713206585,-10.245639121306784
399.99999999999994,-1.1899835286793419,-9.509505630173965
399.99999999999994,-1.1779835286793414,-8.928041028339198
399.99999999999994,-1.1659835286793416,-8.441518408650177
399.99999999999994,-1.1539835286793418,-8.000857638974471
399.99999999999994,-1.1419835286793414,-7.583436495910724
399.99999999999994,-1.1299835286793416,-7.1744038989104375
399.99999999999994,-1.117983528679342,-6.7629119436779535
399.99999999999994,-1.1059835286793422,-6.341077551547052
399.99999999999994,-1.0939835286793425,-5.903842031908561
399.99999999999994,-1.081983528679342,-5.44913375537682
399.99999999999994,-1.0699835286793422,-4.978019734205464
399.99999999999994,-1.0579835286793424,-4.494648812899507
399.99999999999994,-1.045983528679342,-4.005883810862265
399.99999999999994,-1.0339835286793422,-3.5206105691110388
399.99999999999994,-1.0219835286793426,-3.0487892977726507
399.99999999999994,-1.0099835286793428,-2.6003702961688893
399.99999999999994,-0.997983528679343,-2.1842295302771895
399.99999999999994,-0.9859835286793426,-1.8072861458237126
399.99999999999994,-0.9739835286793429,-1.4739372131616926
399.99999999999994,-0.9619835286793431,-1.1858828257754939
399.99999999999994,-0.9499835286793427,-0.9423296616250989
399.99999999999994,-0.937983528679343,-0.7404807241697261
399.99999999999994,-0.9259835286793432,-0.57617202458375
399.99999999999994,-0.9139835286793434,-0.44451639166557744
399.99999999999994,-0.9019835286793436,-0.3404513255576512
399.99999999999994,-0.8899835286793432,-0.25913959191105645
399.99999999999994,-0.8779835286793435,-0.19621708303111945
399.99999999999994,-0.8659835286793438,-0.14791149062567463
399.99999999999994,-0.8539835286793434,-0.1110669998274903
399.99999999999994,-0.8419835286793436,-0.08310964430904673
399.99999999999994,-0.8299835286793438,-0.06198124975130788
399.99999999999994,-0.817983528679344,-0.046061591473030634
399.99999999999994,-0.8059835286793443,-0.03409099894260245
399.99999999999994,-0.7939835286793439,-0.025100070734022397
399.99999999999994,-0.7819835286793434,-0.01834942794948512
399.99999999999994,-0.7699835286793437,-0.013280146594194228
399.99999999999994,-0.7579835286793439,-0.0094741696322222
399.99999999999994,-0.7459835286793435,-0.0066231189965559175
399.99999999999994,-0.733983528679343,-0.004503162979589012
399.99999999999994,-0.7219835286793432,-0.0029530832339585734
399.99999999999994,-0.7099835286793434,-0.0018534301378198281
399.99999999999994,-0.6979835286793431,-0.0011076956143379463
399.99999999999994,-0.6859835286793426,-0.0006299360041871166
399.99999999999994,-0.6739835286793429,-0.0003422042269975885
399.99999999999994,-0.6619835286793431,-0.00017883792167408286
399.99999999999994,-0.6499835286793426,-9.064033344909056e-5
399.99999999999994,-0.6379835286793422,-4.4862014487496826e-5
399.99999999999994,-0.6259835286793425,-2.176698319597187e-5
399.99999999999994,-0.6139835286793427,-1.0330509119506994e-5
399.99999999999994,-0.6019835286793422,-4.71973917195559e-6
399.99999999999994,-0.5899835286793418,-1.9614209576592844e-6
399.99999999999994,-0.577983528679342,-5.765105762180723e-7
399.99999999999994,-0.5659835286793423,1.599960296595555e-7
399.99999999999994,-0.5539835286793419,6.012833100351551e-7
399.99999999999994,-0.5419835286793414,9.201550590478772e-7
399.99999999999994,-0.5299835286793416,1.2031119316433617e-6
399.99999999999994,-0.5179835286793419,1.49609169308964e-6
399.99999999999994,-0.5059835286793415,1.826644735031258e-6
399.99999999999994,-0.49398352867934103,2.2147529754508207e-6
399.99999999999994,-0.48198352867934124,2.6782481723525024e-6
399.99999999999994,-0.46998352867934146,3.235702580886667e-6
399.99999999999994,-0.457983528679341,3.9081882471170595e-6
399.99999999999994,-0.44598352867934055,4.720573777996161e-6
399.99999999999994,-0.43398352867934087,5.702710624504613e-6
399.99999999999994,-0.4219835286793411,6.890686139717847e-6
399.99999999999994,-0.4099835286793406,8.328271044673417e-6
399.99999999999994,-0.39798352867934017,1.0068636418797815e-5
399.99999999999994,-0.3859835286793405,1.2176443728975347e-5
399.99999999999994,-0.3739835286793407,1.473039168589271e-5
399.99999999999994,-0.36198352867934025,1.7826331179976003e-5
399.99999999999994,-0.3499835286793398,2.1581092832613916e-5
399.99999999999994,-0.33798352867934,2.6137182993713936e-5
399.99999999999994,-0.32598352867934033,3.166855741984259e-5
399.99999999999994,-0.3139835286793399,3.8387731606584264e-5
399.99999999999994,-0.3019835286793394,4.655453741837757e-5
399.99999999999994,-0.28998352867933963,5.648692378209017e-5
399.99999999999994,-0.27798352867933995,6.85742964343692e-5
399.99999999999994,-0.2659835286793395,8.329400090941137e-5
399.99999999999994,-0.25398352867933904,0.00010123172244633574
399.99999999999994,-0.24198352867933925,0.00012310675495553838
399.99999999999994,-0.22998352867933947,0.00014980333718388306
399.99999999999994,-0.217983528679339,0.00018240956296494394
399.99999999999994,-0.20598352867933856,0.00022226573472346008
399.99999999999994,-0.19398352867933877,0.0002710245409844136
399.99999999999994,-0.1819835286793392,0.0003307260092192582
399.99999999999994,-0.16998352867933875,0.0004038909789602465
399.99999999999994,-0.1579835286793383,0.000493637783161432
399.99999999999994,-0.1459835286793385,0.000603828044448396
399.99999999999994,-0.13398352867933871,0.0007392490310300243
399.99999999999994,-0.12198352867933826,0.0009058419188426861
399.99999999999994,-0.1099835286793378,0.001110987745060077
399.99999999999994,-0.09798352867933802,0.001363865854918039
399.99999999999994,-0.08598352867933823,0.0016759034503532049
399.99999999999994,-0.07398352867933777,0.002061339566428223
399.99999999999994,-0.06198352867933732,0.0025379327003946413
399.99999999999994,-0.04998352867933775,0.0031278485638174835
399.99999999999994,-0.03798352867933796,0.0038587733822995096
399.99999999999994,-0.02598352867933751,0.0047653090143358785
399.99999999999994,-0.013983528679337054,0.005890719317702183
399.99999999999994,-0.0019835286793372653,0.007289112809355096
399.99999999999994,0.010016471320662523,0.009028165026771067
399.99999999999994,0.022016471320662978,0.01119250506869701
399.99999999999994,0.03401647132066343,0.013887914318704613
399.99999999999994,0.04601647132066322,0.017246510598348887
399.99999999999994,0.05801647132066301,0.021433116390419227
399.99999999999994,0.07001647132066346,0.026653032674354427
399.99999999999994,0.08201647132066392,0.03316145583516584
399.99999999999994,0.09401647132066349,0.04127477711068155
399.99999999999994,0.10601647132066327,0.05138398154664399
399.99999999999994,0.11801647132066373,0.06397030090135164
399.99999999999994,0.13001647132066418,0.07962315019780225
399.99999999999994,0.14201647132066397,0.09906015987805668
399.99999999999994,0.15401647132066376,0.1231487636782319
399.99999999999994,0.16601647132066422,0.15292826377479993
399.99999999999994,0.17801647132066467,0.1896305061845194
399.99999999999994,0.19001647132066446,0.23469619109131995
399.99999999999994,0.20201647132066403,0.289782348934149
399.99999999999994,0.21401647132066448,0.35675459107592844
399.99999999999994,0.22601647132066494,0.4376554053860237
399.99999999999994,0.23801647132066472,0.5346371241475171
399.99999999999994,0.2500164713206645,0.6498455204164993
399.99999999999994,0.26201647132066497,0.7852378174642176
399.99999999999994,0.2740164713206654,0.9423181349689767
399.99999999999994,0.2860164713206652,1.121775554223744
399.99999999999994,0.298016471320665,1.3230175443670873
399.99999999999994,0.31001647132066545,1.5436085016748287
399.99999999999994,0.3220164713206659,1.7786559131942057
399.99999999999994,0.3340164713206655,2.020243632514955
399.99999999999994,0.34601647132066526,2.2571001212093327
399.99999999999994,0.3580164713206657,2.474802662010011
399.99999999999994,0.3700164713206662,2.656907671179526
399.99999999999994,0.38201647132066596,2.7873329585133018
399.99999999999994,0.39401647132066575,2.8538992637988283
399.99999999999994,0.4060164713206662,2.852080921055055
399.99999999999994,0.41801647132066666,2.7871480808044553
399.99999999999994,0.43001647132066645,2.6730414251707724
399.99999999999994,0.442016471320666,2.5280950041706345
399.99999999999994,0.45401647132066647,2.369855559194461
399.99999999999994,0.4660164713206669,2.2115855028258227
399.99999999999994,0.4780164713206667,2.0613773396390074
399.99999999999994,0.4900164713206665,1.9230772547432222
399.99999999999994,0.502016471320667,1.7977658908136267
399.99999999999994,0.5140164713206674,1.6850212458111642
399.99999999999994,0.5260164713206672,1.5837478861028984
399.99999999999994,0.538016471320667,1.4926404616214939
399.99999999999994,0.5500164713206674,1.410411898701537
399.99999999999994,0.5620164713206679,1.335890391201442
399.99999999999994,0.5740164713206675,1.2680498779948775
399.99999999999994,0.5860164713206673,1.2060095643574205
399.99999999999994,0.5980164713206677,1.1490206612633502
399.99999999999994,0.6100164713206682,1.0964491290706502
399.99999999999994,0.622016471320668,1.04775841377121
399.99999999999994,0.6340164713206677,1.0024938012733324
399.99999999999994,0.6460164713206682,0.9602688936168559
399.99999999999994,0.6580164713206686,0.9207542064065927
399.99999999999994,0.6700164713206684,0.8836676821941793
399.99999999999994,0.682016471320668,0.848766851828314
399.99999999999994,0.6940164713206685,0.8158423767452835
399.99999999999994,0.7060164713206689,0.7847127319038361
399.99999999999994,0.7180164713206687,0.7552198235761484
399.99999999999994,0.7300164713206685,0.7272253704436795
399.99999999999994,0.742016471320669,0.7006079071343914
399.99999999999994,0.7540164713206694,0.6752584028049219
399.99999999999994,0.7660164713206692,0.6510833405075727
399.99999999999994,0.778016471320669,0.6280004114358073
399.99999999999994,0.7900164713206694,0.6059332874406613
399.99999999999994,0.7979835286793311,0.5847947881036679
399.99999999999994,0.7859835286793313,0.5644598532150151
399.99999999999994,0.7739835286793316,0.5450074258080687
399.99999999999994,0.7619835286793318,0.5263457645811077
399.99999999999994,0.7499835286793322,0.5084207832398218
399.99999999999994,0.7379835286793324,0.49118451536149127
399.99999999999994,0.7259835286793326,0.47459879817709577
399.99999999999994,0.7139835286793329,0.45862621652959146
399.99999999999994,0.7019835286793331,0.44323152615434547
399.99999999999994,0.6899835286793334,0.42838183678733466
399.99999999999994,0.6779835286793336,0.41404591968308174
399.99999999999994,0.6659835286793339,0.40019375788685424
399.99999999999994,0.6539835286793342,0.3867961398585235
399.99999999999994,0.6419835286793344,0.37382426357222776
399.99999999999994,0.6299835286793347,0.36124933568645595
399.99999999999994,0.6179835286793349,0.3490421558903416
399.99999999999994,0.6059835286793351,0.3371726800463703
399.99999999999994,0.5939835286793355,0.3256095594977017
399.99999999999994,0.5819835286793357,0.31431965913736776
399.99999999999994,0.569983528679336,0.30326756459416
399.99999999999994,0.5579835286793362,0.2924151004307584
399.99999999999994,0.5459835286793364,0.2817208979013758
399.99999999999994,0.5339835286793366,0.2711400739019848
399.99999999999994,0.521983528679337,0.2606241130011626
399.99999999999994,0.5099835286793373,0.25012108115679144
399.99999999999994,0.4979835286793375,0.23957633917315924
399.99999999999994,0.4859835286793377,0.22893395733507724
399.99999999999994,0.47398352867933796,0.2181390439631966
399.99999999999994,0.46198352867933823,0.20714116572652716
399.99999999999994,0.4499835286793385,0.19589892714607698
399.99999999999994,0.43798352867933876,0.18438556617400845
399.99999999999994,0.425983528679339,0.17259511039472428
399.99999999999994,0.41398352867933924,0.16054826859771984
399.99999999999994,0.4019835286793395,0.14829690985865482
399.99999999999994,0.3899835286793405,0.13592585767938406
399.99999999999994,0.37798352867934004,0.12355094121067141
399.99999999999994,0.3659835286793396,0.11131284637345276
399.99999999999994,0.3539835286793405,0.09936718570366379
399.99999999999994,0.3419835286793415,0.08787209824725356
399.99999999999994,0.32998352867934105,0.07697529520724339
399.99999999999994,0.3179835286793406,0.06680257480823258
399.99999999999994,0.30598352867934153,0.057449424706135815
399.99999999999994,0.2939835286793425,0.048976581925963956
399.99999999999994,0.28198352867934207,0.041409590017716165
399.99999999999994,0.2699835286793416,0.03474171594442078
399.99999999999994,0.2579835286793426,0.028939196328052214
399.99999999999994,0.2459835286793436,0.02394768751943984
399.99999999999994,0.23398352867934313,0.019698926666539003
399.99999999999994,0.22198352867934268,0.016116868998060672
399.99999999999994,0.20998352867934356,0.013122855845050452
399.99999999999994,0.19798352867934454,0.010639624066113011
399.99999999999994,0.1859835286793441,0.00859415901651069
399.99999999999994,0.17398352867934364,0.006919514302373345
399.99999999999994,0.16198352867934462,0.005555781997833141
399.99999999999994,0.1499835286793456,0.004450412817030596
399.99999999999994,0.13798352867934516,0.0035580732226305474
399.99999999999994,0.1259835286793447,0.0028401990412442154
399.99999999999994,0.11398352867934558,0.0022643724438248854
399.99999999999994,0.10198352867934657,0.0018036171349775016
399.99999999999994,0.08998352867934611,0.0014356784965167137
399.99999999999994,0.07798352867934566,0.0011423325261008665
399.99999999999994,0.06598352867934665,0.0009087497927015046
399.99999999999994,0.05398352867934764,0.0007229277589003967
399.99999999999994,0.04198352867934718,0.0005751958999919819
399.99999999999994,0.03148764650950964,0.00047108952930004466
399.99999999999994,0.020991764339673535,0.00038594399311570906
399.99999999999994,0.010495882169837545,0.0003163072465422077
399.99999999999994,0.0,0.00025934872835431616
600.0,-0.0012000000000000899,2.4940629009007636e-18
600.0,-0.0025199999999998557,4.181763604755384e-18
600.0,-0.003972000000000309,-9.852747879548808e-18
600.0,-0.005569200000000052,2.494180907281147e-18
600.0,-0.0073261199999997695,1.2290049102577028e-18
600.0,-0.009258731999999936,-1.1476764717019656e-18
600.0,-0.011384605199999953,3.509863406403377e-18
600.0,-0.013723065720000038,-5.0183450559269326e-18
600.0,-0.016295372292000065,4.819084767333141e-18
600.0,-0.01912490952120005,8.441114273434779e-18
600.0,-0.022237400473320124,-1.0890368726859064e-17
600.0,-0.025661140520652048,3.426297596103154e-19
600.0,-0.02942725457271711,-1.0510544549611632e-18
600.0,-0.0335699800299889,2.030643198640194e-18
600.0,-0.038126978032988035,-3.821655017744727e-18
600.0,-0.04313967583628653,3.489313125009585e-18
600.0,-0.04865364341991518,2.257671155762382e-18
600.0,-0.05471900776190708,-6.475431212454332e-18
600.0,-0.06139090853809748,4.2771620816574736e-18
600.0,-0.06872999939190727,-5.612852919149805e-18
600.0,-0.07680299933109824,2.1191438433531135e-18
600.0,-0.08568329926420759,-1.0342613798084376e-18
600.0,-0.09545162919062877,-1.4650291184961902e-19
600.0,-0.10619679210969157,1.5071667734771143e-19
600.0,-0.11801647132066084,-5.731263005571518e-19
600.0,-0.13001647132066052,-1.4990804745529982e-19
600.0,-0.14201647132066064,-3.2838167654970104e-18
600.0,-0.15401647132066076,-1.0685133954245421e-17
600.0,-0.16601647132066044,-1.7432009556294854e-17
600.0,-0.17801647132066056,-3.164311984180283e-17
600.0,-0.19001647132066068,-7.154890724168192e-17
600.0,-0.2020164713206607,-1.493319377488535e-16
600.0,-0.21401647132066093,-3.0544029251743884e-16
600.0,-0.22601647132066072,-6.353287108227971e-16
600.0,-0.23801647132066073,-1.315028812093902e-15
600.0,-0.25001647132066074,-2.7268307230725667e-15
600.0,-0.2620164713206605,-5.670671666027479e-15
600.0,-0.27401647132066076,-1.1781944108512193e-14
600.0,-0.28601647132066077,-2.4500352004914776e-14
600.0,-0.2980164713206608,-5.099563699215182e-14
600.0,-0.310016471320661,-1.0619120564545017e-13
600.0,-0.3220164713206608,-2.2127349727495346e-13
600.0,-0.3340164713206608,-4.613323866531432e-13
600.0,-0.3460164713206608,-9.623641782772962e-13
600.0,-0.3580164713206606,-2.0086247724569583e-12
600.0,-0.37001647132066084,-4.194483566296025e-12
600.0,-0.38201647132066086,-8.763323826269468e-12
600.0,-0.39401647132066087,-1.8317293903958666e-11
600.0,-0.4060164713206611,-3.8304166907674334e-11
600.0,-0.4180164713206609,-8.013345372825103e-11
600.0,-0.43001647132066134,-1.6770866602238521e-10
600.0,-0.44201647132066113,-3.511248745613205e-10
600.0,-0.4540164713206607,-7.353978710556721e-10
600.0,-0.46601647132066115,-1.5407328811540221e-9
600.0,-0.47801647132066094,-3.228976373043174e-9
600.0,-0.49001647132066073,-6.76894827921041e-9
600.0,-0.5020164713206612,-1.4193167551140667e-8
600.0,-0.514016471320661,-2.976576297269627e-8
600.0,-0.5260164713206608,-6.243149802434684e-8
600.0,-0.5380164713206612,-1.3094716445311562e-7
600.0,-0.5500164713206608,-2.746189262659803e-7
600.0,-0.5620164713206606,-5.757209728486575e-7
600.0,-0.574016471320661,-1.206140513814203e-6
600.0,-0.5860164713206615,-2.5238951739686985e-6
600.0,-0.5980164713206613,-5.271128044355549e-6
600.0,-0.6100164713206611,-1.0974840121219634e-5
600.0,-0.6220164713206615,-2.2741157713584537e-5
600.0,-0.6340164713206613,-4.6779333793931e-5
600.0,-0.6460164713206609,-9.518245333757973e-5
600.0,-0.6580164713206613,-0.00019061926215199125
600.0,-0.6700164713206611,-0.00037333239940504916
600.0,-0.6820164713206609,-0.0007096647456862385
600.0,-0.6940164713206614,-0.0012991670172991076
600.0,-0.7060164713206611,-0.002276056533452467
600.0,-0.7180164713206609,-0.003804216277327915
600.0,-0.7300164713206614,-0.006073199437165959
600.0,-0.742016471320661,-0.00930721895517861
600.0,-0.7540164713206607,-0.013792652664773974
600.0,-0.7660164713206612,-0.019919769328193563
600.0,-0.7780164713206617,-0.028232716473104033
600.0,-0.7900164713206614,-0.03948739764657501
600.0,-0.8020164713206612,-0.054722076563823975
600.0,-0.814016471320661,-0.0753471697914177
600.0,-0.8260164713206606,-0.1032597669872025
600.0,-0.838016471320661,-0.14098595949989176
600.0,-0.8500164713206608,-0.1918495431798375
600.0,-0.8620164713206606,-0.26015750331793425
600.0,-0.8740164713206611,-0.3513791063136322
600.0,-0.8860164713206609,-0.4722757521321759
600.0,-0.8980164713206606,-0.6309157820474598
600.0,-0.9100164713206602,-0.8364915386402147
600.0,-0.92201647132066,-1.098862286397935
600.0,-0.9340164713206605,-1.4277950591575272
600.0,-0.9460164713206602,-1.8319698157485496
600.0,-0.95801647132066,-2.317924460643441
600.0,-0.9700164713206605,-2.8891764459223643
600.0,-0.9820164713206603,-3.5457176614603583
600.0,-0.9940164713206598,-4.283946060187943
600.0,-1.0060164713206596,-5.096942739006079
600.0,-1.0180164713206594,-5.974905479722445
600.0,-1.0300164713206599,-6.905536783711182
600.0,-1.0420164713206597,-7.874229215975958
600.0,-1.0540164713206595,-8.863948286724257
600.0,-1.06601647132066,-9.854752861618927
600.0,-1.0780164713206595,-10.82290971451404
600.0,-1.0900164713206593,-11.739570077859144
600.0,-1.102016471320659,-12.569031265583012
600.0,-1.1140164713206588,-13.266827845546565
600.0,-1.1260164713206593,-13.778579966072265
600.0,-1.138016471320659,-14.04226232976577
600.0,-1.1500164713206587,-13.999816093781579
600.0,-1.162016471320659,-13.625848473708576
600.0,-1.174016471320659,-12.967838401726263
600.0,-1.1860164713206587,-12.15488946068075
600.0,-1.1980164713206585,-11.335117947326042
600.0,-1.1899835286793419,-10.269845664760183
600.0,-1.1779835286793414,-9.473706067449722
600.0,-1.1659835286793416,-8.8441785475172
600.0,-1.1539835286793418,-8.294846522843946
600.0,-1.1419835286793414,-7.789116898575813
600.0,-1.1299835286793416,-7.306096957199173
600.0,-1.117983528679342,-6.832494706018405
600.0,-1.1059835286793422,-6.359818921443985
600.0,-1.0939835286793425,-5.883226980598028
600.0,-1.081983528679342,-5.40095773156618
600.0,-1.0699835286793422,-4.913944282261894
600.0,-1.0579835286793424,-4.4254337784797135
600.0,-1.045983528679342,-3.940543303825587
600.0,-1.0339835286793422,-3.465730739129606
600.0,-1.0219835286793426,-3.008185741842041
600.0,-1.0099835286793428,-2.575164855007866
600.0,-0.997983528679343,-2.1733148684586534
600.0,-0.9859835286793426,-1.8080504493350316
600.0,-0.9739835286793429,-1.4830675579080066
600.0,-0.9619835286793431,-1.2000703345057178
600.0,-0.9499835286793427,-0.9587574004711682
600.0,-0.937983528679343,-0.75705910057772
600.0,-0.9259835286793432,-0.591560345256077
600.0,-0.9139835286793434,-0.45800856491921627
600.0,-0.9019835286793436,-0.3518055661567376
600.0,-0.8899835286793432,-0.26841025132598045
600.0,-0.8779835286793435,-0.20361898605792597
600.0,-0.8659835286793438,-0.15372509520226024
600.0,-0.8539835286793434,-0.1155799990558786
600.0,-0.8419835286793436,-0.08658580582996411
600.0,-0.8299835286793438,-0.06464718486216205
600.0,-0.817983528679344,-0.04810405592721449
600.0,-0.8059835286793443,-0.03565960726526552
600.0,-0.7939835286793439,-0.026312222091993822
600.0,-0.7819835286793434,-0.01929560626022713
600.0,-0.7699835286793437,-0.014028642088772773
600.0,-0.7579835286793439,-0.010074843038622492
600.0,-0.7459835286793435,-0.007110289112558884
600.0,-0.733983528679343,-0.004898185626481484
600.0,-0.7219835286793432,-0.003267592231300009
600.0,-0.7099835286793434,-0.0020939493397687105
600.0,-0.6979835286793431,-0.0012808549737068605
600.0,-0.6859835286793426,-0.00074585599471174
600.0,-0.6739835286793429,-0.0004142241852462421
600.0,-0.6619835286793431,-0.00022066178565746132
600.0,-0.6499835286793426,-0.00011362489266536298
600.0,-0.6379835286793422,-5.698219178559619e-5
600.0,-0.6259835286793425,-2.7982539190122154e-5
600.0,-0.6139835286793427,-1.3472552772729407e-5
600.0,-0.6019835286793422,-6.312245272254231e-6
600.0,-0.5899835286793418,-2.793549124598814e-6
600.0,-0.577983528679342,-1.0472864262635336e-6
600.0,-0.5659835286793423,-1.4900373927490378e-7
600.0,-0.5539835286793419,3.537956316887069e-7
600.0,-0.5419835286793414,6.822837294220848e-7
600.0,-0.5299835286793416,9.459106066580172e-7
600.0,-0.5179835286793419,1.2009749150774408e-6
600.0,-0.5059835286793415,1.4791373858211296e-6
600.0,-0.49398352867934103,1.8012939397730778e-6
600.0,-0.48198352867934124,2.184468562568627e-6
600.0,-0.46998352867934146,2.645364176222616e-6
600.0,-0.457983528679341,3.2024020737619805e-6
600.0,-0.44598352867934055,3.877108718320824e-6
600.0,-0.43398352867934087,4.695281472584328e-6
600.0,-0.4219835286793411,5.6881718462881426e-6
600.0,-0.4099835286793406,6.893813869802037e-6
600.0,-0.39798352867934017,8.358600512259407e-6
600.0,-0.3859835286793405,1.0139188607980725e-5
600.0,-0.3739835286793407,1.2304847068720616e-5
600.0,-0.36198352867934025,1.494032148528545e-5
600.0,-0.3499835286793398,1.8149374940032487e-5
600.0,-0.33798352867934,2.2059155475079453e-5
600.0,-0.32598352867934033,2.682558832524395e-5
600.0,-0.3139835286793399,3.264004236098125e-5
600.0,-0.3019835286793394,3.973757928774759e-5
600.0,-0.28998352867933963,4.840717311617779e-5
600.0,-0.27798352867933995,5.900438592297122e-5
600.0,-0.2659835286793395,7.196710282780004e-5
600.0,-0.25398352867933904,8.783507602593906e-5
600.0,-0.24198352867933925,0.000107274257930286
600.0,-0.22998352867933947,0.000131107076925968
600.0,-0.217983528679339,0.0001603502064354309
600.0,-0.20598352867933856,0.00019626167841696777
600.0,-0.19398352867933877,0.0002403997553218453
600.0,-0.1819835286793392,0.0002946965470962535
600.0,-0.16998352867933875,0.00036155016506244454
600.0,-0.1579835286793383,0.0004439402052499829
600.0,-0.1459835286793385,0.0005455725773413604
600.0,-0.13398352867933871,0.0006710613148906371
600.0,-0.12198352867933826,0.0008261569806356731
600.0,-0.1099835286793378,0.001018033803731969
600.0,-0.09798352867933802,0.001255650866460391
600.0,-0.08598352867933823,0.0015502066359174933
600.0,-0.07398352867933777,0.001915711100574966
600.0,-0.06198352867933732,0.00236970602018689
600.0,-0.04998352867933775,0.002934171454198995
600.0,-0.03798352867933796,0.0036366662496877993
600.0,-0.02598352867933751,0.004511761787943476
600.0,-0.013983528679337054,0.0056028423115060365
600.0,-0.0019835286793372653,0.00696436201324829
600.0,0.010016471320662523,0.008664668877886538
600.0,0.022016471320662978,0.01078952807718653
600.0,0.03401647132066343,0.013446503429977977
600.0,0.04601647132066322,0.016770383013459154
600.0,0.05801647132066301,0.02092986301129793
600.0,0.07001647132066346,0.026135729346241206
600.0,0.08201647132066392,0.03265079467990389
600.0,0.09401647132066349,0.04080185152220836
600.0,0.10601647132066327,0.05099387913481401
600.0,0.11801647132066373,0.06372667617640411
600.0,0.13001647132066418,0.07961395985556009
600.0,0.14201647132066397,0.09940474512342602
600.0,0.15401647132066376,0.1240064554644339
600.0,0.16601647132066422,0.15450867449087066
600.0,0.17801647132066467,0.19220567665713598
600.0,0.19001647132066446,0.23861483486743218
600.0,0.20201647132066403,0.295486674569724
600.0,0.21401647132066448,0.36480075722472194
600.0,0.22601647132066494,0.44873983462879274
600.0,0.23801647132066472,0.5496330242265183
600.0,0.2500164713206645,0.6698574276955971
600.0,0.26201647132066497,0.8116870520656868
600.0,0.2740164713206654,0.977078526537336
600.0,0.2860164713206652,1.1673853416804885
600.0,0.298016471320665,1.3829965616899376
600.0,0.31001647132066545,1.6229027907525553
600.0,0.3220164713206659,1.8842030637529423
600.0,0.3340164713206655,2.161584606213928
600.0,0.34601647132066526,2.4468394411804617
600.0,0.3580164713206657,2.728537134550171
600.0,0.3700164713206662,2.992059958327561
600.0,0.38201647132066596,3.220316839091674
600.0,0.39401647132066575,3.3955232234949215
600.0,0.4060164713206662,3.5022991441856806
600.0,0.41801647132066666,3.5317483654427115
600.0,0.43001647132066645,3.4850962098405116
600.0,0.442016471320666,3.3746157973148154
600.0,0.45401647132066647,3.22039154842999
600.0,0.4660164713206669,3.0442025982037157
600.0,0.4780164713206667,2.86396526164914
600.0,0.4900164713206665,2.6912831860356285
600.0,0.502016471320667,2.531972342273318
600.0,0.5140164713206674,2.3878979667640436
600.0,0.5260164713206672,2.258747679910653
600.0,0.538016471320667,2.143234277213091
600.0,0.5500164713206674,2.039764729996731
600.0,0.5620164713206679,1.9467615452089597
600.0,0.5740164713206675,1.862794238661401
600.0,0.5860164713206673,1.786617946214311
600.0,0.5980164713206677,1.717170777341191
600.0,0.6100164713206682,1.6535551831445998
600.0,0.622016471320668,1.5950149727693113
600.0,0.6340164713206677,1.54091295843194
600.0,0.6460164713206682,1.490711091067516
600.0,0.6580164713206686,1.443953547054997
600.0,0.6700164713206684,1.400252637576222
600.0,0.682016471320668,1.3592771987658936
600.0,0.6940164713206685,1.3207430747006828
600.0,0.7060164713206689,1.2844053285832084
600.0,0.7180164713206687,1.2500518650636552
600.0,0.7300164713206685,1.2174981985004762
600.0,0.742016471320669,1.1865831498812436
600.0,0.7540164713206694,1.157164273318245
600.0,0.7660164713206692,1.129113362767028
600.0,0.778016471320669,1.102328378958702
600.0,0.7900164713206694,1.076708889214635
600.0,0.7979835286793311,1.0521321904875864
600.0,0.7859835286793313,1.0284026927454968
600.0,0.7739835286793316,1.0056894974169437
600.0,0.7619835286793318,0.9838544641112933
600.0,0.7499835286793322,0.9628235219559365
600.0,0.7379835286793324,0.9425317184203106
600.0,0.7259835286793326,0.9229323845320293
600.0,0.7139835286793329,0.903974180377508
600.0,0.7019835286793331,0.8856104153421992
600.0,0.6899835286793334,0.8677967686424408
600.0,0.6779835286793336,0.850490332713314
600.0,0.6659835286793339,0.833648793778375
600.0,0.6539835286793342,0.8172296202851259
600.0,0.6419835286793344,0.8011892084149225
600.0,0.6299835286793347,0.785481950662442
600.0,0.6179835286793349,0.770059199403287
600.0,0.6059835286793351,0.7548681013057184
600.0,0.5939835286793355,0.7398502836679134
600.0,0.5819835286793357,0.7249403828048967
600.0,0.569983528679336,0.7100644203164577
600.0,0.5579835286793362,0.6951380591418718
600.0,0.5459835286793364,0.6800648123684885
600.0,0.5339835286793366,0.6647343391919076
600.0,0.521983528679337,0.6490210494037723
600.0,0.5099835286793373,0.632783353188117
600.0,0.4979835286793375,0.6158640334442042
600.0,0.4859835286793377,0.5980923674375527
600.0,0.47398352867933796,0.5792887468870764
600.0,0.46198352867933823,0.5592725765926768
600.0,0.4499835286793385,0.5378740797239128
600.0,0.43798352867933876,0.5149502008141081
600.0,0.425983528679339,0.4904040066014016
600.0,0.41398352867933924,0.46420587419655235
600.0,0.4019835286793395,0.43641353211656386
600.0,0.3899835286793405,0.4071870768014558
600.0,0.37798352867934004,0.3767949112738192
600.0,0.3659835286793396,0.3456075065346383
600.0,0.3539835286793405,0.3140779669906252
600.0,0.3419835286793415,0.28271110773807523
600.0,0.32998352867934105,0.2520253001730498
600.0,0.3179835286793406,0.2225128900089524
600.0,0.30598352867934153,0.19460507779507938
600.0,0.2939835286793425,0.16864585348464878
600.0,0.28198352867934207,0.14487741877353633
600.0,0.2699835286793416,0.12343721855688206
600.0,0.2579835286793426,0.10436483583993716
600.0,0.2459835286793436,0.08761590743303804
600.0,0.23398352867934313,0.07307991962678222
600.0,0.22198352867934268,0.0605990643565664
600.0,0.20998352867934356,0.049986012273815716
600.0,0.19798352867934454,0.041039241315712044
600.0,0.1859835286793441,0.03355527132075246
600.0,0.17398352867934364,0.02733770447637022
600.0,0.16198352867934462,0.02220333416377098
600.0,0.1499835286793456,0.01798578083024298
600.0,0.13798352867934516,0.014537182545839073
600.0,0.1259835286793447,0.011728452724221657
600.0,0.11398352867934558,0.009448554893026588
600.0,0.10198352867934657,0.00760316166349295
600.0,0.08998352867934611,0.0061129800152685855
600.0,0.07798352867934566,0.004911947823203403
600.0,0.06598352867934665,0.003945441865982775
600.0,0.05398352867934764,0.003168586501871311
600.0,0.04198352867934718,0.002544713877240095
600.0,0.03148764650950964,0.0021009650377981533
600.0,0.020991764339673535,0.001734946046903286
600.0,0.010495882169837545,0.00143308852334656
600.0,0.0,0.0011841525333294682
1000.0,-0.0012000000000000899,-6.959290009498488e-18
1000.0,-0.0025199999999998557,-2.174661034949971e-18
1000.0,-0.003972000000000309,4.508484301922164e-19
1000.0,-0.005569200000000052,-1.712964664256799e-17
1000.0,-0.0073261199999997695,1.2468772383972552e-17
1000.0,-0.009258731999999936,1.2063275912583595e-17
1000.0,-0.011384605199999953,-4.358715085502609e-18
1000.0,-0.013723065720000038,4.177917376157186e-18
1000.0,-0.016295372292000065,5.835026417722095e-18
1000.0,-0.01912490952120005,-9.902426495402912e-18
1000.0,-0.022237400473320124,2.8896987153034895e-18
1000.0,-0.025661140520652048,-3.2928574669010708e-18
1000.0,-0.02942725457271711,7.823926168453917e-18
1000.0,-0.0335699800299889,-1.427295451888652e-17
1000.0,-0.038126978032988035,1.2794989757743949e-17
1000.0,-0.04313967583628653,-3.8782328053857136e-19
1000.0,-0.04865364341991518,3.637007791697629e-21
1000.0,-0.05471900776190708,-3.334830838489696e-18
1000.0,-0.06139090853809748,-1.854866788650783e-18
1000.0,-0.06872999939190727,1.393090285658031e-19
1000.0,-0.07680299933109824,2.1798411375258176e-18
1000.0,-0.08568329926420759,1.3991878908858998e-19
1000.0,-0.09545162919062877,4.0180288386111184e-18
1000.0,-0.10619679210969157,-6.883572171511018e-18
1000.0,-0.11801647132066084,-1.2262664071868203e-18
1000.0,-0.13001647132066052,-5.210784600090876e-18
1000.0,-0.14201647132066064,-7.690110464765658e-19
1000.0,-0.15401647132066076,-1.059559999256908e-17
1000.0,-0.16601647132066044,-1.4295624165644412e-17
1000.0,-0.17801647132066056,-3.3058845188241434e-17
1000.0,-0.19001647132066068,-7.096980365612789e-17
1000.0,-0.2020164713206607,-1.4945961103168128e-16
1000.0,-0.21401647132066093,-3.071234382237233e-16
1000.0,-0.22601647132066072,-6.337603302793379e-16
1000.0,-0.23801647132066073,-1.314899146342148e-15
1000.0,-0.25001647132066074,-2.7234829194480392e-15
1000.0,-0.2620164713206605,-5.672532265198307e-15
1000.0,-0.27401647132066076,-1.1781526988838574e-14
1000.0,-0.28601647132066077,-2.4495964781363215e-14
1000.0,-0.2980164713206608,-5.0979809404284774e-14
1000.0,-0.310016471320661,-1.0617155523796784e-13
1000.0,-0.3220164713206608,-2.2123411590145358e-13
1000.0,-0.3340164713206608,-4.612335198759241e-13
1000.0,-0.3460164713206608,-9.621805225805578e-13
1000.0,-0.3580164713206606,-2.0082278617284136e-12
1000.0,-0.37001647132066084,-4.193653589076803e-12
1000.0,-0.38201647132066086,-8.761592949671622e-12
1000.0,-0.39401647132066087,-1.8313659431842888e-11
1000.0,-0.4060164713206611,-3.829656819134612e-11
1000.0,-0.4180164713206609,-8.011754572270242e-11
1000.0,-0.43001647132066134,-1.676753319857064e-10
1000.0,-0.44201647132066113,-3.5105504705021143e-10
1000.0,-0.4540164713206607,-7.352515343484453e-10
1000.0,-0.46601647132066115,-1.5404261368268202e-9
1000.0,-0.47801647132066094,-3.22833327734613e-9
1000.0,-0.49001647132066073,-6.767599814720986e-9
1000.0,-0.5020164713206612,-1.4190339742657745e-8
1000.0,-0.514016471320661,-2.975983269880448e-8
1000.0,-0.5260164713206608,-6.241906209790217e-8
1000.0,-0.5380164713206612,-1.3092109065571885e-7
1000.0,-0.5500164713206608,-2.7456427803380715e-7
1000.0,-0.5620164713206606,-5.756065035162293e-7
1000.0,-0.574016471320661,-1.2059009576934953e-6
1000.0,-0.5860164713206615,-2.523394481387079e-6
1000.0,-0.5980164713206613,-5.270083236832268e-6
1000.0,-0.6100164713206611,-1.0972663513226688e-5
1000.0,-0.6220164713206615,-2.2736627203285816e-5
1000.0,-0.6340164713206613,-4.6769886331442626e-5
1000.0,-0.6460164713206609,-9.516259334890395e-5
1000.0,-0.6580164713206613,-0.00019057672192049452
1000.0,-0.6700164713206611,-0.0003732383621701553
1000.0,-0.6820164713206609,-0.0007094490252219083
1000.0,-0.6940164713206614,-0.0012986597225126363
1000.0,-0.7060164713206611,-0.002274867965588763
1000.0,-0.7180164713206609,-0.0038015215403512576
1000.0,-0.7300164713206614,-0.006067379008729223
1000.0,-0.742016471320661,-0.00929524038766962
1000.0,-0.7540164713206607,-0.013768936498021384
1000.0,-0.7660164713206612,-0.019874060512732952
1000.0,-0.7780164713206617,-0.028146121421145472
1000.0,-0.7900164713206614,-0.039325092903667425
1000.0,-0.8020164713206612,-0.05442001560790066
1000.0,-0.814016471320661,-0.07478807251059989
1000.0,-0.8260164713206606,-0.10223028427529823
1000.0,-0.838016471320661,-0.13910155625293746
1000.0,-0.8500164713206608,-0.18842585127110528
1000.0,-0.8620164713206606,-0.2539969684963825
1000.0,-0.8740164713206611,-0.34043214495994567
1000.0,-0.8860164713206609,-0.45313289750353686
1000.0,-0.8980164713206606,-0.5981032901587245
1000.0,-0.9100164713206602,-0.7815918213657029
1000.0,-0.92201647132066,-1.0095675834469913
1000.0,-0.9340164713206605,-1.287106740763164
1000.0,-0.9460164713206602,-1.6178216820357496
1000.0,-0.95801647132066,-2.003473689625581
1000.0,-0.9700164713206605,-2.4438550184075445
1000.0,-0.9820164713206603,-2.93693471402172
1000.0,-0.9940164713206598,-3.4791846257072296
1000.0,-1.0060164713206596,-4.065972041567942
1000.0,-1.0180164713206594,-4.691921692714666
1000.0,-1.0300164713206599,-5.351188253971064
1000.0,-1.0420164713206597,-6.037616982398182
1000.0,-1.0540164713206595,-6.744793057710902
1000.0,-1.06601647132066,-7.465988662490658
1000.0,-1.0780164713206595,-8.194014760235707
1000.0,-1.0900164713206593,-8.92097590775752
1000.0,-1.102016471320659,-9.637913554773
1000.0,-1.1140164713206588,-10.33430666814039
1000.0,-1.1260164713206593,-10.997377985172479
1000.0,-1.138016471320659,-11.611131564447664
1000.0,-1.1500164713206587,-12.15503457050128
1000.0,-1.162016471320659,-12.60230152549471
1000.0,-1.174016471320659,-12.918005075961625
1000.0,-1.1860164713206587,-13.058201984652706
1000.0,-1.1980164713206585,-12.973995243291924
1000.0,-1.1899835286793419,-11.70698167270345
1000.0,-1.1779835286793414,-10.536483782735445
1000.0,-1.1659835286793416,-9.601521960906636
1000.0,-1.1539835286793418,-8.812548910655412
1000.0,-1.1419835286793414,-8.117872695514185
1000.0,-1.1299835286793416,-7.485766192097822
1000.0,-1.117983528679342,-6.89619633567324
1000.0,-1.1059835286793422,-6.336454218809171
1000.0,-1.0939835286793425,-5.798698495830375
1000.0,-1.081983528679342,-5.278495091605262
1000.0,-1.0699835286793422,-4.773895079923033
1000.0,-1.0579835286793424,-4.2848112040095145
1000.0,-1.045983528679342,-3.8125609465550117
1000.0,-1.0339835286793422,-3.3594977818720433
1000.0,-1.0219835286793426,-2.9286802217787087
1000.0,-1.0099835286793428,-2.523545233571401
1000.0,-0.997983528679343,-2.1475671124331988
1000.0,-0.9859835286793426,-1.8038999011950247
1000.0,-0.9739835286793429,-1.4950223596667407
1000.0,-0.9619835286793431,-1.2224258799137777
1000.0,-0.9499835286793427,-0.9863991633138838
1000.0,-0.937983528679343,-0.7859588210681935
1000.0,-0.9259835286793432,-0.618947973598496
1000.0,-0.9139835286793434,-0.4822832766859333
1000.0,-0.9019835286793436,-0.37229291211157245
1000.0,-0.8899835286793432,-0.2850714657432562
1000.0,-0.8779835286793435,-0.21678733176491619
1000.0,-0.8659835286793438,-0.1639052386884655
1000.0,-0.8539835286793434,-0.12331589577547218
1000.0,-0.8419835286793436,-0.09238576869153231
1000.0,-0.8299835286793438,-0.06894945195949219
1000.0,-0.817983528679344,-0.05126746882675655
1000.0,-0.8059835286793443,-0.03796786236096028
1000.0,-0.7939835286793439,-0.02798415595207314
1000.0,-0.7819835286793434,-0.020497129962496766
1000.0,-0.7699835286793437,-0.014884076581409125
1000.0,-0.7579835286793439,-0.010676700376435214
1000.0,-0.7459835286793435,-0.0075272432465832
1000.0,-0.733983528679343,-0.00518130195518428
1000.0,-0.7219835286793432,-0.0034550072617868656
1000.0,-0.7099835286793434,-0.002214235740359364
1000.0,-0.6979835286793431,-0.0013553445612415375
1000.0,-0.6859835286793426,-0.000790224200983956
1000.0,-0.6739835286793429,-0.0004396311618356449
1000.0,-0.6619835286793431,-0.0002346874573664096
1000.0,-0.6499835286793426,-0.00012112992080574384
1000.0,-0.6379835286793422,-6.090304030444702e-5
1000.0,-0.6259835286793425,-2.9999630603605743e-5
1000.0,-0.6139835286793427,-1.4505808573448076e-5
1000.0,-0.6019835286793422,-6.848744814221695e-6
1000.0,-0.5899835286793418,-3.085397382641549e-6
1000.0,-0.577983528679342,-1.2233712307591891e-6
1000.0,-0.5659835286793423,-2.7525042278516495e-7
1000.0,-0.5539835286793419,2.4293862368182495e-7
1000.0,-0.5419835286793414,5.677018502745112e-7
1000.0,-0.5299835286793416,8.15614013613793e-7
1000.0,-0.5179835286793419,1.0458995681947923e-6
1000.0,-0.5059835286793415,1.290930637427411e-6
1000.0,-0.49398352867934103,1.571055882530191e-6
1000.0,-0.48198352867934124,1.9019337610993014e-6
1000.0,-0.46998352867934146,2.2982362902535517e-6
1000.0,-0.457983528679341,2.7757284280144527e-6
1000.0,-0.44598352867934055,3.3525808975871517e-6
1000.0,-0.43398352867934087,4.050429262733634e-6
1000.0,-0.4219835286793411,4.895374444649517e-6
1000.0,-0.4099835286793406,5.919107781285068e-6
1000.0,-0.39798352867934017,7.160199393507797e-6
1000.0,-0.3859835286793405,8.665679955451743e-6
1000.0,-0.3739835286793407,1.0492933904664975e-5
1000.0,-0.36198352867934025,1.2712071429766544e-5
1000.0,-0.3499835286793398,1.5408788696505764e-5
1000.0,-0.33798352867934,1.8687947110568377e-5
1000.0,-0.32598352867934033,2.2677951399476846e-5
1000.0,-0.3139835286793399,2.75361674546153e-5
1000.0,-0.3019835286793394,3.345563181840521e-5
1000.0,-0.28998352867933963,4.0673334533571656e-5
1000.0,-0.27798352867933995,4.948051571465472e-5
1000.0,-0.2659835286793395,6.0235383372156776e-5
1000.0,-0.25398352867933904,7.337897764377311e-5
1000.0,-0.24198352867933925,8.945480651485765e-5
1000.0,-0.22998352867933947,0.00010913336668486685
1000.0,-0.217983528679339,0.00013324262325878678
1000.0,-0.20598352867933856,0.0001628060499233174
1000.0,-0.19398352867933877,0.00019909014940462335
1000.0,-0.1819835286793392,0.0002436637710542777
1000.0,-0.16998352867933875,0.00029847241059195555
1000.0,-0.1579835286793383,0.00036593120625650943
1000.0,-0.1459835286793385,0.00044904151554533484
1000.0,-0.13398352867933871,0.0005515372136200878
1000.0,-0.12198352867933826,0.0006780683514446131
1000.0,-0.1099835286793378,0.0008344319671161036
1000.0,-0.09798352867933802,0.0010278622463551488
1000.0,-0.08598352867933823,0.0012673955368397412
1000.0,-0.07398352867933777,0.0015643295462941277
1000.0,-0.06198352867933732,0.001932801175218918
1000.0,-0.04998352867933775,0.002390513394546377
1000.0,-0.03798352867933796,0.002959649262468232
1000.0,-0.02598352867933751,0.003668020297147779
1000.0,-0.013983528679337054,0.004550507578132866
1000.0,-0.0019835286793372653,0.005650867218396487
1000.0,0.010016471320662523,0.0070239873708722415
1000.0,0.022016471320662978,0.008738701783012231
1000.0,0.03401647132066343,0.010881284657176344
1000.0,0.04601647132066322,0.013559772539891175
1000.0,0.05801647132066301,0.016909279708391393
1000.0,0.07001647132066346,0.021098491125936373
1000.0,0.08201647132066392,0.026337527739668933
1000.0,0.09401647132066349,0.03288737556119981
1000.0,0.10601647132066327,0.04107104354893098
1000.0,0.11801647132066373,0.051286551492802646
1000.0,0.13001647132066418,0.06402172987620457
1000.0,0.14201647132066397,0.07987061495739473
1000.0,0.15401647132066376,0.09955091619270817
1000.0,0.16601647132066422,0.12392159014771094
1000.0,0.17801647132066467,0.15399895118680398
1000.0,0.19001647132066446,0.19096897791420414
1000.0,0.20201647132066403,0.2361925635065367
1000.0,0.21401647132066448,0.2911994930780712
1000.0,0.22601647132066494,0.3576660721494211
1000.0,0.23801647132066472,0.43737081802634964
1000.0,0.2500164713206645,0.5321227498960871
1000.0,0.26201647132066497,0.6436578363111826
1000.0,0.2740164713206654,0.7735011901488423
1000.0,0.2860164713206652,0.9227954744009628
1000.0,0.298016471320665,1.0920992031784698
1000.0,0.31001647132066545,1.2811615012689996
1000.0,0.3220164713206659,1.4886818908190853
1000.0,0.3340164713206655,1.712064970283172
1000.0,0.34601647132066526,1.947181877120097
1000.0,0.3580164713206657,2.1881563689200845
1000.0,0.3700164713206662,2.42720839571278
1000.0,0.38201647132066596,2.65461897860275
1000.0,0.39401647132066575,2.85893303309242
1000.0,0.4060164713206662,3.0275878930243643
1000.0,0.41801647132066666,3.1482093640026205
1000.0,0.43001647132066645,3.2107508700988134
1000.0,0.442016471320666,3.210287833386521
1000.0,0.45401647132066647,3.1495338254539154
1000.0,0.4660164713206669,3.0394494256331397
1000.0,0.4780164713206667,2.896748288572942
1000.0,0.4900164713206665,2.7391215874173214
1000.0,0.502016471320667,2.5808472086627776
1000.0,0.5140164713206674,2.43090591465782
1000.0,0.5260164713206672,2.2935335149973706
1000.0,0.538016471320667,2.1698138892374192
1000.0,0.5500164713206674,2.059161519932742
1000.0,0.5620164713206679,1.9602949513954788
1000.0,0.5740164713206675,1.871758289732412
1000.0,0.5860164713206673,1.7921595051797938
1000.0,0.5980164713206677,1.720259771975443
1000.0,0.6100164713206682,1.6549929778975898
1000.0,0.622016471320668,1.59545594667471
1000.0,0.6340164713206677,1.5408884909240368
1000.0,0.6460164713206682,1.4906517095750533
1000.0,0.6580164713206686,1.444207898090144
1000.0,0.6700164713206684,1.4011031624917925
1000.0,0.682016471320668,1.3609528536252296
1000.0,0.6940164713206685,1.3234295604237136
1000.0,0.7060164713206689,1.288253288411001
1000.0,0.7180164713206687,1.2551834489619709
1000.0,0.7300164713206685,1.2240123259404672
1000.0,0.742016471320669,1.1945597385760747
1000.0,0.7540164713206694,1.1666686699453102
1000.0,0.7660164713206692,1.140196469872686
1000.0,0.778016471320669,1.1150296986903727
1000.0,0.7900164713206694,1.0910611288624843
1000.0,0.7979835286793311,1.068149541106507
1000.0,0.7859835286793313,1.046057235234228
1000.0,0.7739835286793316,1.0250216708651276
1000.0,0.7619835286793318,1.0048774419938886
1000.0,0.7499835286793322,0.9855399938271351
1000.0,0.7379835286793324,0.9669428673851508
1000.0,0.7259835286793326,0.9490316839477133
1000.0,0.7139835286793329,0.9317513577608179
1000.0,0.7019835286793331,0.9150511683129873
1000.0,0.6899835286793334,0.8988826415680636
1000.0,0.6779835286793336,0.8831984329092608
1000.0,0.6659835286793339,0.8679513275687532
1000.0,0.6539835286793342,0.8530932354109924
1000.0,0.6419835286793344,0.8385741236115506
1000.0,0.6299835286793347,0.8243408478586522
1000.0,0.6179835286793349,0.8103358505397698
1000.0,0.6059835286793351,0.7964957013021319
1000.0,0.5939835286793355,0.7827494653182977
1000.0,0.5819835286793357,0.7690169009163275
1000.0,0.569983528679336,0.7552065149176134
1000.0,0.5579835286793362,0.7412135458171373
1000.0,0.5459835286793364,0.7269180073080821
1000.0,0.5339835286793366,0.71218301279466
1000.0,0.521983528679337,0.6968537182980916
1000.0,0.5099835286793373,0.6807573632894272
1000.0,0.4979835286793375,0.6637050411122849
1000.0,0.4859835286793377,0.6454959580420802
1000.0,0.47398352867933796,0.6259249821953444
1000.0,0.46198352867933823,0.6047941550249392
1000.0,0.4499835286793385,0.5819284443132772
1000.0,0.43798352867933876,0.5571952939068752
1000.0,0.425983528679339,0.5305264969467892
1000.0,0.41398352867933924,0.5019397593017103
1000.0,0.4019835286793395,0.47155636229224174
1000.0,0.3899835286793405,0.43961099744876614
1000.0,0.37798352867934004,0.4064504658117006
1000.0,0.3659835286793396,0.37251956895177124
1000.0,0.3539835286793405,0.3383348497763199
1000.0,0.3419835286793415,0.30444924717331484
1000.0,0.32998352867934105,0.2714125178069732
1000.0,0.3179835286793406,0.23973295931167665
1000.0,0.30598352867934153,0.20984542286738203
1000.0,0.2939835286793425,0.18208908701479615
1000.0,0.28198352867934207,0.15669647308406895
1000.0,0.2699835286793416,0.13379324983568727
1000.0,0.2579835286793426,0.11340690752571081
1000.0,0.2459835286793436,0.09548157508198396
1000.0,0.23398352867934313,0.07989609646017504
1000.0,0.22198352867934268,0.06648281930022547
1000.0,0.20998352867934356,0.05504516810638921
1000.0,0.19798352867934454,0.045372776173861915
1000.0,0.1859835286793441,0.03725359048480967
1000.0,0.17398352867934364,0.030482862825239227
1000.0,0.16198352867934462,0.024869275481782926
1000.0,0.1499835286793456,0.0202386355693214
1000.0,0.13798352867934516,0.01643564136327513
1000.0,0.1259835286793447,0.013324214199995835
1000.0,0.11398352867934558,0.010786833672705422
1000.0,0.10198352867934657,0.008723237232545245
1000.0,0.08998352867934611,0.007048764869264541
1000.0,0.07798352867934566,0.00569255541103758
1000.0,0.06598352867934665,0.004595737933319822
1000.0,0.05398352867934764,0.003709711391778927
1000.0,0.04198352867934718,0.0029945672386152266
1000.0,0.03148764650950964,0.002483453711367297
1000.0,0.020991764339673535,0.0020599953655688406
1000.0,0.010495882169837545,0.001709211248193662
1000.0,0.0,0.001418636102607648
