BoundaryLayerThickness,Voltage,Value
80.0,-0.0012000000000000899,-3.410127433887128e-19
80.0,-0.0025199999999998557,-4.315448271430956e-19
80.0,-0.003972000000000309,-3.6022269637951057e-19
80.0,-0.005569200000000052,6.421586934838207e-19
80.0,-0.0073261199999997695,-6.08718072202682e-20
80.0,-0.009258731999999936,1.73136793586095e-19
80.0,-0.011384605199999953,2.034422690915946e-20
80.0,-0.013723065720000038,-3.7687146032402696e-21
80.0,-0.016295372292000065,-4.712662131939987e-19
80.0,-0.01912490952120005,2.7746466350042697e-19
80.0,-0.022237400473320124,-3.600875187920743e-20
80.0,-0.025661140520652048,2.7278082098656517e-19
80.0,-0.02942725457271711,-2.486125297322827e-19
80.0,-0.0335699800299889,1.4029789524146306e-19
80.0,-0.038126978032988035,-1.2589731115934686e-19
80.0,-0.04313967583628653,-4.575551261440153e-20
80.0,-0.04865364341991518,2.678648322780634e-19
80.0,-0.05471900776190708,-2.8658567987648195e-19
80.0,-0.06139090853809748,2.6698633018674047e-19
80.0,-0.06872999939190727,-7.803878236202625e-20
80.0,-0.07680299933109824,9.933174890625083e-20
80.0,-0.08568329926420759,-6.12655728344815e-20
80.0,-0.09545162919062877,7.071518644053639e-20
80.0,-0.10619679210969157,-1.5206406908410329e-19
80.0,-0.11801647132066084,-7.363091676662261e-19
80.0,-0.13001647132066052,-1.4342934494522956e-18
80.0,-0.14201647132066064,-2.995695617409725e-18
80.0,-0.15401647132066076,-6.5644318315683515e-18
80.0,-0.16601647132066044,-1.3163454565006606e-17
80.0,-0.17801647132066056,-2.6867300449996076e-17
80.0,-0.19001647132066068,-5.594621846742621e-17
80.0,-0.2020164713206607,-1.162517414129035e-16
80.0,-0.21401647132066093,-2.402664312827078e-16
80.0,-0.22601647132066072,-4.975986455538862e-16
80.0,-0.23801647132066073,-1.031578299350509e-15
80.0,-0.25001647132066074,-2.140255398286895e-15
80.0,-0.2620164713206605,-4.444477747433742e-15
80.0,-0.27401647132066076,-9.235814326432482e-15
80.0,-0.28601647132066077,-1.920528024109679e-14
80.0,-0.2980164713206608,-3.9962612735830763e-14
80.0,-0.310016471320661,-8.320676175304189e-14
80.0,-0.3220164713206608,-1.7335433485782755e-13
80.0,-0.3340164713206608,-3.6137905632790945e-13
80.0,-0.3460164713206608,-7.537662523654989e-13
80.0,-0.3580164713206606,-1.5730547702904221e-12
80.0,-0.37001647132066084,-3.284542336461851e-12
80.0,-0.38201647132066086,-6.861511328911693e-12
80.0,-0.39401647132066087,-1.4340652613756502e-11
80.0,-0.4060164713206611,-2.998560340823333e-11
80.0,-0.4180164713206609,-6.272520489262242e-11
80.0,-0.43001647132066134,-1.312645622822189e-10
80.0,-0.44201647132066113,-2.748018248142047e-10
80.0,-0.4540164713206607,-5.755045350303389e-10
80.0,-0.46601647132066115,-1.205659361814167e-9
80.0,-0.47801647132066094,-2.5265964430247933e-9
80.0,-0.49001647132066073,-5.29626107459324e-9
80.0,-0.5020164713206612,-1.1104757663522829e-8
80.0,-0.514016471320661,-2.3288111622796878e-8
80.0,-0.5260164713206608,-4.8844637030866647e-8
80.0,-0.5380164713206612,-1.0245126450592895e-7
80.0,-0.5500164713206608,-2.1487109390357728e-7
80.0,-0.5620164713206606,-4.5051929890748705e-7
80.0,-0.574016471320661,-9.440498646600014e-7
80.0,-0.5860164713206615,-1.97618614867544e-6
80.0,-0.5980164713206613,-4.129683181556033e-6
80.0,-0.6100164713206611,-8.606267091378647e-6
80.0,-0.6220164713206615,-1.7858785858517116e-5
80.0,-0.6340164713206613,-3.681606383803362e-5
80.0,-0.6460164713206609,-7.515201870550884e-5
80.0,-0.6580164713206613,-0.00015120646231111566
80.0,-0.6700164713206611,-0.0002980594601388047
80.0,-0.6820164713206609,-0.0005714224548254715
80.0,-0.6940164713206614,-0.0010571377710764294
80.0,-0.7060164713206611,-0.0018743358499220854
80.0,-0.7180164713206609,-0.0031720830909688653
80.0,-0.7300164713206614,-0.0051244648106298085
80.0,-0.742016471320661,-0.007935311640708565
80.0,-0.7540164713206607,-0.01186036883627644
80.0,-0.7660164713206612,-0.01724507135054934
80.0,-0.7780164713206617,-0.0245722097401411
80.0,-0.7900164713206614,-0.0345183022273506
80.0,-0.8020164713206612,-0.048023702349075645
80.0,-0.814016471320661,-0.0663850463601419
80.0,-0.8260164713206606,-0.09138029932196713
80.0,-0.838016471320661,-0.12543819878607984
80.0,-0.8500164713206608,-0.17186602162581233
80.0,-0.8620164713206606,-0.23515196134605063
80.0,-0.8740164713206611,-0.3213598754504273
80.0,-0.8860164713206609,-0.4386326101475369
80.0,-0.8980164713206606,-0.5978116603522796
80.0,-0.9100164713206602,-0.8131588815720447
80.0,-0.92201647132066,-1.1031196622469783
80.0,-0.9340164713206605,-1.4909814149490268
80.0,-0.9460164713206602,-2.0051399698629515
80.0,-0.95801647132066,-2.678481723908885
80.0,-0.9700164713206605,-3.546145653568262
80.0,-0.9820164713206603,-4.640741627900737
80.0,-0.9940164713206598,-5.984175493356824
80.0,-1.0060164713206596,-7.575883897736986
80.0,-1.0180164713206594,-9.378844133773306
80.0,-1.0300164713206599,-11.307310614743821
80.0,-1.0420164713206597,-13.223345778858167
80.0,-1.0540164713206595,-14.951124348694542
80.0,-1.06601647132066,-16.315040657548654
80.0,-1.0780164713206595,-17.19547011734378
80.0,-1.0900164713206593,-17.576597851092092
80.0,-1.102016471320659,-17.551900887832442
80.0,-1.1140164713206588,-17.276895409504125
80.0,-1.1260164713206593,-16.901775310369075
80.0,-1.138016471320659,-16.52869474342762
80.0,-1.1500164713206587,-16.207233419933342
80.0,-1.162016471320659,-15.950935165158516
80.0,-1.174016471320659,-15.755370031636193
80.0,-1.1860164713206587,-15.609839958470497
80.0,-1.1980164713206585,-15.503075405359452
80.0,-1.1899835286793419,-15.190714345105864
80.0,-1.1779835286793414,-14.948019536155147
80.0,-1.1659835286793416,-14.73210808222285
80.0,-1.1539835286793418,-14.491853905473477
80.0,-1.1419835286793414,-14.200053305745588
80.0,-1.1299835286793416,-13.83441630530999
80.0,-1.117983528679342,-13.375151667972794
80.0,-1.1059835286793422,-12.805823605013956
80.0,-1.0939835286793425,-12.11576511296137
80.0,-1.081983528679342,-11.303132035660056
80.0,-1.0699835286793422,-10.377515017772092
80.0,-1.0579835286793424,-9.360939396323738
80.0,-1.045983528679342,-8.286430391262845
80.0,-1.0339835286793422,-7.194103275703097
80.0,-1.0219835286793426,-6.1256371626726995
80.0,-1.0099835286793428,-5.118574655081472
80.0,-0.997983528679343,-4.201887203440247
80.0,-0.9859835286793426,-3.393700490348794
80.0,-0.9739835286793429,-2.701290042539899
80.0,-0.9619835286793431,-2.1228023011549366
80.0,-0.9499835286793427,-1.6498568485490255
80.0,-0.937983528679343,-1.2702452203412642
80.0,-0.9259835286793432,-0.9702096240501858
80.0,-0.9139835286793434,-0.7360851015480249
80.0,-0.9019835286793436,-0.5553111575467773
80.0,-0.8899835286793432,-0.4169350008503061
80.0,-0.8779835286793435,-0.31176032885774574
80.0,-0.8659835286793438,-0.2322795036182213
80.0,-0.8539835286793434,-0.17249287293648483
80.0,-0.8419835286793436,-0.12768436291320112
80.0,-0.8299835286793438,-0.09419467597242777
80.0,-0.817983528679344,-0.06921390357834649
80.0,-0.8059835286793443,-0.05060291634653627
80.0,-0.7939835286793439,-0.03674562110965428
80.0,-0.7819835286793434,-0.026430293678147518
80.0,-0.7699835286793437,-0.01875628883002848
80.0,-0.7579835286793439,-0.013061438085343822
80.0,-0.7459835286793435,-0.008864732247630437
80.0,-0.733983528679343,-0.005818594746453753
80.0,-0.7219835286793432,-0.0036665313363258966
80.0,-0.7099835286793434,-0.0022065921407757225
80.0,-0.6979835286793431,-0.0012664781794762233
80.0,-0.6859835286793426,-0.0006952075663246313
80.0,-0.6739835286793429,-0.00036724318322855804
80.0,-0.6619835286793431,-0.00018813905611164987
80.0,-0.6499835286793426,-9.419144906123314e-5
80.0,-0.6379835286793422,-4.638627151126948e-5
80.0,-0.6259835286793425,-2.258488353074116e-5
80.0,-0.6139835286793427,-1.091193177688774e-5
80.0,-0.6019835286793422,-5.245097832964174e-6
80.0,-0.5899835286793418,-2.512506694240509e-6
80.0,-0.577983528679342,-1.200604595959423e-6
80.0,-0.5659835286793423,-5.725406108288339e-7
80.0,-0.5539835286793419,-2.723917370399174e-7
80.0,-0.5419835286793414,-1.2910591414845152e-7
80.0,-0.5299835286793416,-6.074462573712339e-8
80.0,-0.5179835286793419,-2.8137747382395253e-8
80.0,-0.5059835286793415,-1.2584079296751539e-8
80.0,-0.49398352867934103,-5.161759849588098e-9
80.0,-0.48198352867934124,-1.6161654724404323e-9
80.0,-0.46998352867934146,8.125545197786623e-11
80.0,-0.457983528679341,8.976658551712989e-10
80.0,-0.44598352867934055,1.2942286280075259e-9
80.0,-0.43398352867934087,1.490880371707231e-9
80.0,-0.4219835286793411,1.5925477767227765e-9
80.0,-0.4099835286793406,1.6493162699720371e-9
80.0,-0.39798352867934017,1.6851163400190846e-9
80.0,-0.3859835286793405,1.7114026350710548e-9
80.0,-0.3739835286793407,1.7336783714902884e-9
80.0,-0.36198352867934025,1.754608137737264e-9
80.0,-0.3499835286793398,1.7755035564214025e-9
80.0,-0.33798352867934,1.7970327145548206e-9
80.0,-0.32598352867934033,1.8195591851787693e-9
80.0,-0.3139835286793399,1.8433042581740184e-9
80.0,-0.3019835286793394,1.8684247773954236e-9
80.0,-0.28998352867933963,1.895050687263682e-9
80.0,-0.27798352867933995,1.9233033643934187e-9
80.0,-0.2659835286793395,1.9533047910590587e-9
80.0,-0.25398352867933904,1.9851823874669638e-9
80.0,-0.24198352867933925,2.0190718061090803e-9
80.0,-0.22998352867933947,2.055118790863141e-9
80.0,-0.217983528679339,2.093480630276111e-9
80.0,-0.20598352867933856,2.1343274626180997e-9
80.0,-0.19398352867933877,2.1778435512821034e-9
80.0,-0.1819835286793392,2.2242285890485004e-9
80.0,-0.16998352867933875,2.273699053730603e-9
80.0,-0.1579835286793383,2.3264896284227458e-9
80.0,-0.1459835286793385,2.3828546630337734e-9
80.0,-0.13398352867933871,2.4430696796194892e-9
80.0,-0.12198352867933826,2.5074328754368117e-9
80.0,-0.1099835286793378,2.5762665931573585e-9
80.0,-0.09798352867933802,2.6499186927260006e-9
80.0,-0.08598352867933823,2.7287637498594624e-9
80.0,-0.07398352867933777,2.813203971322698e-9
80.0,-0.06198352867933732,2.9036696919971463e-9
80.0,-0.04998352867933775,3.0006192783751836e-9
80.0,-0.03798352867933796,3.104538202366425e-9
80.0,-0.02598352867933751,3.215937013452722e-9
80.0,-0.013983528679337054,3.335347843679814e-9
80.0,-0.0019835286793372653,3.4633190116360945e-9
80.0,0.010016471320662523,3.600407188884747e-9
80.0,0.022016471320662978,3.747166483097448e-9
80.0,0.03401647132066343,3.904133657448099e-9
80.0,0.04601647132066322,4.071808559567983e-9
80.0,0.05801647132066301,4.250628657168423e-9
80.0,0.07001647132066346,4.440936378711245e-9
80.0,0.08201647132066392,4.642937714352245e-9
80.0,0.09401647132066349,4.856650266401556e-9
80.0,0.10601647132066327,5.081838619071434e-9
80.0,0.11801647132066373,5.3179345657648174e-9
80.0,0.13001647132066418,5.563939407185038e-9
80.0,0.14201647132066397,5.8183053263172765e-9
80.0,0.15401647132066376,6.078792939671149e-9
80.0,0.16601647132066422,6.342302808833373e-9
80.0,0.17801647132066467,6.604680548833254e-9
80.0,0.19001647132066446,6.860498917522118e-9
80.0,0.20201647132066403,7.102827051029269e-9
80.0,0.21401647132066448,7.323008205163182e-9
80.0,0.22601647132066494,7.51048439533043e-9
80.0,0.23801647132066472,7.652730195797832e-9
80.0,0.2500164713206645,7.735387845567177e-9
80.0,0.26201647132066497,7.74272724627426e-9
80.0,0.2740164713206654,7.658576145685528e-9
80.0,0.2860164713206652,7.467856875152347e-9
80.0,0.298016471320665,7.15879566441025e-9
80.0,0.31001647132066545,6.725705184378875e-9
80.0,0.3220164713206659,6.171965966875979e-9
80.0,0.3340164713206655,5.512488560194924e-9
80.0,0.34601647132066526,4.7746606058006635e-9
80.0,0.3580164713206657,3.996796790746776e-9
80.0,0.3700164713206662,3.223632397387335e-9
80.0,0.38201647132066596,2.4994408154163136e-9
80.0,0.39401647132066575,1.8605309522907763e-9
80.0,0.4060164713206662,1.329499871592662e-9
80.0,0.41801647132066666,9.131239961420197e-10
80.0,0.43001647132066645,6.042841115239556e-10
80.0,0.442016471320666,3.8668036398045975e-10
80.0,0.45401647132066647,2.4026310659506595e-10
80.0,0.4660164713206669,1.4560826250095825e-10
80.0,0.4780164713206667,8.644465622020246e-11
80.0,0.4900164713206665,5.047300452302166e-11
80.0,0.502016471320667,2.9081961083684873e-11
80.0,0.5140164713206674,1.6582414090387916e-11
80.0,0.5260164713206672,9.377896363584774e-12
80.0,0.538016471320667,5.269420892979292e-12
80.0,0.5500164713206674,2.9458933455599824e-12
80.0,0.5620164713206679,1.6403331080835425e-12
80.0,0.5740164713206675,9.104726813364785e-13
80.0,0.5860164713206673,5.040887171829245e-13
80.0,0.5980164713206677,2.785271058427899e-13
80.0,0.6100164713206682,1.5364723751089878e-13
80.0,0.622016471320668,8.464838206098306e-14
80.0,0.6340164713206677,4.6587337321299184e-14
80.0,0.6460164713206682,2.5615201394619976e-14
80.0,0.6580164713206686,1.4076552476106193e-14
80.0,0.6700164713206684,7.730577595121044e-15
80.0,0.682016471320668,4.2457336133513e-15
80.0,0.6940164713206685,2.330579228830103e-15
80.0,0.7060164713206689,1.2777659485640935e-15
80.0,0.7180164713206687,7.005227786559949e-16
80.0,0.7300164713206685,3.834891801957064e-16
80.0,0.742016471320669,2.1261496325041844e-16
80.0,0.7540164713206694,1.158098706316866e-16
80.0,0.7660164713206692,5.958181347066271e-17
80.0,0.778016471320669,3.578036483931426e-17
80.0,0.7900164713206694,1.6674822286362602e-17
80.0,0.7979835286793311,9.784443923324167e-18
80.0,0.7859835286793313,4.3440250569782055e-18
80.0,0.7739835286793316,2.9537284414605234e-18
80.0,0.7619835286793318,-1.5696385474935428e-18
80.0,0.7499835286793322,1.4463425828664745e-18
80.0,0.7379835286793324,-5.359994717137529e-19
80.0,0.7259835286793326,8.61699517204583e-19
80.0,0.7139835286793329,1.5752788627747238e-18
80.0,0.7019835286793331,2.1243444052394906e-18
80.0,0.6899835286793334,7.600743465677043e-20
80.0,0.6779835286793336,8.53648169602624e-19
80.0,0.6659835286793339,-4.557301678228204e-19
80.0,0.6539835286793342,-3.3661837576254114e-19
80.0,0.6419835286793344,1.1422901928598765e-18
80.0,0.6299835286793347,3.82790290147971e-19
80.0,0.6179835286793349,1.0037007718293535e-18
80.0,0.6059835286793351,9.25993753019195e-19
80.0,0.5939835286793355,2.5201815246440475e-19
80.0,0.5819835286793357,-8.317876398635825e-19
80.0,0.569983528679336,-1.1748370589030019e-18
80.0,0.5579835286793362,8.645696661962029e-19
80.0,0.5459835286793364,-3.707557096362231e-19
80.0,0.5339835286793366,-3.198274926788012e-19
80.0,0.521983528679337,6.494341704465396e-19
80.0,0.5099835286793373,9.946318170917029e-20
80.0,0.4979835286793375,-8.283390282230236e-20
80.0,0.4859835286793377,-1.443070676342465e-19
80.0,0.47398352867933796,9.346604630980148e-20
80.0,0.46198352867933823,1.029049735795523e-19
80.0,0.4499835286793385,-1.1724877698586477e-19
80.0,0.43798352867933876,-9.821958443923966e-19
80.0,0.425983528679339,-6.938712449023988e-19
80.0,0.41398352867933924,-2.5364862555394583e-19
80.0,0.4019835286793395,-7.529391620200546e-20
80.0,0.3899835286793405,1.7776571259371015e-19
80.0,0.37798352867934004,-1.315952595876039e-19
80.0,0.3659835286793396,2.2056884318413468e-19
80.0,0.3539835286793405,2.7797809476946424e-19
80.0,0.3419835286793415,-1.0889851642141718e-19
80.0,0.32998352867934105,2.2263042317414815e-19
80.0,0.3179835286793406,4.6717922235223173e-20
80.0,0.30598352867934153,2.4633844083229055e-19
80.0,0.2939835286793425,3.862553423059209e-20
80.0,0.28198352867934207,-1.814899160183847e-20
80.0,0.2699835286793416,1.3318682345265317e-19
80.0,0.2579835286793426,-2.738393467433184e-20
80.0,0.2459835286793436,-1.5901043124497844e-19
80.0,0.23398352867934313,4.624900214475166e-20
80.0,0.22198352867934268,-5.1719858315196275e-20
80.0,0.20998352867934356,-2.4655344626528043e-19
80.0,0.19798352867934454,1.0952441300756919e-19
80.0,0.1859835286793441,2.852960126233737e-19
80.0,0.17398352867934364,-1.7493313322886867e-19
80.0,0.16198352867934462,1.2653480744388023e-19
80.0,0.1499835286793456,6.742505834308544e-20
80.0,0.13798352867934516,2.2764331959904854e-21
80.0,0.1259835286793447,-1.5963474467019653e-19
80.0,0.11398352867934558,2.090116770301769e-19
80.0,0.10198352867934657,-2.63335743745494e-19
80.0,0.08998352867934611,-1.6288010280315987e-19
80.0,0.07798352867934566,1.8153738040100026e-19
80.0,0.06598352867934665,-1.1324054840056117e-19
80.0,0.05398352867934764,2.9439538231819727e-19
80.0,0.04198352867934718,-1.6035706184630589e-19
80.0,0.03148764650950964,8.69843723284398e-20
80.0,0.020991764339673535,-1.678683080065713e-19
80.0,0.010495882169837545,2.964000598507968e-19
80.0,0.0,1.3869130657024268e-19
99.99999999999999,-0.0012000000000000899,2.106437393697324e-18
99.99999999999999,-0.0025199999999998557,-1.774511506942976e-18
99.99999999999999,-0.003972000000000309,1.5825456932431113e-18
99.99999999999999,-0.005569200000000052,-4.0651773197295677e-19
99.99999999999999,-0.0073261199999997695,-1.6302063878144948e-19
99.99999999999999,-0.009258731999999936,-5.50412690637938e-20
99.99999999999999,-0.011384605199999953,3.770140665896918e-19
99.99999999999999,-0.013723065720000038,-1.0352532910243552e-19
99.99999999999999,-0.016295372292000065,-1.5939568736917183e-19
99.99999999999999,-0.01912490952120005,-3.3494235635074673e-19
99.99999999999999,-0.022237400473320124,-5.555189935579408e-21
99.99999999999999,-0.025661140520652048,1.101954905711436e-19
99.99999999999999,-0.02942725457271711,4.325877039629249e-19
99.99999999999999,-0.0335699800299889,-3.7790337679892904e-19
99.99999999999999,-0.038126978032988035,2.3259100197163167e-19
99.99999999999999,-0.04313967583628653,-7.13486182638259e-20
99.99999999999999,-0.04865364341991518,-5.62729073795927e-20
99.99999999999999,-0.05471900776190708,-2.0665404594551693e-19
99.99999999999999,-0.06139090853809748,1.3621130018992954e-19
99.99999999999999,-0.06872999939190727,-2.8982202617028285e-19
99.99999999999999,-0.07680299933109824,9.391645559550694e-21
99.99999999999999,-0.08568329926420759,1.3147694875319458e-19
99.99999999999999,-0.09545162919062877,-4.83982283597002e-19
99.99999999999999,-0.10619679210969157,-4.9401407419111015e-19
99.99999999999999,-0.11801647132066084,-8.103311967302275e-19
99.99999999999999,-0.13001647132066052,-1.4023393858427222e-18
99.99999999999999,-0.14201647132066064,-3.454390208413241e-18
99.99999999999999,-0.15401647132066076,-6.332105993830453e-18
99.99999999999999,-0.16601647132066044,-1.317970259895107e-17
99.99999999999999,-0.17801647132066056,-2.687080198335766e-17
99.99999999999999,-0.19001647132066068,-5.605262966295934e-17
99.99999999999999,-0.2020164713206607,-1.1607748941944377e-16
99.99999999999999,-0.21401647132066093,-2.403807922523685e-16
99.99999999999999,-0.22601647132066072,-4.974101070248223e-16
99.99999999999999,-0.23801647132066073,-1.0315366340255036e-15
99.99999999999999,-0.25001647132066074,-2.140493462047875e-15
99.99999999999999,-0.2620164713206605,-4.444551585412736e-15
99.99999999999999,-0.27401647132066076,-9.235727583286689e-15
99.99999999999999,-0.28601647132066077,-1.9205281098309934e-14
99.99999999999999,-0.2980164713206608,-3.996176950172423e-14
99.99999999999999,-0.310016471320661,-8.320573993924209e-14
99.99999999999999,-0.3220164713206608,-1.7335187574905742e-13
99.99999999999999,-0.3340164713206608,-3.6137450930486553e-13
99.99999999999999,-0.3460164713206608,-7.537554437656185e-13
99.99999999999999,-0.3580164713206606,-1.5730324025323224e-12
99.99999999999999,-0.37001647132066084,-3.2844953748951134e-12
99.99999999999999,-0.38201647132066086,-6.86141081136969e-12
99.99999999999999,-0.39401647132066087,-1.4340437570838145e-11
99.99999999999999,-0.4060164713206611,-2.9985144594731835e-11
99.99999999999999,-0.4180164713206609,-6.272422523715807e-11
99.99999999999999,-0.43001647132066134,-1.3126246900067546e-10
99.99999999999999,-0.44201647132066113,-2.747973490717874e-10
99.99999999999999,-0.4540164713206607,-5.754949599129864e-10
99.99999999999999,-0.46601647132066115,-1.2056388645291444e-9
99.99999999999999,-0.47801647132066094,-2.5265525411725094e-9
99.99999999999999,-0.49001647132066073,-5.296166988778311e-9
99.99999999999999,-0.5020164713206612,-1.1104555918759551e-8
99.99999999999999,-0.514016471320661,-2.3287678802652024e-8
99.99999999999999,-0.5260164713206608,-4.884370802340422e-8
99.99999999999999,-0.5380164713206612,-1.0244926969745704e-7
99.99999999999999,-0.5500164713206608,-2.1486680942582309e-7
99.99999999999999,-0.5620164713206606,-4.50510096092715e-7
99.99999999999999,-0.574016471320661,-9.440301024850368e-7
99.99999999999999,-0.5860164713206615,-1.9761437415553726e-6
99.99999999999999,-0.5980164713206613,-4.129592307282089e-6
99.99999999999999,-0.6100164713206611,-8.606072808628088e-6
99.99999999999999,-0.6220164713206615,-1.7858371971074955e-5
99.99999999999999,-0.6340164713206613,-3.681518655958583e-5
99.99999999999999,-0.6460164713206609,-7.515017145781497e-5
99.99999999999999,-0.6580164713206613,-0.00015120260295472976
99.99999999999999,-0.6700164713206611,-0.0002980514632638799
99.99999999999999,-0.6820164713206609,-0.0005714060152885216
99.99999999999999,-0.6940164713206614,-0.0010571042454120968
99.99999999999999,-0.7060164713206611,-0.0018742681937141516
99.99999999999999,-0.7180164713206609,-0.0031719486503794265
99.99999999999999,-0.7300164713206614,-0.00512420286594454
99.99999999999999,-0.742016471320661,-0.007934811232631343
99.99999999999999,-0.7540164713206607,-0.011859427616828611
99.99999999999999,-0.7660164713206612,-0.01724331820211523
99.99999999999999,-0.7780164713206617,-0.024568959796048295
99.99999999999999,-0.7900164713206614,-0.03451228614855429
99.99999999999999,-0.8020164713206612,-0.04801256116224582
99.99999999999999,-0.814016471320661,-0.066364389275487
99.99999999999999,-0.8260164713206606,-0.09134194867667071
99.99999999999999,-0.838016471320661,-0.12536692812376932
99.99999999999999,-0.8500164713206608,-0.17173351377933146
99.99999999999999,-0.8620164713206606,-0.23490567278226204
99.99999999999999,-0.8740164713206611,-0.32090265871048684
99.99999999999999,-0.8860164713206609,-0.43778580165785486
99.99999999999999,-0.8980164713206606,-0.5962491720217321
99.99999999999999,-0.9100164713206602,-0.8102918783474431
99.99999999999999,-0.92201647132066,-1.09790045432271
99.99999999999999,-0.9340164713206605,-1.4815831795268508
99.99999999999999,-0.9460164713206602,-1.9884631761742826
99.99999999999999,-0.95801647132066,-2.6494561968676735
99.99999999999999,-0.9700164713206605,-3.49686971104415
99.99999999999999,-0.9820164713206603,-4.559660567983778
99.99999999999999,-0.9940164713206598,-5.855747273936615
99.99999999999999,-1.0060164713206596,-7.381390335360038
99.99999999999999,-1.0180164713206594,-9.0988795338734
99.99999999999999,-1.0300164713206599,-10.925624044277084
99.99999999999999,-1.0420164713206597,-12.730063570363587
99.99999999999999,-1.0540164713206595,-14.341903887653698
99.99999999999999,-1.06601647132066,-15.583736549573016
99.99999999999999,-1.0780164713206595,-16.323406121462693
99.99999999999999,-1.0900164713206593,-16.528347201381898
99.99999999999999,-1.102016471320659,-16.285584070956613
99.99999999999999,-1.1140164713206588,-15.762968467141887
99.99999999999999,-1.1260164713206593,-15.134732866605805
99.99999999999999,-1.138016471320659,-14.524952466414195
99.99999999999999,-1.1500164713206587,-13.995688489226328
99.99999999999999,-1.162016471320659,-13.564324359965159
99.99999999999999,-1.174016471320659,-13.225193649470004
99.99999999999999,-1.1860164713206587,-12.964117187755841
99.99999999999999,-1.1980164713206585,-12.765658515320453
99.99999999999999,-1.1899835286793419,-12.426167687647714
99.99999999999999,-1.1779835286793414,-12.165793650600195
99.99999999999999,-1.1659835286793416,-11.944625928498608
99.99999999999999,-1.1539835286793418,-11.71796441726821
99.99999999999999,-1.1419835286793414,-11.461433636552991
99.99999999999999,-1.1299835286793416,-11.155229680220799
99.99999999999999,-1.117983528679342,-10.782008424873945
99.99999999999999,-1.1059835286793422,-10.327415196046976
99.99999999999999,-1.0939835286793425,-9.781822129093271
99.99999999999999,-1.081983528679342,-9.142550045051555
99.99999999999999,-1.0699835286793422,-8.415767918709834
99.99999999999999,-1.0579835286793424,-7.617222856071938
99.99999999999999,-1.045983528679342,-6.771214283577597
99.99999999999999,-1.0339835286793422,-5.9077771058500685
99.99999999999999,-1.0219835286793426,-5.058658561103969
99.99999999999999,-1.0099835286793428,-4.253081511104834
99.99999999999999,-0.997983528679343,-3.5143119925477926
99.99999999999999,-0.9859835286793426,-2.85771147811724
99.99999999999999,-0.9739835286793429,-2.290434705150394
99.99999999999999,-0.9619835286793431,-1.8124641698422626
99.99999999999999,-0.9499835286793427,-1.4184163637841918
99.99999999999999,-0.937983528679343,-1.0995445090439566
99.99999999999999,-0.9259835286793432,-0.8455193472466687
99.99999999999999,-0.9139835286793434,-0.6457779845772849
99.99999999999999,-0.9019835286793436,-0.4904041446044735
99.99999999999999,-0.8899835286793432,-0.37060687225395084
99.99999999999999,-0.8779835286793435,-0.2789043798871861
99.99999999999999,-0.8659835286793438,-0.20911788954129645
99.99999999999999,-0.8539835286793434,-0.15625931027458403
99.99999999999999,-0.8419835286793436,-0.11637138961275423
99.99999999999999,-0.8299835286793438,-0.08635707680832982
99.99999999999999,-0.817983528679344,-0.063818620173261
99.99999999999999,-0.8059835286793443,-0.04691615147620562
99.99999999999999,-0.7939835286793439,-0.034248973140259036
99.99999999999999,-0.7819835286793434,-0.0247591140564162
99.99999999999999,-0.7699835286793437,-0.01765479432037439
99.99999999999999,-0.7579835286793439,-0.012350323304678109
99.99999999999999,-0.7459835286793435,-0.008418078971004769
99.99999999999999,-0.733983528679343,-0.005547732181971936
99.99999999999999,-0.7219835286793432,-0.0035091004294898255
99.99999999999999,-0.7099835286793434,-0.0021193481696702475
99.99999999999999,-0.6979835286793431,-0.001220445108966907
99.99999999999999,-0.6859835286793426,-0.0006720144126965743
99.99999999999999,-0.6739835286793429,-0.0003560134940813475
99.99999999999999,-0.6619835286793431,-0.00018287146928794626
99.99999999999999,-0.6499835286793426,-9.177759679188417e-5
99.99999999999999,-0.6379835286793422,-4.529699745272427e-5
99.99999999999999,-0.6259835286793425,-2.2096729687845594e-5
99.99999999999999,-0.6139835286793427,-1.0692135921552173e-5
99.99999999999999,-0.6019835286793422,-5.143581343667803e-6
99.99999999999999,-0.5899835286793418,-2.4624780873882405e-6
99.99999999999999,-0.577983528679342,-1.1725934917235531e-6
99.99999999999999,-0.5659835286793423,-5.53605022189135e-7
99.99999999999999,-0.5539835286793419,-2.5685054740396314e-7
99.99999999999999,-0.5419835286793414,-1.1444880823827702e-7
99.99999999999999,-0.5299835286793416,-4.583881926036252e-8
99.99999999999999,-0.5179835286793419,-1.2445107170263662e-8
99.99999999999999,-0.5059835286793415,4.179782533839841e-9
99.99999999999999,-0.49398352867934103,1.2852300387709032e-8
99.99999999999999,-0.48198352867934124,1.7786336510709757e-8
99.99999999999999,-0.46998352867934146,2.0998142740698905e-8
99.99999999999999,-0.457983528679341,2.3455367438295476e-8
99.99999999999999,-0.44598352867934055,2.5625730748841775e-8
99.99999999999999,-0.43398352867934087,2.7738960239067305e-8
99.99999999999999,-0.4219835286793411,2.991185247754169e-8
99.99999999999999,-0.4099835286793406,3.220802250681906e-8
99.99999999999999,-0.39798352867934017,3.466649784464298e-8
99.99999999999999,-0.3859835286793405,3.731545695210061e-8
99.99999999999999,-0.3739835286793407,4.017889061781225e-8
99.99999999999999,-0.36198352867934025,4.327989917620201e-8
99.99999999999999,-0.3499835286793398,4.6642399105291e-8
99.99999999999999,-0.33798352867934,5.029208751880319e-8
99.99999999999999,-0.32598352867934033,5.4257072057393587e-8
99.99999999999999,-0.3139835286793399,5.856836358489628e-8
99.99999999999999,-0.3019835286793394,6.326032926012256e-8
99.99999999999999,-0.28998352867933963,6.837115637993239e-8
99.99999999999999,-0.27798352867933995,7.394335545087285e-8
99.99999999999999,-0.2659835286793395,8.002432111510596e-8
99.99999999999999,-0.25398352867933904,8.666696562786781e-8
99.99999999999999,-0.24198352867933925,9.393043855997923e-8
99.99999999999999,-0.22998352867933947,1.0188094690845856e-7
99.99999999999999,-0.217983528679339,1.1059269114896924e-7
99.99999999999999,-0.20598352867933856,1.2014893466564717e-7
99.99999999999999,-0.19398352867933877,1.3064322630260957e-7
99.99999999999999,-0.1819835286793392,1.4218079842867e-7
99.99999999999999,-0.16998352867933875,1.5488016584070544e-7
99.99999999999999,-0.1579835286793383,1.6887495401086264e-7
99.99999999999999,-0.1459835286793385,1.843159885557108e-7
99.99999999999999,-0.13398352867933871,2.013736812180101e-7
99.99999999999999,-0.12198352867933826,2.202407509925795e-7
99.99999999999999,-0.1099835286793378,2.41135321987475e-7
99.99999999999999,-0.09798352867933802,2.6430444184369963e-7
99.99999999999999,-0.08598352867933823,2.900280654890919e-7
99.99999999999999,-0.07398352867933777,3.1862354791519896e-7
99.99999999999999,-0.06198352867933732,3.504506855392714e-7
99.99999999999999,-0.04998352867933775,3.8591733707998313e-7
99.99999999999999,-0.03798352867933796,4.2548563996890483e-7
99.99999999999999,-0.02598352867933751,4.696788146362856e-7
99.99999999999999,-0.013983528679337054,5.190885133991358e-7
99.99999999999999,-0.0019835286793372653,5.743826190971264e-7
99.99999999999999,0.010016471320662523,6.363133258756319e-7
99.99999999999999,0.022016471320662978,7.057252339890279e-7
99.99999999999999,0.03401647132066343,7.835630538825187e-7
99.99999999999999,0.04601647132066322,8.708783314222716e-7
99.99999999999999,0.05801647132066301,9.688343624275827e-7
99.99999999999999,0.07001647132066346,1.078708143226272e-6
99.99999999999999,0.08201647132066392,1.20188778258563e-6
99.99999999999999,0.09401647132066349,1.3398632511604393e-6
99.99999999999999,0.10601647132066327,1.4942076335801704e-6
99.99999999999999,0.11801647132066373,1.6665451371433838e-6
99.99999999999999,0.13001647132066418,1.8585009625056378e-6
99.99999999999999,0.14201647132066397,2.0716267328886555e-6
99.99999999999999,0.15401647132066376,2.3072935273220058e-6
99.99999999999999,0.16601647132066422,2.5665427779881257e-6
99.99999999999999,0.17801647132066467,2.8498836504722207e-6
99.99999999999999,0.19001647132066446,3.157024604627238e-6
99.99999999999999,0.20201647132066403,3.4865276852295933e-6
99.99999999999999,0.21401647132066448,3.835378465620158e-6
99.99999999999999,0.22601647132066494,4.198475117944168e-6
99.99999999999999,0.23801647132066472,4.568060402483595e-6
99.99999999999999,0.2500164713206645,4.9331545222505875e-6
99.99999999999999,0.26201647132066497,5.27909778978858e-6
99.99999999999999,0.2740164713206654,5.587378512572491e-6
99.99999999999999,0.2860164713206652,5.8359919200570655e-6
99.99999999999999,0.298016471320665,6.000621390905021e-6
99.99999999999999,0.31001647132066545,6.05690242068797e-6
99.99999999999999,0.3220164713206659,5.983855916694123e-6
99.99999999999999,0.3340164713206655,5.768209936061754e-6
99.99999999999999,0.34601647132066526,5.408796418480151e-6
99.99999999999999,0.3580164713206657,4.919690305835876e-6
99.99999999999999,0.3700164713206662,4.330588329747718e-6
99.99999999999999,0.38201647132066596,3.6834484713822134e-6
99.99999999999999,0.39401647132066575,3.025679397168436e-6
99.99999999999999,0.4060164713206662,2.401691339820292e-6
99.99999999999999,0.41801647132066666,1.8455093068736809e-6
99.99999999999999,0.43001647132066645,1.3767414282190781e-6
99.99999999999999,0.442016471320666,1.0006608550693112e-6
99.99999999999999,0.45401647132066647,7.114520902854402e-7
99.99999999999999,0.4660164713206669,4.967659683430654e-7
99.99999999999999,0.4780164713206667,3.418938958935384e-7
99.99999999999999,0.4900164713206665,2.3266483323535374e-7
99.99999999999999,0.502016471320667,1.5695981934995124e-7
99.99999999999999,0.5140164713206674,1.0518312736327649e-7
99.99999999999999,0.5260164713206672,7.012632959521642e-8
99.99999999999999,0.538016471320667,4.65701079787416e-8
99.99999999999999,0.5500164713206674,3.08327262583859e-8
99.99999999999999,0.5620164713206679,2.03651580537582e-8
99.99999999999999,0.5740164713206675,1.3426321791034357e-8
99.99999999999999,0.5860164713206673,8.838728582640467e-9
99.99999999999999,0.5980164713206677,5.81188856983624e-9
99.99999999999999,0.6100164713206682,3.818050269280867e-9
99.99999999999999,0.622016471320668,2.506357350639372e-9
99.99999999999999,0.6340164713206677,1.6443133268809106e-9
99.99999999999999,0.6460164713206682,1.0782429472260772e-9
99.99999999999999,0.6580164713206686,7.067718295865686e-10
99.99999999999999,0.6700164713206684,4.631317144222387e-10
99.99999999999999,0.682016471320668,3.0340192785644356e-10
99.99999999999999,0.6940164713206685,1.9871997154077876e-10
99.99999999999999,0.7060164713206689,1.3013404201804442e-10
99.99999999999999,0.7180164713206687,8.520796330238364e-11
99.99999999999999,0.7300164713206685,5.578516987260963e-11
99.99999999999999,0.742016471320669,3.651887720927388e-11
99.99999999999999,0.7540164713206694,2.3904790716623942e-11
99.99999999999999,0.7660164713206692,1.5646830756341674e-11
99.99999999999999,0.778016471320669,1.0241095709335461e-11
99.99999999999999,0.7900164713206694,6.7026870914352624e-12
99.99999999999999,0.7979835286793311,4.3864213830029686e-12
99.99999999999999,0.7859835286793313,2.869761755735225e-12
99.99999999999999,0.7739835286793316,1.87790755245044e-12
99.99999999999999,0.7619835286793318,1.2289362179480824e-12
99.99999999999999,0.7499835286793322,8.042732663635722e-13
99.99999999999999,0.7379835286793324,5.263676081984396e-13
99.99999999999999,0.7259835286793326,3.445069820392706e-13
99.99999999999999,0.7139835286793329,2.2548490796534607e-13
99.99999999999999,0.7019835286793331,1.4759113081594192e-13
99.99999999999999,0.6899835286793334,9.661393229673403e-14
99.99999999999999,0.6779835286793336,6.324847417658721e-14
99.99999999999999,0.6659835286793339,4.140754653901271e-14
99.99999999999999,0.6539835286793342,2.7112944699054264e-14
99.99999999999999,0.6419835286793344,1.775473614813324e-14
99.99999999999999,0.6299835286793347,1.1630080606433364e-14
99.99999999999999,0.6179835286793349,7.620064823632477e-15
99.99999999999999,0.6059835286793351,4.992435321987732e-15
99.99999999999999,0.5939835286793355,3.273376333177864e-15
99.99999999999999,0.5819835286793357,2.1455910880738115e-15
99.99999999999999,0.569983528679336,1.4076225530478392e-15
99.99999999999999,0.5579835286793362,9.245879291265822e-16
99.99999999999999,0.5459835286793364,6.081122424249307e-16
99.99999999999999,0.5339835286793366,3.989183665879819e-16
99.99999999999999,0.521983528679337,2.629918534244355e-16
99.99999999999999,0.5099835286793373,1.7211969695891392e-16
99.99999999999999,0.4979835286793375,1.1438495211326784e-16
99.99999999999999,0.4859835286793377,7.528063713521802e-17
99.99999999999999,0.47398352867933796,4.9542260029587405e-17
99.99999999999999,0.46198352867933823,3.3557290134096405e-17
99.99999999999999,0.4499835286793385,2.2034984087869468e-17
99.99999999999999,0.43798352867933876,1.557624572430258e-17
99.99999999999999,0.425983528679339,1.003183224341888e-17
99.99999999999999,0.41398352867933924,7.116219253914195e-18
99.99999999999999,0.4019835286793395,4.351078526065342e-18
99.99999999999999,0.3899835286793405,3.113137585697634e-18
99.99999999999999,0.37798352867934004,1.896948667654188e-18
99.99999999999999,0.3659835286793396,8.397699372924997e-19
99.99999999999999,0.3539835286793405,1.1521755106221927e-18
99.99999999999999,0.3419835286793415,5.273538298535155e-19
99.99999999999999,0.32998352867934105,5.333461548792775e-19
99.99999999999999,0.3179835286793406,5.201536139259639e-21
99.99999999999999,0.30598352867934153,5.372906003461848e-19
99.99999999999999,0.2939835286793425,1.6123860847788638e-19
99.99999999999999,0.28198352867934207,1.5859844405732357e-19
99.99999999999999,0.2699835286793416,-2.1681163694306801e-19
99.99999999999999,0.2579835286793426,1.5139086034234856e-19
99.99999999999999,0.2459835286793436,1.943738014803854e-20
99.99999999999999,0.23398352867934313,-2.9729576359457494e-19
99.99999999999999,0.22198352867934268,-1.769755935060646e-19
99.99999999999999,0.20998352867934356,7.332148035073371e-20
99.99999999999999,0.19798352867934454,-1.2924633588808057e-19
99.99999999999999,0.1859835286793441,-2.3467194523768334e-20
99.99999999999999,0.17398352867934364,6.864256999208918e-20
99.99999999999999,0.16198352867934462,8.013510055637866e-20
99.99999999999999,0.1499835286793456,-7.675645245093873e-20
99.99999999999999,0.13798352867934516,2.0957680459278775e-19
99.99999999999999,0.1259835286793447,-7.602698060522407e-20
99.99999999999999,0.11398352867934558,-1.3268042507161093e-19
99.99999999999999,0.10198352867934657,1.7775292552462833e-19
99.99999999999999,0.08998352867934611,3.914959094512826e-20
99.99999999999999,0.07798352867934566,-1.5682155902679578e-19
99.99999999999999,0.06598352867934665,8.338185917786048e-20
99.99999999999999,0.05398352867934764,1.999322186286378e-20
99.99999999999999,0.04198352867934718,-1.7546130007275257e-19
99.99999999999999,0.03148764650950964,-3.2088997633788925e-20
99.99999999999999,0.020991764339673535,-1.4225276409544861e-19
99.99999999999999,0.010495882169837545,-2.2856977319942826e-20
99.99999999999999,0.0,7.992995943382334e-20
199.99999999999997,-0.0012000000000000899,5.1351623606674935e-18
199.99999999999997,-0.0025199999999998557,-1.26686669111928e-18
199.99999999999997,-0.003972000000000309,-2.6507636830155415e-18
199.99999999999997,-0.005569200000000052,-6.949087633313748e-19
199.99999999999997,-0.0073261199999997695,1.965046386721782e-18
199.99999999999997,-0.009258731999999936,-2.3658691234705313e-18
199.99999999999997,-0.011384605199999953,-1.0086197746327102e-18
199.99999999999997,-0.013723065720000038,2.971204589665438e-18
199.99999999999997,-0.016295372292000065,-1.4314600176161817e-18
199.99999999999997,-0.01912490952120005,1.378566489031691e-18
199.99999999999997,-0.022237400473320124,-1.9877388066408025e-18
199.99999999999997,-0.025661140520652048,-1.4250043744540224e-19
199.99999999999997,-0.02942725457271711,1.3022247638546388e-18
199.99999999999997,-0.0335699800299889,-5.08619555832561e-19
199.99999999999997,-0.038126978032988035,-1.6030246106132655e-18
199.99999999999997,-0.04313967583628653,1.9329570541885645e-18
199.99999999999997,-0.04865364341991518,-1.2685990345258394e-19
199.99999999999997,-0.05471900776190708,-3.399637165975632e-19
199.99999999999997,-0.06139090853809748,6.845044732367525e-19
199.99999999999997,-0.06872999939190727,-1.8022241301835155e-19
199.99999999999997,-0.07680299933109824,-4.855409664272695e-19
199.99999999999997,-0.08568329926420759,-4.99855481356304e-19
199.99999999999997,-0.09545162919062877,2.81999079978447e-19
199.99999999999997,-0.10619679210969157,-3.1664040704636778e-19
199.99999999999997,-0.11801647132066084,-5.931554175496524e-19
199.99999999999997,-0.13001647132066052,-1.6667451332617405e-18
199.99999999999997,-0.14201647132066064,-3.0248523117625355e-18
199.99999999999997,-0.15401647132066076,-6.219410037568465e-18
199.99999999999997,-0.16601647132066044,-1.3207128137268022e-17
199.99999999999997,-0.17801647132066056,-2.6734429505206496e-17
199.99999999999997,-0.19001647132066068,-5.66062902006419e-17
199.99999999999997,-0.2020164713206607,-1.154217263957141e-16
199.99999999999997,-0.21401647132066093,-2.410903747102658e-16
199.99999999999997,-0.22601647132066072,-4.966964729916979e-16
199.99999999999997,-0.23801647132066073,-1.0320776244272843e-15
199.99999999999997,-0.25001647132066074,-2.1400863850490793e-15
199.99999999999997,-0.2620164713206605,-4.444606739603798e-15
199.99999999999997,-0.27401647132066076,-9.23509497648053e-15
199.99999999999997,-0.28601647132066077,-1.9204398117829285e-14
199.99999999999997,-0.2980164713206608,-3.996066897601705e-14
199.99999999999997,-0.310016471320661,-8.3202281792071e-14
199.99999999999997,-0.3220164713206608,-1.733450022983915e-13
199.99999999999997,-0.3340164713206608,-3.6135916067543294e-13
199.99999999999997,-0.3460164713206608,-7.537237863584191e-13
199.99999999999997,-0.3580164713206606,-1.572964833540553e-12
199.99999999999997,-0.37001647132066084,-3.2843519043809817e-12
199.99999999999997,-0.38201647132066086,-6.861106708534639e-12
199.99999999999997,-0.39401647132066087,-1.4339792354569172e-11
199.99999999999997,-0.4060164713206611,-2.998377143633043e-11
199.99999999999997,-0.4180164713206609,-6.272130139447065e-11
199.99999999999997,-0.43001647132066134,-1.3125623920654426e-10
199.99999999999997,-0.44201647132066113,-2.7478405957021934e-10
199.99999999999997,-0.4540164713206607,-5.754665885358329e-10
199.99999999999997,-0.46601647132066115,-1.2055782430952088e-9
199.99999999999997,-0.47801647132066094,-2.526422894992503e-9
199.99999999999997,-0.49001647132066073,-5.295889500079357e-9
199.99999999999997,-0.5020164713206612,-1.1103961524935593e-8
199.99999999999997,-0.514016471320661,-2.328640464353301e-8
199.99999999999997,-0.5260164713206608,-4.8840974861608696e-8
199.99999999999997,-0.5380164713206612,-1.0244340350557932e-7
199.99999999999997,-0.5500164713206608,-2.1485421340077026e-7
199.99999999999997,-0.5620164713206606,-4.5048304367609166e-7
199.99999999999997,-0.574016471320661,-9.439720068141316e-7
199.99999999999997,-0.5860164713206615,-1.976019041217298e-6
199.99999999999997,-0.5980164713206613,-4.129324916542293e-6
199.99999999999997,-0.6100164713206611,-8.605500390060215e-6
199.99999999999997,-0.6220164713206615,-1.7857149231317803e-5
199.99999999999997,-0.6340164713206613,-3.681258065212317e-5
199.99999999999997,-0.6460164713206609,-7.514462505534743e-5
199.99999999999997,-0.6580164713206613,-0.00015119077986054658
199.99999999999997,-0.6700164713206611,-0.00029802609929682836
199.99999999999997,-0.6820164713206609,-0.0005713510071176769
199.99999999999997,-0.6940164713206614,-0.001056983778562387
199.99999999999997,-0.7060164713206611,-0.0018740046839401633
199.99999999999997,-0.7180164713206609,-0.003171382693368615
199.99999999999997,-0.7300164713206614,-0.005123025400980409
199.99999999999997,-0.742016471320661,-0.00793244645991944
199.99999999999997,-0.7540164713206607,-0.011854818452107514
199.99999999999997,-0.7660164713206612,-0.017234522188989295
199.99999999999997,-0.7780164713206617,-0.024552390469572756
199.99999999999997,-0.7900164713206614,-0.03448129859266686
199.99999999999997,-0.8020164713206612,-0.047954822011886375
199.99999999999997,-0.814016471320661,-0.06625699130996059
199.99999999999997,-0.8260164713206606,-0.09114234990246287
199.99999999999997,-0.838016471320661,-0.12499619634041115
199.99999999999997,-0.8500164713206608,-0.17104549028445667
199.99999999999997,-0.8620164713206606,-0.23363062441853746
199.99999999999997,-0.8740164713206611,-0.3185453599406198
199.99999999999997,-0.8860164713206609,-0.4334438413458124
199.99999999999997,-0.8980164713206606,-0.5882955481706096
199.99999999999997,-0.9100164713206602,-0.7958360213245764
199.99999999999997,-0.92201647132066,-1.0719086736515997
199.99999999999997,-0.9340164713206605,-1.4355219483361252
199.99999999999997,-0.9460164713206602,-1.9083713668094544
199.99999999999997,-0.95801647132066,-2.5135345116798113
199.99999999999997,-0.9700164713206605,-3.273094017174222
199.99999999999997,-0.9820164713206603,-4.204621272253154
199.99999999999997,-0.9940164713206598,-5.316734026191585
199.99999999999997,-1.0060164713206596,-6.604197191880331
199.99999999999997,-1.0180164713206594,-8.043115400548286
199.99999999999997,-1.0300164713206599,-9.586662223768824
199.99999999999997,-1.0420164713206597,-11.161768245875232
199.99999999999997,-1.0540164713206595,-12.667721283079288
199.99999999999997,-1.06601647132066,-13.979169189391648
199.99999999999997,-1.0780164713206595,-14.958504036784333
199.99999999999997,-1.0900164713206593,-15.484129647094665
199.99999999999997,-1.102016471320659,-15.495582479056432
199.99999999999997,-1.1140164713206588,-15.036442199154862
199.99999999999997,-1.1260164713206593,-14.253862940999154
199.99999999999997,-1.138016471320659,-13.33509005829255
199.99999999999997,-1.1500164713206587,-12.428286263280109
199.99999999999997,-1.162016471320659,-11.610331954197076
199.99999999999997,-1.174016471320659,-10.90289714436642
199.99999999999997,-1.1860164713206587,-10.300286812583291
199.99999999999997,-1.1980164713206585,-9.787896785729012
199.99999999999997,-1.1899835286793419,-9.208361188088054
199.99999999999997,-1.1779835286793414,-8.735915493589143
199.99999999999997,-1.1659835286793416,-8.33106628738737
199.99999999999997,-1.1539835286793418,-7.9572183830610745
199.99999999999997,-1.1419835286793414,-7.595850715311105
199.99999999999997,-1.1299835286793416,-7.233162599853128
199.99999999999997,-1.117983528679342,-6.857803348232316
199.99999999999997,-1.1059835286793422,-6.460636927765477
199.99999999999997,-1.0939835286793425,-6.0353044611636975
199.99999999999997,-1.081983528679342,-5.579087868798435
199.99999999999997,-1.0699835286793422,-5.093656965300899
199.99999999999997,-1.0579835286793424,-4.5853171368108665
199.99999999999997,-1.045983528679342,-4.0645102317504715
199.99999999999997,-1.0339835286793422,-3.5445543559752615
199.99999999999997,-1.0219835286793426,-3.0398541229862825
199.99999999999997,-1.0099835286793428,-2.563974990240332
199.99999999999997,-0.997983528679343,-2.1279998392183965
199.99999999999997,-0.9859835286793426,-1.73947802664631
199.99999999999997,-0.9739835286793429,-1.4020887493067395
199.99999999999997,-0.9619835286793431,-1.1159460622551067
199.99999999999997,-0.9499835286793427,-0.8783383469127236
199.99999999999997,-0.937983528679343,-0.684651756962366
199.99999999999997,-0.9259835286793432,-0.5292642388013905
199.99999999999997,-0.9139835286793434,-0.4062763106934676
199.99999999999997,-0.9019835286793436,-0.3100270650749315
199.99999999999997,-0.8899835286793432,-0.2354041881757205
199.99999999999997,-0.8779835286793435,-0.1779887170518488
199.99999999999997,-0.8659835286793438,-0.13408416384665423
199.99999999999997,-0.8539835286793434,-0.10067481448681058
199.99999999999997,-0.8419835286793436,-0.07534753285696216
199.99999999999997,-0.8299835286793438,-0.05620038576373207
199.99999999999997,-0.817983528679344,-0.041752261660253934
199.99999999999997,-0.8059835286793443,-0.03086104000745972
199.99999999999997,-0.7939835286793439,-0.022653540284476692
199.99999999999997,-0.7819835286793434,-0.016467872490207095
199.99999999999997,-0.7699835286793437,-0.011807305173030228
199.99999999999997,-0.7579835286793439,-0.008303806382294512
199.99999999999997,-0.7459835286793435,-0.005688628648058712
199.99999999999997,-0.733983528679343,-0.00376683394509698
199.99999999999997,-0.7219835286793432,-0.0023934544930970304
199.99999999999997,-0.7099835286793434,-0.0014520574280064355
199.99999999999997,-0.6979835286793431,-0.000840126143278693
199.99999999999997,-0.6859835286793426,-0.0004649788837679283
199.99999999999997,-0.6739835286793429,-0.0002477209437046299
199.99999999999997,-0.6619835286793431,-0.00012800764067951353
199.99999999999997,-0.6499835286793426,-6.462223829290762e-5
199.99999999999997,-0.6379835286793422,-3.204803795732013e-5
199.99999999999997,-0.6259835286793425,-1.5656490847690822e-5
199.99999999999997,-0.6139835286793427,-7.52046012288595e-6
199.99999999999997,-0.6019835286793422,-3.5108501157431144e-6
199.99999999999997,-0.5899835286793418,-1.5340466975050251e-6
199.99999999999997,-0.577983528679342,-5.472620749384858e-7
199.99999999999997,-0.5659835286793423,-3.689879443007455e-8
199.99999999999997,-0.5539835286793419,2.4851096729624396e-7
199.99999999999997,-0.5419835286793414,4.3205507911805263e-7
199.99999999999997,-0.5299835286793416,5.744896475479477e-7
199.99999999999997,-0.5179835286793419,7.065734488117893e-7
199.99999999999997,-0.5059835286793415,8.448263310188506e-7
199.99999999999997,-0.49398352867934103,9.992077765547542e-7
199.99999999999997,-0.48198352867934124,1.1768832404702603e-6
199.99999999999997,-0.46998352867934146,1.384109342727382e-6
199.99999999999997,-0.457983528679341,1.627224434708467e-6
199.99999999999997,-0.44598352867934055,1.913224360128592e-6
199.99999999999997,-0.43398352867934087,2.2501575882072782e-6
199.99999999999997,-0.4219835286793411,2.647457039688789e-6
199.99999999999997,-0.4099835286793406,3.1162694674494073e-6
199.99999999999997,-0.39798352867934017,3.669817606995702e-6
199.99999999999997,-0.3859835286793405,4.323819024437942e-6
199.99999999999997,-0.3739835286793407,5.096981901919781e-6
199.99999999999997,-0.36198352867934025,6.011597584384291e-6
199.99999999999997,-0.3499835286793398,7.0942524872088505e-6
199.99999999999997,-0.33798352867934,8.376685456420667e-6
199.99999999999997,-0.32598352867934033,9.896822235117667e-6
199.99999999999997,-0.3139835286793399,1.1700025305263722e-5
199.99999999999997,-0.3019835286793394,1.3840606077235909e-5
199.99999999999997,-0.28998352867933963,1.6383656711115588e-5
199.99999999999997,-0.27798352867933995,1.940727195404151e-5
199.99999999999997,-0.2659835286793395,2.3005247655990768e-5
199.99999999999997,-0.25398352867933904,2.7290362238202783e-5
199.99999999999997,-0.24198352867933925,3.239837247232516e-5
199.99999999999997,-0.22998352867933947,3.8492885339974804e-5
199.99999999999997,-0.217983528679339,4.577130586231972e-5
199.99999999999997,-0.20598352867933856,5.4472108055168616e-5
199.99999999999997,-0.19398352867933877,6.488373483769018e-5
199.99999999999997,-0.1819835286793392,7.735550566002818e-5
199.99999999999997,-0.16998352867933875,9.231100138558635e-5
199.99999999999997,-0.1579835286793383,0.00011026450852438
199.99999999999997,-0.1459835286793385,0.00013184124498656822
199.99999999999997,-0.13398352867933871,0.00015780226312803736
199.99999999999997,-0.12198352867933826,0.00018907514095733665
199.99999999999997,-0.1099835286793378,0.00022679183842644378
199.99999999999997,-0.09798352867933802,0.0002723354236510161
199.99999999999997,-0.08598352867933823,0.0003273977768489816
199.99999999999997,-0.07398352867933777,0.00039405087267308967
199.99999999999997,-0.06198352867933732,0.00047483484090189254
199.99999999999997,-0.04998352867933775,0.000572866729117772
199.99999999999997,-0.03798352867933796,0.000691974756583258
199.99999999999997,-0.02598352867933751,0.000836863872241553
199.99999999999997,-0.013983528679337054,0.0010133196222065217
199.99999999999997,-0.0019835286793372653,0.0012284586941158427
199.99999999999997,0.010016471320662523,0.0014910360201480192
199.99999999999997,0.022016471320662978,0.00181181994060158
199.99999999999997,0.03401647132066343,0.002204048562579243
199.99999999999997,0.04601647132066322,0.0026839819281723213
199.99999999999997,0.05801647132066301,0.0032715656600140254
199.99999999999997,0.07001647132066346,0.003991221943285144
199.99999999999997,0.08201647132066392,0.004872782358006056
199.99999999999997,0.09401647132066349,0.005952573171077708
199.99999999999997,0.10601647132066327,0.007274655710978586
199.99999999999997,0.11801647132066373,0.008892210149414194
199.99999999999997,0.13001647132066418,0.010869027204846962
199.99999999999997,0.14201647132066397,0.01328103449206167
199.99999999999997,0.15401647132066376,0.016217726445121435
199.99999999999997,0.16601647132066422,0.019783281247082344
199.99999999999997,0.17801647132066467,0.024097026020477558
199.99999999999997,0.19001647132066446,0.029292743817619968
199.99999999999997,0.20201647132066403,0.035516097484302005
199.99999999999997,0.21401647132066448,0.042919181769836376
199.99999999999997,0.22601647132066494,0.05165093508688569
199.99999999999997,0.23801647132066472,0.06184191880033624
199.99999999999997,0.2500164713206645,0.07358194923797659
199.99999999999997,0.26201647132066497,0.08688949141194593
199.99999999999997,0.2740164713206654,0.1016729522512617
199.99999999999997,0.2860164713206652,0.11768646682302662
199.99999999999997,0.298016471320665,0.1344867557117802
199.99999999999997,0.31001647132066545,0.15140293101816293
199.99999999999997,0.3220164713206659,0.16753639818294927
199.99999999999997,0.3340164713206655,0.18181019689025657
199.99999999999997,0.34601647132066526,0.1930817066763768
199.99999999999997,0.3580164713206657,0.2003156548195389
199.99999999999997,0.3700164713206662,0.202786832635488
199.99999999999997,0.38201647132066596,0.20025435840302586
199.99999999999997,0.39401647132066575,0.19304051821420806
199.99999999999997,0.4060164713206662,0.18197248743938038
199.99999999999997,0.41801647132066666,0.16819951939539077
199.99999999999997,0.43001647132066645,0.1529517571467283
199.99999999999997,0.442016471320666,0.13732548945638115
199.99999999999997,0.45401647132066647,0.1221539166506781
199.99999999999997,0.4660164713206669,0.10797465216177876
199.99999999999997,0.4780164713206667,0.0950672563264689
199.99999999999997,0.4900164713206665,0.08352195148666375
199.99999999999997,0.502016471320667,0.07330906624055718
199.99999999999997,0.5140164713206674,0.06433392493538535
199.99999999999997,0.5260164713206672,0.05647393375716242
199.99999999999997,0.538016471320667,0.04960073177120598
199.99999999999997,0.5500164713206674,0.04359191821651476
199.99999999999997,0.5620164713206679,0.038336325593191105
199.99999999999997,0.5740164713206675,0.0337356556027653
199.99999999999997,0.5860164713206673,0.029704248413476388
199.99999999999997,0.5980164713206677,0.026168008975286983
199.99999999999997,0.6100164713206682,0.023063042704245595
199.99999999999997,0.622016471320668,0.02033427718654958
199.99999999999997,0.6340164713206677,0.017934194228538907
199.99999999999997,0.6460164713206682,0.015821716683161707
199.99999999999997,0.6580164713206686,0.013961255116555653
199.99999999999997,0.6700164713206684,0.012321901805014027
199.99999999999997,0.682016471320668,0.010876753217605825
199.99999999999997,0.6940164713206685,0.009602341285153622
199.99999999999997,0.7060164713206689,0.008478155329160469
199.99999999999997,0.7180164713206687,0.007486238968644059
199.99999999999997,0.7300164713206685,0.006610824342147619
199.99999999999997,0.742016471320669,0.005838118478674679
199.99999999999997,0.7540164713206694,0.005155992411653279
199.99999999999997,0.7660164713206692,0.004553749520403982
199.99999999999997,0.778016471320669,0.004021982710336223
199.99999999999997,0.7900164713206694,0.0035524077051216686
199.99999999999997,0.7979835286793311,0.0031375311081733807
199.99999999999997,0.7859835286793313,0.0027703960089796456
199.99999999999997,0.7739835286793316,0.002446664168595188
199.99999999999997,0.7619835286793318,0.0021608549271002705
199.99999999999997,0.7499835286793322,0.001908456198835545
199.99999999999997,0.7379835286793324,0.0016855320284211283
199.99999999999997,0.7259835286793326,0.0014886230889446525
199.99999999999997,0.7139835286793329,0.0013146741038813719
199.99999999999997,0.7019835286793331,0.0011610078356151144
199.99999999999997,0.6899835286793334,0.0010252519675597721
199.99999999999997,0.6779835286793336,0.000905311164806084
199.99999999999997,0.6659835286793339,0.0007993361813384242
199.99999999999997,0.6539835286793342,0.0007056940511288097
199.99999999999997,0.6419835286793344,0.0006229425189194551
199.99999999999997,0.6299835286793347,0.000549807612432793
199.99999999999997,0.6179835286793349,0.00048516390543981724
199.99999999999997,0.6059835286793351,0.0004280171290777496
199.99999999999997,0.5939835286793355,0.0003774888453937453
199.99999999999997,0.5819835286793357,0.00033280293822993156
199.99999999999997,0.569983528679336,0.00029327370995738935
199.99999999999997,0.5579835286793362,0.00025829540070963677
199.99999999999997,0.5459835286793364,0.0002273329708144821
199.99999999999997,0.5339835286793366,0.00019991400770339257
199.99999999999997,0.521983528679337,0.00017562163573816916
199.99999999999997,0.5099835286793373,0.00015408832083072335
199.99999999999997,0.4979835286793375,0.00013499047097419447
199.99999999999997,0.4859835286793377,0.00011804373799242986
199.99999999999997,0.47398352867933796,0.0001029989243322329
199.99999999999997,0.46198352867933823,8.96383916851313e-5
199.99999999999997,0.4499835286793385,7.777285726460749e-5
199.99999999999997,0.43798352867933876,6.723845292118884e-5
199.99999999999997,0.425983528679339,5.789391908121483e-5
199.99999999999997,0.41398352867933924,4.961781873105756e-5
199.99999999999997,0.4019835286793395,4.230569408368964e-5
199.99999999999997,0.3899835286793405,3.586715157169257e-5
199.99999999999997,0.37798352867934004,3.0222940161470552e-5
199.99999999999997,0.3659835286793396,2.5302163140271592e-5
199.99999999999997,0.3539835286793405,2.1039808851785253e-5
199.99999999999997,0.3419835286793415,1.737478165273416e-5
199.99999999999997,0.32998352867934105,1.4248557400347548e-5
199.99999999999997,0.3179835286793406,1.1604494358956816e-5
199.99999999999997,0.30598352867934153,9.387729696141745e-6
199.99999999999997,0.2939835286793425,7.545513068663772e-6
199.99999999999997,0.28198352867934207,6.027790434285282e-6
199.99999999999997,0.2699835286793416,4.787855654622731e-6
199.99999999999997,0.2579835286793426,3.7829242790096167e-6
199.99999999999997,0.2459835286793436,2.9745366906648565e-6
199.99999999999997,0.23398352867934313,2.328750982335248e-6
199.99999999999997,0.22198352867934268,1.8161289524079097e-6
199.99999999999997,0.20998352867934356,1.4115469145549477e-6
199.99999999999997,0.19798352867934454,1.0938768632360203e-6
199.99999999999997,0.1859835286793441,8.455859924309043e-7
199.99999999999997,0.17398352867934364,6.522976039662867e-7
199.99999999999997,0.16198352867934462,5.023477338906746e-7
199.99999999999997,0.1499835286793456,3.863621156994731e-7
199.99999999999997,0.13798352867934516,2.968691165724249e-7
199.99999999999997,0.1259835286793447,2.2795689589360525e-7
199.99999999999997,0.11398352867934558,1.7497749747291797e-7
199.99999999999997,0.10198352867934657,1.3429678617373945e-7
199.99999999999997,0.08998352867934611,1.0308678977455412e-7
199.99999999999997,0.07798352867934566,7.915576151933401e-8
199.99999999999997,0.06598352867934665,6.081082063165028e-8
199.99999999999997,0.05398352867934764,4.674808482351479e-8
199.99999999999997,0.04198352867934718,3.596557395585067e-8
199.99999999999997,0.03148764650950964,2.8614031926130734e-8
199.99999999999997,0.020991764339673535,2.278191095886136e-8
199.99999999999997,0.010495882169837545,1.8152718088237937e-8
199.99999999999997,0.0,1.4476064740301383e-8
399.99999999999994,-0.0012000000000000899,6.944826251206027e-18
399.99999999999994,-0.0025199999999998557,-1.8566846227477747e-18
399.99999999999994,-0.003972000000000309,1.4568284179273557e-17
399.99999999999994,-0.005569200000000052,-1.3173819466361645e-17
399.99999999999994,-0.0073261199999997695,6.5996692796187044e-18
399.99999999999994,-0.009258731999999936,5.630341123734139e-18
399.99999999999994,-0.011384605199999953,-1.680779830584782e-17
399.99999999999994,-0.013723065720000038,8.90179328055548e-18
399.99999999999994,-0.016295372292000065,-3.2025437375739608e-18
399.99999999999994,-0.01912490952120005,5.35239335258564e-18
399.99999999999994,-0.022237400473320124,-3.435668691015966e-18
399.99999999999994,-0.025661140520652048,1.539218840837579e-18
399.99999999999994,-0.02942725457271711,-5.585542784131316e-19
399.99999999999994,-0.0335699800299889,1.6024740359530862e-18
399.99999999999994,-0.038126978032988035,-2.8371997591363805e-18
399.99999999999994,-0.04313967583628653,2.0761125549157863e-18
399.99999999999994,-0.04865364341991518,-2.7530073824511487e-18
399.99999999999994,-0.05471900776190708,2.3658157831252187e-18
399.99999999999994,-0.06139090853809748,-1.6648703053711266e-19
399.99999999999994,-0.06872999939190727,-5.947362037421898e-19
399.99999999999994,-0.07680299933109824,-2.3330251102982667e-19
399.99999999999994,-0.08568329926420759,2.301498287023039e-18
399.99999999999994,-0.09545162919062877,-1.7827024162703425e-18
399.99999999999994,-0.10619679210969157,-2.716514183326156e-19
399.99999999999994,-0.11801647132066084,1.0751684316172505e-19
399.99999999999994,-0.13001647132066052,-3.2855795543061454e-18
399.99999999999994,-0.14201647132066064,-3.0207203835065663e-18
399.99999999999994,-0.15401647132066076,-6.5196553517645774e-18
399.99999999999994,-0.16601647132066044,-1.207772152541612e-17
399.99999999999994,-0.17801647132066056,-2.6836587105043618e-17
399.99999999999994,-0.19001647132066068,-5.78712693376923e-17
399.99999999999994,-0.2020164713206607,-1.1528289676045722e-16
399.99999999999994,-0.21401647132066093,-2.403056858950691e-16
399.99999999999994,-0.22601647132066072,-4.963240191288422e-16
399.99999999999994,-0.23801647132066073,-1.0326287766367509e-15
399.99999999999994,-0.25001647132066074,-2.1386825052476477e-15
399.99999999999994,-0.2620164713206605,-4.44355459602545e-15
399.99999999999994,-0.27401647132066076,-9.235504529132013e-15
399.99999999999994,-0.28601647132066077,-1.920165788622067e-14
399.99999999999994,-0.2980164713206608,-3.9957134524203284e-14
399.99999999999994,-0.310016471320661,-8.319664068438732e-14
399.99999999999994,-0.3220164713206608,-1.73329487498492e-13
399.99999999999994,-0.3340164713206608,-3.613278567375307e-13
399.99999999999994,-0.3460164713206608,-7.536602547086207e-13
399.99999999999994,-0.3580164713206606,-1.5728318476612176e-12
399.99999999999994,-0.37001647132066084,-3.2840759895644776e-12
399.99999999999994,-0.38201647132066086,-6.860529074675046e-12
399.99999999999994,-0.39401647132066087,-1.4338594146911413e-11
399.99999999999994,-0.4060164713206611,-2.998126951096362e-11
399.99999999999994,-0.4180164713206609,-6.271608513129754e-11
399.99999999999994,-0.43001647132066134,-1.312453457119813e-10
399.99999999999994,-0.44201647132066113,-2.7476129668893843e-10
399.99999999999994,-0.4540164713206607,-5.754189931296663e-10
399.99999999999994,-0.46601647132066115,-1.2054786294371985e-9
399.99999999999994,-0.47801647132066094,-2.5262142629480867e-9
399.99999999999994,-0.49001647132066073,-5.295452198709382e-9
399.99999999999994,-0.5020164713206612,-1.1103044229891827e-8
399.99999999999994,-0.514016471320661,-2.3284479140870965e-8
399.99999999999994,-0.5260164713206608,-4.883693035066368e-8
399.99999999999994,-0.5380164713206612,-1.024349031277277e-7
399.99999999999994,-0.5500164713206608,-2.1483633997813728e-7
399.99999999999994,-0.5620164713206606,-4.504454512755917e-7
399.99999999999994,-0.574016471320661,-9.438929356853751e-7
399.99999999999994,-0.5860164713206615,-1.9758527572883525e-6
399.99999999999994,-0.5980164713206613,-4.128975367792237e-6
399.99999999999994,-0.6100164713206611,-8.604765846084432e-6
399.99999999999994,-0.6220164713206615,-1.7855604916665513e-5
399.99999999999994,-0.6340164713206613,-3.680932421050841e-5
399.99999999999994,-0.6460164713206609,-7.513769988002325e-5
399.99999999999994,-0.6580164713206613,-0.00015117578601385516
399.99999999999994,-0.6700164713206611,-0.0002979926647652602
399.99999999999994,-0.6820164713206609,-0.000571273766683072
399.99999999999994,-0.6940164713206614,-0.00105680071561199
399.99999999999994,-0.7060164713206611,-0.0018735711203918784
399.99999999999994,-0.7180164713206609,-0.0031703864293390277
399.99999999999994,-0.7300164713206614,-0.00512084402928642
399.99999999999994,-0.742016471320661,-0.007927904956840351
399.99999999999994,-0.7540164713206607,-0.01184574830049319
399.99999999999994,-0.7660164713206612,-0.0172169296725425
399.99999999999994,-0.7780164713206617,-0.02451889052811136
399.99999999999994,-0.7900164713206614,-0.034418193376110566
399.99999999999994,-0.8020164713206612,-0.04783668147528003
399.99999999999994,-0.814016471320661,-0.06603663398216778
399.99999999999994,-0.8260164713206606,-0.09073239250230376
399.99999999999994,-0.838016471320661,-0.12423527486645865
399.99999999999994,-0.8500164713206608,-0.1696369413073071
399.99999999999994,-0.8620164713206606,-0.23103250764816635
399.99999999999994,-0.8740164713206611,-0.3137764967423824
399.99999999999994,-0.8860164713206609,-0.4247495704383516
399.99999999999994,-0.8980164713206606,-0.5725897209956385
399.99999999999994,-0.9100164713206602,-0.7678088582498926
399.99999999999994,-0.92201647132066,-1.0226821079601338
399.99999999999994,-0.9340164713206605,-1.350781484513739
399.99999999999994,-0.9460164713206602,-1.766056573217747
399.99999999999994,-0.95801647132066,-2.281465187113268
399.99999999999994,-0.9700164713206605,-2.9073132156443027
399.99999999999994,-0.9820164713206603,-3.649604795709393
399.99999999999994,-0.9940164713206598,-4.508732820321724
399.99999999999994,-1.0060164713206596,-5.478707123845935
399.99999999999994,-1.0180164713206594,-6.546881456539059
399.99999999999994,-1.0300164713206599,-7.69392682817341
399.99999999999994,-1.0420164713206597,-8.89370372300542
399.99999999999994,-1.0540164713206595,-10.112721496484534
399.99999999999994,-1.06601647132066,-11.309006951434773
399.99999999999994,-1.0780164713206595,-12.430441583573117
399.99999999999994,-1.0900164713206593,-13.413098634309481
399.99999999999994,-1.102016471320659,-14.181148924987832
399.99999999999994,-1.1140164713206588,-14.651988690593004
399.99999999999994,-1.1260164713206593,-14.75307845723443
399.99999999999994,-1.138016471320659,-14.455958041759203
399.99999999999994,-1.1500164713206587,-13.81579215745338
399.99999999999994,-1.162016471320659,-12.973429808000843
399.99999999999994,-1.174016471320659,-12.091173760439665
399.99999999999994,-1.1860164713206587,-11.2777760013293
399.99999999999994,-1.1980164713206585,-10.572533590043891
399.99999999999994,-1.1899835286793419,-9.75075255105019
399.99999999999994,-1.1779835286793414,-9.110338654756339
399.99999999999994,-1.1659835286793416,-8.58035554867621
399.99999999999994,-1.1539835286793418,-8.102540361963738
399.99999999999994,-1.1419835286793414,-7.650843144718905
399.99999999999994,-1.1299835286793416,-7.208833391643857
399.99999999999994,-1.117983528679342,-6.765068843386499
399.99999999999994,-1.1059835286793422,-6.311762756622282
399.99999999999994,-1.0939835286793425,-5.844478625960866
399.99999999999994,-1.081983528679342,-5.362131346069998
399.99999999999994,-1.0699835286793422,-4.866948251744676
399.99999999999994,-1.0579835286793424,-4.364203769916908
399.99999999999994,-1.045983528679342,-3.8616544134427992
399.99999999999994,-1.0339835286793422,-3.3686923789260543
399.99999999999994,-1.0219835286793426,-2.8953053853275303
399.99999999999994,-1.0099835286793428,-2.450976927320081
399.99999999999994,-0.997983528679343,-2.0436841011093594
399.99999999999994,-0.9859835286793426,-1.6791443724779105
399.99999999999994,-0.9739835286793429,-1.3604215879776138
399.99999999999994,-0.9619835286793431,-1.087928013019185
399.99999999999994,-0.9499835286793427,-0.859772833285431
399.99999999999994,-0.937983528679343,-0.6723387976872022
399.99999999999994,-0.9259835286793432,-0.5209415143381567
399.99999999999994,-0.9139835286793434,-0.40044377891181765
399.99999999999994,-0.9019835286793436,-0.30574375889229427
399.99999999999994,-0.8899835286793432,-0.2321074159688119
399.99999999999994,-0.8779835286793435,-0.17535493548268388
399.99999999999994,-0.8659835286793438,-0.1319320938033661
399.99999999999994,-0.8539835286793434,-0.09890302947127955
399.99999999999994,-0.8419835286793436,-0.07389685388930353
399.99999999999994,-0.8299835286793438,-0.05503258814646869
399.99999999999994,-0.817983528679344,-0.04083871567343562
399.99999999999994,-0.8059835286793443,-0.03017693150330053
399.99999999999994,-0.7939835286793439,-0.0221748909963651
399.99999999999994,-0.7819835286793434,-0.016169699487469935
399.99999999999994,-0.7699835286793437,-0.011662082747562696
399.99999999999994,-0.7579835286793439,-0.008280137980510856
399.99999999999994,-0.7459835286793435,-0.005750837483834917
399.99999999999994,-0.733983528679343,-0.0038767952137167523
399.99999999999994,-0.7219835286793432,-0.0025155367974089063
399.99999999999994,-0.7099835286793434,-0.0015597595925162626
399.99999999999994,-0.6979835286793431,-0.0009204195131023026
399.99999999999994,-0.6859835286793426,-0.0005171628426073783
399.99999999999994,-0.6739835286793429,-0.00027802894316277134
399.99999999999994,-0.6619835286793431,-0.0001440936136040489
399.99999999999994,-0.6499835286793426,-7.256896439790378e-5
399.99999999999994,-0.6379835286793422,-3.57418488252289e-5
399.99999999999994,-0.6259835286793425,-1.72640086185097e-5
399.99999999999994,-0.6139835286793427,-8.143285291058743e-6
399.99999999999994,-0.6019835286793422,-3.6726639966855443e-6
399.99999999999994,-0.5899835286793418,-1.4696498470935893e-6
399.99999999999994,-0.577983528679342,-3.5427870865301586e-7
399.99999999999994,-0.5659835286793423,2.505020572529151e-7
399.99999999999994,-0.5539835286793419,6.257423873764617e-7
399.99999999999994,-0.5419835286793414,9.093490367904415e-7
399.99999999999994,-0.5299835286793416,1.1709667021552478e-6
399.99999999999994,-0.5179835286793419,1.4483351525090014e-6
399.99999999999994,-0.5059835286793415,1.7649164103711432e-6
399.99999999999994,-0.49398352867934103,2.1385273151083122e-6
399.99999999999994,-0.48198352867934124,2.585709778859193e-6
399.99999999999994,-0.46998352867934146,3.1241086473670914e-6
399.99999999999994,-0.457983528679341,3.7739772009033497e-6
399.99999999999994,-0.44598352867934055,4.559343575703803e-6
399.99999999999994,-0.43398352867934087,5.509116643379918e-6
399.99999999999994,-0.4219835286793411,6.658284762477245e-6
399.99999999999994,-0.4099835286793406,8.049314418331876e-6
399.99999999999994,-0.39798352867934017,9.733817789642477e-6
399.99999999999994,-0.3859835286793405,1.1774590912357678e-5
399.99999999999994,-0.3739835286793407,1.424809195893147e-5
399.99999999999994,-0.36198352867934025,1.7247485870327915e-5
399.99999999999994,-0.3499835286793398,2.0886378982530718e-5
399.99999999999994,-0.33798352867934,2.5303408857640254e-5
399.99999999999994,-0.32598352867934033,3.0667889348556004e-5
399.99999999999994,-0.3139835286793399,3.718676895672168e-5
399.99999999999994,-0.3019835286793394,4.511320166693139e-5
399.99999999999994,-0.28998352867933963,5.475713554911118e-5
399.99999999999994,-0.27798352867933995,6.649838759910112e-5
399.99999999999994,-0.2659835286793395,8.08028246215962e-5
399.99999999999994,-0.25398352867933904,9.82423956248795e-5
399.99999999999994,-0.24198352867933925,0.00011951997616802223
399.99999999999994,-0.22998352867933947,0.0001455002000251934
399.99999999999994,-0.217983528679339,0.00017724777735886625
399.99999999999994,-0.20598352867933856,0.0002160751704175718
399.99999999999994,-0.19398352867933877,0.00026360197358776913
399.99999999999994,-0.1819835286793392,0.0003218289668878786
399.99999999999994,-0.16998352867933875,0.0003932305623200976
399.99999999999994,-0.1579835286793383,0.0004808703406474828
399.99999999999994,-0.1459835286793385,0.0005885455959680267
399.99999999999994,-0.13398352867933871,0.0007209683463216545
399.99999999999994,-0.12198352867933826,0.0008839922107115468
399.99999999999994,-0.1099835286793378,0.0010848970016573828
399.99999999999994,-0.09798352867933802,0.0013327459522027118
399.99999999999994,-0.08598352867933823,0.0016388343520136609
399.99999999999994,-0.07398352867933777,0.0020172531591780927
399.99999999999994,-0.06198352867933732,0.002485597153090763
399.99999999999994,-0.04998352867933775,0.003065854558910062
399.99999999999994,-0.03798352867933796,0.0037855241629508895
399.99999999999994,-0.02598352867933751,0.004679016971240788
399.99999999999994,-0.013983528679337054,0.005789412767602604
399.99999999999994,-0.0019835286793372653,0.007170657707086989
399.99999999999994,0.010016471320662523,0.008890307505915428
399.99999999999994,0.022016471320662978,0.011032941745563941
399.99999999999994,0.03401647132066343,0.013704397925383785
399.99999999999994,0.04601647132066322,0.017036998146635975
399.99999999999994,0.05801647132066301,0.02119596486050658
399.99999999999994,0.07001647132066346,0.026387241776568416
399.99999999999994,0.08201647132066392,0.03286694674077519
399.99999999999994,0.09401647132066349,0.04095267734088703
399.99999999999994,0.10601647132066327,0.05103685565996117
399.99999999999994,0.11801647132066373,0.0636022193415059
399.99999999999994,0.13001647132066418,0.07923941881174318
399.99999999999994,0.14201647132066397,0.09866643388106278
399.99999999999994,0.15401647132066376,0.1227491365973778
399.99999999999994,0.16601647132066422,0.15252175163300707
399.99999999999994,0.17801647132066467,0.1892051444819237
399.99999999999994,0.19001647132066446,0.23421974548937255
399.99999999999994,0.20201647132066403,0.2891884520396629
399.99999999999994,0.21401647132066448,0.3559230362208792
399.99999999999994,0.22601647132066494,0.4363854845620127
399.99999999999994,0.23801647132066472,0.5326134875934638
399.99999999999994,0.2500164713206645,0.6465973264345846
399.99999999999994,0.26201647132066497,0.7800942537907154
399.99999999999994,0.2740164713206654,0.9343670473366766
399.99999999999994,0.2860164713206652,1.109837109965995
399.99999999999994,0.298016471320665,1.3056514244663706
399.99999999999994,0.31001647132066545,1.519180090565414
399.99999999999994,0.3220164713206659,1.7454918093767633
399.99999999999994,0.3340164713206655,1.9769042344557937
399.99999999999994,0.34601647132066526,2.2027777351800486
399.99999999999994,0.3580164713206657,2.4098049216073254
399.99999999999994,0.3700164713206662,2.5831002961833507
399.99999999999994,0.38201647132066596,2.708313326353199
399.99999999999994,0.39401647132066575,2.77463415048564
399.99999999999994,0.4060164713206662,2.7778999115032086
399.99999999999994,0.41801647132066666,2.7223785792389457
399.99999999999994,0.43001647132066645,2.6199428696013833
399.99999999999994,0.442016471320666,2.4866601925130962
399.99999999999994,0.45401647132066647,2.338459211655077
399.99999999999994,0.4660164713206669,2.187942957508698
399.99999999999994,0.4780164713206667,2.0432871637127374
399.99999999999994,0.4900164713206665,1.9087715433105452
399.99999999999994,0.502016471320667,1.7859657097838675
399.99999999999994,0.5140164713206674,1.6748560166632218
399.99999999999994,0.5260164713206672,1.5746450978307764
399.99999999999994,0.538016471320667,1.4842308672187077
399.99999999999994,0.5500164713206674,1.4024602811894908
399.99999999999994,0.5620164713206679,1.3282485911940811
399.99999999999994,0.5740164713206675,1.260625965849652
399.99999999999994,0.5860164713206673,1.198747859486511
399.99999999999994,0.5980164713206677,1.1418888048629505
399.99999999999994,0.6100164713206682,1.08942969212797
399.99999999999994,0.622016471320668,1.0408434210162836
399.99999999999994,0.6340164713206677,0.9956811405608722
399.99999999999994,0.6460164713206682,0.9535599545658386
399.99999999999994,0.6580164713206686,0.9141523277736591
399.99999999999994,0.6700164713206684,0.8771771359322952
399.99999999999994,0.682016471320668,0.8423921859165902
399.99999999999994,0.6940164713206685,0.8095879991644864
399.99999999999994,0.7060164713206689,0.7785826571508502
399.99999999999994,0.7180164713206687,0.7492175286859539
399.99999999999994,0.7300164713206685,0.7213518765701292
399.99999999999994,0.742016471320669,0.6948638039078279
399.99999999999994,0.7540164713206694,0.6696494855091235
399.99999999999994,0.7660164713206692,0.6456118761662871
399.99999999999994,0.778016471320669,0.6226657202048905
399.99999999999994,0.7900164713206694,0.600735064223942
399.99999999999994,0.7979835286793311,0.5797202130889753
399.99999999999994,0.7859835286793313,0.5594559145326943
399.99999999999994,0.7739835286793316,0.5401059206842377
399.99999999999994,0.7619835286793318,0.521552612548907
399.99999999999994,0.7499835286793322,0.5037366481915989
399.99999999999994,0.7379835286793324,0.48660999937766436
399.99999999999994,0.7259835286793326,0.4701303311706311
399.99999999999994,0.7139835286793329,0.4542561873319585
399.99999999999994,0.7019835286793331,0.43895587289513466
399.99999999999994,0.6899835286793334,0.42419546905945976
399.99999999999994,0.6779835286793336,0.4099429521940254
399.99999999999994,0.6659835286793339,0.39616778056474605
399.99999999999994,0.6539835286793342,0.3828403108341911
399.99999999999994,0.6419835286793344,0.36993137597015346
399.99999999999994,0.6299835286793347,0.3574118846375131
399.99999999999994,0.6179835286793349,0.3452524188857055
399.99999999999994,0.6059835286793351,0.33342282146161434
399.99999999999994,0.5939835286793355,0.3218917704375761
399.99999999999994,0.5819835286793357,0.3106263449482273
399.99999999999994,0.569983528679336,0.299591593784015
399.99999999999994,0.5579835286793362,0.288750129718587
399.99999999999994,0.5459835286793364,0.2780617878808002
399.99999999999994,0.5339835286793366,0.26748340713071644
399.99999999999994,0.521983528679337,0.25696881954030176
399.99999999999994,0.5099835286793373,0.24646916348165757
399.99999999999994,0.4979835286793375,0.2359336666446705
399.99999999999994,0.4859835286793377,0.2253110683501649
399.99999999999994,0.47398352867933796,0.21455185198854676
399.99999999999994,0.46198352867933823,0.20361141863867926
399.99999999999994,0.4499835286793385,0.19245422953028646
399.99999999999994,0.43798352867933876,0.18105876120381323
399.99999999999994,0.425983528679339,0.1694228560647488
399.99999999999994,0.41398352867933924,0.15756875199877143
399.99999999999994,0.4019835286793395,0.14554682257511153
399.99999999999994,0.3899835286793405,0.13343697141273292
399.99999999999994,0.37798352867934004,0.12134680767550952
399.99999999999994,0.3659835286793396,0.10940621962781089
399.99999999999994,0.3539835286793405,0.09775867557169876
399.99999999999994,0.3419835286793415,0.08655031886599972
399.99999999999994,0.32998352867934105,0.07591844742153639
399.99999999999994,0.3179835286793406,0.0659811033951696
399.99999999999994,0.30598352867934153,0.05682921293069018
399.99999999999994,0.2939835286793425,0.04852212414494021
399.99999999999994,0.28198352867934207,0.04108669498096057
399.99999999999994,0.2699835286793416,0.034519478104563066
399.99999999999994,0.2579835286793426,0.028791163226287404
399.99999999999994,0.2459835286793436,0.023852300297645165
399.99999999999994,0.23398352867934313,0.019639397721430852
399.99999999999994,0.22198352867934268,0.016080688833603436
399.99999999999994,0.20998352867934356,0.013101106497731684
399.99999999999994,0.19798352867934454,0.010626238552675664
399.99999999999994,0.1859835286793441,0.008585221421767068
399.99999999999994,0.17398352867934364,0.006912654108551662
399.99999999999994,0.16198352867934462,0.005549684292447131
399.99999999999994,0.1499835286793456,0.004444444306757281
399.99999999999994,0.13798352867934516,0.0035520113661544634
399.99999999999994,0.1259835286793447,0.002834045938320411
399.99999999999994,0.11398352867934558,0.0022582340928384353
399.99999999999994,0.10198352867934657,0.0017976303609508089
399.99999999999994,0.08998352867934611,0.00142997081668692
399.99999999999994,0.07798352867934566,0.0011370035037705996
399.99999999999994,0.06598352867934665,0.0009038654906267109
399.99999999999994,0.05398352867934764,0.0007185224736435108
399.99999999999994,0.04198352867934718,0.0005712773625352051
399.99999999999994,0.03148764650950964,0.0004675867554108629
399.99999999999994,0.020991764339673535,0.0003828377660339874
399.99999999999994,0.010495882169837545,0.00031357182613756906
399.99999999999994,0.0,0.0002569544963980925
600.0,-0.0012000000000000899,3.8940103436901226e-18
600.0,-0.0025199999999998557,2.059725986778252e-18
600.0,-0.003972000000000309,7.26068317626251e-18
600.0,-0.005569200000000052,-9.590097461815294e-18
600.0,-0.0073261199999997695,1.2787768108252983e-18
600.0,-0.009258731999999936,-1.200746303523692e-17
600.0,-0.011384605199999953,1.1806933416918944e-17
600.0,-0.013723065720000038,2.03084255513626e-18
600.0,-0.016295372292000065,3.951234182773766e-18
600.0,-0.01912490952120005,3.3654088612390537e-18
600.0,-0.022237400473320124,-8.417294155804353e-18
600.0,-0.025661140520652048,4.114261884888613e-18
600.0,-0.02942725457271711,-7.459092089618674e-18
600.0,-0.0335699800299889,5.636763398735074e-18
600.0,-0.038126978032988035,-2.132413289393333e-18
600.0,-0.04313967583628653,5.1280174335910196e-18
600.0,-0.04865364341991518,-6.512667401183783e-18
600.0,-0.05471900776190708,1.2963455130540432e-18
600.0,-0.06139090853809748,-5.175850449140982e-18
600.0,-0.06872999939190727,2.968915947863015e-18
600.0,-0.07680299933109824,3.785155485976e-18
600.0,-0.08568329926420759,-3.1606897119634325e-18
600.0,-0.09545162919062877,5.584423611132631e-19
600.0,-0.10619679210969157,-7.329094970103076e-19
600.0,-0.11801647132066084,-1.0334839260082637e-18
600.0,-0.13001647132066052,4.584578323303859e-19
600.0,-0.14201647132066064,-6.655018412593344e-18
600.0,-0.15401647132066076,-2.8095583781378677e-18
600.0,-0.16601647132066044,-1.61531292311008e-17
600.0,-0.17801647132066056,-2.5771816509095642e-17
600.0,-0.19001647132066068,-5.392165363251946e-17
600.0,-0.2020164713206607,-1.1817366557077046e-16
600.0,-0.21401647132066093,-2.3881719688894574e-16
600.0,-0.22601647132066072,-4.968779460714086e-16
600.0,-0.23801647132066073,-1.0328240418796186e-15
600.0,-0.25001647132066074,-2.1389319041212376e-15
600.0,-0.2620164713206605,-4.445974421952745e-15
600.0,-0.27401647132066076,-9.232820348270677e-15
600.0,-0.28601647132066077,-1.9199703569402723e-14
600.0,-0.2980164713206608,-3.995173011628088e-14
600.0,-0.310016471320661,-8.3188236186556e-14
600.0,-0.3220164713206608,-1.7331181695523472e-13
600.0,-0.3340164713206608,-3.6129183775398683e-13
600.0,-0.3460164713206608,-7.535880474126068e-13
600.0,-0.3580164713206606,-1.5726805182331822e-12
600.0,-0.37001647132066084,-3.283752693337269e-12
600.0,-0.38201647132066086,-6.8598604534495965e-12
600.0,-0.39401647132066087,-1.4337196732409999e-11
600.0,-0.4060164713206611,-2.997835079942213e-11
600.0,-0.4180164713206609,-6.270998699410427e-11
600.0,-0.43001647132066134,-1.3123259603344735e-10
600.0,-0.44201647132066113,-2.7473463723542144e-10
600.0,-0.4540164713206607,-5.753632293954182e-10
600.0,-0.46601647132066115,-1.2053619854961064e-9
600.0,-0.47801647132066094,-2.5259702075760105e-9
600.0,-0.49001647132066073,-5.294941510349151e-9
600.0,-0.5020164713206612,-1.1101975475011298e-8
600.0,-0.514016471320661,-2.3282242358902372e-8
600.0,-0.5260164713206608,-4.88322490979746e-8
600.0,-0.5380164713206612,-1.0242510718375362e-7
600.0,-0.5500164713206608,-2.1481584675146588e-7
600.0,-0.5620164713206606,-4.504026001135236e-7
600.0,-0.574016471320661,-9.438034029253477e-7
600.0,-0.5860164713206615,-1.975665894763996e-6
600.0,-0.5980164713206613,-4.128585927127186e-6
600.0,-0.6100164713206611,-8.60395546758682e-6
600.0,-0.6220164713206615,-1.7853920280716016e-5
600.0,-0.6340164713206613,-3.6805817962224535e-5
600.0,-0.6460164713206609,-7.513035487539336e-5
600.0,-0.6580164713206613,-0.0001511601480126337
600.0,-0.6700164713206611,-0.00029795838860532443
600.0,-0.6820164713206609,-0.00057119577023187
600.0,-0.6940164713206614,-0.0010566178249237672
600.0,-0.7060164713206611,-0.001873140434117176
600.0,-0.7180164713206609,-0.003169398758615396
600.0,-0.7300164713206614,-0.00511868141906991
600.0,-0.742016471320661,-0.007923398870063669
600.0,-0.7540164713206607,-0.011836740995567412
600.0,-0.7660164713206612,-0.017199449017597738
600.0,-0.7780164713206617,-0.024485600630878318
600.0,-0.7900164713206614,-0.03435551537562955
600.0,-0.8020164713206612,-0.04771948083543215
600.0,-0.814016471320661,-0.06581847113389493
600.0,-0.8260164713206606,-0.09032775205369549
600.0,-0.838016471320661,-0.12348748265671634
600.0,-0.8500164713206608,-0.16826102221668793
600.0,-0.8620164713206606,-0.2285153082608273
600.0,-0.8740164713206611,-0.30920656135484675
600.0,-0.8860164713206609,-0.4165373617957876
600.0,-0.8980164713206606,-0.5580288375113599
600.0,-0.9100164713206602,-0.7424305785707578
600.0,-0.92201647132066,-0.979385051693447
600.0,-0.9340164713206605,-1.2787924127237145
600.0,-0.9460164713206602,-1.6498984546168658
600.0,-0.95801647132066,-2.100238012422179
600.0,-0.9700164713206605,-2.6346558408335468
600.0,-0.9820164713206603,-3.2546324035117884
600.0,-0.9940164713206598,-3.9580413620416723
600.0,-1.0060164713206596,-4.739308555387639
600.0,-1.0180164713206594,-5.589813678846898
600.0,-1.0300164713206599,-6.498328687594775
600.0,-1.0420164713206597,-7.451313672548555
600.0,-1.0540164713206595,-8.432948695435607
600.0,-1.06601647132066,-9.424829690929727
600.0,-1.0780164713206595,-10.40528202619795
600.0,-1.0900164713206593,-11.348254120224857
600.0,-1.102016471320659,-12.22177726496458
600.0,-1.1140164713206588,-12.986094349947766
600.0,-1.1260164713206593,-13.59196228223392
600.0,-1.138016471320659,-13.980756677977858
600.0,-1.1500164713206587,-14.090524315713532
600.0,-1.162016471320659,-13.875505720960673
600.0,-1.174016471320659,-13.343221719820779
600.0,-1.1860164713206587,-12.585971726874227
600.0,-1.1980164713206585,-11.753338377153248
600.0,-1.1899835286793419,-10.566307791646405
600.0,-1.1779835286793414,-9.682779460200377
600.0,-1.1659835286793416,-8.993018626181954
600.0,-1.1539835286793418,-8.395868582988241
600.0,-1.1419835286793414,-7.849002646937902
600.0,-1.1299835286793416,-7.329009717062677
600.0,-1.117983528679342,-6.821559524166765
600.0,-1.1059835286793422,-6.317925934010649
600.0,-1.0939835286793425,-5.813489323781532
600.0,-1.081983528679342,-5.3069481477019735
600.0,-1.0699835286793422,-4.799769998679519
600.0,-1.0579835286793424,-4.295688485639176
600.0,-1.045983528679342,-3.8001668076320394
600.0,-1.0339835286793422,-3.319801836669413
600.0,-1.0219835286793426,-2.8616712777320124
600.0,-1.0099835286793428,-2.4326491747384154
600.0,-0.997983528679343,-2.0387389835814544
600.0,-0.9859835286793426,-1.6844959883581117
600.0,-0.9739835286793429,-1.3726211752651931
600.0,-0.9619835286793431,-1.1037943536839099
600.0,-0.9499835286793427,-0.8767716282362413
600.0,-0.937983528679343,-0.6887135255194097
600.0,-0.9259835286793432,-0.5356592871330639
600.0,-0.9139835286793434,-0.41304143640040175
600.0,-0.9019835286793436,-0.3161479187591727
600.0,-0.8899835286793432,-0.24047494105557146
600.0,-0.8779835286793435,-0.18195338256808452
600.0,-0.8659835286793438,-0.1370613353817108
600.0,-0.8539835286793434,-0.10285027578462116
600.0,-0.8419835286793436,-0.07691502758824115
600.0,-0.8299835286793438,-0.057333191846385335
600.0,-0.817983528679344,-0.0425926669546145
600.0,-0.8059835286793443,-0.03151909706542013
600.0,-0.7939835286793439,-0.023209780465350015
600.0,-0.7819835286793434,-0.016976940708303682
600.0,-0.7699835286793437,-0.012301025135358896
600.0,-0.7579835286793439,-0.008793403688621216
600.0,-0.7459835286793435,-0.006167047508220342
600.0,-0.733983528679343,-0.004213136462806159
600.0,-0.7219835286793432,-0.002781105205248258
600.0,-0.7099835286793434,-0.0017601033256204471
600.0,-0.6979835286793431,-0.0010621406593152205
600.0,-0.6859835286793426,-0.000610247953601485
600.0,-0.6739835286793429,-0.00033483537586327373
600.0,-0.6619835286793431,-0.00017659023894076817
600.0,-0.6499835286793426,-9.022385394518113e-5
600.0,-0.6379835286793422,-4.497797673277171e-5
600.0,-0.6259835286793425,-2.19791389336268e-5
600.0,-0.6139835286793427,-1.05252701913081e-5
600.0,-0.6019835286793422,-4.886251908323296e-6
600.0,-0.5899835286793418,-2.1138612951201695e-6
600.0,-0.577983528679342,-7.309654663935537e-7
600.0,-0.5659835286793423,-9.662530985250038e-9
600.0,-0.5539835286793419,4.0579606580435277e-7
600.0,-0.5419835286793414,6.894924603229694e-7
600.0,-0.5299835286793416,9.280650284171777e-7
600.0,-0.5179835286793419,1.1667414892807574e-6
600.0,-0.5059835286793415,1.431727858320032e-6
600.0,-0.49398352867934103,1.7411246520948037e-6
600.0,-0.48198352867934124,2.1103900227724265e-6
600.0,-0.46998352867934146,2.555193271257852e-6
600.0,-0.457983528679341,3.093123287223474e-6
600.0,-0.44598352867934055,3.7448907644224203e-6
600.0,-0.43398352867934087,4.535400830328489e-6
600.0,-0.4219835286793411,5.49486814034603e-6
600.0,-0.4099835286793406,6.660091496308786e-6
600.0,-0.39798352867934017,8.075977838197405e-6
600.0,-0.3859835286793405,9.797391125573797e-6
600.0,-0.3739835286793407,1.1891425653403444e-5
600.0,-0.36198352867934025,1.4440192270086976e-5
600.0,-0.3499835286793398,1.7544265523955853e-5
600.0,-0.33798352867934,2.132692868240672e-5
600.0,-0.32598352867934033,2.593942291473426e-5
600.0,-0.3139835286793399,3.156744007462227e-5
600.0,-0.3019835286793394,3.8439171624414986e-5
600.0,-0.28998352867933963,4.683526428483554e-5
600.0,-0.27798352867933995,5.710120645236864e-5
600.0,-0.2659835286793395,6.966268568298818e-5
600.0,-0.25398352867933904,8.504470985143601e-5
600.0,-0.24198352867933925,0.00010389540816404874
600.0,-0.22998352867933947,0.00012701568254739603
600.0,-0.217983528679339,0.00015539623748343846
600.0,-0.20598352867933856,0.00019026381121572608
600.0,-0.19398352867933877,0.0002331390027093818
600.0,-0.1819835286793392,0.0002859086690512289
600.0,-0.16998352867933875,0.00035091666059308343
600.0,-0.1579835286793383,0.0004310776468959931
600.0,-0.1459835286793385,0.0005300200674914368
600.0,-0.13398352867933871,0.0006522658154440652
600.0,-0.12198352867933826,0.000803456267948973
600.0,-0.1099835286793378,0.0009906368589439986
600.0,-0.09798352867933802,0.0012226155502649066
600.0,-0.08598352867933823,0.0015104146187553114
600.0,-0.07398352867933777,0.0018678402069658246
600.0,-0.06198352867933732,0.002312200403812302
600.0,-0.04998352867933775,0.0028652104248769183
600.0,-0.03798352867933796,0.0035541331124353346
600.0,-0.02598352867933751,0.004413214754636361
600.0,-0.013983528679337054,0.005485490490413458
600.0,-0.0019835286793372653,0.006825050569436797
600.0,0.010016471320662523,0.008499878692183832
600.0,0.022016471320662978,0.01059539651412832
600.0,0.03401647132066343,0.013218873773444545
600.0,0.04601647132066322,0.016504890337182297
600.0,0.05801647132066301,0.020622062902571948
600.0,0.07001647132066346,0.025781271597526606
600.0,0.08201647132066392,0.03224563498716869
600.0,0.09401647132066349,0.04034247751910733
600.0,0.10601647132066327,0.05047749896308478
600.0,0.11801647132066373,0.06315127330635747
600.0,0.13001647132066418,0.07897805116621393
600.0,0.14201647132066397,0.09870658381280689
600.0,0.15401647132066376,0.12324229072420977
600.0,0.16601647132066422,0.15366951353498667
600.0,0.17801647132066467,0.19127179674962258
600.0,0.19001647132066446,0.2375470819883966
600.0,0.20201647132066403,0.2942134019236127
600.0,0.21401647132066448,0.36319917281565545
600.0,0.22601647132066494,0.44661065362189234
600.0,0.23801647132066472,0.5466678091910894
600.0,0.2500164713206645,0.6655990258796636
600.0,0.26201647132066497,0.8054852768941047
600.0,0.2740164713206654,0.968045800780474
600.0,0.2860164713206652,1.1543604329270918
600.0,0.298016471320665,1.3645286504145757
600.0,0.31001647132066545,1.5972725766725444
600.0,0.3220164713206659,1.8495018195482709
600.0,0.3340164713206655,2.1158748539340073
600.0,0.34601647132066526,2.3884197826549634
600.0,0.3580164713206657,2.6563235247503556
600.0,0.3700164713206662,2.9060668009255224
600.0,0.38201647132066596,3.122160537491814
600.0,0.39401647132066575,3.2887722972606923
600.0,0.4060164713206662,3.3923918281010637
600.0,0.41801647132066666,3.4252060317280106
600.0,0.43001647132066645,3.388044964644166
600.0,0.442016471320666,3.2911699379770654
600.0,0.45401647132066647,3.1517853436990784
600.0,0.4660164713206669,2.989141971226619
600.0,0.4780164713206667,2.8197912581324314
600.0,0.4900164713206665,2.6551265052663204
600.0,0.502016471320667,2.5014134099727086
600.0,0.5140164713206674,2.361148663010473
600.0,0.5260164713206672,2.2345787744496763
600.0,0.538016471320667,2.1208309930017304
600.0,0.5500164713206674,2.018595132007722
600.0,0.5620164713206679,1.9264796276446507
600.0,0.5740164713206675,1.8431746094093282
600.0,0.5860164713206673,1.7675133932984086
600.0,0.5980164713206677,1.69848500801549
600.0,0.6100164713206682,1.6352252804734395
600.0,0.622016471320668,1.5770000165750528
600.0,0.6340164713206677,1.5231865686139114
600.0,0.6460164713206682,1.4732564901167096
600.0,0.6580164713206686,1.4267602603359484
600.0,0.6700164713206684,1.3833142722720264
600.0,0.682016471320668,1.3425899422844951
600.0,0.6940164713206685,1.3043046785312145
600.0,0.7060164713206689,1.2682144229702064
600.0,0.7180164713206687,1.2341075009167684
600.0,0.7300164713206685,1.201799377678486
600.0,0.742016471320669,1.1711213238226683
600.0,0.7540164713206694,1.1419444418188274
600.0,0.7660164713206692,1.114140220213371
600.0,0.778016471320669,1.087597443182929
600.0,0.7900164713206694,1.0622176331241993
600.0,0.7979835286793311,1.0378566796639157
600.0,0.7859835286793313,1.0142475274418052
600.0,0.7739835286793316,0.9917084129633142
600.0,0.7619835286793318,0.9700566204347645
600.0,0.7499835286793322,0.9492096821460336
600.0,0.7379835286793324,0.9291030310377851
600.0,0.7259835286793326,0.9096791189157006
600.0,0.7139835286793329,0.8908829607758335
600.0,0.7019835286793331,0.8726740232873805
600.0,0.6899835286793334,0.8550048873413303
600.0,0.6779835286793336,0.8378311738874855
600.0,0.6659835286793339,0.8211093242797148
600.0,0.6539835286793342,0.8047956404650668
600.0,0.6419835286793344,0.7888454014520095
600.0,0.6299835286793347,0.7732119412982977
600.0,0.6179835286793349,0.7578456476734914
600.0,0.6059835286793351,0.7426928564839499
600.0,0.5939835286793355,0.7276946274247509
600.0,0.5819835286793357,0.7127853964551023
600.0,0.569983528679336,0.6978915180651336
600.0,0.5579835286793362,0.6829297363667816
600.0,0.5459835286793364,0.6678056634890019
600.0,0.5339835286793366,0.6524124006754504
600.0,0.521983528679337,0.636629515429902
600.0,0.5099835286793373,0.620322687926061
600.0,0.4979835286793375,0.60334445659552
600.0,0.4859835286793377,0.5855366100970616
600.0,0.47398352867933796,0.5667348576041755
600.0,0.46198352867933823,0.5467764069127957
600.0,0.4499835286793385,0.5255109165806935
600.0,0.43798352867933876,0.502814887358054
600.0,0.425983528679339,0.4786088755197708
600.0,0.41398352867933924,0.4528759877030683
600.0,0.4019835286793395,0.42567912875895336
600.0,0.3899835286793405,0.3971737354060051
600.0,0.37798352867934004,0.3676126155117878
600.0,0.3659835286793396,0.33734030318866165
600.0,0.3539835286793405,0.3067760332001484
600.0,0.3419835286793415,0.27638667075262024
600.0,0.32998352867934105,0.2466530694076691
600.0,0.3179835286793406,0.21803471179989456
600.0,0.30598352867934153,0.19093770903005358
600.0,0.2939835286793425,0.16569029639138097
600.0,0.28198352867934207,0.14252823624297858
600.0,0.2699835286793416,0.12159057677138618
600.0,0.2579835286793426,0.10292453143158219
600.0,0.2459835286793436,0.0864971564958224
600.0,0.23398352867934313,0.07221109334792371
600.0,0.22198352867934268,0.05992179897556137
600.0,0.20998352867934356,0.04945420698239967
600.0,0.19798352867934454,0.040617427925690536
600.0,0.1859835286793441,0.03321674457883227
600.0,0.17398352867934364,0.02706268511854315
600.0,0.16198352867934462,0.021977327299343964
600.0,0.1499835286793456,0.017798204985988757
600.0,0.13798352867934516,0.014380283819134601
600.0,0.1259835286793447,0.011596481641990064
600.0,0.11398352867934558,0.009337165437826605
600.0,0.10198352867934657,0.007508986647343701
600.0,0.08998352867934611,0.006033339436345237
600.0,0.07798352867934566,0.004844653180615279
600.0,0.06598352867934665,0.0038886670175445268
600.0,0.05398352867934764,0.0031207829900628276
600.0,0.04198352867934718,0.0025045549542933743
600.0,0.03148764650950964,0.0020665481467822253
600.0,0.020991764339673535,0.0017055033878697109
600.0,0.010495882169837545,0.0014079452324796179
600.0,0.0,0.0011627164993214107
1000.0,-0.0012000000000000899,-1.681505368884484e-17
1000.0,-0.0025199999999998557,-4.33726167168681e-18
1000.0,-0.003972000000000309,-1.1339314319390297e-17
1000.0,-0.005569200000000052,3.84891449161333e-18
1000.0,-0.0073261199999997695,2.1602293661118252e-17
1000.0,-0.009258731999999936,-7.676471533319779e-18
1000.0,-0.011384605199999953,1.5782192797554886e-18
1000.0,-0.013723065720000038,-7.403836241357527e-18
1000.0,-0.016295372292000065,1.4821725836980792e-17
1000.0,-0.01912490952120005,6.6015706559003645e-18
1000.0,-0.022237400473320124,4.262566433881054e-18
1000.0,-0.025661140520652048,-2.1932751226997177e-17
1000.0,-0.02942725457271711,7.784144865850744e-18
1000.0,-0.0335699800299889,-7.283752144920588e-18
1000.0,-0.038126978032988035,2.8481655842361096e-18
1000.0,-0.04313967583628653,1.3548207799651598e-18
1000.0,-0.04865364341991518,-2.044701302388736e-18
1000.0,-0.05471900776190708,-2.4311145954432197e-18
1000.0,-0.06139090853809748,-4.343336138408721e-18
1000.0,-0.06872999939190727,3.7363617353023575e-18
1000.0,-0.07680299933109824,1.3554305404879465e-18
1000.0,-0.08568329926420759,-2.093925672836409e-18
1000.0,-0.09545162919062877,6.6219201194187665e-18
1000.0,-0.10619679210969157,-7.103644571960753e-18
1000.0,-0.11801647132066084,3.496668003582221e-18
1000.0,-0.13001647132066052,-2.985998741466651e-18
1000.0,-0.14201647132066064,-3.47506479838575e-18
1000.0,-0.15401647132066076,-1.1514784448629796e-17
1000.0,-0.16601647132066044,-9.267528908651795e-18
1000.0,-0.17801647132066056,-2.578068744693494e-17
1000.0,-0.19001647132066068,-5.352291397021494e-17
1000.0,-0.2020164713206607,-1.1806547576243018e-16
1000.0,-0.21401647132066093,-2.390493993466897e-16
1000.0,-0.22601647132066072,-4.967214344161347e-16
1000.0,-0.23801647132066073,-1.0329187421825488e-15
1000.0,-0.25001647132066074,-2.1393709416837366e-15
1000.0,-0.2620164713206605,-4.449043236573356e-15
1000.0,-0.27401647132066076,-9.223857601832786e-15
1000.0,-0.28601647132066077,-1.9198584908495712e-14
1000.0,-0.2980164713206608,-3.9948572821474865e-14
1000.0,-0.310016471320661,-8.317195147960187e-14
1000.0,-0.3220164713206608,-1.7327548913468405e-13
1000.0,-0.3340164713206608,-3.6122541622153717e-13
1000.0,-0.3460164713206608,-7.534310601019886e-13
1000.0,-0.3580164713206606,-1.5723707591075953e-12
1000.0,-0.37001647132066084,-3.2831067128963353e-12
1000.0,-0.38201647132066086,-6.8585082610339005e-12
1000.0,-0.39401647132066087,-1.4334354833757968e-11
1000.0,-0.4060164713206611,-2.997240496429618e-11
1000.0,-0.4180164713206609,-6.269754317714358e-11
1000.0,-0.43001647132066134,-1.3120652881245868e-10
1000.0,-0.44201647132066113,-2.746800273672511e-10
1000.0,-0.4540164713206607,-5.752487853054084e-10
1000.0,-0.46601647132066115,-1.205122110378242e-9
1000.0,-0.47801647132066094,-2.5254673295860282e-9
1000.0,-0.49001647132066073,-5.293887071293894e-9
1000.0,-0.5020164713206612,-1.1099764275176513e-8
1000.0,-0.514016471320661,-2.3277605100271262e-8
1000.0,-0.5260164713206608,-4.8822524256435976e-8
1000.0,-0.5380164713206612,-1.0240471601467768e-7
1000.0,-0.5500164713206608,-2.147731033576465e-7
1000.0,-0.5620164713206606,-4.5031305038541615e-7
1000.0,-0.574016471320661,-9.436159483320235e-7
1000.0,-0.5860164713206615,-1.9752739714100517e-6
1000.0,-0.5980164713206613,-4.127767823629732e-6
1000.0,-0.6100164713206611,-8.602250900954838e-6
1000.0,-0.6220164713206615,-1.785037403825447e-5
1000.0,-0.6340164713206613,-3.67984379977345e-5
1000.0,-0.6460164713206609,-7.511491994611348e-5
1000.0,-0.6580164713206613,-0.00015112741290547265
1000.0,-0.6700164713206611,-0.0002978871137543466
1000.0,-0.6820164713206609,-0.0005710350285866387
1000.0,-0.6940164713206614,-0.001056244489345126
1000.0,-0.7060164713206611,-0.0018722684801540245
1000.0,-0.7180164713206609,-0.0031674112274794465
1000.0,-0.7300164713206614,-0.005114347218943789
1000.0,-0.742016471320661,-0.007914392448066427
1000.0,-0.7540164713206607,-0.011818772999355744
1000.0,-0.7660164713206612,-0.017164636429523622
1000.0,-0.7780164713206617,-0.0244194205853578
1000.0,-0.7900164713206614,-0.034231179204654544
1000.0,-0.8020164713206612,-0.04748763951845264
1000.0,-0.814016471320661,-0.0653885370800542
1000.0,-0.8260164713206606,-0.08953437305224647
1000.0,-0.838016471320661,-0.12203126037838592
1000.0,-0.8500164713206608,-0.16560584169177722
1000.0,-0.8620164713206606,-0.22371548761922685
1000.0,-0.8740164713206611,-0.30062677913322444
1000.0,-0.8860164713206609,-0.40142156034753934
1000.0,-0.8980164713206606,-0.5318806854268292
1000.0,-0.9100164713206602,-0.6982016419224104
1000.0,-0.92201647132066,-0.9065385307788786
1000.0,-0.9340164713206605,-1.1624120341442807
1000.0,-0.9460164713206602,-1.470102133837419
1000.0,-0.95801647132066,-1.8321689613064116
1000.0,-0.9700164713206605,-2.249217876895155
1000.0,-0.9820164713206603,-2.7199427309007334
1000.0,-0.9940164713206598,-3.2413914825803687
1000.0,-1.0060164713206596,-3.8093463457870507
1000.0,-1.0180164713206594,-4.418709867016715
1000.0,-1.0300164713206599,-5.063821068009436
1000.0,-1.0420164713206597,-5.738665463534859
1000.0,-1.0540164713206595,-6.43697208792886
1000.0,-1.06601647132066,-7.1522049209471605
1000.0,-1.0780164713206595,-7.877457970306735
1000.0,-1.0900164713206593,-8.605257124308046
1000.0,-1.102016471320659,-9.327260852623997
1000.0,-1.1140164713206588,-10.0338371208302
1000.0,-1.1260164713206593,-10.713475391855937
1000.0,-1.138016471320659,-11.35197055953697
1000.0,-1.1500164713206587,-11.931295328811393
1000.0,-1.162016471320659,-12.428083741992555
1000.0,-1.174016471320659,-12.81177121989532
1000.0,-1.1860164713206587,-13.042960459971198
1000.0,-1.1980164713206585,-13.074263092115064
1000.0,-1.1899835286793419,-11.841573204548363
1000.0,-1.1779835286793414,-10.654496079213896
1000.0,-1.1659835286793416,-9.688355546840974
1000.0,-1.1539835286793418,-8.865350291974115
1000.0,-1.1419835286793414,-8.138017368651033
1000.0,-1.1299835286793416,-7.476062987240231
1000.0,-1.117983528679342,-6.859893059370811
1000.0,-1.1059835286793422,-6.276912464405307
1000.0,-1.0939835286793425,-5.7193035022043155
1000.0,-1.081983528679342,-5.182639063581263
1000.0,-1.0699835286793422,-4.664975693266025
1000.0,-1.0579835286793424,-4.166224811140789
1000.0,-1.045983528679342,-3.6876827493428688
1000.0,-1.0339835286793422,-3.2316447947063303
1000.0,-1.0219835286793426,-2.8010537610095287
1000.0,-1.0099835286793428,-2.3991510243517484
1000.0,-0.997983528679343,-2.0291145762510765
1000.0,-0.9859835286793426,-1.6936883909605644
1000.0,-0.9739835286793429,-1.394830097067087
1000.0,-0.9619835286793431,-1.1334241063176813
1000.0,-0.9499835286793427,-0.9091151023857522
1000.0,-0.937983528679343,-0.7203031461986003
1000.0,-0.9259835286793432,-0.564306631608223
1000.0,-0.9139835286793434,-0.4376560492915024
1000.0,-0.9019835286793436,-0.33645007917006003
1000.0,-0.8899835286793432,-0.2566997696892639
1000.0,-0.8779835286793435,-0.1946053140687165
1000.0,-0.8659835286793438,-0.14674019304348246
1000.0,-0.8539835286793434,-0.11014479746108224
1000.0,-0.8419835286793436,-0.08234815465582301
1000.0,-0.8299835286793438,-0.06134165756229076
1000.0,-0.817983528679344,-0.04552646360957488
1000.0,-0.8059835286793443,-0.033650746879860055
1000.0,-0.7939835286793439,-0.02474720264580149
1000.0,-0.7819835286793434,-0.018076523826132004
1000.0,-0.7699835286793437,-0.013079316219199284
1000.0,-0.7579835286793439,-0.009336857486550753
1000.0,-0.7459835286793435,-0.006539797177365612
1000.0,-0.733983528679343,-0.004462955243746368
1000.0,-0.7219835286793432,-0.002943784578412081
1000.0,-0.7099835286793434,-0.0018625002203269678
1000.0,-0.6979835286793431,-0.001124208864547765
1000.0,-0.6859835286793426,-0.000646428241429801
1000.0,-0.6739835286793429,-0.00035514525070752306
1000.0,-0.6619835286793431,-0.00018761455155388634
1000.0,-0.6499835286793426,-9.604553218554159e-5
1000.0,-0.6379835286793422,-4.7990927881036674e-5
1000.0,-0.6259835286793425,-2.3520765970203787e-5
1000.0,-0.6139835286793427,-1.1314665908216981e-5
1000.0,-0.6019835286793422,-5.299370573108476e-6
1000.0,-0.5899835286793418,-2.343701528174586e-6
1000.0,-0.577983528679342,-8.758154129107499e-7
1000.0,-0.5659835286793423,-1.1987145358021495e-7
1000.0,-0.5539835286793419,3.036236820955521e-7
1000.0,-0.5419835286793414,5.801977558636594e-7
1000.0,-0.5299835286793416,8.016694935438255e-7
1000.0,-0.5179835286793419,1.015247903150925e-6
1000.0,-0.5059835286793415,1.2473940121600174e-6
1000.0,-0.49398352867934103,1.5154747028979621e-6
1000.0,-0.48198352867934124,1.833495015622777e-6
1000.0,-0.46998352867934146,2.2151063229035716e-6
1000.0,-0.457983528679341,2.675272131166985e-6
1000.0,-0.44598352867934055,3.2314261040744126e-6
1000.0,-0.43398352867934087,3.904401567913297e-6
1000.0,-0.4219835286793411,4.719398665724348e-6
1000.0,-0.4099835286793406,5.7070200843335745e-6
1000.0,-0.39798352867934017,6.904549975705785e-6
1000.0,-0.3859835286793405,8.357454098456333e-6
1000.0,-0.3739835286793407,1.0121243365290817e-5
1000.0,-0.36198352867934025,1.2263743501937056e-5
1000.0,-0.3499835286793398,1.4867902140546741e-5
1000.0,-0.33798352867934,1.8035247652391794e-5
1000.0,-0.32598352867934033,2.189014702652693e-5
1000.0,-0.3139835286793399,2.6585093509206102e-5
1000.0,-0.3019835286793394,3.23072152117149e-5
1000.0,-0.28998352867933963,3.9286359659966465e-5
1000.0,-0.27798352867933995,4.780512583930813e-5
1000.0,-0.2659835286793395,5.821126881606784e-5
1000.0,-0.25398352867933904,7.093320253461716e-5
1000.0,-0.24198352867933925,8.649917538136056e-5
1000.0,-0.22998352867933947,0.00010556125919893979
1000.0,-0.217983528679339,0.00012892518676686305
1000.0,-0.20598352867933856,0.00015758765874214955
1000.0,-0.19398352867933877,0.00019278291374933006
1000.0,-0.1819835286793392,0.0002360410476350697
1000.0,-0.16998352867933875,0.000289261036536065
1000.0,-0.1579835286793383,0.00035480229694002366
1000.0,-0.1459835286793385,0.000435599625709269
1000.0,-0.13398352867933871,0.0005353075865702825
1000.0,-0.12198352867933826,0.0006584820641144531
1000.0,-0.1099835286793378,0.0008108087193101714
1000.0,-0.09798352867933802,0.0009993906549710522
1000.0,-0.08598352867933823,0.0012331107764828252
1000.0,-0.07398352867933777,0.0015230884171057385
1000.0,-0.06198352867933732,0.0018832547582273342
1000.0,-0.04998352867933775,0.0023310778214831983
1000.0,-0.03798352867933796,0.002888475503289311
1000.0,-0.02598352867933751,0.0035829643420312927
1000.0,-0.013983528679337054,0.004449103168031088
1000.0,-0.0019835286793372653,0.005530303993247893
1000.0,0.010016471320662523,0.006881098283865099
1000.0,0.022016471320662978,0.008569964483557081
1000.0,0.03401647132066343,0.010682842208770008
1000.0,0.04601647132066322,0.013327478866306593
1000.0,0.05801647132066301,0.016638773834298556
1000.0,0.07001647132066346,0.0207853007168112
1000.0,0.08201647132066392,0.02597719490720775
1000.0,0.09401647132066349,0.03247558451515319
1000.0,0.10601647132066327,0.04060370714507282
1000.0,0.11801647132066373,0.05075977883621013
1000.0,0.13001647132066418,0.06343154524503967
1000.0,0.14201647132066397,0.07921222545298184
1000.0,0.15401647132066376,0.0988172286717355
1000.0,0.16601647132066422,0.1231005573393984
1000.0,0.17801647132066467,0.15306918986208548
1000.0,0.19001647132066446,0.18989296659674376
1000.0,0.20201647132066403,0.23490662855307273
1000.0,0.21401647132066448,0.28959978450713003
1000.0,0.22601647132066494,0.3555898887872382
1000.0,0.23801647132066472,0.4345730483354186
1000.0,0.2500164713206645,0.5282479208582149
1000.0,0.26201647132066497,0.6382093307923298
1000.0,0.2740164713206654,0.765810547020615
1000.0,0.2860164713206652,0.9119961755325479
1000.0,0.298016471320665,1.0771107681086245
1000.0,0.31001647132066545,1.2606908655524096
1000.0,0.3220164713206659,1.4612498731926582
1000.0,0.3340164713206655,1.6760662437247256
1000.0,0.34601647132066526,1.9009874320155544
1000.0,0.3580164713206657,2.130267915331755
1000.0,0.3700164713206662,2.3564734944020653
1000.0,0.38201647132066596,2.5705109149295815
1000.0,0.39401647132066575,2.7618842130558594
1000.0,0.4060164713206662,2.9193298623303967
1000.0,0.41801647132066666,3.0320081185394376
1000.0,0.43001647132066645,3.0913463496974662
1000.0,0.442016471320666,3.0933231223907987
1000.0,0.45401647132066647,3.0404266699569265
1000.0,0.4660164713206669,2.9420639463055247
1000.0,0.4780164713206667,2.812568165052843
1000.0,0.4900164713206665,2.667407364810341
1000.0,0.502016471320667,2.519546770166396
1000.0,0.5140164713206674,2.377644821129612
1000.0,0.5260164713206672,2.246224513516961
1000.0,0.538016471320667,2.126857103600975
1000.0,0.5500164713206674,2.019412992973754
1000.0,0.5620164713206679,1.9229607813537528
1000.0,0.5740164713206675,1.836291102154575
1000.0,0.5860164713206673,1.7581794879360595
1000.0,0.5980164713206677,1.687499942171546
1000.0,0.6100164713206682,1.6232626262938088
1000.0,0.622016471320668,1.5646164532006461
1000.0,0.6340164713206677,1.5108372590586723
1000.0,0.6460164713206682,1.4613113814232224
1000.0,0.6580164713206686,1.41551901916175
1000.0,0.6700164713206684,1.3730191246035555
1000.0,0.682016471320668,1.3334363629688708
1000.0,0.6940164713206685,1.2964501416350571
1000.0,0.7060164713206689,1.2617855024942242
1000.0,0.7180164713206687,1.2292056096881447
1000.0,0.7300164713206685,1.1985055685575579
1000.0,0.742016471320669,1.1695019018981863
1000.0,0.7540164713206694,1.142045732146384
1000.0,0.7660164713206692,1.1160024068048902
1000.0,0.778016471320669,1.091250462808107
1000.0,0.7900164713206694,1.0676836071111337
1000.0,0.7979835286793311,1.0451357065990121
1000.0,0.7859835286793313,1.0232822240934423
1000.0,0.7739835286793316,1.0025444105899088
1000.0,0.7619835286793318,0.9827029609417386
1000.0,0.7499835286793322,0.963665291891969
1000.0,0.7379835286793324,0.9453607231346338
1000.0,0.7259835286793326,0.9277249394565706
1000.0,0.7139835286793329,0.9107035243327486
1000.0,0.7019835286793331,0.8942485769731294
1000.0,0.6899835286793334,0.8783091690372494
1000.0,0.6779835286793336,0.862836681256712
1000.0,0.6659835286793339,0.8477828275058044
1000.0,0.6539835286793342,0.8330985449586548
1000.0,0.6419835286793344,0.8187329218968978
1000.0,0.6299835286793347,0.8046320652702406
1000.0,0.6179835286793349,0.7907378681888279
1000.0,0.6059835286793351,0.7769866546886178
1000.0,0.5939835286793355,0.7633076926915282
1000.0,0.5819835286793357,0.7496215840538432
1000.0,0.569983528679336,0.7358385673560404
1000.0,0.5579835286793362,0.7218568089612081
1000.0,0.5459835286793364,0.707560815038362
1000.0,0.5339835286793366,0.6928201752431804
1000.0,0.521983528679337,0.6774889485201023
1000.0,0.5099835286793373,0.6614061180514206
1000.0,0.4979835286793375,0.6443976604627402
1000.0,0.4859835286793377,0.6262808628481381
1000.0,0.47398352867933796,0.6068715295564178
1000.0,0.46198352867933823,0.5859945814345902
1000.0,0.4499835286793385,0.5634981933084225
1000.0,0.43798352867933876,0.5392709994145667
1000.0,0.425983528679339,0.5132610524415218
1000.0,0.41398352867933924,0.48549429381176473
1000.0,0.4019835286793395,0.45608954248485634
1000.0,0.3899835286793405,0.425266756857058
1000.0,0.37798352867934004,0.39334582439112953
1000.0,0.3659835286793396,0.36073443693282153
1000.0,0.3539835286793405,0.32790548504578404
1000.0,0.3419835286793415,0.295366385408637
1000.0,0.32998352867934105,0.26362430039172713
1000.0,0.3179835286793406,0.23315190451695958
1000.0,0.30598352867934153,0.20435805474086327
1000.0,0.2939835286793425,0.17756658287699364
1000.0,0.28198352867934207,0.153004812485946
1000.0,0.2699835286793416,0.13080173961345573
1000.0,0.2579835286793426,0.11099446708871229
1000.0,0.2459835286793436,0.09354065174952239
1000.0,0.23398352867934313,0.07833444868120026
1000.0,0.22198352867934268,0.06522361958526103
1000.0,0.20998352867934356,0.054025948549616135
1000.0,0.19798352867934454,0.04454370538933625
1000.0,0.1859835286793441,0.03657547697619427
1000.0,0.17398352867934364,0.029925165427676516
1000.0,0.16198352867934462,0.024408293438672842
1000.0,0.1499835286793456,0.019855963428387993
1000.0,0.13798352867934516,0.016116911587762198
1000.0,0.1259835286793447,0.013058111466510678
1000.0,0.11398352867934558,0.01056434449098918
1000.0,0.10198352867934657,0.008537091281403099
1000.0,0.08998352867934611,0.0068930253683291386
1000.0,0.07798352867934566,0.005562321091159745
1000.0,0.06598352867934665,0.004486926119139203
1000.0,0.05398352867934764,0.0036188986832746076
1000.0,0.04198352867934718,0.002918870444786321
1000.0,0.03148764650950964,0.0024189666360509925
1000.0,0.020991764339673535,0.0020051129296841815
1000.0,0.010495882169837545,0.0016625483314083819
1000.0,0.0,0.0013789983792642417
1500.0,-0.0012000000000000899,1.0439062276030498e-17
1500.0,-0.0025199999999998557,-1.8635852680921422e-17
1500.0,-0.003972000000000309,-6.835690930443375e-18
1500.0,-0.005569200000000052,5.256621493266362e-18
1500.0,-0.0073261199999997695,-4.495917413991781e-18
1500.0,-0.009258731999999936,-1.4528661923453442e-17
1500.0,-0.011384605199999953,3.802023907411019e-17
1500.0,-0.013723065720000038,3.5885021763139634e-20
1500.0,-0.016295372292000065,1.7828911290536678e-17
1500.0,-0.01912490952120005,-6.795513594043498e-18
1500.0,-0.022237400473320124,-1.7308562704252622e-17
1500.0,-0.025661140520652048,1.608555566008395e-17
1500.0,-0.02942725457271711,-1.6880692271855585e-17
1500.0,-0.0335699800299889,-4.468233774774494e-18
1500.0,-0.038126978032988035,1.0018794913127896e-17
1500.0,-0.04313967583628653,-1.0181038828798834e-17
1500.0,-0.04865364341991518,3.902298921868952e-18
1500.0,-0.05471900776190708,-2.1726722194721138e-18
1500.0,-0.06139090853809748,-2.57259730397132e-18
1500.0,-0.06872999939190727,-8.004674678028777e-18
1500.0,-0.07680299933109824,-1.2502695625775321e-18
1500.0,-0.08568329926420759,1.4726163685594454e-17
1500.0,-0.09545162919062877,-4.492422768902528e-18
1500.0,-0.10619679210969157,-7.290715739179322e-18
1500.0,-0.11801647132066084,7.071479491265926e-18
1500.0,-0.13001647132066052,-9.75443894394209e-18
1500.0,-0.14201647132066064,-6.483959213279018e-18
1500.0,-0.15401647132066076,3.7362583427152096e-18
1500.0,-0.16601647132066044,-1.6580129290328996e-17
1500.0,-0.17801647132066056,-2.6035188604651815e-17
1500.0,-0.19001647132066068,-5.571905240995794e-17
1500.0,-0.2020164713206607,-1.1582509430722735e-16
1500.0,-0.21401647132066093,-2.3518244936393535e-16
1500.0,-0.22601647132066072,-4.999934113299148e-16
1500.0,-0.23801647132066073,-1.0348165656075098e-15
1500.0,-0.25001647132066074,-2.1385095240909595e-15
1500.0,-0.2620164713206605,-4.444092963905921e-15
1500.0,-0.27401647132066076,-9.222426159595284e-15
1500.0,-0.28601647132066077,-1.9198916825735974e-14
1500.0,-0.2980164713206608,-3.9939998735809654e-14
1500.0,-0.310016471320661,-8.314075442911452e-14
1500.0,-0.3220164713206608,-1.7323990359898766e-13
1500.0,-0.3340164713206608,-3.6112963136617156e-13
1500.0,-0.3460164713206608,-7.532594444723889e-13
1500.0,-0.3580164713206606,-1.5719770289565523e-12
1500.0,-0.37001647132066084,-3.2823023310979524e-12
1500.0,-0.38201647132066086,-6.85680122035838e-12
1500.0,-0.39401647132066087,-1.4330819179893092e-11
1500.0,-0.4060164713206611,-2.996498159169448e-11
1500.0,-0.4180164713206609,-6.268200265891299e-11
1500.0,-0.43001647132066134,-1.3117396825597948e-10
1500.0,-0.44201647132066113,-2.746118166913744e-10
1500.0,-0.4540164713206607,-5.751058259539884e-10
1500.0,-0.46601647132066115,-1.2048224323833671e-9
1500.0,-0.47801647132066094,-2.524838985239466e-9
1500.0,-0.49001647132066073,-5.292569383336533e-9
1500.0,-0.5020164713206612,-1.1097000583372293e-8
1500.0,-0.514016471320661,-2.327180827706993e-8
1500.0,-0.5260164713206608,-4.8810365544639755e-8
1500.0,-0.5380164713206612,-1.0237921669024133e-7
1500.0,-0.5500164713206608,-2.14719641818356e-7
1500.0,-0.5620164713206606,-4.502010221160568e-7
1500.0,-0.574016471320661,-9.43381388158383e-7
1500.0,-0.5860164713206615,-1.9747834507659385e-6
1500.0,-0.5980164713206613,-4.126743674147864e-6
1500.0,-0.6100164713206611,-8.60011655269806e-6
1500.0,-0.6220164713206615,-1.7845932779536387e-5
1500.0,-0.6340164713206613,-3.678919409186786e-5
1500.0,-0.6460164713206609,-7.509558580085483e-5
1500.0,-0.6580164713206613,-0.0001510864134869371
1500.0,-0.6700164713206611,-0.00029779787818391744
1500.0,-0.6820164713206609,-0.000570833908237517
1500.0,-0.6940164713206614,-0.0010557777498364565
1500.0,-0.7060164713206611,-0.001871179332900741
1500.0,-0.7180164713206609,-0.003164930841267487
1500.0,-0.7300164713206614,-0.005108943283159508
1500.0,-0.742016471320661,-0.00790317492378547
1500.0,-0.7540164713206607,-0.011796422705405965
1500.0,-0.7660164713206612,-0.017121406096021523
1500.0,-0.7780164713206617,-0.02433742346551231
1500.0,-0.7900164713206614,-0.034077596642360895
1500.0,-0.8020164713206612,-0.047202445613351136
1500.0,-0.814016471320661,-0.0648625993445609
1500.0,-0.8260164713206606,-0.08857103045864931
1500.0,-0.838016471320661,-0.12028043643370108
1500.0,-0.8500164713206608,-0.16245452652456668
1500.0,-0.8620164713206606,-0.21811318732704277
1500.0,-0.8740164713206611,-0.29082252493863864
1500.0,-0.8860164713206609,-0.3845963105142671
1500.0,-0.8980164713206606,-0.5036828725257093
1500.0,-0.9100164713206602,-0.6522374317007675
1500.0,-0.92201647132066,-0.8339218786427459
1500.0,-0.9340164713206605,-1.051514797518572
1500.0,-0.9460164713206602,-1.3066280850256007
1500.0,-0.95801647132066,-1.5995978460782512
1500.0,-0.9700164713206605,-1.9295588239197494
1500.0,-0.9820164713206603,-2.2946557783954433
1500.0,-0.9940164713206598,-2.692318474180625
1500.0,-1.0060164713206596,-3.1195328912944165
1500.0,-1.0180164713206594,-3.5730656366528617
1500.0,-1.0300164713206599,-4.0496245480956246
1500.0,-1.0420164713206597,-4.545956715140588
1500.0,-1.0540164713206595,-5.058894015985463
1500.0,-1.06601647132066,-5.585358250538311
1500.0,-1.0780164713206595,-6.122336163830275
1500.0,-1.0900164713206593,-6.666831369056317
1500.0,-1.102016471320659,-7.215796575682852
1500.0,-1.1140164713206588,-7.766045978498877
1500.0,-1.1260164713206593,-8.314144042200553
1500.0,-1.138016471320659,-8.856262780031592
1500.0,-1.1500164713206587,-9.387994256034132
1500.0,-1.162016471320659,-9.904097370414075
1500.0,-1.174016471320659,-10.39814644964327
1500.0,-1.1860164713206587,-10.862031603667184
1500.0,-1.1980164713206585,-11.285235036473276
1500.0,-1.1899835286793419,-10.617708110502761
1500.0,-1.1779835286793414,-9.802887272456372
1500.0,-1.1659835286793416,-9.051793356949004
1500.0,-1.1539835286793418,-8.353357327074194
1500.0,-1.1419835286793414,-7.699598537264582
1500.0,-1.1299835286793416,-7.084067347283424
1500.0,-1.117983528679342,-6.501499394420479
1500.0,-1.1059835286793422,-5.9477176789474155
1500.0,-1.0939835286793425,-5.4195703033564655
1500.0,-1.081983528679342,-4.914859435003557
1500.0,-1.0699835286793422,-4.43225861504953
1500.0,-1.0579835286793424,-3.9712230976575045
1500.0,-1.045983528679342,-3.5318958818247816
1500.0,-1.0339835286793422,-3.1150079484482216
1500.0,-1.0219835286793426,-2.7217673022265365
1500.0,-1.0099835286793428,-2.353728717877458
1500.0,-0.997983528679343,-2.0126355595093295
1500.0,-0.9859835286793426,-1.7002280424157559
1500.0,-0.9739835286793429,-1.4180203078047122
1500.0,-0.9619835286793431,-1.1670620813428447
1500.0,-0.9499835286793427,-0.9477169440821591
1500.0,-0.937983528679343,-0.7595015948955461
1500.0,-0.9259835286793432,-0.6010296548107457
1500.0,-0.9139835286793434,-0.47008375137117353
1500.0,-0.9019835286793436,-0.3638053327566903
1500.0,-0.8899835286793432,-0.278958088272774
1500.0,-0.8779835286793435,-0.21220450841442007
1500.0,-0.8659835286793438,-0.16034208845179065
1500.0,-0.8539835286793434,-0.1204685525514877
1500.0,-0.8419835286793436,-0.09007078799189638
1500.0,-0.8299835286793438,-0.06704990683081487
1500.0,-0.817983528679344,-0.04970223092579225
1500.0,-0.8059835286793443,-0.036675497681868015
1500.0,-0.7939835286793439,-0.026915195911305735
1500.0,-0.7819835286793434,-0.019610764209819165
1500.0,-0.7699835286793437,-0.014147010994113782
1500.0,-0.7579835286793439,-0.01006295762898251
1500.0,-0.7459835286793435,-0.007018144878811559
1500.0,-0.733983528679343,-0.004764916941773844
1500.0,-0.7219835286793432,-0.0031243142967426855
1500.0,-0.7099835286793434,-0.0019637358892607456
1500.0,-0.6979835286793431,-0.0011772420718761498
1500.0,-0.6859835286793426,-0.0006724926475113719
1500.0,-0.6739835286793429,-0.00036731341881817504
1500.0,-0.6619835286793431,-0.00019310461569595292
1500.0,-0.6499835286793426,-9.848264390327285e-5
1500.0,-0.6379835286793422,-4.9073126085206304e-5
1500.0,-0.6259835286793425,-2.40102111442882e-5
1500.0,-0.6139835286793427,-1.1546781180929257e-5
1500.0,-0.6019835286793422,-5.421346803685304e-6
1500.0,-0.5899835286793418,-2.4207591897784587e-6
1500.0,-0.577983528679342,-9.375517453054956e-7
1500.0,-0.5659835286793423,-1.8043082113239357e-7
1500.0,-0.5539835286793419,2.3673555252752892e-7
1500.0,-0.5419835286793414,5.021713783111388e-7
1500.0,-0.5299835286793416,7.086096611742864e-7
1500.0,-0.5179835286793419,9.032974516575623e-7
1500.0,-0.5059835286793415,1.1122688284254307e-6
1500.0,-0.49398352867934103,1.3521475502382408e-6
1500.0,-0.48198352867934124,1.6359490103306817e-6
1500.0,-0.46998352867934146,1.976064555159336e-6
1500.0,-0.457983528679341,2.3859206734451173e-6
1500.0,-0.44598352867934055,2.881046509684252e-6
1500.0,-0.43398352867934087,3.479962569635385e-6
1500.0,-0.4219835286793411,4.205047196984452e-6
1500.0,-0.4099835286793406,5.083453040913785e-6
1500.0,-0.39798352867934017,6.148253423484669e-6
1500.0,-0.3859835286793405,7.4397631755103935e-6
1500.0,-0.3739835286793407,9.00719011083633e-6
1500.0,-0.36198352867934025,1.0910648569767977e-5
1500.0,-0.3499835286793398,1.3223644075916385e-5
1500.0,-0.33798352867934,1.603611272497326e-5
1500.0,-0.32598352867934033,1.945821723360105e-5
1500.0,-0.3139835286793399,2.362499412640818e-5
1500.0,-0.3019835286793394,2.87021188844835e-5
1500.0,-0.28998352867933963,3.489306288663074e-5
1500.0,-0.27798352867933995,4.2447930340546506e-5
1500.0,-0.2659835286793395,5.1674472852697475e-5
1500.0,-0.25398352867933904,6.295171800377554e-5
1500.0,-0.24198352867933925,7.674699611060679e-5
1500.0,-0.22998352867933947,9.363707477442836e-5
1500.0,-0.217983528679339,0.00011433457347078616
1500.0,-0.20598352867933856,0.0001397208909859808
1500.0,-0.19398352867933877,0.00017088740722384418
1500.0,-0.1819835286793392,0.00020918699001516968
1500.0,-0.16998352867933875,0.0002562985511461547
1500.0,-0.1579835286793383,0.00031430798142908166
1500.0,-0.1459835286793385,0.0003858097448137973
1500.0,-0.13398352867933871,0.00047403451233060044
1500.0,-0.12198352867933826,0.0005830097078598604
1500.0,-0.1099835286793378,0.0007177614602885826
1500.0,-0.09798352867933802,0.0008845689888811003
1500.0,-0.08598352867933823,0.0010912850186728124
1500.0,-0.07398352867933777,0.0013477395525929913
1500.0,-0.06198352867933732,0.0016662486594427577
1500.0,-0.04998352867933775,0.002062255473658388
1500.0,-0.03798352867933796,0.002555137204615895
1500.0,-0.02598352867933751,0.003169220217734947
1500.0,-0.013983528679337054,0.003935054946164123
1500.0,-0.0019835286793372653,0.004891013919904989
1500.0,0.010016471320662523,0.006085289457506938
1500.0,0.022016471320662978,0.007578382360261363
1500.0,0.03401647132066343,0.009446188726770386
1500.0,0.04601647132066322,0.011783807389690648
1500.0,0.05801647132066301,0.014710203971940559
1500.0,0.07001647132066346,0.01837387490971399
1500.0,0.08201647132066392,0.022959651905789465
1500.0,0.09401647132066349,0.028696765528954168
1500.0,0.10601647132066327,0.03586823612581688
1500.0,0.11801647132066373,0.044821566069582146
1500.0,0.13001647132066418,0.055980552036152556
1500.0,0.14201647132066397,0.06985779911972993
1500.0,0.15401647132066376,0.08706718085416787
1500.0,0.16601647132066422,0.1083350389680675
1500.0,0.17801647132066467,0.13450836037608163
1500.0,0.19001647132066446,0.1665575477997348
1500.0,0.20201647132066403,0.20557080605004208
1500.0,0.21401647132066448,0.2527367535672612
1500.0,0.22601647132066494,0.30931184928477373
1500.0,0.23801647132066472,0.3765698232639989
1500.0,0.2500164713206645,0.45573167110918533
1500.0,0.26201647132066497,0.5478768850805003
1500.0,0.2740164713206654,0.6538391353151192
1500.0,0.2860164713206652,0.7740919829257205
1500.0,0.298016471320665,0.908631674616366
1500.0,0.31001647132066545,1.0568640768694144
1500.0,0.3220164713206659,1.21750129202002
1500.0,0.3340164713206655,1.3884710765901147
1500.0,0.34601647132066526,1.5668401113975763
1500.0,0.3580164713206657,1.7487521517751294
1500.0,0.3700164713206662,1.929386088628715
1500.0,0.38201647132066596,2.1029492064071555
1500.0,0.39401647132066575,2.2627398300351937
1500.0,0.4060164713206662,2.4013425892475078
1500.0,0.41801647132066666,2.5110550769610156
1500.0,0.43001647132066645,2.5846676398813853
1500.0,0.442016471320666,2.6166776487104975
1500.0,0.45401647132066647,2.6048317661014355
1500.0,0.4660164713206669,2.5515115515840745
1500.0,0.4780164713206667,2.4641034152756216
1500.0,0.4900164713206665,2.3536483482233286
1500.0,0.502016471320667,2.232069770786305
1500.0,0.5140164713206674,2.1093845967587175
1500.0,0.5260164713206672,1.992256015728691
1500.0,0.538016471320667,1.8840977435135162
1500.0,0.5500164713206674,1.7860059249371962
1500.0,0.5620164713206679,1.6977560599367632
1500.0,0.5740164713206675,1.618517557381907
1500.0,0.5860164713206673,1.5472652311987716
1500.0,0.5980164713206677,1.4829816009446222
1500.0,0.6100164713206682,1.4247411731976385
1500.0,0.622016471320668,1.3717358709285679
1500.0,0.6340164713206677,1.323273965676096
1500.0,0.6460164713206682,1.2787686066278712
1500.0,0.6580164713206686,1.2377234270672572
1500.0,0.6700164713206684,1.1997184553212137
1500.0,0.682016471320668,1.1643975503103163
1500.0,0.6940164713206685,1.1314576755204262
1500.0,0.7060164713206689,1.100639942412738
1500.0,0.7180164713206687,1.0717222140192344
1500.0,0.7300164713206685,1.0445130275774235
1500.0,0.742016471320669,1.0188437219138906
1500.0,0.7540164713206694,0.9945708822661992
1500.0,0.7660164713206692,0.9715737826367365
1500.0,0.778016471320669,0.9497397925641398
1500.0,0.7900164713206694,0.928971090840669
1500.0,0.7979835286793311,0.9091126959577265
1500.0,0.7859835286793313,0.8898588454187215
1500.0,0.7739835286793316,0.8716139363890328
1500.0,0.7619835286793318,0.8541718176906011
1500.0,0.7499835286793322,0.837446849391355
1500.0,0.7379835286793324,0.8213741895720159
1500.0,0.7259835286793326,0.805893932665761
1500.0,0.7139835286793329,0.7909595025886743
1500.0,0.7019835286793331,0.7765248003824728
1500.0,0.6899835286793334,0.7625438200547606
1500.0,0.6779835286793336,0.7489722497639076
1500.0,0.6659835286793339,0.7357659781946492
1500.0,0.6539835286793342,0.7228800923101895
1500.0,0.6419835286793344,0.7102678909729616
1500.0,0.6299835286793347,0.6978798442643308
1500.0,0.6179835286793349,0.6856624677314466
1500.0,0.6059835286793351,0.6735570959010385
1500.0,0.5939835286793355,0.6614985536142555
1500.0,0.5819835286793357,0.6494137429104998
1500.0,0.569983528679336,0.6372201912266955
1500.0,0.5579835286793362,0.6248246470807782
1500.0,0.5459835286793364,0.6121218653847916
1500.0,0.5339835286793366,0.5989937977327134
1500.0,0.521983528679337,0.5853094917169352
1500.0,0.5099835286793373,0.5709260991089188
1500.0,0.4979835286793375,0.5556914765685541
1500.0,0.4859835286793377,0.5394489015597616
1500.0,0.47398352867933796,0.5220443729329518
1500.0,0.46198352867933823,0.5033367658938489
1500.0,0.4499835286793385,0.4832107213339411
1500.0,0.43798352867933876,0.46159156687330205
1500.0,0.425983528679339,0.4384608613841663
1500.0,0.41398352867933924,0.4138704843946792
1500.0,0.4019835286793395,0.38795278068068056
1500.0,0.3899835286793405,0.36092433791366885
1500.0,0.37798352867934004,0.3330816387613947
1500.0,0.3659835286793396,0.3047880261845042
1500.0,0.3539835286793405,0.276452901478256
1500.0,0.3419835286793415,0.24850547411648646
1500.0,0.32998352867934105,0.22136634610678804
1500.0,0.3179835286793406,0.19542051470934674
1500.0,0.30598352867934153,0.17099497979354727
1500.0,0.2939835286793425,0.1483431921000539
1500.0,0.28198352867934207,0.12763734068883553
1500.0,0.2699835286793416,0.1089682463385161
1500.0,0.2579835286793426,0.09235164477054393
1500.0,0.2459835286793436,0.07773904867211617
1500.0,0.23398352867934313,0.0650311940592236
1500.0,0.22198352867934268,0.054092235530287726
1500.0,0.20998352867934356,0.04476323543561742
1500.0,0.19798352867934454,0.03687396515197028
1500.0,0.1859835286793441,0.030252497078550735
1500.0,0.17398352867934364,0.024732446495394217
1500.0,0.16198352867934462,0.020157994414098337
1500.0,0.1499835286793456,0.016386986487661404
1500.0,0.13798352867934516,0.013292476856038888
1500.0,0.1259835286793447,0.010763094351948353
1500.0,0.11398352867934558,0.00870257591606765
1500.0,0.10198352867934657,0.007028758443433529
1500.0,0.08998352867934611,0.005672259834910291
1500.0,0.07798352867934566,0.004575022003888938
1500.0,0.06598352867934665,0.0036888377512316033
1500.0,0.05398352867934764,0.0029739419101103472
1500.0,0.04198352867934718,0.0023977150151627286
1500.0,0.03148764650950964,0.001986412238311194
1500.0,0.020991764339673535,0.0016460495820962838
1500.0,0.010495882169837545,0.0013644272000812863
1500.0,0.0,0.0011314072446467582
