Pressure,Voltage,Value
0.1,-0.0012000000000000899,2.6575515950745388e-14
0.1,-0.0025199999999998557,-3.2547783944734026e-14
0.1,-0.003972000000000309,-6.573248178803613e-14
0.1,-0.005569200000000052,1.4969091745930673e-14
0.1,-0.0073261199999997695,3.938732536053e-15
0.1,-0.009258731999999936,8.368808118032358e-15
0.1,-0.011384605199999953,3.277664803290946e-15
0.1,-0.013723065720000038,2.8941549493760056e-14
0.1,-0.016295372292000065,3.305517546966564e-14
0.1,-0.01912490952120005,-2.1083431514377597e-14
0.1,-0.022237400473320124,5.509732775001398e-15
0.1,-0.025661140520652048,-7.14934442989212e-15
0.1,-0.02942725457271711,1.9892470841843474e-14
0.1,-0.0335699800299889,2.962570164963188e-14
0.1,-0.038126978032988035,-2.104307323413044e-14
0.1,-0.04313967583628653,7.665362890785073e-15
0.1,-0.04865364341991518,3.34357558819726e-14
0.1,-0.05471900776190708,5.786449214723756e-15
0.1,-0.06139090853809748,-1.3726992933683429e-14
0.1,-0.06872999939190727,-7.761691353076023e-15
0.1,-0.07680299933109824,-1.0965337203750006e-14
0.1,-0.08568329926420759,6.145621735667969e-15
0.1,-0.09545162919062877,4.3395834976262654e-14
0.1,-0.10619679210969157,2.264184891200466e-14
0.1,-0.11801647132066084,1.372262560181831e-16
0.1,-0.13001647132066052,-9.625288427408157e-15
0.1,-0.14201647132066064,6.604928658856536e-15
0.1,-0.15401647132066076,-5.126034606480285e-15
0.1,-0.16601647132066044,-2.9323082418009236e-14
0.1,-0.17801647132066056,2.7840048845876776e-14
0.1,-0.19001647132066068,5.333776788163284e-15
0.1,-0.2020164713206607,3.015837157704685e-16
0.1,-0.21401647132066093,-5.7061154348988465e-15
0.1,-0.22601647132066072,-1.8112932484008e-14
0.1,-0.23801647132066073,8.65335787291998e-15
0.1,-0.25001647132066074,1.6395079587446428e-14
0.1,-0.2620164713206605,-9.990204670225582e-15
0.1,-0.27401647132066076,5.259903915632422e-16
0.1,-0.28601647132066077,-1.9497287987868516e-14
0.1,-0.2980164713206608,-2.851114590619987e-14
0.1,-0.310016471320661,1.0496928735968837e-15
0.1,-0.3220164713206608,-1.1031714276778273e-14
0.1,-0.3340164713206608,-2.1601467703468528e-14
0.1,-0.3460164713206608,-2.040252332041257e-14
0.1,-0.3580164713206606,5.207196865504052e-15
0.1,-0.37001647132066084,-1.8854896210532548e-14
0.1,-0.38201647132066086,-9.712772765588627e-14
0.1,-0.39401647132066087,-2.2014326291495772e-13
0.1,-0.4060164713206611,-4.271744207755437e-13
0.1,-0.4180164713206609,-8.296431808186315e-13
0.1,-0.43001647132066134,-1.8363120866972017e-12
0.1,-0.44201647132066113,-3.868668859058095e-12
0.1,-0.4540164713206607,-8.098647449354766e-12
0.1,-0.46601647132066115,-1.693458469754536e-11
0.1,-0.47801647132066094,-3.545311150795664e-11
0.1,-0.49001647132066073,-7.435572936737956e-11
0.1,-0.5020164713206612,-1.559169658797425e-10
0.1,-0.514016471320661,-3.270583830787995e-10
0.1,-0.5260164713206608,-6.861648919097784e-10
0.1,-0.5380164713206612,-1.439944041823821e-9
0.1,-0.5500164713206608,-3.0224202141424836e-9
0.1,-0.5620164713206606,-6.34488666216802e-9
0.1,-0.574016471320661,-1.3321081132027631e-8
0.1,-0.5860164713206615,-2.7968145318343452e-8
0.1,-0.5980164713206613,-5.871577873835843e-8
0.1,-0.6100164713206611,-1.2323747025043028e-7
0.1,-0.6220164713206615,-2.585388805339014e-7
0.1,-0.6340164713206613,-5.41938731537478e-7
0.1,-0.6460164713206609,-1.1344424726472725e-6
0.1,-0.6580164713206613,-2.369569439685332e-6
0.1,-0.6700164713206611,-4.932634491570634e-6
0.1,-0.6820164713206609,-1.0214514132302083e-5
0.1,-0.6940164713206614,-2.0985746795007334e-5
0.1,-0.7060164713206611,-4.261338834894989e-5
0.1,-0.7180164713206609,-8.508047501701862e-5
0.1,-0.7300164713206614,-0.00016592128783562816
0.1,-0.742016471320661,-0.0003136499816607909
0.1,-0.7540164713206607,-0.0005703976093508458
0.1,-0.7660164713206612,-0.0009922079063804012
0.1,-0.7780164713206617,-0.0016472144494194354
0.1,-0.7900164713206614,-0.0026151473513870717
0.1,-0.8020164713206612,-0.003992580577516287
0.1,-0.814016471320661,-0.005905267860378502
0.1,-0.8260164713206606,-0.008525646996969529
0.1,-0.838016471320661,-0.012093712925134698
0.1,-0.8500164713206608,-0.016941690822835895
0.1,-0.8620164713206606,-0.023524618063960327
0.1,-0.8740164713206611,-0.0324593346172407
0.1,-0.8860164713206609,-0.04457392768327265
0.1,-0.8980164713206606,-0.06096855348165199
0.1,-0.9100164713206602,-0.08308625156669455
0.1,-0.92201647132066,-0.11278768612430573
0.1,-0.9340164713206605,-0.15241485034883226
0.1,-0.9460164713206602,-0.20481335624914793
0.1,-0.95801647132066,-0.27325921754683974
0.1,-0.9700164713206605,-0.36120548160500643
0.1,-0.9820164713206603,-0.47173726295461527
0.1,-0.9940164713206598,-0.6066295945601272
0.1,-1.0060164713206596,-0.764995068589834
0.1,-1.0180164713206594,-0.941751626045919
0.1,-1.0300164713206599,-1.1265403981084983
0.1,-1.0420164713206597,-1.3040957181488242
0.1,-1.0540164713206595,-1.4569618978697105
0.1,-1.06601647132066,-1.5703880792666365
0.1,-1.0780164713206595,-1.6374369226312837
0.1,-1.0900164713206593,-1.661282841895213
0.1,-1.102016471320659,-1.6530161791446205
0.1,-1.1140164713206588,-1.6264355689408885
0.1,-1.1260164713206593,-1.593239602091158
0.1,-1.138016471320659,-1.560881816261805
0.1,-1.1500164713206587,-1.5328898462874103
0.1,-1.162016471320659,-1.510219312184387
0.1,-1.174016471320659,-1.492528686520405
0.1,-1.1860164713206587,-1.4789978656900402
0.1,-1.1980164713206585,-1.4687435722950302
0.1,-1.1899835286793419,-1.4384810915186939
0.1,-1.1779835286793414,-1.414500547709999
0.1,-1.1659835286793416,-1.3928185269148519
0.1,-1.1539835286793418,-1.3686203264238381
0.1,-1.1419835286793414,-1.3393259775052118
0.1,-1.1299835286793416,-1.302796397329275
0.1,-1.117983528679342,-1.2571256318944475
0.1,-1.1059835286793422,-1.2007498207111285
0.1,-1.0939835286793425,-1.132711723083396
0.1,-1.081983528679342,-1.0529843649570256
0.1,-1.0699835286793422,-0.9627299148108849
0.1,-1.0579835286793424,-0.8643601318300557
0.1,-1.045983528679342,-0.7613167451071673
0.1,-1.0339835286793422,-0.6575975277303693
0.1,-1.0219835286793426,-0.5571603521416385
0.1,-1.0099835286793428,-0.4633801142088947
0.1,-0.997983528679343,-0.3786937142756912
0.1,-0.9859835286793426,-0.3044810807004453
0.1,-0.9739835286793429,-0.24114823745206176
0.1,-0.9619835286793431,-0.1883345991316659
0.1,-0.9499835286793427,-0.1451634740806115
0.1,-0.937983528679343,-0.1104761812724064
0.1,-0.9259835286793432,-0.08301806440197507
0.1,-0.9139835286793434,-0.061567537941153765
0.1,-0.9019835286793436,-0.04501327566413152
0.1,-0.8899835286793432,-0.032390715201529766
0.1,-0.8779835286793435,-0.02288995916895243
0.1,-0.8659835286793438,-0.015845610159539683
0.1,-0.8539835286793434,-0.01071697977412576
0.1,-0.8419835286793436,-0.007065339105288209
0.1,-0.8299835286793438,-0.004533331404318926
0.1,-0.817983528679344,-0.0028296951603107127
0.1,-0.8059835286793443,-0.001719772719285415
0.1,-0.7939835286793439,-0.001019756374063384
0.1,-0.7819835286793434,-0.000591659109363771
0.1,-0.7699835286793437,-0.0003370031796871419
0.1,-0.7579835286793439,-0.0001890699835458567
0.1,-0.7459835286793435,-0.00010479531446400113
0.1,-0.733983528679343,-5.752829637099438e-5
0.1,-0.7219835286793432,-3.133879384592386e-5
0.1,-0.7099835286793434,-1.696419060383268e-5
0.1,-0.6979835286793431,-9.13241735662044e-6
0.1,-0.6859835286793426,-4.890765481284337e-6
0.1,-0.6739835286793429,-2.6052775139671553e-6
0.1,-0.6619835286793431,-1.37975674841344e-6
0.1,-0.6499835286793426,-7.258902878990456e-7
0.1,-0.6379835286793422,-3.789537880671044e-7
0.1,-0.6259835286793425,-1.9603748789347443e-7
0.1,-0.6139835286793427,-1.0029873800144739e-7
0.1,-0.6019835286793422,-5.059890096326655e-8
0.1,-0.5899835286793418,-2.5029309123385252e-8
0.1,-0.577983528679342,-1.1998745594080178e-8
0.1,-0.5659835286793423,-5.4225504565265185e-9
0.1,-0.5539835286793419,-2.136067528198054e-9
0.1,-0.5419835286793414,-5.094784073450198e-10
0.1,-0.5299835286793416,2.8794996325951156e-10
0.1,-0.5179835286793419,6.752846233873077e-10
0.1,-0.5059835286793415,8.618920618393476e-10
0.1,-0.49398352867934103,9.513908969623182e-10
0.1,-0.48198352867934124,9.94728168353342e-10
0.1,-0.46998352867934146,1.0164311480366038e-9
0.1,-0.457983528679341,1.028610544854772e-9
0.1,-0.44598352867934055,1.036774824318423e-9
0.1,-0.43398352867934087,1.043697162944969e-9
0.1,-0.4219835286793411,1.0505467695196256e-9
0.1,-0.4099835286793406,1.0578932216099206e-9
0.1,-0.39798352867934017,1.0659675389083385e-9
0.1,-0.3859835286793405,1.0748210128550651e-9
0.1,-0.3739835286793407,1.0844765518888426e-9
0.1,-0.36198352867934025,1.095074095424083e-9
0.1,-0.3499835286793398,1.1064715182413517e-9
0.1,-0.33798352867934,1.1187766561924727e-9
0.1,-0.32598352867934033,1.1319988249904161e-9
0.1,-0.3139835286793399,1.1460910999946335e-9
0.1,-0.3019835286793394,1.1612148774436504e-9
0.1,-0.28998352867933963,1.1773518543328908e-9
0.1,-0.27798352867933995,1.194532222575741e-9
0.1,-0.2659835286793395,1.212873146485382e-9
0.1,-0.25398352867933904,1.232400140732642e-9
0.1,-0.24198352867933925,1.2531894909027079e-9
0.1,-0.22998352867933947,1.2753029596709218e-9
0.1,-0.217983528679339,1.2989922624880915e-9
0.1,-0.20598352867933856,1.3241379274023462e-9
0.1,-0.19398352867933877,1.3509628970615502e-9
0.1,-0.1819835286793392,1.3795400816235451e-9
0.1,-0.16998352867933875,1.409973080593618e-9
0.1,-0.1579835286793383,1.442526056911222e-9
0.1,-0.1459835286793385,1.4772508611977486e-9
0.1,-0.13398352867933871,1.5143015332220358e-9
0.1,-0.12198352867933826,1.5537944864532224e-9
0.1,-0.1099835286793378,1.5960286244859816e-9
0.1,-0.09798352867933802,1.641110643942085e-9
0.1,-0.08598352867933823,1.689304318491801e-9
0.1,-0.07398352867933777,1.7407444567530542e-9
0.1,-0.06198352867933732,1.7956335306281288e-9
0.1,-0.04998352867933775,1.8542303319069455e-9
0.1,-0.03798352867933796,1.9166815251437625e-9
0.1,-0.02598352867933751,1.9831448928719437e-9
0.1,-0.013983528679337054,2.0538747963234005e-9
0.1,-0.0019835286793372653,2.128890134034887e-9
0.1,0.010016471320662523,2.208171864688135e-9
0.1,0.022016471320662978,2.2917211812523596e-9
0.1,0.03401647132066343,2.3792986611346206e-9
0.1,0.04601647132066322,2.4704277644040755e-9
0.1,0.05801647132066301,2.5645369839070794e-9
0.1,0.07001647132066346,2.6605036697845927e-9
0.1,0.08201647132066392,2.7569121024967144e-9
0.1,0.09401647132066349,2.851654758393826e-9
0.1,0.10601647132066327,2.942095316047465e-9
0.1,0.11801647132066373,3.0245720827561536e-9
0.1,0.13001647132066418,3.0946216610452678e-9
0.1,0.14201647132066397,3.1466516127369632e-9
0.1,0.15401647132066376,3.1741775213782558e-9
0.1,0.16601647132066422,3.169832496158506e-9
0.1,0.17801647132066467,3.1259333706554725e-9
0.1,0.19001647132066446,3.035388636757114e-9
0.1,0.20201647132066403,2.892644657613022e-9
0.1,0.21401647132066448,2.695444066639496e-9
0.1,0.22601647132066494,2.44625529031003e-9
0.1,0.23801647132066472,2.1532968313890295e-9
0.1,0.2500164713206645,1.8310214296656945e-9
0.1,0.26201647132066497,1.4986836865926548e-9
0.1,0.2740164713206654,1.1772622710399717e-9
0.1,0.2860164713206652,8.859491036255835e-10
0.1,0.298016471320665,6.384937103201234e-10
0.1,0.31001647132066545,4.4107590133558544e-10
0.1,0.3220164713206659,2.928576439079594e-10
0.1,0.3340164713206655,1.8763934024943532e-10
0.1,0.34601647132066526,1.165378055355307e-10
0.1,0.3580164713206657,7.055152488551611e-11
0.1,0.3700164713206662,4.177047079586451e-11
0.1,0.38201647132066596,2.432308972965216e-11
0.1,0.39401647132066575,1.3982086255737183e-11
0.1,0.4060164713206662,7.941917758730529e-12
0.1,0.41801647132066666,4.4734121386440886e-12
0.1,0.43001647132066645,2.509977330742608e-12
0.1,0.442016471320666,1.397074237483392e-12
0.1,0.45401647132066647,7.656666710586832e-13
0.1,0.4660164713206669,4.3635841402848337e-13
0.1,0.4780164713206667,2.320634788609557e-13
0.1,0.4900164713206665,1.2883603552722472e-13
0.1,0.502016471320667,9.894467895798532e-14
0.1,0.5140164713206674,-6.002410355205296e-15
0.1,0.5260164713206672,1.693369604689625e-14
0.1,0.538016471320667,1.3797706396792397e-14
0.1,0.5500164713206674,2.893635654541639e-14
0.1,0.5620164713206679,2.4969094887555254e-14
0.1,0.5740164713206675,-2.5070699319271023e-16
0.1,0.5860164713206673,1.627306484263018e-14
0.1,0.5980164713206677,-8.03880942185117e-15
0.1,0.6100164713206682,4.607487902241867e-15
0.1,0.622016471320668,2.7790704491315367e-14
0.1,0.6340164713206677,-3.142868808641888e-14
0.1,0.6460164713206682,1.0668357004926404e-14
0.1,0.6580164713206686,3.160433568702482e-14
0.1,0.6700164713206684,2.4843621674764705e-14
0.1,0.682016471320668,2.526810869593396e-14
0.1,0.6940164713206685,-1.5716208955397778e-14
0.1,0.7060164713206689,1.9963798053579403e-14
0.1,0.7180164713206687,-8.044369574143806e-15
0.1,0.7300164713206685,-6.666462782427771e-15
0.1,0.742016471320669,-7.289705287931051e-16
0.1,0.7540164713206694,-9.869780820145325e-15
0.1,0.7660164713206692,-1.1837797996668608e-14
0.1,0.778016471320669,3.957647649067266e-14
0.1,0.7900164713206694,3.1561179328873718e-15
0.1,0.7979835286793311,4.1997680647730116e-14
0.1,0.7859835286793313,1.0980725814336453e-14
0.1,0.7739835286793316,2.989521940154233e-14
0.1,0.7619835286793318,1.129530273283141e-14
0.1,0.7499835286793322,3.892951421217596e-14
0.1,0.7379835286793324,1.192390852529588e-14
0.1,0.7259835286793326,-3.016935353577431e-14
0.1,0.7139835286793329,-3.3351441901721774e-14
0.1,0.7019835286793331,3.1882109180894954e-14
0.1,0.6899835286793334,1.520634034453064e-14
0.1,0.6779835286793336,-4.5096670015671724e-14
0.1,0.6659835286793339,3.454217641289672e-14
0.1,0.6539835286793342,1.918754228827787e-14
0.1,0.6419835286793344,-3.2970483687299436e-14
0.1,0.6299835286793347,2.0815347324435353e-14
0.1,0.6179835286793349,-4.2306080207682e-14
0.1,0.6059835286793351,4.495401620159505e-15
0.1,0.5939835286793355,1.568036858802838e-14
0.1,0.5819835286793357,7.587920990296982e-15
0.1,0.569983528679336,3.007880020648732e-14
0.1,0.5579835286793362,-3.0356339588364055e-14
0.1,0.5459835286793364,-3.504077041846844e-14
0.1,0.5339835286793366,-2.9491275688551864e-14
0.1,0.521983528679337,8.921692412241281e-15
0.1,0.5099835286793373,-4.33575342397976e-15
0.1,0.4979835286793375,-1.3920338344753655e-14
0.1,0.4859835286793377,-4.359499795538252e-15
0.1,0.47398352867933796,-2.6572153249211126e-15
0.1,0.46198352867933823,-3.4208482152915716e-14
0.1,0.4499835286793385,1.403145093707176e-14
0.1,0.43798352867933876,1.4550609523146835e-14
0.1,0.425983528679339,-3.190212572856389e-14
0.1,0.41398352867933924,2.7281602064578183e-14
0.1,0.4019835286793395,-1.7541189210434922e-15
0.1,0.3899835286793405,-1.5565510209661496e-14
0.1,0.37798352867934004,1.3367664545674005e-14
0.1,0.3659835286793396,-4.156306829965246e-15
0.1,0.3539835286793405,8.232010077210313e-15
0.1,0.3419835286793415,3.17015133133647e-14
0.1,0.32998352867934105,2.7022360636594752e-14
0.1,0.3179835286793406,5.583926170276153e-14
0.1,0.30598352867934153,8.675593160721281e-15
0.1,0.2939835286793425,3.935608695824441e-14
0.1,0.28198352867934207,4.01923657626293e-14
0.1,0.2699835286793416,-2.335005839769476e-14
0.1,0.2579835286793426,-1.2340361259492526e-14
0.1,0.2459835286793436,2.9443298760263124e-14
0.1,0.23398352867934313,9.947649553730058e-15
0.1,0.22198352867934268,6.930349199232986e-15
0.1,0.20998352867934356,5.3890484248013e-15
0.1,0.19798352867934454,3.3826262930837305e-14
0.1,0.1859835286793441,-8.509735684602767e-15
0.1,0.17398352867934364,4.111431879694738e-14
0.1,0.16198352867934462,5.288077126909219e-15
0.1,0.1499835286793456,1.1484789524998845e-14
0.1,0.13798352867934516,-1.7242393564555668e-14
0.1,0.1259835286793447,1.8974059049912197e-15
0.1,0.11398352867934558,1.719951920536276e-14
0.1,0.10198352867934657,-2.344139919366592e-14
0.1,0.08998352867934611,8.336817614198661e-15
0.1,0.07798352867934566,-6.4647596175706135e-15
0.1,0.06598352867934665,2.309660059272025e-14
0.1,0.05398352867934764,6.827989192514022e-15
0.1,0.04198352867934718,-1.677300498997185e-14
0.1,0.03148764650950964,4.4224467526298056e-15
0.1,0.020991764339673535,1.4466765153244655e-14
0.1,0.010495882169837545,4.2079659409340274e-15
0.1,0.0,-1.4433352107460662e-14
0.1,-0.010495882169837545,2.3010517915547255e-14
0.1,-0.022041352556657068,2.130909731739659e-14
0.1,-0.03404135255665608,-1.272267093510555e-14
0.1,-0.046041352556656534,-3.284383459560831e-14
0.1,-0.05804135255665699,1.7370553742926745e-15
0.1,-0.070041352556656,-2.7078260116741526e-15
0.1,-0.08204135255665501,1.563449866256535e-14
0.1,-0.09404135255665547,-2.3879629633928442e-14
0.1,-0.10604135255665592,2.8463562709548272e-15
0.1,-0.11804135255665504,-2.9169467918382127e-14
0.1,-0.13004135255665406,2.2548013104210293e-14
0.1,-0.1420413525566545,-1.6322744402535325e-14
0.1,-0.15404135255665496,-9.196113852308687e-15
0.1,-0.16604135255665398,1.285404482629281e-14
0.1,-0.178041352556653,1.2639566613538377e-14
0.1,-0.19004135255665344,1.9409794072453405e-14
0.1,-0.202041352556654,-9.84599720302092e-15
0.1,-0.2140413525566529,1.90688210685962e-14
0.1,-0.22604135255665203,-4.599379657102471e-14
0.1,-0.23804135255665249,2.2552908166332224e-14
0.1,-0.25004135255665294,-3.645150605082948e-14
0.1,-0.26204135255665184,-9.3619021587864e-15
0.1,-0.27404135255665096,4.5759785996260225e-15
0.1,-0.2860413525566514,3.813784964514055e-14
0.1,-0.2980413525566519,-1.7310961680193978e-16
0.1,-0.310041352556651,-8.630734172536928e-15
0.1,-0.3220413525566499,7.356145116971613e-15
0.1,-0.33404135255665035,5.387680999868232e-15
0.1,-0.3460413525566508,-1.1307700009424042e-15
0.1,-0.35804135255664993,-5.188092821230251e-14
0.1,-0.37004135255664883,-3.83402072582824e-14
0.1,-0.3820413525566493,-1.0686731046411025e-13
0.1,-0.39404135255664974,-2.2660998055771806e-13
0.1,-0.40604135255664886,-4.139631321843824e-13
0.1,-0.418041352556648,-8.610111328893795e-13
0.1,-0.43004135255664844,-1.841508892196989e-12
0.1,-0.4420413525566489,-3.885135741758437e-12
0.1,-0.4540413525566478,-8.038028579787806e-12
0.1,-0.4660413525566469,-1.6978651920025787e-11
0.1,-0.47804135255664737,-3.550423331312119e-11
0.1,-0.4900413525566478,-7.447989201789073e-11
0.1,-0.502041352556647,-1.5614573961611483e-10
0.1,-0.5140413525566458,-3.275563961256241e-10
0.1,-0.5260413525566463,-6.872316247660791e-10
0.1,-0.5380413525566468,-1.4421714473122793e-9
0.1,-0.5500413525566459,-3.0270922353461993e-9
0.1,-0.5620413525566448,-6.354681880257512e-9
0.1,-0.5740413525566452,-1.3341509003937985e-8
0.1,-0.5860413525566457,-2.8011189555845767e-8
0.1,-0.5980413525566448,-5.880613518976697e-8
0.1,-0.6100413525566439,-1.234270247989255e-7
0.1,-0.6220413525566444,-2.58936195157531e-7
0.1,-0.6340413525566448,-5.427703537840863e-7
0.1,-0.6460413525566437,-1.1361792797501336e-6
0.1,-0.6580413525566429,-2.3731839180666974e-6
0.1,-0.6700413525566433,-4.9401155217910985e-6
0.1,-0.6820413525566438,-1.0229870089477306e-5
0.1,-0.6940413525566427,-2.101687744643887e-5
0.1,-0.7060413525566418,-4.2675357513555754e-5
0.1,-0.7180413525566423,-8.52006696643825e-5
0.1,-0.7300413525566427,-0.00016614630449004027
0.1,-0.7420413525566418,-0.0003140524983869943
0.1,-0.7540413525566407,-0.0005710798261456011
0.1,-0.7660413525566412,-0.000993299323774001
0.1,-0.7780413525566416,-0.0016488678078605602
0.1,-0.7900413525566408,-0.0026175423662021047
0.1,-0.8020413525566397,-0.003995942462134976
0.1,-0.8140413525566401,-0.005909899170128116
0.1,-0.8260413525566406,-0.008531967691641076
0.1,-0.8380413525566397,-0.012102307061462363
0.1,-0.8500413525566388,-0.01695336297772788
0.1,-0.8620413525566393,-0.023540464651694237
0.1,-0.8740413525566397,-0.03248083502790346
0.1,-0.8860413525566386,-0.04460305858920213
0.1,-0.8980413525566378,-0.061007926398386175
0.1,-0.9100413525566382,-0.08313926702902892
0.1,-0.9220413525566387,-0.11285868449730069
0.1,-0.9340413525566376,-0.15250921488697436
0.1,-0.9460413525566367,-0.20493748377060905
0.1,-0.9580413525566371,-0.2734202142662206
0.1,-0.9700413525566376,-0.3614103761032744
0.1,-0.9820413525566367,-0.47199149242003485
0.1,-0.9940413525566356,-0.6069345998462216
0.1,-1.006041352556636,-0.765345162980101
0.1,-1.0180413525566365,-0.9421309900645952
0.1,-1.0300413525566356,-1.1269219633966383
0.1,-1.0420413525566345,-1.3044441719157396
0.1,-1.054041352556635,-1.457241929506779
0.1,-1.0660413525566355,-1.570575736521836
0.1,-1.0780413525566346,-1.6375282938458442
0.1,-1.0900413525566337,-1.6612942254701328
0.1,-1.1020413525566342,-1.6529753533591738
0.1,-1.1140413525566346,-1.6263702303737322
0.1,-1.1260413525566335,-1.5931698265173149
0.1,-1.1380413525566326,-1.5608185871519507
0.1,-1.150041352556633,-1.532837302457221
0.1,-1.1620413525566335,-1.5101777208724751
0.1,-1.1740413525566324,-1.4924966398941795
0.1,-1.1860413525566316,-1.4789735072300823
0.1,-1.198041352556632,-1.4687251499263363
0.1,-1.1899586474433674,-1.4384106689043237
0.1,-1.1779586474433685,-1.4144533281178988
0.1,-1.1659586474433694,-1.3927708892913917
0.1,-1.153958647443369,-1.3685650657482265
0.1,-1.1419586474433685,-1.3392580943155823
0.1,-1.1299586474433696,-1.3027115815741541
0.1,-1.1179586474433705,-1.2570201576870055
0.1,-1.10595864744337,-1.2006209346938377
0.1,-1.0939586474433696,-1.1325582785593242
0.1,-1.0819586474433704,-1.0528074672928234
0.1,-1.0699586474433715,-0.9625332908693965
0.1,-1.057958647443371,-0.8641499745664327
0.1,-1.0459586474433706,-0.7611009630347416
0.1,-1.0339586474433715,-0.6573845758396601
0.1,-1.0219586474433724,-0.5569579921540103
0.1,-1.009958647443372,-0.46319445069505827
0.1,-0.9979586474433716,-0.37852870322042453
0.1,-0.9859586474433726,-0.3043385151010972
0.1,-0.9739586474433736,-0.2410280784083458
0.1,-0.9619586474433731,-0.1882354758267347
0.1,-0.9499586474433726,-0.14508320184362336
0.1,-0.9379586474433736,-0.11041220345250127
0.1,-0.9259586474433745,-0.08296777889000909
0.1,-0.9139586474433741,-0.06152850758634221
0.1,-0.9019586474433736,-0.04498334177823282
0.1,-0.8899586474433746,-0.03236803953587213
0.1,-0.8779586474433756,-0.02287301825174998
0.1,-0.8659586474433751,-0.01583316164353239
0.1,-0.8539586474433747,-0.010708016279543738
0.1,-0.8419586474433756,-0.007059041816130363
0.1,-0.8299586474433767,-0.004529032233725417
0.1,-0.8179586474433762,-0.002826851419050931
0.1,-0.8059586474433758,-0.0017179523421412138
0.1,-0.7939586474433766,-0.0010186277246709535
0.1,-0.7819586474433776,-0.0005909795966305251
0.1,-0.7699586474433772,-0.00033660443703848386
0.1,-0.7579586474433767,-0.000188840965221593
0.1,-0.7459586474433777,-0.00010466603676695696
0.1,-0.7339586474433786,-5.745630877986633e-5
0.1,-0.7219586474433781,-3.1299129548413155e-5
0.1,-0.7099586474433777,-1.6942514497275104e-5
0.1,-0.6979586474433787,-9.120648332897816e-6
0.1,-0.6859586474433796,-4.884410096628311e-6
0.1,-0.6739586474433792,-2.6018623099031213e-6
0.1,-0.6619586474433787,-1.377930477398526e-6
0.1,-0.6499586474433797,-7.249187194000107e-7
0.1,-0.6379586474433807,-3.7843999244126744e-7
0.1,-0.6259586474433803,-1.9576767795833652e-7
0.1,-0.6139586474433798,-1.0015815105279194e-7
0.1,-0.6019586474433808,-5.0526244544106076e-8
0.1,-0.5899586474433817,-2.4992162264001358e-8
0.1,-0.5779586474433812,-1.1979862530128273e-8
0.1,-0.5659586474433808,-5.41313806657288e-9
0.1,-0.5539586474433817,-2.1313676824514005e-9
0.1,-0.5419586474433827,-5.071383891690716e-10
0.1,-0.5299586474433823,2.890570248622634e-10
0.1,-0.5179586474433818,6.75832697293101e-10
0.1,-0.5059586474433828,8.62134707260739e-10
0.1,-0.4939586474433837,9.515091888590287e-10
0.1,-0.48195864744338324,9.947474763996234e-10
0.1,-0.4699586474433828,1.0165236944699283e-9
0.1,-0.45795864744338377,1.028568560726161e-9
0.1,-0.44595864744338476,1.0367892127154961e-9
0.1,-0.4339586474433843,1.0437024203534667e-9
0.1,-0.42195864744338385,1.050634929599731e-9
0.1,-0.40995864744338484,1.0579160513604555e-9
0.1,-0.3979586474433858,1.0660190907023147e-9
0.1,-0.38595864744338537,1.0748520517419442e-9
0.1,-0.3739586474433849,1.0845538765627093e-9
0.1,-0.3619586474433858,1.0950859336210508e-9
0.1,-0.3499586474433868,1.1065108389774476e-9
0.1,-0.33795864744338633,1.1187842133171366e-9
0.1,-0.3259586474433859,1.1319744058770872e-9
0.1,-0.31395864744338686,1.1461596505303307e-9
0.1,-0.30195864744338785,1.1612895444180058e-9
0.1,-0.2899586474433874,1.177361805254687e-9
0.1,-0.27795864744338694,1.1946059877785732e-9
0.1,-0.26595864744338793,1.2129356369500426e-9
0.1,-0.2539586474433888,1.2324643742438122e-9
0.1,-0.24195864744338835,1.2532397971160262e-9
0.1,-0.2299586474433879,1.275417349148921e-9
0.1,-0.2179586474433889,1.2990587091845626e-9
0.1,-0.20595864744338988,1.324182383729064e-9
0.1,-0.19395864744338942,1.3509761774928997e-9
0.1,-0.18195864744338897,1.3796015857385006e-9
0.1,-0.16995864744338984,1.4101073340742497e-9
0.1,-0.15795864744339094,1.442583997894466e-9
0.1,-0.1459586474433905,1.4773065341656785e-9
0.1,-0.13395864744339003,1.5143424797253306e-9
0.1,-0.12195864744339091,1.5538931937589116e-9
0.1,-0.10995864744339201,1.5961577852663172e-9
0.1,-0.09795864744339156,1.6412900809162388e-9
0.1,-0.0859586474433911,1.6894108913057469e-9
0.1,-0.07395864744339198,1.740812618881488e-9
0.1,-0.061958647443392856,1.7957414525956976e-9
0.1,-0.0499586474433924,1.854316978683988e-9
0.1,-0.037958647443391946,1.9167983979506453e-9
0.1,-0.025958647443393046,1.983301606930293e-9
0.1,-0.013958647443393923,2.05405489002335e-9
0.1,-0.0019586474433934686,2.1290195719342693e-9
0.1,0.010041352556606986,2.2083324544704798e-9
0.1,0.02204135255660744,2.2919026566953396e-9
0.1,0.034041352556607896,2.379440295033494e-9
0.1,0.04604135255660835,2.4706312800985537e-9
0.1,0.058041352556608805,2.5646832753192616e-9
0.1,0.07004135255660926,2.660699473164975e-9
0.1,0.08204135255660971,2.7571159313953606e-9
0.1,0.09404135255661017,2.8518479531530156e-9
0.1,0.10604135255661062,2.942291175502912e-9
0.1,0.11804135255661108,3.0247228739329465e-9
0.1,0.13004135255661153,3.0947632809453284e-9
0.1,0.142041352556612,3.14675716433985e-9
0.1,0.15404135255661244,3.174193040151264e-9
0.1,0.1660413525566129,3.169767362918954e-9
0.1,0.17804135255661335,3.12580773599592e-9
0.1,0.1900413525566138,3.035160710143173e-9
0.1,0.20204135255661426,2.8923113214647326e-9
0.1,0.21404135255661472,2.6950113870775117e-9
0.1,0.22604135255661517,2.4456455164282664e-9
0.1,0.23804135255661563,2.1526529318846814e-9
0.1,0.2500413525566161,1.8303993536414017e-9
0.1,0.26204135255661654,1.4980168295181213e-9
0.1,0.274041352556617,1.1766108466119555e-9
0.1,0.28604135255661745,8.854044831329387e-10
0.1,0.2980413525566179,6.379957354281801e-10
0.1,0.31004135255661835,4.407255443218977e-10
0.1,0.3220413525566188,2.9261240426257846e-10
0.1,0.33404135255661926,1.8751290619962853e-10
0.1,0.3460413525566197,1.1644237624014435e-10
0.1,0.3580413525566202,7.045730307426795e-11
0.1,0.37004135255662063,4.172933508777456e-11
0.1,0.3820413525566211,2.429882298573269e-11
0.1,0.39404135255662154,1.3990650496875148e-11
0.1,0.406041352556622,7.942644893611132e-12
0.1,0.41804135255662245,4.457990255942651e-12
0.1,0.4300413525566229,2.5148413943917557e-12
0.1,0.44204135255662336,1.3701008327898731e-12
0.1,0.4540413525566238,7.527064831943004e-13
0.1,0.46604135255662427,4.376360837806574e-13
0.1,0.4780413525566247,2.5154878458782344e-13
0.1,0.4900413525566252,1.1251686664835592e-13
0.1,0.5020413525566256,4.936195050667033e-14
0.1,0.5140413525566261,4.446460575505028e-14
0.1,0.5260413525566265,3.0707251696780276e-14
0.1,0.538041352556627,2.7942281155321933e-14
0.1,0.5500413525566274,3.9620180882632433e-14
0.1,0.5620413525566279,1.3745680399481084e-14
0.1,0.5740413525566284,-9.736401017655975e-15
0.1,0.5860413525566288,-2.068797993460482e-14
0.1,0.5980413525566293,3.562461299899202e-15
0.1,0.6100413525566297,-1.7558731636089173e-14
0.1,0.6220413525566302,1.0979815976618983e-14
0.1,0.6340413525566306,-2.883666221928811e-14
0.1,0.6460413525566311,7.233853694749083e-15
0.1,0.6580413525566315,-2.996938492441637e-14
0.1,0.670041352556632,3.3596099235593725e-14
0.1,0.6820413525566325,-2.3271024426973682e-14
0.1,0.6940413525566329,-2.517489500645128e-14
0.1,0.7060413525566334,-2.2993543571390348e-14
0.1,0.7180413525566338,2.0053361728994407e-14
0.1,0.7300413525566343,-3.776905991802629e-14
0.1,0.7420413525566347,-2.7926968120332554e-15
0.1,0.7540413525566352,-6.046279689152313e-15
0.1,0.7660413525566356,-7.042712158417174e-15
0.1,0.7780413525566361,2.8715727580599754e-14
0.1,0.7900413525566365,6.887368424833359e-15
0.1,0.7979586474433632,1.0393834467246299e-14
0.1,0.7859586474433627,-5.7362732744363934e-15
0.1,0.7739586474433623,-5.6967722614647365e-15
0.1,0.7619586474433618,-1.3392049413344051e-14
0.1,0.7499586474433614,1.243877835275724e-16
0.1,0.7379586474433609,4.8656412427133325e-14
0.1,0.7259586474433605,3.4876147323674724e-15
0.1,0.71395864744336,-4.687639224108738e-15
0.1,0.7019586474433596,1.342219660100949e-14
0.1,0.6899586474433591,3.3766830490671043e-15
0.1,0.6779586474433587,1.359632779600187e-14
0.1,0.6659586474433582,-3.564030911898305e-15
0.1,0.6539586474433577,-7.091721307634844e-15
0.1,0.6419586474433573,-3.381919701372109e-14
0.1,0.6299586474433568,6.712534894835052e-15
0.1,0.6179586474433564,6.950062465876637e-15
0.1,0.6059586474433559,2.3453775187947902e-14
0.1,0.5939586474433555,-1.0542931677152156e-14
0.1,0.581958647443355,-7.719278917985415e-15
0.1,0.5699586474433546,3.4534131484647e-16
0.1,0.5579586474433541,-2.1780690825975175e-14
0.1,0.5459586474433535,-1.2504654443032677e-14
0.1,0.5339586474433531,1.0898808019036045e-14
0.1,0.5219586474433526,-1.0335237382677522e-14
0.1,0.5099586474433522,1.2302514979968561e-14
0.1,0.4979586474433518,2.3038908028883836e-14
0.1,0.4859586474433513,-2.940665496307607e-14
0.1,0.47395864744335087,1.2042065755098745e-15
0.1,0.4619586474433504,1.942617656918814e-14
0.1,0.44995864744334996,4.12491245520028e-14
0.1,0.4379586474433495,7.569702845251297e-15
0.1,0.42595864744334905,-1.3917044818583933e-14
0.1,0.4139586474433486,1.9301852632348966e-14
0.1,0.40195864744334814,2.4859945642770405e-14
0.1,0.3899586474433477,-3.6472533533950374e-14
0.1,0.37795864744334723,7.856138473134459e-15
0.1,0.3659586474433468,-6.47728459216774e-15
0.1,0.3539586474433463,-4.437416416087787e-15
0.1,0.34195864744334586,-2.532982904331597e-14
0.1,0.3299586474433454,-2.885293296726873e-15
0.1,0.31795864744334495,1.508378288697052e-14
0.1,0.3059586474433445,-2.5175102514521217e-14
0.1,0.2939586474433441,-3.1430715274307894e-15
0.1,0.28195864744334365,4.5412795258740307e-14
0.1,0.2699586474433432,-1.5521433367644545e-14
0.1,0.25795864744334274,-3.4604950257916348e-15
0.1,0.24595864744334228,-2.4919026914459446e-14
0.1,0.23395864744334183,3.930727467533244e-14
0.1,0.22195864744334137,-4.4511704765555866e-14
0.1,0.20995864744334092,4.912450274642488e-15
0.1,0.19795864744334035,-5.276669502483632e-15
0.1,0.1859586474433399,7.65899516395946e-15
0.1,0.17395864744333944,-2.3143013230379134e-14
0.1,0.161958647443339,1.5181407452794463e-14
0.1,0.14995864744333853,2.016379326739942e-14
0.1,0.13795864744333808,-3.669700405971964e-17
0.1,0.12595864744333762,5.019593608247023e-15
0.1,0.11395864744333717,-4.899105909529862e-16
0.1,0.10195864744333671,-1.6452894527978982e-14
0.1,0.08995864744333626,1.840060783845439e-14
0.1,0.0779586474433358,2.6575781986570105e-14
0.1,0.06595864744333535,5.9477825259402056e-15
0.1,0.053958647443334895,-3.4950844933786245e-14
0.1,0.04195864744333444,-2.228785650910256e-15
0.1,0.031468985582500886,-5.671393607629102e-15
0.1,0.02097932372166722,-7.09482887133713e-15
0.1,0.010489661860833666,7.204407119610476e-16
0.1,0.0,5.026519426824493e-15
0.2,-0.0012000000000000899,-2.191801328228038e-15
0.2,-0.0025199999999998557,8.188216199757946e-15
0.2,-0.003972000000000309,-1.5352916587785812e-14
0.2,-0.005569200000000052,-1.2687622750656747e-14
0.2,-0.0073261199999997695,-1.8595399710113866e-15
0.2,-0.009258731999999936,1.0928460821832735e-14
0.2,-0.011384605199999953,5.786780191566421e-15
0.2,-0.013723065720000038,6.772124601580786e-16
0.2,-0.016295372292000065,9.429931290938197e-15
0.2,-0.01912490952120005,2.981922964604371e-14
0.2,-0.022237400473320124,3.16113792369998e-15
0.2,-0.025661140520652048,-1.9734537812504844e-15
0.2,-0.02942725457271711,-6.451044726915595e-15
0.2,-0.0335699800299889,-2.3802103409661306e-14
0.2,-0.038126978032988035,-2.0131748190059823e-15
0.2,-0.04313967583628653,7.82656262876502e-15
0.2,-0.04865364341991518,-1.2098739521384224e-14
0.2,-0.05471900776190708,-5.354807202811098e-15
0.2,-0.06139090853809748,5.443911811972844e-15
0.2,-0.06872999939190727,-5.8250489749725615e-15
0.2,-0.07680299933109824,1.3757340669234427e-14
0.2,-0.08568329926420759,1.1780499862886874e-14
0.2,-0.09545162919062877,-3.0014496603961935e-15
0.2,-0.10619679210969157,2.636469461347812e-14
0.2,-0.11801647132066084,1.0145129917502548e-14
0.2,-0.13001647132066052,1.6019838487990187e-14
0.2,-0.14201647132066064,-3.7003552006887505e-14
0.2,-0.15401647132066076,3.0256884695354847e-15
0.2,-0.16601647132066044,9.006975567324939e-15
0.2,-0.17801647132066056,-1.2284645342715471e-14
0.2,-0.19001647132066068,-2.2091210691749645e-14
0.2,-0.2020164713206607,7.09758474113544e-15
0.2,-0.21401647132066093,-1.0949509152747495e-16
0.2,-0.22601647132066072,-6.096222625293591e-15
0.2,-0.23801647132066073,-8.775683880145583e-15
0.2,-0.25001647132066074,-2.0528392926986264e-14
0.2,-0.2620164713206605,9.554748985470827e-15
0.2,-0.27401647132066076,1.992292960507968e-14
0.2,-0.28601647132066077,-2.026264691911839e-14
0.2,-0.2980164713206608,3.055781928287027e-14
0.2,-0.310016471320661,-8.990398864969124e-15
0.2,-0.3220164713206608,-4.655581887653786e-15
0.2,-0.3340164713206608,-4.171793582880922e-14
0.2,-0.3460164713206608,-6.612931287302103e-14
0.2,-0.3580164713206606,-6.808569097527133e-14
0.2,-0.37001647132066084,-1.6928758152939802e-13
0.2,-0.38201647132066086,-3.118062442662953e-13
0.2,-0.39401647132066087,-6.461288353732165e-13
0.2,-0.4060164713206611,-1.3206471796786036e-12
0.2,-0.4180164713206609,-2.807451865216495e-12
0.2,-0.43001647132066134,-5.931811770767073e-12
0.2,-0.44201647132066113,-1.2386865954233505e-11
0.2,-0.4540164713206607,-2.5935722647846937e-11
0.2,-0.46601647132066115,-5.4374084332334107e-11
0.2,-0.47801647132066094,-1.1392445477952731e-10
0.2,-0.49001647132066073,-2.3879425881488537e-10
0.2,-0.5020164713206612,-5.007778040294168e-10
0.2,-0.514016471320661,-1.0503796328761306e-9
0.2,-0.5260164713206608,-2.203675685516939e-9
0.2,-0.5380164713206612,-4.624313291303085e-9
0.2,-0.5500164713206608,-9.70547251179128e-9
0.2,-0.5620164713206606,-2.037206098267795e-8
0.2,-0.574016471320661,-4.276274767836286e-8
0.2,-0.5860164713206615,-8.975549193767407e-8
0.2,-0.5980164713206613,-1.8834296997426564e-7
0.2,-0.6100164713206611,-3.9502345295474417e-7
0.2,-0.6220164713206615,-8.277866239978041e-7
0.2,-0.6340164713206613,-1.7321627599850377e-6
0.2,-0.6460164713206609,-3.6162534368505546e-6
0.2,-0.6580164713206613,-7.52252681775485e-6
0.2,-0.6700164713206611,-1.5561836882722964e-5
0.2,-0.6820164713206609,-3.192402057378737e-5
0.2,-0.6940164713206614,-6.468201795121183e-5
0.2,-0.7060164713206611,-0.00012873177702062564
0.2,-0.7180164713206609,-0.00024993524049297846
0.2,-0.7300164713206614,-0.0004696926286080287
0.2,-0.742016471320661,-0.0008480084141687498
0.2,-0.7540164713206607,-0.0014631635777018908
0.2,-0.7660164713206612,-0.0024091359580053115
0.2,-0.7780164713206617,-0.0037961145609173618
0.2,-0.7900164713206614,-0.005759518650507958
0.2,-0.8020164713206612,-0.008478155964520005
0.2,-0.814016471320661,-0.01219863554632071
0.2,-0.8260164713206606,-0.01726432884977333
0.2,-0.838016471320661,-0.02415029378316612
0.2,-0.8500164713206608,-0.0335075960790503
0.2,-0.8620164713206606,-0.04622106438240888
0.2,-0.8740164713206611,-0.06348442267236756
0.2,-0.8860164713206609,-0.08689611780062757
0.2,-0.8980164713206606,-0.11857729478644835
0.2,-0.9100164713206602,-0.16130876689429308
0.2,-0.92201647132066,-0.21867416232448164
0.2,-0.9340164713206605,-0.29517847071074693
0.2,-0.9460164713206602,-0.39628108838901854
0.2,-0.95801647132066,-0.5282375804268862
0.2,-0.9700164713206605,-0.6975890799804246
0.2,-0.9820164713206603,-0.9100950924726829
0.2,-0.9940164713206598,-1.1689305998653763
0.2,-1.0060164713206596,-1.472157837869719
0.2,-1.0180164713206594,-1.8099364144332304
0.2,-1.0300164713206599,-2.162632123514504
0.2,-1.0420164713206597,-2.501587839800008
0.2,-1.0540164713206595,-2.7940897123156967
0.2,-1.06601647132066,-3.012250112804894
0.2,-1.0780164713206595,-3.142449228566621
0.2,-1.0900164713206593,-3.1899428562575167
0.2,-1.102016471320659,-3.1752473760928095
0.2,-1.1140164713206588,-3.124550843839332
0.2,-1.1260164713206593,-3.0604192504874828
0.2,-1.138016471320659,-2.9974036446320538
0.2,-1.1500164713206587,-2.94247419025421
0.2,-1.162016471320659,-2.89758668654809
0.2,-1.174016471320659,-2.862157800461268
0.2,-1.1860164713206587,-2.834663273662156
0.2,-1.1980164713206585,-2.8134477246194
0.2,-1.1899835286793419,-2.753274463610492
0.2,-1.1779835286793414,-2.704958065745691
0.2,-1.1659835286793416,-2.6609706024053157
0.2,-1.1539835286793418,-2.6120965787455037
0.2,-1.1419835286793414,-2.5533992143967708
0.2,-1.1299835286793416,-2.48080786359689
0.2,-1.117983528679342,-2.390741590737082
0.2,-1.1059835286793422,-2.280333005719123
0.2,-1.0939835286793425,-2.147933014990107
0.2,-1.081983528679342,-1.9937020623890527
0.2,-1.0699835286793422,-1.8200515178684407
0.2,-1.0579835286793424,-1.6316974989761377
0.2,-1.045983528679342,-1.4352000807702987
0.2,-1.0339835286793422,-1.2380588672619464
0.2,-1.0219835286793426,-1.0476165824472734
0.2,-1.0099835286793428,-0.8700827983543276
0.2,-0.997983528679343,-0.7099095322161526
0.2,-0.9859835286793426,-0.5695945325154029
0.2,-0.9739835286793429,-0.4498459653818054
0.2,-0.9619835286793431,-0.3499675858270229
0.2,-0.9499835286793427,-0.2683191539913126
0.2,-0.937983528679343,-0.2027451765384238
0.2,-0.9259835286793432,-0.150914679824999
0.2,-0.9139835286793434,-0.11055563811314317
0.2,-0.9019835286793436,-0.07959308372726319
0.2,-0.8899835286793432,-0.056211551550154
0.2,-0.8779835286793435,-0.03886526560407827
0.2,-0.8659835286793438,-0.02625785382624613
0.2,-0.8539835286793434,-0.017309841652303214
0.2,-0.8419835286793436,-0.011127193532095875
0.2,-0.8299835286793438,-0.006977650599639603
0.2,-0.817983528679344,-0.0042747338968077645
0.2,-0.8059835286793443,-0.002564720442131461
0.2,-0.7939835286793439,-0.0015116118449454829
0.2,-0.7819835286793434,-0.000878180248869923
0.2,-0.7699835286793437,-0.0005046009618279761
0.2,-0.7579835286793439,-0.000287687907369104
0.2,-0.7459835286793435,-0.00016321086480601066
0.2,-0.733983528679343,-9.236536652825644e-5
0.2,-0.7219835286793432,-5.225252323980012e-5
0.2,-0.7099835286793434,-2.9598362279115686e-5
0.2,-0.6979835286793431,-1.6807737380028267e-5
0.2,-0.6859835286793426,-9.573892687639126e-6
0.2,-0.6739835286793429,-5.4688483369851206e-6
0.2,-0.6619835286793431,-3.128236926953329e-6
0.2,-0.6499835286793426,-1.78635421433063e-6
0.2,-0.6379835286793422,-1.0133534711472315e-6
0.2,-0.6259835286793425,-5.673782743528003e-7
0.2,-0.6139835286793427,-3.1141810349495017e-7
0.2,-0.6019835286793422,-1.6665174526157754e-7
0.2,-0.5899835286793418,-8.668843268868508e-8
0.2,-0.577983528679342,-4.377011096121176e-8
0.2,-0.5659835286793423,-2.1384749456132515e-8
0.2,-0.5539835286793419,-9.994108485689497e-9
0.2,-0.5419835286793414,-4.308645968615401e-9
0.2,-0.5299835286793416,-1.5100502603953604e-9
0.2,-0.5179835286793419,-1.4502266392037748e-10
0.2,-0.5059835286793415,5.174894851494677e-10
0.2,-0.49398352867934103,8.390813028118517e-10
0.2,-0.48198352867934124,9.964236902554268e-10
0.2,-0.46998352867934146,1.0751577780742516e-9
0.2,-0.457983528679341,1.1165362150071974e-9
0.2,-0.44598352867934055,1.1404609198527203e-9
0.2,-0.43398352867934087,1.1563814443984402e-9
0.2,-0.4219835286793411,1.1689290238470733e-9
0.2,-0.4099835286793406,1.180196781985264e-9
0.2,-0.39798352867934017,1.1912542819092272e-9
0.2,-0.3859835286793405,1.2026387342510824e-9
0.2,-0.3739835286793407,1.214552982392473e-9
0.2,-0.36198352867934025,1.2271887940250282e-9
0.2,-0.3499835286793398,1.2406243016355531e-9
0.2,-0.33798352867934,1.2549224313545665e-9
0.2,-0.32598352867934033,1.2701337138446385e-9
0.2,-0.3139835286793399,1.2863310445145521e-9
0.2,-0.3019835286793394,1.3035329396153184e-9
0.2,-0.28998352867933963,1.3218710985437684e-9
0.2,-0.27798352867933995,1.3413575533520566e-9
0.2,-0.2659835286793395,1.3621085711815535e-9
0.2,-0.25398352867933904,1.3841824180582712e-9
0.2,-0.24198352867933925,1.4076498262949624e-9
0.2,-0.22998352867933947,1.4326127059274118e-9
0.2,-0.217983528679339,1.4592323653836342e-9
0.2,-0.20598352867933856,1.487593059670734e-9
0.2,-0.19398352867933877,1.517813559924643e-9
0.2,-0.1819835286793392,1.550001240323552e-9
0.2,-0.16998352867933875,1.5843576405184577e-9
0.2,-0.1579835286793383,1.6209792443155274e-9
0.2,-0.1459835286793385,1.6601261068271175e-9
0.2,-0.13398352867933871,1.7018804355462789e-9
0.2,-0.12198352867933826,1.7465063443953247e-9
0.2,-0.1099835286793378,1.7941935770933376e-9
0.2,-0.09798352867933802,1.845114780381105e-9
0.2,-0.08598352867933823,1.8996184082530515e-9
0.2,-0.07398352867933777,1.957867696488109e-9
0.2,-0.06198352867933732,2.020182842446103e-9
0.2,-0.04998352867933775,2.0867935907191753e-9
0.2,-0.03798352867933796,2.1579595183982344e-9
0.2,-0.02598352867933751,2.2339686293068774e-9
0.2,-0.013983528679337054,2.3150993905835585e-9
0.2,-0.0019835286793372653,2.401577627884199e-9
0.2,0.010016471320662523,2.493565896068622e-9
0.2,0.022016471320662978,2.591172932488736e-9
0.2,0.03401647132066343,2.6944943267798164e-9
0.2,0.04601647132066322,2.8033728156894627e-9
0.2,0.05801647132066301,2.9174311458539576e-9
0.2,0.07001647132066346,3.0362524563547684e-9
0.2,0.08201647132066392,3.1588213390916323e-9
0.2,0.09401647132066349,3.2838454461996227e-9
0.2,0.10601647132066327,3.409411533579311e-9
0.2,0.11801647132066373,3.5329233278062306e-9
0.2,0.13001647132066418,3.650787212172868e-9
0.2,0.14201647132066397,3.758542900431618e-9
0.2,0.15401647132066376,3.8504767263465515e-9
0.2,0.16601647132066422,3.919604958248855e-9
0.2,0.17801647132066467,3.957874953800253e-9
0.2,0.19001647132066446,3.956153352480556e-9
0.2,0.20201647132066403,3.905070039653264e-9
0.2,0.21401647132066448,3.795803274830562e-9
0.2,0.22601647132066494,3.6217382876316715e-9
0.2,0.23801647132066472,3.3799542149064173e-9
0.2,0.2500164713206645,3.0734255223717755e-9
0.2,0.26201647132066497,2.7121521706526334e-9
0.2,0.2740164713206654,2.313624972310109e-9
0.2,0.2860164713206652,1.9010750717263416e-9
0.2,0.298016471320665,1.5002611122950158e-9
0.2,0.31001647132066545,1.1349696925467224e-9
0.2,0.3220164713206659,8.226432913717085e-10
0.2,0.3340164713206655,5.717417506585512e-10
0.2,0.34601647132066526,3.819788230809386e-10
0.2,0.3580164713206657,2.461396786245283e-10
0.2,0.3700164713206662,1.5370355289987214e-10
0.2,0.38201647132066596,9.344492451730759e-11
0.2,0.39401647132066575,5.558431385020718e-11
0.2,0.4060164713206662,3.247268360526762e-11
0.2,0.41801647132066666,1.8711418203444203e-11
0.2,0.43001647132066645,1.0648918915266345e-11
0.2,0.442016471320666,6.043506072765681e-12
0.2,0.45401647132066647,3.3764872279580434e-12
0.2,0.4660164713206669,1.8877140783030188e-12
0.2,0.4780164713206667,1.0574340951230996e-12
0.2,0.4900164713206665,5.846483364323376e-13
0.2,0.502016471320667,3.414351989002073e-13
0.2,0.5140164713206674,1.879429800136094e-13
0.2,0.5260164713206672,9.194062714887772e-14
0.2,0.538016471320667,6.716353043321821e-14
0.2,0.5500164713206674,2.3986355290860715e-14
0.2,0.5620164713206679,-1.7923924556617334e-14
0.2,0.5740164713206675,4.987581497737353e-15
0.2,0.5860164713206673,3.3196954802514434e-15
0.2,0.5980164713206677,-1.0546512522857738e-14
0.2,0.6100164713206682,1.0578926347484654e-14
0.2,0.622016471320668,-1.5317367803709122e-14
0.2,0.6340164713206677,-9.133002135141166e-15
0.2,0.6460164713206682,1.116904205335669e-14
0.2,0.6580164713206686,3.800230963039541e-15
0.2,0.6700164713206684,1.3601273404981648e-14
0.2,0.682016471320668,2.6722386437977886e-14
0.2,0.6940164713206685,2.2723615478109816e-14
0.2,0.7060164713206689,5.842921780922262e-15
0.2,0.7180164713206687,5.022520003902086e-15
0.2,0.7300164713206685,6.446267456412176e-15
0.2,0.742016471320669,6.009127763859117e-15
0.2,0.7540164713206694,-5.604239614082331e-15
0.2,0.7660164713206692,2.2467952234173092e-14
0.2,0.778016471320669,-1.5761089226623475e-14
0.2,0.7900164713206694,-1.2155942452879229e-14
0.2,0.7979835286793311,-4.648100955706857e-16
0.2,0.7859835286793313,6.0572164289064906e-15
0.2,0.7739835286793316,2.012167710735984e-14
0.2,0.7619835286793318,-5.958884208655883e-15
0.2,0.7499835286793322,8.37135174422193e-15
0.2,0.7379835286793324,-7.950639775170916e-15
0.2,0.7259835286793326,1.9416468915207212e-14
0.2,0.7139835286793329,-8.937234233318446e-15
0.2,0.7019835286793331,-9.263966330857555e-15
0.2,0.6899835286793334,1.946046594691516e-14
0.2,0.6779835286793336,-9.940913522536844e-15
0.2,0.6659835286793339,9.839779942367883e-15
0.2,0.6539835286793342,5.078568465703602e-15
0.2,0.6419835286793344,-9.230310118130319e-15
0.2,0.6299835286793347,6.320711772323552e-15
0.2,0.6179835286793349,4.928122455291686e-15
0.2,0.6059835286793351,7.549212754174833e-15
0.2,0.5939835286793355,-1.6675827364606224e-15
0.2,0.5819835286793357,2.5794689687023205e-15
0.2,0.569983528679336,-8.094099681211252e-15
0.2,0.5579835286793362,1.7539608970311123e-14
0.2,0.5459835286793364,-1.8539946846242767e-14
0.2,0.5339835286793366,-3.094966900893989e-15
0.2,0.521983528679337,-4.588431743836836e-15
0.2,0.5099835286793373,1.8314899024979506e-14
0.2,0.4979835286793375,-1.3571581127832901e-14
0.2,0.4859835286793377,-1.4443604528093215e-14
0.2,0.47398352867933796,1.5316817109215836e-14
0.2,0.46198352867933823,-1.9053683617601865e-15
0.2,0.4499835286793385,3.480046011132661e-15
0.2,0.43798352867933876,-2.320333954464226e-15
0.2,0.425983528679339,8.10665125973184e-15
0.2,0.41398352867933924,-9.352364768649086e-15
0.2,0.4019835286793395,2.848447313813385e-16
0.2,0.3899835286793405,-1.523021441433719e-14
0.2,0.37798352867934004,-1.0666228716380153e-14
0.2,0.3659835286793396,1.310520142075024e-14
0.2,0.3539835286793405,7.0962385991828235e-15
0.2,0.3419835286793415,-2.7320507166518904e-14
0.2,0.32998352867934105,5.529693670422933e-15
0.2,0.3179835286793406,-2.6945454949548665e-15
0.2,0.30598352867934153,-2.2857120315909643e-15
0.2,0.2939835286793425,-6.442380667413524e-16
0.2,0.28198352867934207,1.8423298047793622e-14
0.2,0.2699835286793416,1.9413191352170965e-14
0.2,0.2579835286793426,1.1063611991671414e-14
0.2,0.2459835286793436,2.189585514605197e-14
0.2,0.23398352867934313,-1.244138576523153e-15
0.2,0.22198352867934268,8.426184422820836e-15
0.2,0.20998352867934356,2.3020014155678446e-15
0.2,0.19798352867934454,-4.926342673563775e-15
0.2,0.1859835286793441,1.1614500691550922e-14
0.2,0.17398352867934364,-3.07242567138278e-15
0.2,0.16198352867934462,-3.3834563252173247e-15
0.2,0.1499835286793456,-5.732319979586992e-15
0.2,0.13798352867934516,1.462748062177997e-14
0.2,0.1259835286793447,6.358302657299906e-15
0.2,0.11398352867934558,2.1701757950065822e-14
0.2,0.10198352867934657,-7.359188568501591e-15
0.2,0.08998352867934611,-5.0415575390979244e-15
0.2,0.07798352867934566,-2.4307889045069934e-14
0.2,0.06598352867934665,2.1143279243718092e-14
0.2,0.05398352867934764,6.953720460536801e-15
0.2,0.04198352867934718,-7.40266150915259e-15
0.2,0.03148764650950964,-1.495204402518724e-14
0.2,0.020991764339673535,-2.4784340069160398e-15
0.2,0.010495882169837545,-1.5498504498621246e-14
0.2,0.0,7.90039498491948e-15
0.2,-0.010495882169837545,-1.5087765234893347e-14
0.2,-0.022041352556657068,-2.8757523016103316e-15
0.2,-0.03404135255665608,-2.3177523418868508e-14
0.2,-0.046041352556656534,4.706495855279885e-16
0.2,-0.05804135255665699,-1.3361391411739944e-16
0.2,-0.070041352556656,6.704380891911815e-15
0.2,-0.08204135255665501,-1.6925073820473355e-14
0.2,-0.09404135255665547,7.67791298308289e-15
0.2,-0.10604135255665592,-1.7800656781997417e-14
0.2,-0.11804135255665504,1.2240049730280124e-14
0.2,-0.13004135255665406,1.730579526136521e-14
0.2,-0.1420413525566545,-2.7766841062542364e-15
0.2,-0.15404135255665496,4.154694651883457e-15
0.2,-0.16604135255665398,-1.4585899196814533e-14
0.2,-0.178041352556653,7.697248478543679e-15
0.2,-0.19004135255665344,-1.64581088334681e-14
0.2,-0.202041352556654,-1.7391091719506632e-15
0.2,-0.2140413525566529,1.9185733243403256e-14
0.2,-0.22604135255665203,-1.9240148244203424e-14
0.2,-0.23804135255665249,7.984210856402582e-15
0.2,-0.25004135255665294,-9.314310981055189e-15
0.2,-0.26204135255665184,-9.688498577576301e-16
0.2,-0.27404135255665096,-2.3460750651529498e-14
0.2,-0.2860413525566514,-9.606697832670636e-15
0.2,-0.2980413525566519,4.104437793561566e-15
0.2,-0.310041352556651,-2.5493986550451204e-14
0.2,-0.3220413525566499,1.4483744038150681e-15
0.2,-0.33404135255665035,-1.4636448694732375e-14
0.2,-0.3460413525566508,-4.8014901228934935e-14
0.2,-0.35804135255664993,-9.228539914672196e-14
0.2,-0.37004135255664883,-1.4105602614381412e-13
0.2,-0.3820413525566493,-2.975525974137622e-13
0.2,-0.39404135255664974,-6.591727633852467e-13
0.2,-0.40604135255664886,-1.376208816866014e-12
0.2,-0.418041352556648,-2.8118887282777396e-12
0.2,-0.43004135255664844,-5.916227361360249e-12
0.2,-0.4420413525566489,-1.2391568009947773e-11
0.2,-0.4540413525566478,-2.5982049718340437e-11
0.2,-0.4660413525566469,-5.445499870958536e-11
0.2,-0.47804135255664737,-1.1409087907691591e-10
0.2,-0.4900413525566478,-2.3917675432461645e-10
0.2,-0.502041352556647,-5.015326863571008e-10
0.2,-0.5140413525566458,-1.05196287856531e-9
0.2,-0.5260413525566463,-2.2070704103046e-9
0.2,-0.5380413525566468,-4.6314333247779945e-9
0.2,-0.5500413525566459,-9.720424220816508e-9
0.2,-0.5620413525566448,-2.0403392123184197e-8
0.2,-0.5740413525566452,-4.2828542096646134e-8
0.2,-0.5860413525566457,-8.989358462932331e-8
0.2,-0.5980413525566448,-1.8863258064335904e-7
0.2,-0.6100413525566439,-3.956303123994538e-7
0.2,-0.6220413525566444,-8.290563235740791e-7
0.2,-0.6340413525566448,-1.7348131445233477e-6
0.2,-0.6460413525566437,-3.621765144180276e-6
0.2,-0.6580413525566429,-7.533922769620549e-6
0.2,-0.6700413525566433,-1.5585192152533614e-5
0.2,-0.6820413525566438,-3.1971257507628355e-5
0.2,-0.6940413525566427,-6.477572474224189e-5
0.2,-0.7060413525566418,-0.00012891263059273657
0.2,-0.7180413525566423,-0.0002502715191868315
0.2,-0.7300413525566427,-0.00047028895272798995
0.2,-0.7420413525566418,-0.0008490089330378648
0.2,-0.7540413525566407,-0.0014647477346783524
0.2,-0.7660413525566412,-0.0024115140484719127
0.2,-0.7780413525566416,-0.003799536420135679
0.2,-0.7900413525566408,-0.005764302559483524
0.2,-0.8020413525566397,-0.008484733876661953
0.2,-0.8140413525566401,-0.01220760846746328
0.2,-0.8260413525566406,-0.017276532122794255
0.2,-0.8380413525566397,-0.024166877901421042
0.2,-0.8500413525566388,-0.03353013113185479
0.2,-0.8620413525566393,-0.04625167655571641
0.2,-0.8740413525566397,-0.06352597058047137
0.2,-0.8860413525566386,-0.08695241422497059
0.2,-0.8980413525566378,-0.11865337333678849
0.2,-0.9100413525566382,-0.16141117925656268
0.2,-0.9220413525566387,-0.2188112643806358
0.2,-0.9340413525566376,-0.2953606072861203
0.2,-0.9460413525566367,-0.3965205088527119
0.2,-0.9580413525566371,-0.5285478098340733
0.2,-0.9700413525566376,-0.6979833558782372
0.2,-0.9820413525566367,-0.9105834322797558
0.2,-0.9940413525566356,-1.1695152478239217
0.2,-1.006041352556636,-1.472827481745895
0.2,-1.0180413525566365,-1.8106608024833795
0.2,-1.0300413525566356,-2.163360249982382
0.2,-1.0420413525566345,-2.502253560859142
0.2,-1.054041352556635,-2.7946267020466795
0.2,-1.0660413525566355,-3.0126125646310573
0.2,-1.0780413525566346,-3.1426282763319193
0.2,-1.0900413525566337,-3.1899679015945455
0.2,-1.1020413525566342,-3.1751705759601845
0.2,-1.1140413525566346,-3.1244252550347507
0.2,-1.1260413525566335,-3.0602838673332062
0.2,-1.1380413525566326,-2.997280040656818
0.2,-1.150041352556633,-2.9423706362509314
0.2,-1.1620413525566335,-2.8975038844922874
0.2,-1.1740413525566324,-2.8620931679617794
0.2,-1.1860413525566316,-2.8346133382108825
0.2,-1.198041352556632,-2.8134091990968972
0.2,-1.1899586474433674,-2.7531348577559873
0.2,-1.1779586474433685,-2.7048626528397763
0.2,-1.1659586474433694,-2.6608742124297806
0.2,-1.153958647443369,-2.6119854294875653
0.2,-1.1419586474433685,-2.55326376391432
0.2,-1.1299586474433696,-2.4806399549841913
0.2,-1.1179586474433705,-2.3905342929535145
0.2,-1.10595864744337,-2.2800813759546426
0.2,-1.0939586474433696,-2.147635284231343
0.2,-1.0819586474433704,-1.9933607824908468
0.2,-1.0699586474433715,-1.8196741394297788
0.2,-1.057958647443371,-1.6312959577204467
0.2,-1.0459586474433706,-1.4347893180057594
0.2,-1.0339586474433715,-1.2376546460174505
0.2,-1.0219586474433724,-1.0472332359862053
0.2,-1.009958647443372,-0.8697315160710993
0.2,-0.9979586474433716,-0.7095975110918061
0.2,-0.9859586474433726,-0.5693249858251559
0.2,-0.9739586474433736,-0.4496187467216786
0.2,-0.9619586474433731,-0.349780111212353
0.2,-0.9499586474433726,-0.268167351794092
0.2,-0.9379586474433736,-0.20262429572858176
0.2,-0.9259586474433745,-0.15081988518505873
0.2,-0.9139586474433741,-0.11048239031307748
0.2,-0.9019586474433736,-0.07953733901642274
0.2,-0.8899586474433746,-0.056169828943193494
0.2,-0.8779586474433756,-0.03883462932459246
0.2,-0.8659586474433751,-0.026235852991326983
0.2,-0.8539586474433747,-0.01729444039711447
0.2,-0.8419586474433756,-0.011116712794129157
0.2,-0.8299586474433767,-0.006970728113672754
0.2,-0.8179586474433762,-0.004270296102442065
0.2,-0.8059586474433758,-0.0025619547228864807
0.2,-0.7939586474433766,-0.001509931276812531
0.2,-0.7819586474433776,-0.0008771808426040017
0.2,-0.7699586474433772,-0.0005040169257793505
0.2,-0.7579586474433767,-0.0002873511701378052
0.2,-0.7459586474433777,-0.00016301859955657397
0.2,-0.7339586474433786,-9.225630043137661e-5
0.2,-0.7219586474433781,-5.219088074526376e-5
0.2,-0.7099586474433777,-2.956356605578646e-5
0.2,-0.6979586474433787,-1.6788079131652876e-5
0.2,-0.6859586474433796,-9.562756954037446e-6
0.2,-0.6739586474433792,-5.462513645443225e-6
0.2,-0.6619586474433787,-3.1246142956373063e-6
0.2,-0.6499586474433797,-1.7842713381156177e-6
0.2,-0.6379586474433807,-1.0121515522311424e-6
0.2,-0.6259586474433803,-5.666858961560241e-7
0.2,-0.6139586474433798,-3.110232655170291e-7
0.2,-0.6019586474433808,-1.664310416071123e-7
0.2,-0.5899586474433817,-8.656841423005761e-8
0.2,-0.5779586474433812,-4.370673086598254e-8
0.2,-0.5659586474433808,-2.1352143323902577e-8
0.2,-0.5539586474433817,-9.977688292632114e-9
0.2,-0.5419586474433827,-4.3005206499246945e-9
0.2,-0.5299586474433823,-1.5060660879950295e-9
0.2,-0.5179586474433818,-1.4309971339686672e-10
0.2,-0.5059586474433828,5.184483426450439e-10
0.2,-0.4939586474433837,8.395437152023044e-10
0.2,-0.48195864744338324,9.966230985511313e-10
0.2,-0.4699586474433828,1.075258691669546e-9
0.2,-0.45795864744338377,1.116596109319814e-9
0.2,-0.44595864744338476,1.1405055168087183e-9
0.2,-0.4339586474433843,1.1564420635952314e-9
0.2,-0.42195864744338385,1.16893268298583e-9
0.2,-0.40995864744338484,1.1802408378985752e-9
0.2,-0.3979586474433858,1.1912828145428498e-9
0.2,-0.38595864744338537,1.202613545915938e-9
0.2,-0.3739586474433849,1.214557314745957e-9
0.2,-0.3619586474433858,1.2272152889985837e-9
0.2,-0.3499586474433868,1.240648632023267e-9
0.2,-0.33795864744338633,1.2549656968084408e-9
0.2,-0.3259586474433859,1.2701826556764348e-9
0.2,-0.31395864744338686,1.2863590204412784e-9
0.2,-0.30195864744338785,1.3035873124680371e-9
0.2,-0.2899586474433874,1.3218925827507873e-9
0.2,-0.27795864744338694,1.3414100632292478e-9
0.2,-0.26595864744338793,1.3621373013628665e-9
0.2,-0.2539586474433888,1.3842102631325394e-9
0.2,-0.24195864744338835,1.4077125490170206e-9
0.2,-0.2299586474433879,1.4326989791260802e-9
0.2,-0.2179586474433889,1.4593040577803553e-9
0.2,-0.20595864744338988,1.4876585160642002e-9
0.2,-0.19395864744338942,1.5178802406529672e-9
0.2,-0.18195864744338897,1.5500946249567939e-9
0.2,-0.16995864744338984,1.5844262115654866e-9
0.2,-0.15795864744339094,1.6210459722732215e-9
0.2,-0.1459586474433905,1.6602098360939033e-9
0.2,-0.13395864744339003,1.7019701874394946e-9
0.2,-0.12195864744339091,1.7466032023997344e-9
0.2,-0.10995864744339201,1.7942977200250301e-9
0.2,-0.09795864744339156,1.845245585348973e-9
0.2,-0.0859586474433911,1.8997296048283214e-9
0.2,-0.07395864744339198,1.9580145704978203e-9
0.2,-0.061958647443392856,2.0203186196159276e-9
0.2,-0.0499586474433924,2.0869247815988457e-9
0.2,-0.037958647443391946,2.158095095022151e-9
0.2,-0.025958647443393046,2.234154710955466e-9
0.2,-0.013958647443393923,2.315306497314262e-9
0.2,-0.0019586474433934686,2.4017553893823282e-9
0.2,0.010041352556606986,2.4937517403944877e-9
0.2,0.02204135255660744,2.5914178537183045e-9
0.2,0.034041352556607896,2.6946976282195523e-9
0.2,0.04604135255660835,2.8035488342075963e-9
0.2,0.058041352556608805,2.9176766022441786e-9
0.2,0.07004135255660926,3.036490596454723e-9
0.2,0.08204135255660971,3.1590841516776318e-9
0.2,0.09404135255661017,3.28412974185667e-9
0.2,0.10604135255661062,3.4096968182118384e-9
0.2,0.11804135255661108,3.533118779920676e-9
0.2,0.13004135255661153,3.650984966389823e-9
0.2,0.142041352556612,3.75873190341872e-9
0.2,0.15404135255661244,3.8506071802054444e-9
0.2,0.1660413525566129,3.919724425949473e-9
0.2,0.17804135255661335,3.957913314157077e-9
0.2,0.1900413525566138,3.956102141183545e-9
0.2,0.20204135255661426,3.904902131021387e-9
0.2,0.21404135255661472,3.7955443990610616e-9
0.2,0.22604135255661517,3.6213026249922012e-9
0.2,0.23804135255661563,3.3793840386430244e-9
0.2,0.2500413525566161,3.07272288990569e-9
0.2,0.26204135255661654,2.7113994235271216e-9
0.2,0.274041352556617,2.312784413952078e-9
0.2,0.28604135255661745,1.9001990764170996e-9
0.2,0.2980413525566179,1.4994586017972969e-9
0.2,0.31004135255661835,1.1342608675263806e-9
0.2,0.3220413525566188,8.220514128236144e-10
0.2,0.33404135255661926,5.712861938612683e-10
0.2,0.3460413525566197,3.81588488208965e-10
0.2,0.3580413525566202,2.4589133373793654e-10
0.2,0.37004135255662063,1.5355770202998247e-10
0.2,0.3820413525566211,9.332059846749319e-11
0.2,0.39404135255662154,5.550610085823646e-11
0.2,0.406041352556622,3.245264015603963e-11
0.2,0.41804135255662245,1.8702749854443453e-11
0.2,0.4300413525566229,1.0643372977438893e-11
0.2,0.44204135255662336,6.0259247972397e-12
0.2,0.4540413525566238,3.3793785868766157e-12
0.2,0.46604135255662427,1.8766413386166505e-12
0.2,0.4780413525566247,1.0575912532221357e-12
0.2,0.4900413525566252,5.749284456078377e-13
0.2,0.5020413525566256,3.2573009960744784e-13
0.2,0.5140413525566261,1.98908669479131e-13
0.2,0.5260413525566265,8.399597850414631e-14
0.2,0.538041352556627,4.481174281280963e-14
0.2,0.5500413525566274,5.981706636581694e-14
0.2,0.5620413525566279,8.385627236578238e-15
0.2,0.5740413525566284,-1.0642397213508761e-15
0.2,0.5860413525566288,4.351497433675674e-15
0.2,0.5980413525566293,5.038835991010846e-15
0.2,0.6100413525566297,3.62901020172567e-15
0.2,0.6220413525566302,3.207524066673508e-15
0.2,0.6340413525566306,-1.3675681010242358e-14
0.2,0.6460413525566311,1.97749071817592e-15
0.2,0.6580413525566315,2.3181673580328062e-14
0.2,0.670041352556632,1.5650976931524757e-15
0.2,0.6820413525566325,-3.1935358944924124e-15
0.2,0.6940413525566329,5.1252098949608886e-15
0.2,0.7060413525566334,-2.1873984327228236e-14
0.2,0.7180413525566338,-1.216536012682235e-14
0.2,0.7300413525566343,1.2772834680791366e-14
0.2,0.7420413525566347,5.059243611580812e-15
0.2,0.7540413525566352,1.0484342572993193e-14
0.2,0.7660413525566356,-5.0843068619452156e-15
0.2,0.7780413525566361,4.112860492872363e-15
0.2,0.7900413525566365,-9.341135389633855e-15
0.2,0.7979586474433632,8.92910683325308e-15
0.2,0.7859586474433627,2.5159696365312594e-14
0.2,0.7739586474433623,1.5992944907456865e-14
0.2,0.7619586474433618,1.6561086017392589e-15
0.2,0.7499586474433614,1.9281679120849633e-14
0.2,0.7379586474433609,1.8008827281538452e-14
0.2,0.7259586474433605,-9.225231491299073e-15
0.2,0.71395864744336,-2.4819963094290378e-14
0.2,0.7019586474433596,-9.724863036976904e-15
0.2,0.6899586474433591,-1.994673982430082e-15
0.2,0.6779586474433587,-2.892488507332816e-14
0.2,0.6659586474433582,-1.047172448582088e-14
0.2,0.6539586474433577,-9.971853507511101e-15
0.2,0.6419586474433573,4.168052319444939e-15
0.2,0.6299586474433568,-7.433715889438924e-15
0.2,0.6179586474433564,8.219008898521038e-15
0.2,0.6059586474433559,-1.3181622918240432e-14
0.2,0.5939586474433555,6.308830608387452e-16
0.2,0.581958647443355,-1.745234384485036e-14
0.2,0.5699586474433546,-1.0713859799509428e-14
0.2,0.5579586474433541,-1.587379537186567e-14
0.2,0.5459586474433535,1.9161444158431097e-14
0.2,0.5339586474433531,-9.749085613358231e-15
0.2,0.5219586474433526,1.0877884288001616e-14
0.2,0.5099586474433522,2.111915510097674e-14
0.2,0.4979586474433518,-2.866370157939143e-15
0.2,0.4859586474433513,6.7446081940885825e-15
0.2,0.47395864744335087,-1.0831756307549919e-14
0.2,0.4619586474433504,-4.6828080102583634e-15
0.2,0.44995864744334996,-5.409203304688508e-16
0.2,0.4379586474433495,-1.427212305153229e-14
0.2,0.42595864744334905,-2.8448656712541904e-14
0.2,0.4139586474433486,8.27128496998497e-15
0.2,0.40195864744334814,5.5942659248855915e-15
0.2,0.3899586474433477,1.8979177582628634e-14
0.2,0.37795864744334723,2.147274885798838e-15
0.2,0.3659586474433468,-4.0958368484750685e-16
0.2,0.3539586474433463,-2.045333353330346e-14
0.2,0.34195864744334586,1.2491733076113782e-14
0.2,0.3299586474433454,5.471266846775016e-15
0.2,0.31795864744334495,-5.531132924463609e-15
0.2,0.3059586474433445,6.069110898214206e-15
0.2,0.2939586474433441,5.484943759956643e-16
0.2,0.28195864744334365,2.746358930161994e-14
0.2,0.2699586474433432,1.051502716408964e-14
0.2,0.25795864744334274,1.3051188134128208e-14
0.2,0.24595864744334228,5.901130454918685e-16
0.2,0.23395864744334183,-8.619488831240693e-15
0.2,0.22195864744334137,-9.28527581342377e-15
0.2,0.20995864744334092,-2.1402991555155113e-14
0.2,0.19795864744334035,-2.6943858704398515e-16
0.2,0.1859586474433399,-1.1679541169026114e-14
0.2,0.17395864744333944,-6.970978214857201e-15
0.2,0.161958647443339,5.483826406375217e-16
0.2,0.14995864744333853,-1.3876554142484885e-14
0.2,0.13795864744333808,-8.295693771151324e-16
0.2,0.12595864744333762,-1.0294057672803586e-14
0.2,0.11395864744333717,1.0575728594940083e-15
0.2,0.10195864744333671,2.382910939997933e-15
0.2,0.08995864744333626,5.3684199944432336e-15
0.2,0.0779586474433358,-1.8359460052168217e-14
0.2,0.06595864744333535,-1.789866976028133e-14
0.2,0.053958647443334895,2.5317314713405835e-15
0.2,0.04195864744333444,1.3069132261538873e-14
0.2,0.031468985582500886,-2.126479223228561e-15
0.2,0.02097932372166722,-2.55772258424553e-14
0.2,0.010489661860833666,1.259368759951377e-15
0.2,0.0,-2.6899634839218675e-14
0.3,-0.0012000000000000899,-3.298335450827385e-15
0.3,-0.0025199999999998557,-1.8461779185812443e-14
0.3,-0.003972000000000309,-5.555024979221931e-15
0.3,-0.005569200000000052,2.332854839756661e-15
0.3,-0.0073261199999997695,-9.913840808196318e-15
0.3,-0.009258731999999936,-1.373827502599046e-14
0.3,-0.011384605199999953,-5.800689610807347e-15
0.3,-0.013723065720000038,1.5285212738333927e-15
0.3,-0.016295372292000065,-3.772398828319695e-15
0.3,-0.01912490952120005,1.5390339755006675e-15
0.3,-0.022237400473320124,4.637375807481787e-15
0.3,-0.025661140520652048,-6.74767294278657e-16
0.3,-0.02942725457271711,8.639833505819052e-16
0.3,-0.0335699800299889,5.8183973772836195e-15
0.3,-0.038126978032988035,-8.931844796100738e-15
0.3,-0.04313967583628653,6.711374488775188e-15
0.3,-0.04865364341991518,-1.0780199461531463e-14
0.3,-0.05471900776190708,-1.1381062225662531e-14
0.3,-0.06139090853809748,-4.3503043421014045e-17
0.3,-0.06872999939190727,9.664858394406275e-15
0.3,-0.07680299933109824,-6.100539804325267e-15
0.3,-0.08568329926420759,-3.9218173397628424e-16
0.3,-0.09545162919062877,-2.0228135204827225e-15
0.3,-0.10619679210969157,1.720141980370349e-15
0.3,-0.11801647132066084,5.317195866500908e-15
0.3,-0.13001647132066052,-4.79076275378591e-15
0.3,-0.14201647132066064,-1.0733179333541682e-14
0.3,-0.15401647132066076,9.703013501438077e-15
0.3,-0.16601647132066044,-8.598921589200252e-15
0.3,-0.17801647132066056,6.5363738453017395e-15
0.3,-0.19001647132066068,-7.59304218235844e-15
0.3,-0.2020164713206607,1.8688096967385068e-15
0.3,-0.21401647132066093,5.3176975730627415e-15
0.3,-0.22601647132066072,-3.701074029929937e-15
0.3,-0.23801647132066073,2.170161961139313e-15
0.3,-0.25001647132066074,-1.597830760994349e-15
0.3,-0.2620164713206605,-1.5024499426936738e-14
0.3,-0.27401647132066076,-1.1643280464299832e-14
0.3,-0.28601647132066077,-5.279364447682394e-15
0.3,-0.2980164713206608,1.124720342656782e-15
0.3,-0.310016471320661,-9.882425510753973e-15
0.3,-0.3220164713206608,-5.8977517978622955e-15
0.3,-0.3340164713206608,-2.387415727366377e-14
0.3,-0.3460164713206608,-7.926186279307198e-14
0.3,-0.3580164713206606,-1.4868058826997415e-13
0.3,-0.37001647132066084,-3.268270803777202e-13
0.3,-0.38201647132066086,-6.745237448359353e-13
0.3,-0.39401647132066087,-1.394998558202998e-12
0.3,-0.4060164713206611,-2.924777651574603e-12
0.3,-0.4180164713206609,-6.095263488450276e-12
0.3,-0.43001647132066134,-1.2778567687184475e-11
0.3,-0.44201647132066113,-2.6755231600093064e-11
0.3,-0.4540164713206607,-5.603953601944445e-11
0.3,-0.46601647132066115,-1.1740408230275048e-10
0.3,-0.47801647132066094,-2.460756346985887e-10
0.3,-0.49001647132066073,-5.158429366544085e-10
0.3,-0.5020164713206612,-1.0817032551149343e-9
0.3,-0.514016471320661,-2.268833152089039e-9
0.3,-0.5260164713206608,-4.759874066075343e-9
0.3,-0.5380164713206612,-9.987790240014906e-9
0.3,-0.5500164713206608,-2.096045258508832e-8
0.3,-0.5620164713206606,-4.3990234757015236e-8
0.3,-0.574016471320661,-9.231895786733471e-8
0.3,-0.5860164713206615,-1.9370322062338375e-7
0.3,-0.5980164713206613,-4.062493717796702e-7
0.3,-0.6100164713206611,-8.513445702691633e-7
0.3,-0.6220164713206615,-1.7817317778539244e-6
0.3,-0.6340164713206613,-3.7209226519184865e-6
0.3,-0.6460164713206609,-7.744564471627593e-6
0.3,-0.6580164713206613,-1.6035534920776783e-5
0.3,-0.6700164713206611,-3.294098093834071e-5
0.3,-0.6820164713206609,-6.687715566538904e-5
0.3,-0.6940164713206614,-0.0001334777930718178
0.3,-0.7060164713206611,-0.00026012879695715737
0.3,-0.7180164713206609,-0.000491157992511573
0.3,-0.7300164713206614,-0.0008916125913091029
0.3,-0.742016471320661,-0.0015473342676257968
0.3,-0.7540164713206607,-0.002562103503776807
0.3,-0.7660164713206612,-0.00405750126145345
0.3,-0.7780164713206617,-0.006181866395412721
0.3,-0.7900164713206614,-0.009129660144462171
0.3,-0.8020164713206612,-0.013168208264220355
0.3,-0.814016471320661,-0.01866968968280649
0.3,-0.8260164713206606,-0.0261497294926133
0.3,-0.838016471320661,-0.03631648275175917
0.3,-0.8500164713206608,-0.05013513322438954
0.3,-0.8620164713206606,-0.0689131231805214
0.3,-0.8740164713206611,-0.09441150288623346
0.3,-0.8860164713206609,-0.1289869251637212
0.3,-0.8980164713206606,-0.17576562992023467
0.3,-0.9100164713206602,-0.23884323693759335
0.3,-0.92201647132066,-0.3234892711177264
0.3,-0.9340164713206605,-0.436308477816662
0.3,-0.9460164713206602,-0.5852665948647712
0.3,-0.95801647132066,-0.7794236414070705
0.3,-0.9700164713206605,-1.0281420512423485
0.3,-0.9820164713206603,-1.3394866097988012
0.3,-0.9940164713206598,-1.7175904804617728
0.3,-1.0060164713206596,-2.159055415759696
0.3,-1.0180164713206594,-2.6490978880973888
0.3,-1.0300164713206599,-3.1590789246073765
0.3,-1.0420164713206597,-3.6477950325313766
0.3,-1.0540164713206595,-4.0685339806647995
0.3,-1.06601647132066,-4.3814985446392605
0.3,-1.0780164713206595,-4.567107296444883
0.3,-1.0900164713206593,-4.632754510281496
0.3,-1.102016471320659,-4.607993617994766
0.3,-1.1140164713206588,-4.530885084155318
0.3,-1.1260164713206593,-4.434394418523219
0.3,-1.138016471320659,-4.3397969031447605
0.3,-1.1500164713206587,-4.257235029282525
0.3,-1.162016471320659,-4.189497589164463
0.3,-1.174016471320659,-4.1356793818983855
0.3,-1.1860164713206587,-4.093531563070645
0.3,-1.1980164713206585,-4.060638717284804
0.3,-1.1899835286793419,-3.9707664279662156
0.3,-1.1779835286793414,-3.8978758108935554
0.3,-1.1659835286793416,-3.831248292457728
0.3,-1.1539835286793418,-3.75758635124052
0.3,-1.1419835286793414,-3.669766221366114
0.3,-1.1299835286793416,-3.5619489558164883
0.3,-1.117983528679342,-3.429064901612337
0.3,-1.1059835286793422,-3.26715155025071
0.3,-1.0939835286793425,-3.0740700285079043
0.3,-1.081983528679342,-2.850309418705484
0.3,-1.0699835286793422,-2.599544775312328
0.3,-1.0579835286793424,-2.328635968244672
0.3,-1.045983528679342,-2.0469243351858006
0.3,-1.0339835286793422,-1.7649529297463946
0.3,-1.0219835286793426,-1.492962217828187
0.3,-1.0099835286793428,-1.2395741767459947
0.3,-0.997983528679343,-1.0109613523180685
0.3,-0.9859835286793426,-0.8105921347330908
0.3,-0.9739835286793429,-0.6394604407033221
0.3,-0.9619835286793431,-0.4966120398075563
0.3,-0.9499835286793427,-0.37977381475004884
0.3,-0.937983528679343,-0.2859417890065605
0.3,-0.9259835286793432,-0.21184910042217592
0.3,-0.9139835286793434,-0.15429016418963878
0.3,-0.9019835286793436,-0.11031259970759916
0.3,-0.8899835286793432,-0.07730572111590298
0.3,-0.8779835286793435,-0.0530192841319978
0.3,-0.8659835286793438,-0.03554391381669059
0.3,-0.8539835286793434,-0.02327804450704858
0.3,-0.8419835286793436,-0.014896654331487284
0.3,-0.8299835286793438,-0.009326553153990533
0.3,-0.817983528679344,-0.005724925197960197
0.3,-0.8059835286793443,-0.0034552350769879304
0.3,-0.7939835286793439,-0.002057282584345409
0.3,-0.7819835286793434,-0.0012127380053991268
0.3,-0.7699835286793437,-0.0007103342460240416
0.3,-0.7579835286793439,-0.0004148794089178176
0.3,-0.7459835286793435,-0.00024246651207387884
0.3,-0.733983528679343,-0.00014228002988466562
0.3,-0.7219835286793432,-8.41200753009549e-5
0.3,-0.7099835286793434,-5.028443828828617e-5
0.3,-0.6979835286793431,-3.049255189268303e-5
0.3,-0.6859835286793426,-1.8804382948476672e-5
0.3,-0.6739835286793429,-1.1790803067644514e-5
0.3,-0.6619835286793431,-7.467601721578039e-6
0.3,-0.6499835286793426,-4.693815916308964e-6
0.3,-0.6379835286793422,-2.8486164929174047e-6
0.3,-0.6259835286793425,-1.630804996983046e-6
0.3,-0.6139835286793427,-8.775266682207169e-7
0.3,-0.6019835286793422,-4.497698178083653e-7
0.3,-0.5899835286793418,-2.232758284399034e-7
0.3,-0.577983528679342,-1.0861998955600184e-7
0.3,-0.5659835286793423,-5.2043988891592044e-8
0.3,-0.5539835286793419,-2.45097720018916e-8
0.3,-0.5419835286793414,-1.1207798660987923e-8
0.3,-0.5299835286793416,-4.8065611324759524e-9
0.3,-0.5179835286793419,-1.7319754170604136e-9
0.3,-0.5059835286793415,-2.5577427830878186e-10
0.3,-0.49398352867934103,4.54064253735568e-10
0.3,-0.48198352867934124,7.97074481380517e-10
0.3,-0.46998352867934146,9.64778878265374e-10
0.3,-0.457983528679341,1.0489021090183259e-9
0.3,-0.44598352867934055,1.0934114207295975e-9
0.3,-0.43398352867934087,1.119278021095889e-9
0.3,-0.4219835286793411,1.136575249027377e-9
0.3,-0.4099835286793406,1.150144443501814e-9
0.3,-0.39798352867934017,1.162264419578551e-9
0.3,-0.3859835286793405,1.1740940884203061e-9
0.3,-0.3739835286793407,1.1861683022954561e-9
0.3,-0.36198352867934025,1.1987695605062572e-9
0.3,-0.3499835286793398,1.2120500408356705e-9
0.3,-0.33798352867934,1.2261645185036854e-9
0.3,-0.32598352867934033,1.2411285292191821e-9
0.3,-0.3139835286793399,1.257015930488813e-9
0.3,-0.3019835286793394,1.2739240481811665e-9
0.3,-0.28998352867933963,1.2918820566539018e-9
0.3,-0.27798352867933995,1.3109773636321288e-9
0.3,-0.2659835286793395,1.3312927874221943e-9
0.3,-0.25398352867933904,1.3528997556564884e-9
0.3,-0.24198352867933925,1.375880699700006e-9
0.3,-0.22998352867933947,1.400340261775459e-9
0.3,-0.217983528679339,1.4263936012211099e-9
0.3,-0.20598352867933856,1.4541424080796043e-9
0.3,-0.19398352867933877,1.4836882973528175e-9
0.3,-0.1819835286793392,1.5152091946830842e-9
0.3,-0.16998352867933875,1.5488225781836466e-9
0.3,-0.1579835286793383,1.584685429744585e-9
0.3,-0.1459835286793385,1.6229738193194317e-9
0.3,-0.13398352867933871,1.6638697290752297e-9
0.3,-0.12198352867933826,1.707587924450529e-9
0.3,-0.1099835286793378,1.7542801885479416e-9
0.3,-0.09798352867933802,1.8042339965828781e-9
0.3,-0.08598352867933823,1.8576807361750944e-9
0.3,-0.07398352867933777,1.9148455617850185e-9
0.3,-0.06198352867933732,1.9760251378116756e-9
0.3,-0.04998352867933775,2.0414970680535353e-9
0.3,-0.03798352867933796,2.1115468365291164e-9
0.3,-0.02598352867933751,2.1864925120044056e-9
0.3,-0.013983528679337054,2.266590105099851e-9
0.3,-0.0019835286793372653,2.352164896425976e-9
0.3,0.010016471320662523,2.443461791066626e-9
0.3,0.022016471320662978,2.5406828630167172e-9
0.3,0.03401647132066343,2.644003766351685e-9
0.3,0.04601647132066322,2.7534883562981433e-9
0.3,0.05801647132066301,2.8690653051015984e-9
0.3,0.07001647132066346,2.990506508686143e-9
0.3,0.08201647132066392,3.1172649970543317e-9
0.3,0.09401647132066349,3.248618238218981e-9
0.3,0.10601647132066327,3.3832427795870784e-9
0.3,0.11801647132066373,3.519421396386311e-9
0.3,0.13001647132066418,3.6546483647331446e-9
0.3,0.14201647132066397,3.7856762442447264e-9
0.3,0.15401647132066376,3.90821730072405e-9
0.3,0.16601647132066422,4.016847995955048e-9
0.3,0.17801647132066467,4.104901150728197e-9
0.3,0.19001647132066446,4.16442718160944e-9
0.3,0.20201647132066403,4.186456462781409e-9
0.3,0.21401647132066448,4.161270747266651e-9
0.3,0.22601647132066494,4.079313188149165e-9
0.3,0.23801647132066472,3.932499298777228e-9
0.3,0.2500164713206645,3.7156214043703493e-9
0.3,0.26201647132066497,3.428548456801108e-9
0.3,0.2740164713206654,3.0777781168314677e-9
0.3,0.2860164713206652,2.677457419001672e-9
0.3,0.298016471320665,2.2487995974896675e-9
0.3,0.31001647132066545,1.8176063083157048e-9
0.3,0.3220164713206659,1.410285693623937e-9
0.3,0.3340164713206655,1.0490348420527044e-9
0.3,0.34601647132066526,7.480160999046766e-10
0.3,0.3580164713206657,5.120727826665672e-10
0.3,0.3700164713206662,3.3745730727997956e-10
0.3,0.38201647132066596,2.1495773706436603e-10
0.3,0.39401647132066575,1.3291535418942062e-10
0.3,0.4060164713206662,8.019257883169057e-11
0.3,0.41801647132066666,4.738886720369734e-11
0.3,0.43001647132066645,2.7571385314451036e-11
0.3,0.442016471320666,1.5833197724869446e-11
0.3,0.45401647132066647,8.994545126280177e-12
0.3,0.4660164713206669,5.073368739128616e-12
0.3,0.4780164713206667,2.8456540024578557e-12
0.3,0.4900164713206665,1.5875349554750962e-12
0.3,0.502016471320667,8.892096944918441e-13
0.3,0.5140164713206674,4.918046847099381e-13
0.3,0.5260164713206672,2.832836800955497e-13
0.3,0.538016471320667,1.4213823659601198e-13
0.3,0.5500164713206674,8.664427364298847e-14
0.3,0.5620164713206679,4.3887283719736697e-14
0.3,0.5740164713206675,1.5391309845880787e-14
0.3,0.5860164713206673,1.66849204746045e-14
0.3,0.5980164713206677,-9.50964258467095e-16
0.3,0.6100164713206682,-2.67940804761398e-16
0.3,0.622016471320668,1.0099643894195768e-14
0.3,0.6340164713206677,8.478646719435142e-15
0.3,0.6460164713206682,8.879251689840016e-15
0.3,0.6580164713206686,2.9223201867095926e-15
0.3,0.6700164713206684,3.457861270128315e-15
0.3,0.682016471320668,9.550694597027517e-15
0.3,0.6940164713206685,-6.9077627436851585e-15
0.3,0.7060164713206689,4.174482408562901e-15
0.3,0.7180164713206687,-4.742386769933366e-15
0.3,0.7300164713206685,-7.135686415267905e-15
0.3,0.742016471320669,1.1223739051897238e-15
0.3,0.7540164713206694,1.6575789852298153e-14
0.3,0.7660164713206692,9.454751378560821e-15
0.3,0.778016471320669,1.2250810885795694e-14
0.3,0.7900164713206694,-2.386883655409442e-14
0.3,0.7979835286793311,3.3332074477314834e-15
0.3,0.7859835286793313,3.0517360503932378e-15
0.3,0.7739835286793316,-2.0835619272497417e-15
0.3,0.7619835286793318,7.342013284687688e-15
0.3,0.7499835286793322,1.56559252008847e-15
0.3,0.7379835286793324,-1.2291724560332037e-14
0.3,0.7259835286793326,-2.275913926267487e-15
0.3,0.7139835286793329,3.186419433441111e-16
0.3,0.7019835286793331,-1.1606966551909301e-14
0.3,0.6899835286793334,-1.731824308499836e-14
0.3,0.6779835286793336,-3.1589246122264597e-15
0.3,0.6659835286793339,4.840133712270778e-15
0.3,0.6539835286793342,1.3750176408961973e-15
0.3,0.6419835286793344,-1.0065822738872376e-14
0.3,0.6299835286793347,-1.6139567983657005e-14
0.3,0.6179835286793349,5.705218893662934e-15
0.3,0.6059835286793351,1.0785319726652197e-14
0.3,0.5939835286793355,-1.330793680458782e-14
0.3,0.5819835286793357,2.4945396403448692e-15
0.3,0.569983528679336,-1.5704184125696005e-15
0.3,0.5579835286793362,-5.300155160073775e-16
0.3,0.5459835286793364,-1.6916935779709342e-15
0.3,0.5339835286793366,-2.0029530221860655e-15
0.3,0.521983528679337,1.2557968055820527e-14
0.3,0.5099835286793373,1.37776472835279e-14
0.3,0.4979835286793375,1.245266835160655e-14
0.3,0.4859835286793377,-2.28120085952019e-14
0.3,0.47398352867933796,1.1042656337292786e-14
0.3,0.46198352867933823,-1.361078419137817e-14
0.3,0.4499835286793385,1.668220956809898e-14
0.3,0.43798352867933876,-5.5803256389995e-15
0.3,0.425983528679339,-1.2528305042610065e-14
0.3,0.41398352867933924,-1.3102724623924268e-15
0.3,0.4019835286793395,1.4851903259610185e-14
0.3,0.3899835286793405,-4.958942723584626e-15
0.3,0.37798352867934004,-7.253569621103102e-15
0.3,0.3659835286793396,8.37582381046398e-16
0.3,0.3539835286793405,-3.227915725084248e-15
0.3,0.3419835286793415,-1.1304645916373395e-14
0.3,0.32998352867934105,-2.3129700757434612e-16
0.3,0.3179835286793406,2.56608735863269e-15
0.3,0.30598352867934153,9.620018254544422e-15
0.3,0.2939835286793425,-1.4423470924914704e-14
0.3,0.28198352867934207,3.5207149326420666e-15
0.3,0.2699835286793416,-1.509296644697174e-15
0.3,0.2579835286793426,-1.9935991971234105e-15
0.3,0.2459835286793436,-5.652706050008112e-15
0.3,0.23398352867934313,1.0672214526820453e-14
0.3,0.22198352867934268,-5.628321191593469e-15
0.3,0.20998352867934356,5.346817873833784e-16
0.3,0.19798352867934454,-1.035887468078031e-14
0.3,0.1859835286793441,-1.2033459484258865e-14
0.3,0.17398352867934364,-3.3342822318203386e-16
0.3,0.16198352867934462,-1.0350236491467496e-15
0.3,0.1499835286793456,1.1710034214272747e-14
0.3,0.13798352867934516,-5.968429578411428e-15
0.3,0.1259835286793447,1.3679668889759933e-14
0.3,0.11398352867934558,1.2774348425598524e-14
0.3,0.10198352867934657,-9.071167390650803e-15
0.3,0.08998352867934611,-1.4126191671496604e-15
0.3,0.07798352867934566,1.6079188457162823e-15
0.3,0.06598352867934665,-4.580368193352179e-15
0.3,0.05398352867934764,1.6688799279418106e-14
0.3,0.04198352867934718,5.987131908507092e-15
0.3,0.03148764650950964,-4.411257077342294e-15
0.3,0.020991764339673535,-1.1049428759753919e-16
0.3,0.010495882169837545,5.82941319154231e-15
0.3,0.0,7.085945546359558e-16
0.3,-0.010495882169837545,-1.2369223584920073e-15
0.3,-0.022041352556657068,-2.0595569524417722e-15
0.3,-0.03404135255665608,1.4431225873979084e-14
0.3,-0.046041352556656534,6.924491086492726e-15
0.3,-0.05804135255665699,-1.6831735094462382e-14
0.3,-0.070041352556656,-8.782826946399052e-15
0.3,-0.08204135255665501,1.375839691938001e-14
0.3,-0.09404135255665547,-1.0179305710191435e-14
0.3,-0.10604135255665592,-7.982271453995775e-15
0.3,-0.11804135255665504,-5.777210892089795e-15
0.3,-0.13004135255665406,-3.493313225768435e-15
0.3,-0.1420413525566545,9.581786222879766e-15
0.3,-0.15404135255665496,1.1510448695954042e-14
0.3,-0.16604135255665398,1.962920991316889e-14
0.3,-0.178041352556653,1.4304385236011906e-14
0.3,-0.19004135255665344,-2.4609818607704813e-15
0.3,-0.202041352556654,-2.4613436696723348e-15
0.3,-0.2140413525566529,1.564362901758152e-14
0.3,-0.22604135255665203,8.659556511429415e-15
0.3,-0.23804135255665249,-1.5084924180685354e-14
0.3,-0.25004135255665294,8.141294465341989e-15
0.3,-0.26204135255665184,-5.635735614553773e-15
0.3,-0.27404135255665096,-1.3085964358259627e-15
0.3,-0.2860413525566514,1.6264370786247204e-14
0.3,-0.2980413525566519,-4.323239091146868e-15
0.3,-0.310041352556651,-5.567795344159609e-15
0.3,-0.3220413525566499,-1.94366344431913e-14
0.3,-0.33404135255665035,-2.4066767328309542e-14
0.3,-0.3460413525566508,-5.099245580726465e-14
0.3,-0.35804135255664993,-1.6099444968480243e-13
0.3,-0.37004135255664883,-3.2324729747501595e-13
0.3,-0.3820413525566493,-6.716262138825032e-13
0.3,-0.39404135255664974,-1.4031368890274236e-12
0.3,-0.40604135255664886,-2.9425404860203156e-12
0.3,-0.418041352556648,-6.1161658375229165e-12
0.3,-0.43004135255664844,-1.2817166970928465e-11
0.3,-0.4420413525566489,-2.6797503805938834e-11
0.3,-0.4540413525566478,-5.6127167951689606e-11
0.3,-0.4660413525566469,-1.1759148505944725e-10
0.3,-0.47804135255664737,-2.464423881566285e-10
0.3,-0.4900413525566478,-5.166514645429694e-10
0.3,-0.502041352556647,-1.083361489277639e-9
0.3,-0.5140413525566458,-2.272323562316855e-9
0.3,-0.5260413525566463,-4.767191174162317e-9
0.3,-0.5380413525566468,-1.0003154536596002e-8
0.3,-0.5500413525566459,-2.0992692857048115e-8
0.3,-0.5620413525566448,-4.405790113963136e-8
0.3,-0.5740413525566452,-9.246094898584637e-8
0.3,-0.5860413525566457,-1.940010150342931e-7
0.3,-0.5980413525566448,-4.068734481979881e-7
0.3,-0.6100413525566439,-8.526505580674141e-7
0.3,-0.6220413525566444,-1.7844588411413526e-6
0.3,-0.6340413525566448,-3.726597171396833e-6
0.3,-0.6460413525566437,-7.756308141539635e-6
0.3,-0.6580413525566429,-1.605963809865135e-5
0.3,-0.6700413525566433,-3.2989836579583235e-5
0.3,-0.6820413525566438,-6.697437542193727e-5
0.3,-0.6940413525566427,-0.00013366622547129954
0.3,-0.7060413525566418,-0.00026048109012419637
0.3,-0.7180413525566423,-0.0004917868060931083
0.3,-0.7300413525566427,-0.0008926751133541552
0.3,-0.7420413525566418,-0.0015490281612693243
0.3,-0.7540413525566407,-0.0025646612376203255
0.3,-0.7660413525566412,-0.004061197696841659
0.3,-0.7780413525566416,-0.00618704879780123
0.3,-0.7900413525566408,-0.009136797235724994
0.3,-0.8020413525566397,-0.013177951267753594
0.3,-0.8140413525566401,-0.01868294447891864
0.3,-0.8260413525566406,-0.026167745939859228
0.3,-0.8380413525566397,-0.03634097068512892
0.3,-0.8500413525566388,-0.05016841584619139
0.3,-0.8620413525566393,-0.06895833909808735
0.3,-0.8740413525566397,-0.09447286759020056
0.3,-0.8860413525566386,-0.12907005913017697
0.3,-0.8980413525566378,-0.17587795023780894
0.3,-0.9100413525566382,-0.2389943873916709
0.3,-0.9220413525566387,-0.3236915242240056
0.3,-0.9340413525566376,-0.43657697021958414
0.3,-0.9460413525566367,-0.58561914419901
0.3,-0.9580413525566371,-0.779879740640252
0.3,-0.9700413525566376,-1.0287204864448254
0.3,-0.9820413525566367,-1.3402011169483403
0.3,-0.9940413525566356,-1.7184431720486957
0.3,-1.006041352556636,-2.160028657508643
0.3,-1.0180413525566365,-2.6501470125585267
0.3,-1.0300413525566356,-3.160130144405647
0.3,-1.0420413525566345,-3.6487536696278013
0.3,-1.054041352556635,-4.069305457461627
0.3,-1.0660413525566355,-4.38201734639693
0.3,-1.0780413525566346,-4.56736038612195
0.3,-1.0900413525566337,-4.632783930679102
0.3,-1.1020413525566342,-4.607874872102288
0.3,-1.1140413525566346,-4.53069553706004
0.3,-1.1260413525566335,-4.434191106686128
0.3,-1.1380413525566326,-4.339611321399233
0.3,-1.150041352556633,-4.257079129601662
0.3,-1.1620413525566335,-4.189372260458213
0.3,-1.1740413525566324,-4.13558077334152
0.3,-1.1860413525566316,-4.093454585892963
0.3,-1.198041352556632,-4.060578592918113
0.3,-1.1899586474433674,-3.9705585772076875
0.3,-1.1779586474433685,-3.8977316173877643
0.3,-1.1659586474433694,-3.8311026807743724
0.3,-1.153958647443369,-3.7574194449129155
0.3,-1.1419586474433685,-3.6695642909403703
0.3,-1.1299586474433696,-3.561700368228654
0.3,-1.1179586474433705,-3.428759941273203
0.3,-1.10595864744337,-3.2667835286380136
0.3,-1.0939586474433696,-3.073636934140391
0.3,-1.0819586474433704,-2.8498154338454977
0.3,-1.0699586474433715,-2.599000932797823
0.3,-1.057958647443371,-2.3280594204257095
0.3,-1.0459586474433706,-2.046336203127655
0.3,-1.0339586474433715,-1.764375269026122
0.3,-1.0219586474433724,-1.4924149615631563
0.3,-1.009958647443372,-1.239072841528003
0.3,-0.9979586474433716,-1.01051591856188
0.3,-0.9859586474433726,-0.8102070768650969
0.3,-0.9739586474433736,-0.6391355827143322
0.3,-0.9619586474433731,-0.49634381414490836
0.3,-0.9499586474433726,-0.3795565626139438
0.3,-0.9379586474433736,-0.2857688712859683
0.3,-0.9259586474433745,-0.21171371926056476
0.3,-0.9139586474433741,-0.15418588966171698
0.3,-0.9019586474433736,-0.11023364884150738
0.3,-0.8899586474433746,-0.07724705728628367
0.3,-0.8779586474433756,-0.05297660613985339
0.3,-0.8659586474433751,-0.03551359418846163
0.3,-0.8539586474433747,-0.023257059377355293
0.3,-0.8419586474433756,-0.014882525475438932
0.3,-0.8299586474433767,-0.009317302147443507
0.3,-0.8179586474433762,-0.005719028041366519
0.3,-0.8059586474433758,-0.0034515664646362558
0.3,-0.7939586474433766,-0.0020550479675221097
0.3,-0.7819586474433776,-0.001211400155445445
0.3,-0.7699586474433772,-0.0007095438534334715
0.3,-0.7579586474433767,-0.00041441682517719353
0.3,-0.7459586474433777,-0.00024219734211809756
0.3,-0.7339586474433786,-0.00014212378315129405
0.3,-0.7219586474433781,-8.402931092897792e-5
0.3,-0.7099586474433777,-5.023150759035205e-5
0.3,-0.6979586474433787,-3.0461453800329784e-5
0.3,-0.6859586474433796,-1.8785883055604876e-5
0.3,-0.6739586474433792,-1.1779564323548549e-5
0.3,-0.6619586474433787,-7.460535025388593e-6
0.3,-0.6499586474433797,-4.689175264732836e-6
0.3,-0.6379586474433807,-2.845510335563232e-6
0.3,-0.6259586474433803,-1.6288109697772036e-6
0.3,-0.6139586474433798,-8.763501606863219e-7
0.3,-0.6019586474433808,-4.4912973152179287e-7
0.3,-0.5899586474433817,-2.2294650559312171e-7
0.3,-0.5779586474433812,-1.0845604293586601e-7
0.3,-0.5659586474433808,-5.1963809857509094e-8
0.3,-0.5539586474433817,-2.4470929925857723e-8
0.3,-0.5419586474433827,-1.1189081217753168e-8
0.3,-0.5299586474433823,-4.7975638269975565e-9
0.3,-0.5179586474433818,-1.7276634925357071e-9
0.3,-0.5059586474433828,-2.5370915783456655e-10
0.3,-0.4939586474433837,4.5506224236609403e-10
0.3,-0.48195864744338324,7.975495766055929e-10
0.3,-0.4699586474433828,9.65008051787305e-10
0.3,-0.45795864744338377,1.0490282192091824e-9
0.3,-0.44595864744338476,1.0934583450987894e-9
0.3,-0.4339586474433843,1.1193310694511906e-9
0.3,-0.42195864744338385,1.1366105873324432e-9
0.3,-0.40995864744338484,1.1501777641154434e-9
0.3,-0.3979586474433858,1.1622913684760093e-9
0.3,-0.38595864744338537,1.17412043885916e-9
0.3,-0.3739586474433849,1.186193119020887e-9
0.3,-0.3619586474433858,1.198797106300679e-9
0.3,-0.3499586474433868,1.212100091787454e-9
0.3,-0.33795864744338633,1.2261928422032983e-9
0.3,-0.3259586474433859,1.2411490344270781e-9
0.3,-0.31395864744338686,1.2570552788660455e-9
0.3,-0.30195864744338785,1.2739692687388202e-9
0.3,-0.2899586474433874,1.2919165926715828e-9
0.3,-0.27795864744338694,1.3110223658274445e-9
0.3,-0.26595864744338793,1.331331643675419e-9
0.3,-0.2539586474433888,1.3529295850532763e-9
0.3,-0.24195864744338835,1.3759177425242455e-9
0.3,-0.2299586474433879,1.4003858450359376e-9
0.3,-0.2179586474433889,1.426449015500964e-9
0.3,-0.20595864744338988,1.454174770258705e-9
0.3,-0.19395864744338942,1.4837550970683982e-9
0.3,-0.18195864744338897,1.5152743546220086e-9
0.3,-0.16995864744338984,1.5489119769992203e-9
0.3,-0.15795864744339094,1.5847790458743621e-9
0.3,-0.1459586474433905,1.6230563168129928e-9
0.3,-0.13395864744339003,1.6639493458672746e-9
0.3,-0.12195864744339091,1.7076586026169724e-9
0.3,-0.10995864744339201,1.754384727899859e-9
0.3,-0.09795864744339156,1.8043509548165765e-9
0.3,-0.0859586474433911,1.857796566315114e-9
0.3,-0.07395864744339198,1.9149677177686446e-9
0.3,-0.061958647443392856,1.9761516108783202e-9
0.3,-0.0499586474433924,2.0416284846886843e-9
0.3,-0.037958647443391946,2.1117078784316403e-9
0.3,-0.025958647443393046,2.186656930789506e-9
0.3,-0.013958647443393923,2.266782722560949e-9
0.3,-0.0019586474433934686,2.352351493090972e-9
0.3,0.010041352556606986,2.443675445632005e-9
0.3,0.02204135255660744,2.5408854962512035e-9
0.3,0.034041352556607896,2.6442210361599036e-9
0.3,0.04604135255660835,2.753711138943992e-9
0.3,0.058041352556608805,2.8693025590436608e-9
0.3,0.07004135255660926,2.990748666711649e-9
0.3,0.08204135255660971,3.1175379032372277e-9
0.3,0.09404135255661017,3.248886203453827e-9
0.3,0.10604135255661062,3.3835205506530145e-9
0.3,0.11804135255661108,3.5197053026651062e-9
0.3,0.13004135255661153,3.654930876320938e-9
0.3,0.142041352556612,3.785946636150772e-9
0.3,0.15404135255661244,3.908463738185821e-9
0.3,0.1660413525566129,4.017046977124654e-9
0.3,0.17804135255661335,4.105043835080807e-9
0.3,0.1900413525566138,4.164514326671886e-9
0.3,0.20204135255661426,4.186463518537312e-9
0.3,0.21404135255661472,4.161156768439142e-9
0.3,0.22604135255661517,4.079112566231872e-9
0.3,0.23804135255661563,3.932143999421463e-9
0.3,0.2500413525566161,3.7150910440184954e-9
0.3,0.26204135255661654,3.4278891425012566e-9
0.3,0.274041352556617,3.076994672419967e-9
0.3,0.28604135255661745,2.6765931824617766e-9
0.3,0.2980413525566179,2.2478794005725266e-9
0.3,0.31004135255661835,1.8167392229480644e-9
0.3,0.3220413525566188,1.4094981040551743e-9
0.3,0.33404135255661926,1.0483291823072542e-9
0.3,0.3460413525566197,7.474731828670606e-10
0.3,0.3580413525566202,5.116497671517933e-10
0.3,0.37004135255662063,3.371624705987319e-10
0.3,0.3820413525566211,2.1474774936877014e-10
0.3,0.39404135255662154,1.3277443864890053e-10
0.3,0.406041352556622,8.008876935216391e-11
0.3,0.41804135255662245,4.7342154271947806e-11
0.3,0.4300413525566229,2.753264551315902e-11
0.3,0.44204135255662336,1.582373581446235e-11
0.3,0.4540413525566238,8.986032786102935e-12
0.3,0.46604135255662427,5.0634009054245456e-12
0.3,0.4780413525566247,2.8475679850652026e-12
0.3,0.4900413525566252,1.6007397102224956e-12
0.3,0.5020413525566256,8.792438640387561e-13
0.3,0.5140413525566261,4.810198145840635e-13
0.3,0.5260413525566265,2.6326023411338516e-13
0.3,0.538041352556627,1.6021782412939764e-13
0.3,0.5500413525566274,9.432260430253051e-14
0.3,0.5620413525566279,4.250731514928306e-14
0.3,0.5740413525566284,1.5366033766747004e-14
0.3,0.5860413525566288,1.4887403101727985e-14
0.3,0.5980413525566293,4.859881563552158e-15
0.3,0.6100413525566297,1.2176315488689684e-14
0.3,0.6220413525566302,-4.539936044155444e-15
0.3,0.6340413525566306,1.5583315998886593e-14
0.3,0.6460413525566311,-8.042017816099084e-15
0.3,0.6580413525566315,-2.8592217712906834e-15
0.3,0.670041352556632,-6.155471500019847e-15
0.3,0.6820413525566325,-5.341986658765593e-15
0.3,0.6940413525566329,5.758841107140374e-15
0.3,0.7060413525566334,6.348116139272896e-15
0.3,0.7180413525566338,-1.2344500779492299e-14
0.3,0.7300413525566343,7.378372423693302e-15
0.3,0.7420413525566347,1.3445618408501352e-15
0.3,0.7540413525566352,-1.1798158634916383e-14
0.3,0.7660413525566356,-1.5020623282625077e-14
0.3,0.7780413525566361,-1.3833235503031151e-14
0.3,0.7900413525566365,3.0983162938903126e-15
0.3,0.7979586474433632,-7.630159523318362e-15
0.3,0.7859586474433627,8.369861943993209e-15
0.3,0.7739586474433623,9.761240796634295e-15
0.3,0.7619586474433618,1.9223161846102733e-14
0.3,0.7499586474433614,1.8095235762027743e-16
0.3,0.7379586474433609,6.009146386398511e-15
0.3,0.7259586474433605,-1.272884829072587e-14
0.3,0.71395864744336,-5.099566686164916e-15
0.3,0.7019586474433596,-3.274873737084988e-15
0.3,0.6899586474433591,-2.6258550034119967e-15
0.3,0.6779586474433587,5.2599012551913626e-15
0.3,0.6659586474433582,1.190463155929482e-15
0.3,0.6539586474433577,2.60938471577577e-15
0.3,0.6419586474433573,-1.8206853828891596e-14
0.3,0.6299586474433568,1.238142125536434e-15
0.3,0.6179586474433564,-3.4930498500194307e-15
0.3,0.6059586474433559,4.809930662893567e-17
0.3,0.5939586474433555,5.815142303170224e-15
0.3,0.581958647443355,7.728151218804496e-15
0.3,0.5699586474433546,1.859037130821078e-14
0.3,0.5579586474433541,-1.6139461569424544e-14
0.3,0.5459586474433535,4.7362546407150105e-15
0.3,0.5339586474433531,2.5218030083022427e-15
0.3,0.5219586474433526,-2.8456326529075567e-15
0.3,0.5099586474433522,6.473373863157461e-15
0.3,0.4979586474433518,7.330520531019489e-15
0.3,0.4859586474433513,-2.6109130921806353e-14
0.3,0.47395864744335087,4.146809345225997e-16
0.3,0.4619586474433504,1.829671812513439e-14
0.3,0.44995864744334996,-1.5950464283310987e-14
0.3,0.4379586474433495,-1.3472871135668742e-14
0.3,0.42595864744334905,4.589466627398891e-16
0.3,0.4139586474433486,-1.0596822588356752e-14
0.3,0.40195864744334814,-7.674380024768345e-15
0.3,0.3899586474433477,4.30933339026385e-15
0.3,0.37795864744334723,2.566848221636966e-15
0.3,0.3659586474433468,-1.3068405981589166e-15
0.3,0.3539586474433463,1.462894648315399e-15
0.3,0.34195864744334586,2.828023731084193e-15
0.3,0.3299586474433454,-9.190790472085158e-15
0.3,0.31795864744334495,-1.7027322091834176e-14
0.3,0.3059586474433445,-1.285690737184959e-15
0.3,0.2939586474433441,1.639922442826743e-14
0.3,0.28195864744334365,-6.756915018120852e-15
0.3,0.2699586474433432,3.1027351517983162e-15
0.3,0.25795864744334274,4.4389833681329575e-15
0.3,0.24595864744334228,-2.0666952448561172e-15
0.3,0.23395864744334183,6.914674359360545e-16
0.3,0.22195864744334137,-6.3080511196165704e-15
0.3,0.20995864744334092,-1.0056365159774753e-14
0.3,0.19795864744334035,-4.821465967056406e-15
0.3,0.1859586474433399,1.804051748848344e-14
0.3,0.17395864744333944,8.681943439895586e-15
0.3,0.161958647443339,-1.8489176539115285e-14
0.3,0.14995864744333853,-6.548396011517915e-16
0.3,0.13795864744333808,5.788783458380847e-16
0.3,0.12595864744333762,-5.633418441024999e-15
0.3,0.11395864744333717,-7.834421954168394e-15
0.3,0.10195864744333671,7.101798751231897e-15
0.3,0.08995864744333626,1.3793745120985166e-14
0.3,0.0779586474433358,5.585241984284557e-15
0.3,0.06595864744333535,6.005618749209647e-15
0.3,0.053958647443334895,1.1913594310116849e-14
0.3,0.04195864744333444,5.885588632593258e-15
0.3,0.031468985582500886,5.935714174779012e-15
0.3,0.02097932372166722,1.3436212512057764e-15
0.3,0.010489661860833666,-1.0546959133227001e-14
0.3,0.0,-5.97367319935245e-15
0.5,-0.0012000000000000899,-3.1404430924669136e-15
0.5,-0.0025199999999998557,-3.759687562323e-15
0.5,-0.003972000000000309,-4.178489812077795e-15
0.5,-0.005569200000000052,-8.143837969323713e-15
0.5,-0.0073261199999997695,-3.332159815339772e-15
0.5,-0.009258731999999936,-2.0099652021924818e-15
0.5,-0.011384605199999953,-3.026223521302707e-15
0.5,-0.013723065720000038,-6.740831641499121e-15
0.5,-0.016295372292000065,2.5027953429081985e-15
0.5,-0.01912490952120005,-4.450680136078472e-15
0.5,-0.022237400473320124,-5.6698246670729074e-15
0.5,-0.025661140520652048,-2.2213956135604895e-15
0.5,-0.02942725457271711,2.772726249648385e-15
0.5,-0.0335699800299889,-8.859884532682815e-15
0.5,-0.038126978032988035,-3.2036207802854513e-15
0.5,-0.04313967583628653,9.554344525848069e-15
0.5,-0.04865364341991518,-8.622200288381761e-15
0.5,-0.05471900776190708,-2.103682912270262e-16
0.5,-0.06139090853809748,4.077334437871855e-15
0.5,-0.06872999939190727,1.525509156711746e-14
0.5,-0.07680299933109824,-4.336109978735819e-15
0.5,-0.08568329926420759,-5.353757014406059e-15
0.5,-0.09545162919062877,-8.611525007534042e-15
0.5,-0.10619679210969157,1.2001996564239592e-14
0.5,-0.11801647132066084,-3.3574060243673053e-15
0.5,-0.13001647132066052,-4.630704862500643e-15
0.5,-0.14201647132066064,4.2383589793049495e-15
0.5,-0.15401647132066076,1.3807586973353062e-15
0.5,-0.16601647132066044,1.4462807006067882e-15
0.5,-0.17801647132066056,3.3286941475453363e-15
0.5,-0.19001647132066068,8.37751313908351e-16
0.5,-0.2020164713206607,-1.5854414650855388e-17
0.5,-0.21401647132066093,-3.5336881773700233e-15
0.5,-0.22601647132066072,2.708967306150121e-15
0.5,-0.23801647132066073,-4.6168616799122175e-15
0.5,-0.25001647132066074,9.055974075448172e-15
0.5,-0.2620164713206605,-6.574100408585844e-15
0.5,-0.27401647132066076,6.367965084361302e-15
0.5,-0.28601647132066077,-2.881739057228155e-15
0.5,-0.2980164713206608,-1.2973683870008171e-14
0.5,-0.310016471320661,-1.6688248584833486e-14
0.5,-0.3220164713206608,-4.5244006065719266e-14
0.5,-0.3340164713206608,-9.708006331824846e-14
0.5,-0.3460164713206608,-2.1010690233118682e-13
0.5,-0.3580164713206606,-4.2959484545007155e-13
0.5,-0.37001647132066084,-8.769883590631572e-13
0.5,-0.38201647132066086,-1.830406139660752e-12
0.5,-0.39401647132066087,-3.826094532103972e-12
0.5,-0.4060164713206611,-8.001937290454063e-12
0.5,-0.4180164713206609,-1.672446179847028e-11
0.5,-0.43001647132066134,-3.5029411300353206e-11
0.5,-0.44201647132066113,-7.331986908950962e-11
0.5,-0.4540164713206607,-1.5354039450016657e-10
0.5,-0.46601647132066115,-3.2167386381558483e-10
0.5,-0.47801647132066094,-6.741468572876618e-10
0.5,-0.49001647132066073,-1.4132049445401617e-9
0.5,-0.5020164713206612,-2.963297669700717e-9
0.5,-0.514016471320661,-6.215134795017876e-9
0.5,-0.5260164713206608,-1.3037991562758259e-8
0.5,-0.5380164713206612,-2.7354642676209107e-8
0.5,-0.5500164713206608,-5.7395606602829974e-8
0.5,-0.5620164713206606,-1.2042164162628945e-7
0.5,-0.574016471320661,-2.5260213876005134e-7
0.5,-0.5860164713206615,-5.29624973633381e-7
0.5,-0.5980164713206613,-1.109521913606621e-6
0.5,-0.6100164713206611,-2.32108802283929e-6
0.5,-0.6220164713206615,-4.844615364686116e-6
0.5,-0.6340164713206613,-1.0075578050611019e-5
0.5,-0.6460164713206609,-2.08387853119526e-5
0.5,-0.6580164713206613,-4.273820111812569e-5
0.5,-0.6700164713206611,-8.65602769690611e-5
0.5,-0.6820164713206609,-0.00017216863387090772
0.5,-0.6940164713206614,-0.0003339295808848035
0.5,-0.7060164713206611,-0.0006265512338664125
0.5,-0.7180164713206609,-0.0011287247373845078
0.5,-0.7300164713206614,-0.0019422863684289287
0.5,-0.742016471320661,-0.003188901171163022
0.5,-0.7540164713206607,-0.005011457743056069
0.5,-0.7660164713206612,-0.007586613992623685
0.5,-0.7780164713206617,-0.011148617046082351
0.5,-0.7900164713206614,-0.01602074868857292
0.5,-0.8020164713206612,-0.02265277259689128
0.5,-0.814016471320661,-0.0316666970462507
0.5,-0.8260164713206606,-0.043915752826593074
0.5,-0.838016471320661,-0.06056278349494981
0.5,-0.8500164713206608,-0.08318532149158711
0.5,-0.8620164713206606,-0.11391570597041432
0.5,-0.8740164713206611,-0.15562464411481752
0.5,-0.8860164713206609,-0.21215384118092967
0.5,-0.8980164713206606,-0.28859620155930016
0.5,-0.9100164713206602,-0.3916086840562086
0.5,-0.92201647132066,-0.5297180553176928
0.5,-0.9340164713206605,-0.7135349616632098
0.5,-0.9460164713206602,-0.9557192566488862
0.5,-0.95801647132066,-1.270440211001088
0.5,-0.9700164713206605,-1.6719718639331618
0.5,-0.9820164713206603,-2.1720221713395733
0.5,-0.9940164713206598,-2.7755418648583845
0.5,-1.0060164713206596,-3.4752634921449395
0.5,-1.0180164713206594,-4.246178918642366
0.5,-1.0300164713206599,-5.0423933251536805
0.5,-1.0420164713206597,-5.799652428490061
0.5,-1.0540164713206595,-6.446214600176368
0.5,-1.06601647132066,-6.921482110963473
0.5,-1.0780164713206595,-7.196085446748419
0.5,-1.0900164713206593,-7.28247969386386
0.5,-1.102016471320659,-7.227863391491422
0.5,-1.1140164713206588,-7.092856440584507
0.5,-1.1260164713206593,-6.929754382830872
0.5,-1.138016471320659,-6.771912404577617
0.5,-1.1500164713206587,-6.6347941921631275
0.5,-1.162016471320659,-6.522240569689128
0.5,-1.174016471320659,-6.432422638721616
0.5,-1.1860164713206587,-6.361572199219379
0.5,-1.1980164713206585,-6.30578650528231
0.5,-1.1899835286793419,-6.159340984710085
0.5,-1.1779835286793414,-6.039039281092248
0.5,-1.1659835286793416,-5.928757801547309
0.5,-1.1539835286793418,-5.807854706515808
0.5,-1.1419835286793414,-5.665264702928285
0.5,-1.1299835286793416,-5.492027523687796
0.5,-1.117983528679342,-5.280555166233359
0.5,-1.1059835286793422,-5.0251688213227155
0.5,-1.0939835286793425,-4.723137537587885
0.5,-1.081983528679342,-4.375757594940704
0.5,-1.0699835286793422,-3.9889996448796823
0.5,-1.0579835286793424,-3.573337694683729
0.5,-1.045983528679342,-3.142637056913537
0.5,-1.0339835286793422,-2.712322838302351
0.5,-1.0219835286793426,-2.297304947063761
0.5,-1.0099835286793428,-1.9101821161255494
0.5,-0.997983528679343,-1.5600933962746621
0.5,-0.9859835286793426,-1.2523350677522642
0.5,-0.9739835286793429,-0.9886350051205426
0.5,-0.9619835286793431,-0.7678491979402489
0.5,-0.9499835286793427,-0.5868258961627747
0.5,-0.937983528679343,-0.44123727176517946
0.5,-0.9259835286793432,-0.32626056160017475
0.5,-0.9139835286793434,-0.23706587112926783
0.5,-0.9019835286793436,-0.16912024206762133
0.5,-0.8899835286793432,-0.11834568277959485
0.5,-0.8779835286793435,-0.08117784657848864
0.5,-0.8659835286793438,-0.05456816526076008
0.5,-0.8539835286793434,-0.03596070556540342
0.5,-0.8419835286793436,-0.023260529789395933
0.5,-0.8299835286793438,-0.014797814594139706
0.5,-0.817983528679344,-0.00928537828869187
0.5,-0.8059835286793443,-0.005767391907697397
0.5,-0.7939835286793439,-0.0035610237521778243
0.5,-0.7819835286793434,-0.0021963930667591304
0.5,-0.7699835286793437,-0.0013610214021578656
0.5,-0.7579835286793439,-0.0008531921239808319
0.5,-0.7459835286793435,-0.0005459004929481724
0.5,-0.733983528679343,-0.0003608287930340245
0.5,-0.7219835286793432,-0.00025053443184518094
0.5,-0.7099835286793434,-0.00018646428118646136
0.5,-0.6979835286793431,-0.0001492954796625199
0.5,-0.6859835286793426,-0.00011853713909958541
0.5,-0.6739835286793429,-8.030593814252341e-5
0.5,-0.6619835286793431,-4.5636200600496475e-5
0.5,-0.6499835286793426,-2.359529975503026e-5
0.5,-0.6379835286793422,-1.1732265818999337e-5
0.5,-0.6259835286793425,-5.737839680771565e-6
0.5,-0.6139835286793427,-2.783016727221057e-6
0.5,-0.6019835286793422,-1.3431065203237902e-6
0.5,-0.5899835286793418,-6.458876810904046e-7
0.5,-0.577983528679342,-3.0965200969683876e-7
0.5,-0.5659835286793423,-1.479490812391014e-7
0.5,-0.5539835286793419,-7.033414269300873e-8
0.5,-0.5419835286793414,-3.3131678102225116e-8
0.5,-0.5299835286793416,-1.5316734777179327e-8
0.5,-0.5179835286793419,-6.790687136393375e-9
0.5,-0.5059835286793415,-2.710799355598537e-9
0.5,-0.49398352867934103,-7.574858160403637e-10
0.5,-0.48198352867934124,1.793375091491081e-10
0.5,-0.46998352867934146,6.305569703134161e-10
0.5,-0.457983528679341,8.499861709172008e-10
0.5,-0.44598352867934055,9.589671307729034e-10
0.5,-0.43398352867934087,1.0154511130315986e-9
0.5,-0.4219835286793411,1.0471503098313211e-9
0.5,-0.4099835286793406,1.0673184837959344e-9
0.5,-0.39798352867934017,1.0823162890828296e-9
0.5,-0.3859835286793405,1.095160737154344e-9
0.5,-0.3739835286793407,1.1073602346013539e-9
0.5,-0.36198352867934025,1.1196147036642853e-9
0.5,-0.3499835286793398,1.1323280069069589e-9
0.5,-0.33798352867934,1.1456566915153158e-9
0.5,-0.32598352867934033,1.1597355170728684e-9
0.5,-0.3139835286793399,1.1746710488634064e-9
0.5,-0.3019835286793394,1.1905034238719844e-9
0.5,-0.28998352867933963,1.2073520793886485e-9
0.5,-0.27798352867933995,1.2252472777717838e-9
0.5,-0.2659835286793395,1.2442525385598021e-9
0.5,-0.25398352867933904,1.2644739997401426e-9
0.5,-0.24198352867933925,1.2859836451173653e-9
0.5,-0.22998352867933947,1.308870546965162e-9
0.5,-0.217983528679339,1.3332448094844452e-9
0.5,-0.20598352867933856,1.3592073255556597e-9
0.5,-0.19398352867933877,1.3868683567360135e-9
0.5,-0.1819835286793392,1.4163575266845174e-9
0.5,-0.16998352867933875,1.4478061091444012e-9
0.5,-0.1579835286793383,1.4813730164958843e-9
0.5,-0.1459835286793385,1.5171992985638117e-9
0.5,-0.13398352867933871,1.5554945745613244e-9
0.5,-0.12198352867933826,1.596402084652728e-9
0.5,-0.1099835286793378,1.6401484156308835e-9
0.5,-0.09798352867933802,1.6869586506998094e-9
0.5,-0.08598352867933823,1.7370530307922123e-9
0.5,-0.07398352867933777,1.7906800989422778e-9
0.5,-0.06198352867933732,1.8481036170867558e-9
0.5,-0.04998352867933775,1.9096012202567397e-9
0.5,-0.03798352867933796,1.9754820273286517e-9
0.5,-0.02598352867933751,2.0460345018415956e-9
0.5,-0.013983528679337054,2.1215693290785827e-9
0.5,-0.0019835286793372653,2.2024209756852164e-9
0.5,0.010016471320662523,2.2888825486765206e-9
0.5,0.022016471320662978,2.381236689863573e-9
0.5,0.03401647132066343,2.4797726978471674e-9
0.5,0.04601647132066322,2.5846621302979015e-9
0.5,0.05801647132066301,2.696052529599669e-9
0.5,0.07001647132066346,2.8139965298205796e-9
0.5,0.08201647132066392,2.9383266869246943e-9
0.5,0.09401647132066349,3.0687569032987813e-9
0.5,0.10601647132066327,3.204651476903797e-9
0.5,0.11801647132066373,3.34513146961091e-9
0.5,0.13001647132066418,3.488809222737603e-9
0.5,0.14201647132066397,3.633728975616567e-9
0.5,0.15401647132066376,3.777279328855122e-9
0.5,0.16601647132066422,3.915986967630145e-9
0.5,0.17801647132066467,4.04542122286194e-9
0.5,0.19001647132066446,4.159988064392032e-9
0.5,0.20201647132066403,4.252924560954005e-9
0.5,0.21401647132066448,4.316216303438451e-9
0.5,0.22601647132066494,4.340803409238389e-9
0.5,0.23801647132066472,4.317064052435291e-9
0.5,0.2500164713206645,4.235471782750543e-9
0.5,0.26201647132066497,4.087926538760172e-9
0.5,0.2740164713206654,3.869272665329711e-9
0.5,0.2860164713206652,3.5791008582835306e-9
0.5,0.298016471320665,3.223593118235605e-9
0.5,0.31001647132066545,2.81637491107091e-9
0.5,0.3220164713206659,2.3781523841673065e-9
0.5,0.3340164713206655,1.934560609385302e-9
0.5,0.34601647132066526,1.5121619494731857e-9
0.5,0.3580164713206657,1.1340285245567627e-9
0.5,0.3700164713206662,8.156979444831497e-10
0.5,0.38201647132066596,5.633812617902282e-10
0.5,0.39401647132066575,3.744934378477093e-10
0.5,0.4060164713206662,2.4045914245264476e-10
0.5,0.41801647132066666,1.4980252895822262e-10
0.5,0.43001647132066645,9.092608353522558e-11
0.5,0.442016471320666,5.4056976802254744e-11
0.5,0.45401647132066647,3.158846486028917e-11
0.5,0.4660164713206669,1.820685997831344e-11
0.5,0.4780164713206667,1.0366831295723669e-11
0.5,0.4900164713206665,5.878829380408233e-12
0.5,0.502016471320667,3.3008722915602075e-12
0.5,0.5140164713206674,1.8386878372786275e-12
0.5,0.5260164713206672,1.034645311469571e-12
0.5,0.538016471320667,5.630538455226103e-13
0.5,0.5500164713206674,3.1966238539847035e-13
0.5,0.5620164713206679,1.7366272690190557e-13
0.5,0.5740164713206675,1.0846593268217636e-13
0.5,0.5860164713206673,4.3111669101245243e-14
0.5,0.5980164713206677,3.3635823729145975e-14
0.5,0.6100164713206682,1.1727427646946563e-14
0.5,0.622016471320668,9.571632959391738e-15
0.5,0.6340164713206677,6.3407748762496375e-15
0.5,0.6460164713206682,-2.421915806286285e-15
0.5,0.6580164713206686,-5.101491456572134e-15
0.5,0.6700164713206684,-3.561728370430008e-15
0.5,0.682016471320668,-7.851235428593315e-15
0.5,0.6940164713206685,2.3578902554117602e-15
0.5,0.7060164713206689,3.3969044443649165e-15
0.5,0.7180164713206687,-1.51584086410607e-14
0.5,0.7300164713206685,6.023479075162596e-15
0.5,0.742016471320669,5.373168736325732e-16
0.5,0.7540164713206694,-1.45074877499988e-15
0.5,0.7660164713206692,2.8196702010488536e-15
0.5,0.778016471320669,-6.375074896106235e-15
0.5,0.7900164713206694,3.560313058897481e-15
0.5,0.7979835286793311,-1.1545360598865114e-14
0.5,0.7859835286793313,-1.13417260190743e-15
0.5,0.7739835286793316,-8.302557499618345e-15
0.5,0.7619835286793318,-2.1066658218994015e-15
0.5,0.7499835286793322,4.647990550812806e-15
0.5,0.7379835286793324,9.032972604795624e-16
0.5,0.7259835286793326,-4.620756446732826e-15
0.5,0.7139835286793329,-5.6235844208432645e-15
0.5,0.7019835286793331,-7.446741011975944e-15
0.5,0.6899835286793334,6.417478372089117e-15
0.5,0.6779835286793336,-7.578144167040594e-15
0.5,0.6659835286793339,2.3862949177537658e-15
0.5,0.6539835286793342,1.4208358216452836e-14
0.5,0.6419835286793344,2.544550415297511e-15
0.5,0.6299835286793347,1.668677474709889e-15
0.5,0.6179835286793349,8.142252194956418e-15
0.5,0.6059835286793351,4.3281221817711625e-15
0.5,0.5939835286793355,-5.4306498022830944e-15
0.5,0.5819835286793357,-5.047976987547686e-15
0.5,0.569983528679336,6.1137384347244415e-15
0.5,0.5579835286793362,-2.0765931139183178e-15
0.5,0.5459835286793364,-3.806558628830191e-15
0.5,0.5339835286793366,5.4675888991722565e-15
0.5,0.521983528679337,1.113903452435482e-14
0.5,0.5099835286793373,-1.8751027780132108e-15
0.5,0.4979835286793375,4.649017449763582e-15
0.5,0.4859835286793377,-3.928267432728112e-15
0.5,0.47398352867933796,1.0162372519633211e-14
0.5,0.46198352867933823,5.278430661367695e-15
0.5,0.4499835286793385,6.686020418262535e-15
0.5,0.43798352867933876,-7.607650218369168e-15
0.5,0.425983528679339,-4.290886454594014e-15
0.5,0.41398352867933924,-1.524556336053138e-14
0.5,0.4019835286793395,7.146322533950728e-15
0.5,0.3899835286793405,1.8422481317232058e-14
0.5,0.37798352867934004,-2.358665750232951e-15
0.5,0.3659835286793396,-6.86040035682166e-15
0.5,0.3539835286793405,8.646899849414466e-15
0.5,0.3419835286793415,-5.205672478445532e-16
0.5,0.32998352867934105,-9.360689034685251e-15
0.5,0.3179835286793406,4.088612643031666e-15
0.5,0.30598352867934153,2.325235668175931e-15
0.5,0.2939835286793425,-2.19837507750972e-15
0.5,0.28198352867934207,1.3215464026019293e-14
0.5,0.2699835286793416,-1.1340510228077668e-14
0.5,0.2579835286793426,1.1056033956579048e-14
0.5,0.2459835286793436,5.4231555685266614e-15
0.5,0.23398352867934313,1.1836677985568883e-14
0.5,0.22198352867934268,9.615657924756549e-15
0.5,0.20998352867934356,1.2906855630456145e-15
0.5,0.19798352867934454,-6.569625683288e-17
0.5,0.1859835286793441,-6.841120728796378e-15
0.5,0.17398352867934364,-6.7119562665631226e-15
0.5,0.16198352867934462,-3.036188909499545e-16
0.5,0.1499835286793456,9.489995826618134e-16
0.5,0.13798352867934516,1.2205250892947725e-14
0.5,0.1259835286793447,3.0101054115914653e-15
0.5,0.11398352867934558,-1.966210792333291e-15
0.5,0.10198352867934657,1.0788401753603273e-14
0.5,0.08998352867934611,-1.0865871432963801e-14
0.5,0.07798352867934566,-4.0286215277796375e-15
0.5,0.06598352867934665,1.0227979654613384e-15
0.5,0.05398352867934764,3.100440591348741e-15
0.5,0.04198352867934718,4.175768692601093e-15
0.5,0.03148764650950964,3.533877544546832e-15
0.5,0.020991764339673535,-1.256676410101403e-15
0.5,0.010495882169837545,1.974902353167509e-15
0.5,0.0,9.878625594849702e-15
0.5,-0.010495882169837545,-1.3467290367941551e-15
0.5,-0.022041352556657068,6.001849173123296e-15
0.5,-0.03404135255665608,-9.931090143693107e-15
0.5,-0.046041352556656534,4.50168805020978e-16
0.5,-0.05804135255665699,3.492227799001983e-15
0.5,-0.070041352556656,-4.7648269053635406e-15
0.5,-0.08204135255665501,1.1021618211128954e-14
0.5,-0.09404135255665547,-4.040317799952217e-15
0.5,-0.10604135255665592,-8.628965033243053e-15
0.5,-0.11804135255665504,9.624687186117919e-15
0.5,-0.13004135255665406,1.4523813048346813e-14
0.5,-0.1420413525566545,-4.724686065481337e-15
0.5,-0.15404135255665496,-5.0611058635107646e-15
0.5,-0.16604135255665398,-2.950269927513668e-15
0.5,-0.178041352556653,-1.951207692820839e-15
0.5,-0.19004135255665344,-2.610278596357506e-15
0.5,-0.202041352556654,-1.4655035298960535e-14
0.5,-0.2140413525566529,2.2991202455231644e-15
0.5,-0.22604135255665203,-5.935983829587843e-15
0.5,-0.23804135255665249,2.055525724120656e-15
0.5,-0.25004135255665294,2.5800569082439464e-15
0.5,-0.26204135255665184,-1.6063584115522884e-14
0.5,-0.27404135255665096,-1.964839376814748e-15
0.5,-0.2860413525566514,-1.4697275162826578e-14
0.5,-0.2980413525566519,-3.5669293739726174e-15
0.5,-0.310041352556651,-2.7376699287875233e-14
0.5,-0.3220413525566499,-4.8145679199470514e-14
0.5,-0.33404135255665035,-9.483969845067518e-14
0.5,-0.3460413525566508,-1.9802583038615539e-13
0.5,-0.35804135255664993,-4.325832037498625e-13
0.5,-0.37004135255664883,-8.806760448320367e-13
0.5,-0.3820413525566493,-1.8268526238212433e-12
0.5,-0.39404135255664974,-3.8279215395660635e-12
0.5,-0.40604135255664886,-8.014001292199976e-12
0.5,-0.418041352556648,-1.676524847665645e-11
0.5,-0.43004135255664844,-3.5075031247193004e-11
0.5,-0.4420413525566489,-7.343298705648956e-11
0.5,-0.4540413525566478,-1.5377794830469212e-10
0.5,-0.4660413525566469,-3.221818135619219e-10
0.5,-0.47804135255664737,-6.751763161583936e-10
0.5,-0.4900413525566478,-1.4153675760134699e-9
0.5,-0.502041352556647,-2.967847656209273e-9
0.5,-0.5140413525566458,-6.224693310196336e-9
0.5,-0.5260413525566463,-1.3058033930772063e-8
0.5,-0.5380413525566468,-2.739670680962551e-8
0.5,-0.5500413525566459,-5.74838599899586e-8
0.5,-0.5620413525566448,-1.2060677993474007e-7
0.5,-0.5740413525566452,-2.5299034501948575e-7
0.5,-0.5860413525566457,-5.304382453739795e-7
0.5,-0.5980413525566448,-1.1112231436307059e-6
0.5,-0.6100413525566439,-2.3246383326888587e-6
0.5,-0.6220413525566444,-4.85199702274244e-6
0.5,-0.6340413525566448,-1.0090837178587533e-5
0.5,-0.6460413525566437,-2.0870050306261766e-5
0.5,-0.6580413525566429,-4.2801412638956654e-5
0.5,-0.6700413525566433,-8.668559474811252e-5
0.5,-0.6820413525566438,-0.00017241023039909716
0.5,-0.6940413525566427,-0.00033437798767534945
0.5,-0.7060413525566418,-0.0006273442454761321
0.5,-0.7180413525566423,-0.0011300506360601096
0.5,-0.7300413525566427,-0.0019443778340456847
0.5,-0.7420413525566418,-0.003192030360709916
0.5,-0.7540413525566407,-0.005015949505314123
0.5,-0.7660413525566412,-0.007592884643919472
0.5,-0.7780413525566416,-0.011157232906352767
0.5,-0.7900413525566408,-0.016032497358011735
0.5,-0.8020413525566397,-0.02266874786479979
0.5,-0.8140413525566401,-0.03168840554105293
0.5,-0.8260413525566406,-0.04394525415344888
0.5,-0.8380413525566397,-0.06060287777767143
0.5,-0.8500413525566388,-0.08323980061919013
0.5,-0.8620413525566393,-0.11398968657438453
0.5,-0.8740413525566397,-0.15572499809289655
0.5,-0.8860413525566386,-0.21228972975335367
0.5,-0.8980413525566378,-0.2887796985676327
0.5,-0.9100413525566382,-0.3918554370572732
0.5,-0.9220413525566387,-0.5300478639831014
0.5,-0.9340413525566376,-0.7139720331579973
0.5,-0.9460413525566367,-0.9562917166428804
0.5,-0.9580413525566371,-1.271178225179196
0.5,-0.9700413525566376,-1.6729035420604204
0.5,-0.9820413525566367,-2.1731664810028235
0.5,-0.9940413525566356,-2.7768984008444253
0.5,-1.006041352556636,-3.476800463627784
0.5,-1.0180413525566365,-4.247823118171855
0.5,-1.0300413525566356,-5.044028320395561
0.5,-1.0420413525566345,-5.801131900957493
0.5,-1.054041352556635,-6.447394028966864
0.5,-1.0660413525566355,-6.9222621769575445
0.5,-1.0780413525566346,-7.19644784159332
0.5,-1.0900413525566337,-7.282491977787327
0.5,-1.1020413525566342,-7.227645910529738
0.5,-1.1140413525566346,-7.092532273207512
0.5,-1.1260413525566335,-6.929413595218333
0.5,-1.1380413525566326,-6.7716038010846376
0.5,-1.150041352556633,-6.634535398310302
0.5,-1.1620413525566335,-6.522031962978097
0.5,-1.1740413525566324,-6.432257511692673
0.5,-1.1860413525566316,-6.361442222450698
0.5,-1.198041352556632,-6.305684037965884
0.5,-1.1899586474433674,-6.159003657875475
0.5,-1.1779586474433685,-6.038800882241315
0.5,-1.1659586474433694,-5.928517719648932
0.5,-1.153958647443369,-5.807582111139267
0.5,-1.1419586474433685,-5.664938392811674
0.5,-1.1299586474433696,-5.4916298445104195
0.5,-1.1179586474433705,-5.2800718358350105
0.5,-1.10595864744337,-5.024590603334937
0.5,-1.0939586474433696,-4.722462549044709
0.5,-1.0819586474433704,-4.37499323251693
0.5,-1.0699586474433715,-3.9881631632813503
0.5,-1.057958647443371,-3.5724548504330964
0.5,-1.0459586474433706,-3.1417389188258986
0.5,-1.0339586474433715,-2.7114415462807404
0.5,-1.0219586474433724,-2.296469533329547
0.5,-1.009958647443372,-1.9094153671755796
0.5,-0.9979586474433716,-1.559410269856446
0.5,-0.9859586474433726,-1.2517426486162082
0.5,-0.9739586474433736,-0.9881336036060975
0.5,-0.9619586474433731,-0.7674340501511601
0.5,-0.9499586474433726,-0.5864889772193894
0.5,-0.9379586474433736,-0.4409688902177029
0.5,-0.9259586474433745,-0.32605057474011345
0.5,-0.9139586474433741,-0.2369044957261396
0.5,-0.9019586474433736,-0.1689985173872831
0.5,-0.8899586474433746,-0.11825567883127995
0.5,-0.8779586474433756,-0.0811127138306212
0.5,-0.8659586474433751,-0.05452210445025662
0.5,-0.8539586474433747,-0.035928907538442786
0.5,-0.8419586474433756,-0.023239105643150668
0.5,-0.8299586474433767,-0.014783715641168264
0.5,-0.8179586474433762,-0.009276299022171431
0.5,-0.8059586474433758,-0.005761654932039818
0.5,-0.7939586474433766,-0.0035574548092369377
0.5,-0.7819586474433776,-0.0021941992432947216
0.5,-0.7699586474433772,-0.0013596841492298907
0.5,-0.7579586474433767,-0.0008523814210341521
0.5,-0.7459586474433777,-0.0005454109966812449
0.5,-0.7339586474433786,-0.0003605351500319484
0.5,-0.7219586474433781,-0.0002503613170180675
0.5,-0.7099586474433777,-0.00018636554302299495
0.5,-0.6979586474433787,-0.00014923300266442296
0.5,-0.6859586474433796,-0.00011846566615241616
0.5,-0.6739586474433792,-8.022452672993457e-5
0.5,-0.6619586474433787,-4.557705178926553e-5
0.5,-0.6499586474433797,-2.3561812408309093e-5
0.5,-0.6379586474433807,-1.171502889942494e-5
0.5,-0.6259586474433803,-5.729277700735917e-6
0.5,-0.6139586474433798,-2.77882826737648e-6
0.5,-0.6019586474433808,-1.3410737666702765e-6
0.5,-0.5899586474433817,-6.449059053635253e-7
0.5,-0.5779586474433812,-3.091793638071175e-7
0.5,-0.5659586474433808,-1.477220393216597e-7
0.5,-0.5539586474433817,-7.022525430281829e-8
0.5,-0.5419586474433827,-3.307950667185592e-8
0.5,-0.5299586474433823,-1.5291768683000813e-8
0.5,-0.5179586474433818,-6.778752229122312e-9
0.5,-0.5059586474433828,-2.705084025564245e-9
0.5,-0.4939586474433837,-7.547437929434364e-10
0.5,-0.48195864744338324,1.8065455831710858e-10
0.5,-0.4699586474433828,6.311849544915139e-10
0.5,-0.45795864744338377,8.503058790408311e-10
0.5,-0.44595864744338476,9.591232934836466e-10
0.5,-0.4339586474433843,1.0155275947278742e-9
0.5,-0.42195864744338385,1.0472028843539324e-9
0.5,-0.40995864744338484,1.0673525030147712e-9
0.5,-0.3979586474433858,1.082338141675198e-9
0.5,-0.38595864744338537,1.0951961911398364e-9
0.5,-0.3739586474433849,1.1073882515002772e-9
0.5,-0.3619586474433858,1.119654947086347e-9
0.5,-0.3499586474433868,1.1323504685567979e-9
0.5,-0.33795864744338633,1.1456779195961933e-9
0.5,-0.3259586474433859,1.1597601446773121e-9
0.5,-0.31395864744338686,1.1747013482234058e-9
0.5,-0.30195864744338785,1.1905450736853096e-9
0.5,-0.2899586474433874,1.2073762925023746e-9
0.5,-0.27795864744338694,1.2252717925038089e-9
0.5,-0.26595864744338793,1.2442959935377024e-9
0.5,-0.2539586474433888,1.264520439262719e-9
0.5,-0.24195864744338835,1.2860351819306893e-9
0.5,-0.2299586474433879,1.3089336129175395e-9
0.5,-0.2179586474433889,1.333296008052964e-9
0.5,-0.20595864744338988,1.3592646761026253e-9
0.5,-0.19395864744338942,1.3869233729980974e-9
0.5,-0.18195864744338897,1.4164188585119073e-9
0.5,-0.16995864744338984,1.4478725041487449e-9
0.5,-0.15795864744339094,1.481442098720422e-9
0.5,-0.1459586474433905,1.517287578320289e-9
0.5,-0.13395864744339003,1.5555763229613952e-9
0.5,-0.12195864744339091,1.5964979216602361e-9
0.5,-0.10995864744339201,1.6402607299896082e-9
0.5,-0.09795864744339156,1.687047010712693e-9
0.5,-0.0859586474433911,1.7371577339438173e-9
0.5,-0.07395864744339198,1.7907939570506377e-9
0.5,-0.061958647443392856,1.848226119494463e-9
0.5,-0.0499586474433924,1.9097368010813644e-9
0.5,-0.037958647443391946,1.9756171353142153e-9
0.5,-0.025958647443393046,2.0461718486889232e-9
0.5,-0.013958647443393923,2.121738002404301e-9
0.5,-0.0019586474433934686,2.202602503035808e-9
0.5,0.010041352556606986,2.28907306105072e-9
0.5,0.02204135255660744,2.3814367398700027e-9
0.5,0.034041352556607896,2.4799820369909233e-9
0.5,0.04604135255660835,2.584894731907706e-9
0.5,0.058041352556608805,2.6963170558804228e-9
0.5,0.07004135255660926,2.814241934377678e-9
0.5,0.08204135255660971,2.9385882994037332e-9
0.5,0.09404135255661017,3.0690133702826818e-9
0.5,0.10604135255661062,3.204955399979005e-9
0.5,0.11804135255661108,3.34544218200565e-9
0.5,0.13004135255661153,3.4890988496919827e-9
0.5,0.142041352556612,3.6340278270934517e-9
0.5,0.15404135255661244,3.777554690224285e-9
0.5,0.1660413525566129,3.916270547876517e-9
0.5,0.17804135255661335,4.0456725918926615e-9
0.5,0.1900413525566138,4.160211750767449e-9
0.5,0.20204135255661426,4.253096481647999e-9
0.5,0.21404135255661472,4.316303223853458e-9
0.5,0.22604135255661517,4.340817856719062e-9
0.5,0.23804135255661563,4.316953318270472e-9
0.5,0.2500413525566161,4.235243204446868e-9
0.5,0.26204135255661654,4.087551461562847e-9
0.5,0.274041352556617,3.86873953072532e-9
0.5,0.28604135255661745,3.5784261560139158e-9
0.5,0.2980413525566179,3.2228079283965783e-9
0.5,0.31004135255661835,2.815478275782606e-9
0.5,0.3220413525566188,2.377234579236923e-9
0.5,0.33404135255661926,1.9336347678376333e-9
0.5,0.3460413525566197,1.5113216248809762e-9
0.5,0.3580413525566202,1.133323481603777e-9
0.5,0.37004135255662063,8.151099725365177e-10
0.5,0.3820413525566211,5.629177095314271e-10
0.5,0.39404135255662154,3.7417395929184765e-10
0.5,0.406041352556622,2.4025107245218833e-10
0.5,0.41804135255662245,1.496366005678762e-10
0.5,0.4300413525566229,9.08372401083497e-11
0.5,0.44204135255662336,5.397545514598595e-11
0.5,0.4540413525566238,3.156055487723319e-11
0.5,0.46604135255662427,1.8176424389264837e-11
0.5,0.4780413525566247,1.0374942893921931e-11
0.5,0.4900413525566252,5.863325912450555e-12
0.5,0.5020413525566256,3.3033646576864567e-12
0.5,0.5140413525566261,1.849143060882592e-12
0.5,0.5260413525566265,1.0201027016485154e-12
0.5,0.538041352556627,5.637849243867636e-13
0.5,0.5500413525566274,3.1465608028790045e-13
0.5,0.5620413525566279,1.7598967584187898e-13
0.5,0.5740413525566284,1.0662967780917853e-13
0.5,0.5860413525566288,5.1265283693129254e-14
0.5,0.5980413525566293,2.5522931265765823e-14
0.5,0.6100413525566297,2.2786079397638613e-14
0.5,0.6220413525566302,1.5516470466589467e-14
0.5,0.6340413525566306,6.115240207790398e-15
0.5,0.6460413525566311,-1.4972970917428712e-15
0.5,0.6580413525566315,1.1209789455319913e-14
0.5,0.670041352556632,-8.028241142466839e-15
0.5,0.6820413525566325,-4.132348959188107e-15
0.5,0.6940413525566329,-1.2086507060247746e-15
0.5,0.7060413525566334,-7.979705537022038e-15
0.5,0.7180413525566338,9.719717901067697e-16
0.5,0.7300413525566343,1.147723144260551e-14
0.5,0.7420413525566347,-2.0260236633927794e-15
0.5,0.7540413525566352,5.538326537879377e-15
0.5,0.7660413525566356,2.728618054286063e-15
0.5,0.7780413525566361,-3.4238552201186428e-15
0.5,0.7900413525566365,2.3298686848911695e-15
0.5,0.7979586474433632,4.014068029105671e-15
0.5,0.7859586474433627,1.895916102813993e-15
0.5,0.7739586474433623,-5.786746952250142e-15
0.5,0.7619586474433618,-9.340939853183343e-15
0.5,0.7499586474433614,-6.5403697057467005e-15
0.5,0.7379586474433609,6.350348181366989e-15
0.5,0.7259586474433605,-2.3604442008878608e-15
0.5,0.71395864744336,-5.035890972572826e-15
0.5,0.7019586474433596,-3.541028110233645e-15
0.5,0.6899586474433591,-5.1348470485933616e-15
0.5,0.6779586474433587,1.0000799553411594e-14
0.5,0.6659586474433582,7.780327526773269e-15
0.5,0.6539586474433577,1.574690950847078e-15
0.5,0.6419586474433573,1.7599637329789467e-15
0.5,0.6299586474433568,-2.400780577251024e-15
0.5,0.6179586474433564,-6.4272844584922065e-15
0.5,0.6059586474433559,-6.848686792147544e-15
0.5,0.5939586474433555,-7.324775483553447e-15
0.5,0.581958647443355,-6.8015345737950385e-15
0.5,0.5699586474433546,-8.456434044652152e-15
0.5,0.5579586474433541,-8.636508483515018e-15
0.5,0.5459586474433535,-3.7496176148711893e-16
0.5,0.5339586474433531,1.3948320011337563e-15
0.5,0.5219586474433526,-5.436276463410127e-15
0.5,0.5099586474433522,-1.8209365207797884e-15
0.5,0.4979586474433518,1.6293546954575536e-15
0.5,0.4859586474433513,-7.743123724158134e-15
0.5,0.47395864744335087,3.7029934795768195e-15
0.5,0.4619586474433504,-1.6451527103167694e-14
0.5,0.44995864744334996,-5.666754080468976e-15
0.5,0.4379586474433495,-4.884233167671383e-15
0.5,0.42595864744334905,-1.0395255101853012e-14
0.5,0.4139586474433486,1.4122480469476646e-15
0.5,0.40195864744334814,-8.783804628651622e-15
0.5,0.3899586474433477,1.1985878949753268e-15
0.5,0.37795864744334723,-1.0502728318457788e-15
0.5,0.3659586474433468,3.362204040550712e-15
0.5,0.3539586474433463,5.097684481718603e-15
0.5,0.34195864744334586,5.535833780842683e-15
0.5,0.3299586474433454,7.471780320745563e-16
0.5,0.31795864744334495,1.3833791518893678e-15
0.5,0.3059586474433445,-3.782209685273806e-15
0.5,0.2939586474433441,-1.5127561768357175e-14
0.5,0.28195864744334365,2.498306709800336e-15
0.5,0.2699586474433432,1.2468965716054138e-14
0.5,0.25795864744334274,-5.880379647925366e-16
0.5,0.24595864744334228,1.665504197297518e-14
0.5,0.23395864744334183,-4.12334896170413e-15
0.5,0.22195864744334137,3.0562174292750284e-15
0.5,0.20995864744334092,4.335218691645702e-15
0.5,0.19795864744334035,-4.207986980777495e-15
0.5,0.1859586474433399,1.8187204410884845e-15
0.5,0.17395864744333944,6.5903405754230594e-15
0.5,0.161958647443339,-3.0065338783429492e-15
0.5,0.14995864744333853,4.784040024432643e-15
0.5,0.13795864744333808,-8.446533515392455e-15
0.5,0.12595864744333762,2.5509445901661226e-15
0.5,0.11395864744333717,-5.9166669564837745e-15
0.5,0.10195864744333671,6.6102866235960116e-15
0.5,0.08995864744333626,-5.579093892541631e-16
0.5,0.0779586474433358,-1.3281672402046141e-14
0.5,0.06595864744333535,2.5922200736043206e-15
0.5,0.053958647443334895,6.095069359350431e-15
0.5,0.04195864744333444,-1.0290617827551354e-14
0.5,0.031468985582500886,-5.291247013142156e-15
0.5,0.02097932372166722,-3.917782847451007e-15
0.5,0.010489661860833666,1.0652163309266658e-14
0.5,0.0,9.010890653072326e-15
0.6,-0.0012000000000000899,4.480800234703406e-15
0.6,-0.0025199999999998557,-3.933750676280393e-15
0.6,-0.003972000000000309,9.174952437487123e-15
0.6,-0.005569200000000052,-5.0344136035064306e-15
0.6,-0.0073261199999997695,4.852171360035054e-15
0.6,-0.009258731999999936,7.422367505434106e-16
0.6,-0.011384605199999953,1.0540742916364146e-15
0.6,-0.013723065720000038,6.080702356425573e-15
0.6,-0.016295372292000065,1.6066328217427187e-15
0.6,-0.01912490952120005,-4.7278377555627445e-15
0.6,-0.022237400473320124,3.768952734818384e-15
0.6,-0.025661140520652048,-3.5295035844131163e-15
0.6,-0.02942725457271711,-4.509680130964361e-16
0.6,-0.0335699800299889,-5.204027011604131e-15
0.6,-0.038126978032988035,3.1126831485460585e-15
0.6,-0.04313967583628653,-3.7805535543821354e-16
0.6,-0.04865364341991518,6.148455074980503e-15
0.6,-0.05471900776190708,1.496202559974325e-15
0.6,-0.06139090853809748,-1.315040892220736e-15
0.6,-0.06872999939190727,-8.683332699662473e-15
0.6,-0.07680299933109824,1.3488330020820541e-15
0.6,-0.08568329926420759,-2.5374853171626245e-15
0.6,-0.09545162919062877,4.93699341706107e-16
0.6,-0.10619679210969157,2.2952829078958803e-15
0.6,-0.11801647132066084,3.2329309460765254e-15
0.6,-0.13001647132066052,-6.008151411796632e-15
0.6,-0.14201647132066064,9.986019924250083e-16
0.6,-0.15401647132066076,-5.228352047055672e-16
0.6,-0.16601647132066044,1.7828667712093371e-16
0.6,-0.17801647132066056,-6.523017508508805e-15
0.6,-0.19001647132066068,2.3488703052896415e-15
0.6,-0.2020164713206607,4.83222978310437e-15
0.6,-0.21401647132066093,4.941285915283586e-16
0.6,-0.22601647132066072,-7.617635879215774e-15
0.6,-0.23801647132066073,-5.304881289379422e-15
0.6,-0.25001647132066074,-2.759311956286862e-16
0.6,-0.2620164713206605,6.1895267667277245e-15
0.6,-0.27401647132066076,-4.3666747866581884e-16
0.6,-0.28601647132066077,-9.607337649214523e-15
0.6,-0.2980164713206608,-2.012280377236319e-14
0.6,-0.310016471320661,-2.408003720335593e-14
0.6,-0.3220164713206608,-6.860276650087662e-14
0.6,-0.3340164713206608,-1.3837388989716262e-13
0.6,-0.3460164713206608,-2.8805734471643995e-13
0.6,-0.3580164713206606,-5.979898656013355e-13
0.6,-0.37001647132066084,-1.258288236559251e-12
0.6,-0.38201647132066086,-2.630396674010702e-12
0.6,-0.39401647132066087,-5.506810304000342e-12
0.6,-0.4060164713206611,-1.1495766060751575e-11
0.6,-0.4180164713206609,-2.4050416960080582e-11
0.6,-0.43001647132066134,-5.033320194814973e-11
0.6,-0.44201647132066113,-1.0534616950869274e-10
0.6,-0.4540164713206607,-2.2062553868547745e-10
0.6,-0.46601647132066115,-4.622105156886894e-10
0.6,-0.47801647132066094,-9.686382471554094e-10
0.6,-0.49001647132066073,-2.0305299591037674e-9
0.6,-0.5020164713206612,-4.2576886265655075e-9
0.6,-0.514016471320661,-8.929687580071041e-9
0.6,-0.5260164713206608,-1.8731787991387654e-8
0.6,-0.5380164713206612,-3.9298210777466727e-8
0.6,-0.5500164713206608,-8.244764556464357e-8
0.6,-0.5620164713206606,-1.729571948022805e-7
0.6,-0.574016471320661,-3.6271801150541656e-7
0.6,-0.5860164713206615,-7.60224581687885e-7
0.6,-0.5980164713206613,-1.5917070646041697e-6
0.6,-0.6100164713206611,-3.326885835686851e-6
0.6,-0.6220164713206615,-6.93455352002936e-6
0.6,-0.6340164713206613,-1.4392298502067011e-5
0.6,-0.6460164713206609,-2.967352733311771e-5
0.6,-0.6580164713206613,-6.057254426166102e-5
0.6,-0.6700164713206611,-0.00012184346797707198
0.6,-0.6820164713206609,-0.0002400125692055947
0.6,-0.6940164713206614,-0.0004594902392122137
0.6,-0.7060164713206611,-0.000848091795365406
0.6,-0.7180164713206609,-0.0014989515830074085
0.6,-0.7300164713206614,-0.0025278721616260273
0.6,-0.742016471320661,-0.0040708782555653475
0.6,-0.7540164713206607,-0.006290191135286487
0.6,-0.7660164713206612,-0.009392754964288574
0.6,-0.7780164713206617,-0.013658969869851973
0.6,-0.7900164713206614,-0.01947814735178971
0.6,-0.8020164713206612,-0.027390805563006576
0.6,-0.814016471320661,-0.03814160483756319
0.6,-0.8260164713206606,-0.05274874764730045
0.6,-0.838016471320661,-0.07259695757235494
0.6,-0.8500164713206608,-0.09956267854868908
0.6,-0.8620164713206606,-0.1361815916967031
0.6,-0.8740164713206611,-0.18586813138812142
0.6,-0.8860164713206609,-0.2531922682619489
0.6,-0.8980164713206606,-0.3442095271990524
0.6,-0.9100164713206602,-0.46682419224714045
0.6,-0.92201647132066,-0.6311358969089711
0.6,-0.9340164713206605,-0.8496656890062735
0.6,-0.9460164713206602,-1.137271662815124
0.6,-0.95801647132066,-1.510450459339863
0.6,-0.9700164713206605,-1.9856100949507196
0.6,-0.9820164713206603,-2.575871502799295
0.6,-0.9940164713206598,-3.2861553496748215
0.6,-1.0060164713206596,-4.106914664971728
0.6,-1.0180164713206594,-5.007955629352944
0.6,-1.0300164713206599,-5.93511461000459
0.6,-1.0420164713206597,-6.8134441106956976
0.6,-1.0540164713206595,-7.5598504031883635
0.6,-1.06601647132066,-8.104545960741143
0.6,-1.0780164713206595,-8.414229683120762
0.6,-1.0900164713206593,-8.504401707594491
0.6,-1.102016471320659,-8.431079792604972
0.6,-1.1140164713206588,-8.265704995377146
0.6,-1.1260164713206593,-8.06951788129977
0.6,-1.138016471320659,-7.881185995755783
0.6,-1.1500164713206587,-7.718283142592135
0.6,-1.162016471320659,-7.584852663955357
0.6,-1.174016471320659,-7.478460828636547
0.6,-1.1860164713206587,-7.394544371217652
0.6,-1.1980164713206585,-7.328470757591041
0.6,-1.1899835286793419,-7.155790750122055
0.6,-1.1779835286793414,-7.013418660849283
0.6,-1.1659835286793416,-6.882941803951065
0.6,-1.1539835286793418,-6.7403671890268555
0.6,-1.1419835286793414,-6.5728272617811045
0.6,-1.1299835286793416,-6.369964612438645
0.6,-1.117983528679342,-6.1231060157931
0.6,-1.1059835286793422,-5.825874539359132
0.6,-1.0939835286793425,-5.475338305328586
0.6,-1.081983528679342,-5.073167475704466
0.6,-1.0699835286793422,-4.626285798904941
0.6,-1.0579835286793424,-4.146621312097722
0.6,-1.045983528679342,-3.649849942328792
0.6,-1.0339835286793422,-3.15338055859961
0.6,-1.0219835286793426,-2.6740836422297143
0.6,-1.0099835286793428,-2.22631096735888
0.6,-0.997983528679343,-1.8205999784569658
0.6,-0.9859835286793426,-1.4632020385423186
0.6,-0.9739835286793429,-1.1563358363030083
0.6,-0.9619835286793431,-0.8989239061719267
0.6,-0.9499835286793427,-0.6875384119685016
0.6,-0.937983528679343,-0.5173323545809956
0.6,-0.9259835286793432,-0.38281784934190977
0.6,-0.9139835286793434,-0.2784359740252657
0.6,-0.9019835286793436,-0.19892302525295028
0.6,-0.8899835286793432,-0.13951175171372326
0.6,-0.8779835286793435,-0.09601768151715753
0.6,-0.8659835286793438,-0.06485685998921009
0.6,-0.8539835286793434,-0.043028727966572394
0.6,-0.8419835286793436,-0.028082589604541016
0.6,-0.8299835286793438,-0.01807366593826692
0.6,-0.817983528679344,-0.011508680839928297
0.6,-0.8059835286793443,-0.007281276317696774
0.6,-0.7939835286793439,-0.004601050093936571
0.6,-0.7819835286793434,-0.0029227441218749313
0.6,-0.7699835286793437,-0.0018821291539352478
0.6,-0.7579835286793439,-0.0012429138835288258
0.6,-0.7459835286793435,-0.0008561744670408305
0.6,-0.733983528679343,-0.0006315557944494893
0.6,-0.7219835286793432,-0.0005166787135520848
0.6,-0.7099835286793434,-0.0004653458690354523
0.6,-0.6979835286793431,-0.0003820848108986168
0.6,-0.6859835286793426,-0.0002451337843647303
0.6,-0.6739835286793429,-0.0001344123020092433
0.6,-0.6619835286793431,-6.911151377492463e-5
0.6,-0.6499835286793426,-3.455613510658113e-5
0.6,-0.6379835286793422,-1.7018578551037e-5
0.6,-0.6259835286793425,-8.301542114097283e-6
0.6,-0.6139835286793427,-4.023149419766966e-6
0.6,-0.6019835286793422,-1.9407884480435122e-6
0.6,-0.5899835286793418,-9.330684266754858e-7
0.6,-0.577983528679342,-4.4734086048703667e-7
0.6,-0.5659835286793423,-2.1386962110921928e-7
0.6,-0.5539835286793419,-1.0186867694232451e-7
0.6,-0.5419835286793414,-4.8213350209943577e-8
0.6,-0.5299835286793416,-2.2533289113712248e-8
0.6,-0.5179835286793419,-1.0249597098983568e-8
0.6,-0.5059835286793415,-4.37512767522042e-9
0.6,-0.49398352867934103,-1.5649439150553077e-9
0.6,-0.48198352867934124,-2.190665112312155e-10
0.6,-0.46998352867934146,4.2741899732224663e-10
0.6,-0.457983528679341,7.40039589985367e-10
0.6,-0.44598352867934055,8.93457080219826e-10
0.6,-0.43398352867934087,9.710769594762504e-10
0.6,-0.4219835286793411,1.0127946085927632e-9
0.6,-0.4099835286793406,1.0376458366951513e-9
0.6,-0.39798352867934017,1.0547763494135989e-9
0.6,-0.3859835286793405,1.0685330408852972e-9
0.6,-0.3739835286793407,1.0810277152855537e-9
0.6,-0.36198352867934025,1.0932977035710965e-9
0.6,-0.3499835286793398,1.1058439227777265e-9
0.6,-0.33798352867934,1.1189352691358877e-9
0.6,-0.32598352867934033,1.1327410836431464e-9
0.6,-0.3139835286793399,1.147348748102052e-9
0.6,-0.3019835286793394,1.1628503593773674e-9
0.6,-0.28998352867933963,1.1793068210689937e-9
0.6,-0.27798352867933995,1.1967911590830295e-9
0.6,-0.2659835286793395,1.2153653792250918e-9
0.6,-0.25398352867933904,1.2351265912560981e-9
0.6,-0.24198352867933925,1.2561388638912216e-9
0.6,-0.22998352867933947,1.2785162139519006e-9
0.6,-0.217983528679339,1.3023174801345453e-9
0.6,-0.20598352867933856,1.3276761852107151e-9
0.6,-0.19398352867933877,1.3547047340991147e-9
0.6,-0.1819835286793392,1.3835107960198236e-9
0.6,-0.16998352867933875,1.4142426674543632e-9
0.6,-0.1579835286793383,1.4470432481194564e-9
0.6,-0.1459835286793385,1.482058361920915e-9
0.6,-0.13398352867933871,1.519467049061501e-9
0.6,-0.12198352867933826,1.559453193787086e-9
0.6,-0.1099835286793378,1.6022082944743978e-9
0.6,-0.09798352867933802,1.6479573871233594e-9
0.6,-0.08598352867933823,1.6969247028406853e-9
0.6,-0.07398352867933777,1.7493385385291552e-9
0.6,-0.06198352867933732,1.8054950653929892e-9
0.6,-0.04998352867933775,1.865646896272933e-9
0.6,-0.03798352867933796,1.9300854299310206e-9
0.6,-0.02598352867933751,1.9991362179101558e-9
0.6,-0.013983528679337054,2.0730948904343707e-9
0.6,-0.0019835286793372653,2.152276505830365e-9
0.6,0.010016471320662523,2.237022748409147e-9
0.6,0.022016471320662978,2.327604683125197e-9
0.6,0.03401647132066343,2.4243366726184487e-9
0.6,0.04601647132066322,2.5274308471811394e-9
0.6,0.05801647132066301,2.6370880098239198e-9
0.6,0.07001647132066346,2.753388643235425e-9
0.6,0.08201647132066392,2.8763177021813844e-9
0.6,0.09401647132066349,3.0056423619621954e-9
0.6,0.10601647132066327,3.140954536647521e-9
0.6,0.11801647132066373,3.281535992746591e-9
0.6,0.13001647132066418,3.4262868396327435e-9
0.6,0.14201647132066397,3.573640433464876e-9
0.6,0.15401647132066376,3.7214026735403695e-9
0.6,0.16601647132066422,3.866712529020607e-9
0.6,0.17801647132066467,4.005749774825705e-9
0.6,0.19001647132066446,4.133741634518525e-9
0.6,0.20201647132066403,4.244742278885488e-9
0.6,0.21401647132066448,4.3316286480129925e-9
0.6,0.22601647132066494,4.386039123708621e-9
0.6,0.23801647132066472,4.398758807497221e-9
0.6,0.2500164713206645,4.36013268575287e-9
0.6,0.26201647132066497,4.260947040453965e-9
0.6,0.2740164713206654,4.093718782916285e-9
0.6,0.2860164713206652,3.85441999893656e-9
0.6,0.298016471320665,3.5441922683134738e-9
0.6,0.31001647132066545,3.1710338106468397e-9
0.6,0.3220164713206659,2.7503801229993034e-9
0.6,0.3340164713206655,2.304383859297915e-9
0.6,0.34601647132066526,1.8592744499640196e-9
0.6,0.3580164713206657,1.4412439560435305e-9
0.6,0.3700164713206662,1.0719391131506657e-9
0.6,0.38201647132066596,7.649401449866821e-10
0.6,0.39401647132066575,5.244289307569285e-10
0.6,0.4060164713206662,3.463202941707966e-10
0.6,0.41801647132066666,2.211170817237941e-10
0.6,0.43001647132066645,1.3707694864425094e-10
0.6,0.442016471320666,8.289804922380768e-11
0.6,0.45401647132066647,4.911588120911638e-11
0.6,0.4660164713206669,2.8625935485031225e-11
0.6,0.4780164713206667,1.6467455618152217e-11
0.6,0.4900164713206665,9.375728914982762e-12
0.6,0.502016471320667,5.302086252785592e-12
0.6,0.5140164713206674,2.9706005998346457e-12
0.6,0.5260164713206672,1.6546076598922217e-12
0.6,0.538016471320667,9.25077509605829e-13
0.6,0.5500164713206674,5.180415129056713e-13
0.6,0.5620164713206679,2.8372604739524913e-13
0.6,0.5740164713206675,1.6004899237126817e-13
0.6,0.5860164713206673,8.452571867290704e-14
0.6,0.5980164713206677,5.221129569157481e-14
0.6,0.6100164713206682,2.962849572177333e-14
0.6,0.622016471320668,9.290648410101942e-15
0.6,0.6340164713206677,1.3564144092463196e-14
0.6,0.6460164713206682,7.555815766724999e-15
0.6,0.6580164713206686,2.578173373363986e-15
0.6,0.6700164713206684,5.3709007798605085e-15
0.6,0.682016471320668,6.658134525973581e-15
0.6,0.6940164713206685,2.846643589820888e-15
0.6,0.7060164713206689,-5.883256827125787e-15
0.6,0.7180164713206687,5.903548722041367e-15
0.6,0.7300164713206685,1.1887649150394338e-14
0.6,0.742016471320669,3.656691246203077e-15
0.6,0.7540164713206694,2.0247360491340573e-15
0.6,0.7660164713206692,-1.5175464208193285e-15
0.6,0.778016471320669,-3.646294559908639e-15
0.6,0.7900164713206694,-1.130194033111534e-15
0.6,0.7979835286793311,-4.917919974861888e-15
0.6,0.7859835286793313,-3.5325601851297936e-15
0.6,0.7739835286793316,-5.336023462196073e-15
0.6,0.7619835286793318,2.2156727374413015e-15
0.6,0.7499835286793322,-3.134755243083145e-15
0.6,0.7379835286793324,-2.0141797411255814e-15
0.6,0.7259835286793326,2.7745531581193965e-15
0.6,0.7139835286793329,2.1520316090045117e-16
0.6,0.7019835286793331,-3.669128428193774e-16
0.6,0.6899835286793334,2.0156775237735135e-15
0.6,0.6779835286793336,2.8048440159346483e-16
0.6,0.6659835286793339,5.092115018247607e-15
0.6,0.6539835286793342,-3.63344103107042e-15
0.6,0.6419835286793344,-1.6929333052648525e-16
0.6,0.6299835286793347,2.2377816582197716e-15
0.6,0.6179835286793349,-1.3982971197844654e-15
0.6,0.6059835286793351,-1.3300336156355363e-15
0.6,0.5939835286793355,5.399949249453656e-15
0.6,0.5819835286793357,-3.3454184997826524e-15
0.6,0.569983528679336,-1.07067646199772e-15
0.6,0.5579835286793362,6.1313566679697285e-15
0.6,0.5459835286793364,4.308878470187298e-16
0.6,0.5339835286793366,-2.645988606834068e-15
0.6,0.521983528679337,6.528420699589352e-15
0.6,0.5099835286793373,6.867160331253713e-16
0.6,0.4979835286793375,-3.769760531176564e-15
0.6,0.4859835286793377,-7.074196187269197e-15
0.6,0.47398352867933796,8.402177335345492e-15
0.6,0.46198352867933823,2.6672834575833672e-15
0.6,0.4499835286793385,7.989614047361346e-15
0.6,0.43798352867933876,-1.3628765563867623e-14
0.6,0.425983528679339,-2.5824991185141314e-15
0.6,0.41398352867933924,-6.662325922990838e-15
0.6,0.4019835286793395,1.949317507234022e-15
0.6,0.3899835286793405,1.0974090882826226e-15
0.6,0.37798352867934004,6.368422666248955e-15
0.6,0.3659835286793396,-1.8173663178735837e-15
0.6,0.3539835286793405,-6.5382188047910475e-15
0.6,0.3419835286793415,6.950692970922486e-15
0.6,0.32998352867934105,-7.193333753189481e-15
0.6,0.3179835286793406,6.274945601504398e-15
0.6,0.30598352867934153,-8.054452337648723e-16
0.6,0.2939835286793425,-6.0210368648010756e-15
0.6,0.28198352867934207,-6.447294355302061e-15
0.6,0.2699835286793416,3.940501097675808e-15
0.6,0.2579835286793426,4.6984495964442944e-15
0.6,0.2459835286793436,-3.757836798235019e-15
0.6,0.23398352867934313,-2.0563411244008018e-15
0.6,0.22198352867934268,-2.6023174694132785e-15
0.6,0.20998352867934356,-7.773624749266562e-16
0.6,0.19798352867934454,5.864732741344444e-15
0.6,0.1859835286793441,1.1542728172448069e-14
0.6,0.17398352867934364,-5.644206199976902e-16
0.6,0.16198352867934462,-5.827137865828284e-15
0.6,0.1499835286793456,-2.221230229201543e-15
0.6,0.13798352867934516,-3.907166788330579e-15
0.6,0.1259835286793447,-1.2488740170528287e-15
0.6,0.11398352867934558,-2.60454818116506e-15
0.6,0.10198352867934657,-3.851891161152757e-15
0.6,0.08998352867934611,-2.6091479413928123e-17
0.6,0.07798352867934566,7.174644725542673e-16
0.6,0.06598352867934665,-7.882659598982898e-16
0.6,0.05398352867934764,-2.7683837830915645e-16
0.6,0.04198352867934718,3.078946213791794e-15
0.6,0.03148764650950964,6.083187655434671e-15
0.6,0.020991764339673535,4.783329734591039e-15
0.6,0.010495882169837545,4.555602384523957e-15
0.6,0.0,-2.592860852633941e-15
0.6,-0.010495882169837545,-1.6359929014926087e-15
0.6,-0.022041352556657068,6.528342650790453e-15
0.6,-0.03404135255665608,4.2938434447732346e-15
0.6,-0.046041352556656534,-2.945511873843901e-15
0.6,-0.05804135255665699,1.3404489247738219e-16
0.6,-0.070041352556656,-4.914059792344108e-15
0.6,-0.08204135255665501,-2.7972486880971815e-16
0.6,-0.09404135255665547,-3.681219764202978e-15
0.6,-0.10604135255665592,-4.6009168130358985e-15
0.6,-0.11804135255665504,6.2551378920650324e-15
0.6,-0.13004135255665406,-2.374125101503863e-15
0.6,-0.1420413525566545,1.6084269743704438e-15
0.6,-0.15404135255665496,2.552264128682405e-15
0.6,-0.16604135255665398,-9.607118169327274e-16
0.6,-0.178041352556653,1.0868275068147787e-15
0.6,-0.19004135255665344,-1.2981425517232601e-15
0.6,-0.202041352556654,2.8719449423835935e-15
0.6,-0.2140413525566529,-2.5837494877245117e-15
0.6,-0.22604135255665203,-4.350038226296613e-15
0.6,-0.23804135255665249,4.0316024610150244e-16
0.6,-0.25004135255665294,-7.0923943790069425e-15
0.6,-0.26204135255665184,7.788623859030787e-15
0.6,-0.27404135255665096,-6.336691223883266e-15
0.6,-0.2860413525566514,-1.0359377488795917e-14
0.6,-0.2980413525566519,-1.814848553331814e-14
0.6,-0.310041352556651,-3.007055574993813e-14
0.6,-0.3220413525566499,-6.858341105262546e-14
0.6,-0.33404135255665035,-1.4279397007815652e-13
0.6,-0.3460413525566508,-2.8474487477357263e-13
0.6,-0.35804135255664993,-6.048933637880663e-13
0.6,-0.37004135255664883,-1.2575432639656667e-12
0.6,-0.3820413525566493,-2.643070475465163e-12
0.6,-0.39404135255664974,-5.504044894499171e-12
0.6,-0.40604135255664886,-1.1511499511499456e-11
0.6,-0.418041352556648,-2.407962314096522e-11
0.6,-0.43004135255664844,-5.039242110661564e-11
0.6,-0.4420413525566489,-1.0551121885095905e-10
0.6,-0.4540413525566478,-2.2096465104037304e-10
0.6,-0.4660413525566469,-4.6291809065381427e-10
0.6,-0.47804135255664737,-9.701125547113315e-10
0.6,-0.4900413525566478,-2.0336376648505846e-9
0.6,-0.502041352556647,-4.264217308272841e-9
0.6,-0.5140413525566458,-8.943425603393154e-9
0.6,-0.5260413525566463,-1.8760582364530423e-8
0.6,-0.5380413525566468,-3.935862770773679e-8
0.6,-0.5500413525566459,-8.257440814564419e-8
0.6,-0.5620413525566448,-1.7322305536126983e-7
0.6,-0.5740413525566452,-3.6327522483489766e-7
0.6,-0.5860413525566457,-7.61391223644364e-7
0.6,-0.5980413525566448,-1.5941452870049318e-6
0.6,-0.6100413525566439,-3.3319671291949376e-6
0.6,-0.6220413525566444,-6.945095633534617e-6
0.6,-0.6340413525566448,-1.4414019355630103e-5
0.6,-0.6460413525566437,-2.971781164998824e-5
0.6,-0.6580413525566429,-6.0661421141391767e-5
0.6,-0.6700413525566433,-0.00012201780244079026
0.6,-0.6820413525566438,-0.00024034373810563842
0.6,-0.6940413525566427,-0.00046009314848152126
0.6,-0.7060413525566418,-0.0008491335875084523
0.6,-0.7180413525566423,-0.0015006503447009606
0.6,-0.7300413525566427,-0.0025304889358631283
0.6,-0.7420413525566418,-0.004074718079733146
0.6,-0.7540413525566407,-0.0062956283517743815
0.6,-0.7660413525566412,-0.009400283729582976
0.6,-0.7780413525566416,-0.013669271445830548
0.6,-0.7900413525566408,-0.01949216993246805
0.6,-0.8020413525566397,-0.027409861262182547
0.6,-0.8140413525566401,-0.038167494312317106
0.6,-0.8260413525566406,-0.05278392579643683
0.6,-0.8380413525566397,-0.07264475650943363
0.6,-0.8500413525566388,-0.09962760752525723
0.6,-0.8620413525566393,-0.13626973554770594
0.6,-0.8740413525566397,-0.18598766461748342
0.6,-0.8860413525566386,-0.25335408778825863
0.6,-0.8980413525566378,-0.3444279818701498
0.6,-0.9100413525566382,-0.46711784318797894
0.6,-0.9220413525566387,-0.6315281594134592
0.6,-0.9340413525566376,-0.8501850626735777
0.6,-0.9460413525566367,-1.1379510447986805
0.6,-0.9580413525566371,-1.5113247852411429
0.6,-0.9700413525566376,-1.9867113696268266
0.6,-0.9820413525566367,-2.577220400421181
0.6,-0.9940413525566356,-3.2877493389040113
0.6,-1.006041352556636,-4.108714378326135
0.6,-1.0180413525566365,-5.009873844634931
0.6,-1.0300413525566356,-5.9370148249387285
0.6,-1.0420413525566345,-6.815156335864159
0.6,-1.054041352556635,-7.56120771608581
0.6,-1.0660413525566355,-8.105434482761934
0.6,-1.0780413525566346,-8.414630047372249
0.6,-1.0900413525566337,-8.504394763831339
0.6,-1.1020413525566342,-8.430807782800166
0.6,-1.1140413525566346,-8.26531254653048
0.6,-1.1260413525566335,-8.069109989367893
0.6,-1.1380413525566326,-7.88081875440565
0.6,-1.150041352556633,-7.717976113095162
0.6,-1.1620413525566335,-7.584605509754002
0.6,-1.1740413525566324,-7.478265253379853
0.6,-1.1860413525566316,-7.394390418961379
0.6,-1.198041352556632,-7.328349408509054
0.6,-1.1899586474433674,-7.155393315492927
0.6,-1.1779586474433685,-7.013136423439537
0.6,-1.1659586474433694,-6.882658095880956
0.6,-1.153958647443369,-6.740046181566186
0.6,-1.1419586474433685,-6.572444370304655
0.6,-1.1299586474433696,-6.369499532070638
0.6,-1.1179586474433705,-6.122542542616443
0.6,-1.10595864744337,-5.825202447294184
0.6,-1.0939586474433696,-5.47455586076347
0.6,-1.0819586474433704,-5.072283454502823
0.6,-1.0699586474433715,-4.625319984433228
0.6,-1.057958647443371,-4.145602898479478
0.6,-1.0459586474433706,-3.6488139950320133
0.6,-1.0339586474433715,-3.1523633704962517
0.6,-1.0219586474433724,-2.673118151309698
0.6,-1.009958647443372,-2.2254232663509166
0.6,-0.9979586474433716,-1.8198074815479561
0.6,-0.9859586474433726,-1.4625133230946457
0.6,-0.9739586474433736,-1.1557517661630126
0.6,-0.9619586474433731,-0.8984394659987065
0.6,-0.9499586474433726,-0.687144716388115
0.6,-0.9379586474433736,-0.5170184522692628
0.6,-0.9259586474433745,-0.38257212693568204
0.6,-0.9139586474433741,-0.27824711678613573
0.6,-0.9019586474433736,-0.198780588341967
0.6,-0.8899586474433746,-0.13940644051254156
0.6,-0.8779586474433756,-0.09594144509887281
0.6,-0.8659586474433751,-0.06480288265619262
0.6,-0.8539586474433747,-0.042991372823617174
0.6,-0.8419586474433756,-0.028057317679927266
0.6,-0.8299586474433767,-0.018056934501241337
0.6,-0.8179586474433762,-0.011497819368284123
0.6,-0.8059586474433758,-0.007274344017291573
0.6,-0.7939586474433766,-0.004596686452711054
0.6,-0.7819586474433776,-0.002920027060714413
0.6,-0.7699586474433772,-0.0018804525475521986
0.6,-0.7579586474433767,-0.0012418904139189797
0.6,-0.7459586474433777,-0.0008555642991148806
0.6,-0.7339586474433786,-0.0006312175704103367
0.6,-0.7219586474433781,-0.0005165280259275142
0.6,-0.7099586474433777,-0.0004652455604502692
0.6,-0.6979586474433787,-0.00038182952855269264
0.6,-0.6859586474433796,-0.0002448574832340121
0.6,-0.6739586474433792,-0.00013423331225691416
0.6,-0.6619586474433787,-6.901379267558481e-5
0.6,-0.6499586474433797,-3.450587399770166e-5
0.6,-0.6379586474433807,-1.699341178323854e-5
0.6,-0.6259586474433803,-8.289132041842458e-6
0.6,-0.6139586474433798,-4.017090115341281e-6
0.6,-0.6019586474433808,-1.9378497679811933e-6
0.6,-0.5899586474433817,-9.316498000547154e-7
0.6,-0.5779586474433812,-4.466582583137032e-7
0.6,-0.5659586474433808,-2.135419134041935e-7
0.6,-0.5539586474433817,-1.0171160077330231e-7
0.6,-0.5419586474433827,-4.8138161334221505e-8
0.6,-0.5299586474433823,-2.249730712311287e-8
0.6,-0.5179586474433818,-1.0232399443699674e-8
0.6,-0.5059586474433828,-4.366901784272193e-9
0.6,-0.4939586474433837,-1.561002527676104e-9
0.6,-0.48195864744338324,-2.1718012122465644e-10
0.6,-0.4699586474433828,4.283301168653719e-10
0.6,-0.45795864744338377,7.404855006223638e-10
0.6,-0.44595864744338476,8.936689425380102e-10
0.6,-0.4339586474433843,9.71193510350325e-10
0.6,-0.42195864744338385,1.0128706672306286e-9
0.6,-0.40995864744338484,1.0376906348249e-9
0.6,-0.3979586474433858,1.054812643542066e-9
0.6,-0.38595864744338537,1.0685532402395947e-9
0.6,-0.3739586474433849,1.0810510523015374e-9
0.6,-0.3619586474433858,1.0933230559373799e-9
0.6,-0.3499586474433868,1.1058695187332117e-9
0.6,-0.33795864744338633,1.1189585081748092e-9
0.6,-0.3259586474433859,1.1327741908680027e-9
0.6,-0.31395864744338686,1.1473840006770211e-9
0.6,-0.30195864744338785,1.1628855661329584e-9
0.6,-0.2899586474433874,1.1793393570666985e-9
0.6,-0.27795864744338694,1.1968191609788582e-9
0.6,-0.26595864744338793,1.21541014066183e-9
0.6,-0.2539586474433888,1.235166770328043e-9
0.6,-0.24195864744338835,1.2561864874934186e-9
0.6,-0.2299586474433879,1.2785562236041468e-9
0.6,-0.2179586474433889,1.3023636306223222e-9
0.6,-0.20595864744338988,1.3277383870768761e-9
0.6,-0.19395864744338942,1.3547631355973044e-9
0.6,-0.18195864744338897,1.3835668691165168e-9
0.6,-0.16995864744338984,1.4143111063613185e-9
0.6,-0.15795864744339094,1.4471168598341353e-9
0.6,-0.1459586474433905,1.4821321546225363e-9
0.6,-0.13395864744339003,1.519542018617207e-9
0.6,-0.12195864744339091,1.5595352571431712e-9
0.6,-0.10995864744339201,1.6022988902749999e-9
0.6,-0.09795864744339156,1.6480545367777017e-9
0.6,-0.0859586474433911,1.6970234753398222e-9
0.6,-0.07395864744339198,1.7494563355503776e-9
0.6,-0.061958647443392856,1.8056251269778283e-9
0.6,-0.0499586474433924,1.865775480786066e-9
0.6,-0.037958647443391946,1.9302366251699214e-9
0.6,-0.025958647443393046,1.9992835538301705e-9
0.6,-0.013958647443393923,2.073255011668814e-9
0.6,-0.0019586474433934686,2.1524486693034804e-9
0.6,0.010041352556606986,2.2372011616608603e-9
0.6,0.02204135255660744,2.327803188605166e-9
0.6,0.034041352556607896,2.424536103536523e-9
0.6,0.04604135255660835,2.5276562559200936e-9
0.6,0.058041352556608805,2.6373257504229535e-9
0.6,0.07004135255660926,2.753643901281301e-9
0.6,0.08204135255660971,2.8765702491329962e-9
0.6,0.09404135255661017,3.005911095145833e-9
0.6,0.10604135255661062,3.1412494123934927e-9
0.6,0.11804135255661108,3.2818401794581416e-9
0.6,0.13004135255661153,3.4265894048270196e-9
0.6,0.142041352556612,3.573950842718259e-9
0.6,0.15404135255661244,3.7217132828474937e-9
0.6,0.1660413525566129,3.867004236022579e-9
0.6,0.17804135255661335,4.006026378179883e-9
0.6,0.1900413525566138,4.133996230785251e-9
0.6,0.20204135255661426,4.244949116084491e-9
0.6,0.21404135255661472,4.331770041694671e-9
0.6,0.22604135255661517,4.3861147507150725e-9
0.6,0.23804135255661563,4.398735573309468e-9
0.6,0.2500413525566161,4.359987490544632e-9
0.6,0.26204135255661654,4.260673177595018e-9
0.6,0.274041352556617,4.093299305938194e-9
0.6,0.28604135255661745,3.853847941849285e-9
0.6,0.2980413525566179,3.543485632446072e-9
0.6,0.31004135255661835,3.1702040584750673e-9
0.6,0.3220413525566188,2.7494792675794765e-9
0.6,0.33404135255661926,2.3034565879105696e-9
0.6,0.3460413525566197,1.8583794983922051e-9
0.6,0.3580413525566202,1.440421546633935e-9
0.6,0.37004135255662063,1.0712345955322927e-9
0.6,0.3820413525566211,7.643731439891622e-10
0.6,0.39404135255662154,5.239918756531778e-10
0.6,0.406041352556622,3.4601024390371394e-10
0.6,0.41804135255662245,2.2089698697387146e-10
0.6,0.4300413525566229,1.369333864526943e-10
0.6,0.44204135255662336,8.28080618102629e-11
0.6,0.4540413525566238,4.906768237592668e-11
0.6,0.46604135255662427,2.8592127917780114e-11
0.6,0.4780413525566247,1.6456168570516022e-11
0.6,0.4900413525566252,9.367593708751005e-12
0.6,0.5020413525566256,5.301138848088754e-12
0.6,0.5140413525566261,2.9757237652431267e-12
0.6,0.5260413525566265,1.6719360336276899e-12
0.6,0.538041352556627,9.186177355023318e-13
0.6,0.5500413525566274,5.16553042888102e-13
0.6,0.5620413525566279,2.7358280951398764e-13
0.6,0.5740413525566284,1.5731160843124797e-13
0.6,0.5860413525566288,8.164003962269988e-14
0.6,0.5980413525566293,4.063221636180966e-14
0.6,0.6100413525566297,2.9523197347901665e-14
0.6,0.6220413525566302,2.5043852330067958e-14
0.6,0.6340413525566306,7.028408733530482e-15
0.6,0.6460413525566311,1.0463202023258488e-14
0.6,0.6580413525566315,-3.96191300405646e-15
0.6,0.670041352556632,4.631342018618694e-15
0.6,0.6820413525566325,-8.601768174302748e-16
0.6,0.6940413525566329,-1.387154202546229e-15
0.6,0.7060413525566334,-3.8886613251495217e-16
0.6,0.7180413525566338,-2.2409089112074658e-15
0.6,0.7300413525566343,-2.3285385050368884e-15
0.6,0.7420413525566347,2.5361596401833844e-15
0.6,0.7540413525566352,-3.963514540739359e-15
0.6,0.7660413525566356,9.844680324884805e-15
0.6,0.7780413525566361,-1.3912099210882865e-15
0.6,0.7900413525566365,4.419830107160951e-15
0.6,0.7979586474433632,-3.2326591470588817e-15
0.6,0.7859586474433627,6.32826586417708e-15
0.6,0.7739586474433623,-5.420390124440822e-16
0.6,0.7619586474433618,3.4852616466596354e-15
0.6,0.7499586474433614,-2.300772328576781e-16
0.6,0.7379586474433609,-5.794737342919535e-15
0.6,0.7259586474433605,2.2049594683120735e-15
0.6,0.71395864744336,-2.7569202928136316e-15
0.6,0.7019586474433596,6.797098423872624e-15
0.6,0.6899586474433591,-1.4528145443990698e-15
0.6,0.6779586474433587,-2.609266329436762e-15
0.6,0.6659586474433582,-2.708177179177116e-15
0.6,0.6539586474433577,7.784000153981038e-16
0.6,0.6419586474433573,4.844918369498661e-15
0.6,0.6299586474433568,-2.7239531132523728e-15
0.6,0.6179586474433564,-3.4239310403749647e-15
0.6,0.6059586474433559,1.3376741692660582e-15
0.6,0.5939586474433555,2.012429224371098e-16
0.6,0.581958647443355,7.683123297849527e-15
0.6,0.5699586474433546,-3.1640125507231924e-15
0.6,0.5579586474433541,5.644087814368584e-15
0.6,0.5459586474433535,-3.6287973729562915e-16
0.6,0.5339586474433531,-5.566450532092623e-15
0.6,0.5219586474433526,-4.657283187801399e-15
0.6,0.5099586474433522,-3.1889507640721782e-15
0.6,0.4979586474433518,-1.217761108402802e-15
0.6,0.4859586474433513,-4.29185881620803e-15
0.6,0.47395864744335087,-3.1815177187551523e-15
0.6,0.4619586474433504,-5.50291448763732e-16
0.6,0.44995864744334996,-9.741892000186028e-16
0.6,0.4379586474433495,1.4118117480100185e-15
0.6,0.42595864744334905,2.6452796210908388e-15
0.6,0.4139586474433486,-4.50473017164101e-15
0.6,0.40195864744334814,-4.8759168827148304e-15
0.6,0.3899586474433477,5.615107184195708e-15
0.6,0.37795864744334723,2.62195358570186e-15
0.6,0.3659586474433468,-4.290476759336265e-15
0.6,0.3539586474433463,-2.0931910990719124e-15
0.6,0.34195864744334586,2.8848836026869397e-15
0.6,0.3299586474433454,6.406346096615115e-16
0.6,0.31795864744334495,8.647544986642575e-15
0.6,0.3059586474433445,4.3004810426309275e-15
0.6,0.2939586474433441,5.571413433634827e-15
0.6,0.28195864744334365,-3.0377771447078398e-15
0.6,0.2699586474433432,2.992412689041075e-16
0.6,0.25795864744334274,-1.210390581380368e-15
0.6,0.24595864744334228,-5.1654491681481685e-15
0.6,0.23395864744334183,2.0248703973887277e-15
0.6,0.22195864744334137,-2.8556914736607613e-15
0.6,0.20995864744334092,8.231831833261334e-16
0.6,0.19795864744334035,-7.555022971364685e-17
0.6,0.1859586474433399,2.0372237784088345e-15
0.6,0.17395864744333944,-2.0064779992992156e-15
0.6,0.161958647443339,-5.450154230636283e-15
0.6,0.14995864744333853,8.965515188956899e-15
0.6,0.13795864744333808,6.0765718771880956e-15
0.6,0.12595864744333762,4.541393921283531e-15
0.6,0.11395864744333717,-9.136351528167935e-15
0.6,0.10195864744333671,-4.439499477866731e-15
0.6,0.08995864744333626,-3.293377870228188e-15
0.6,0.0779586474433358,-4.887120987905348e-16
0.6,0.06595864744333535,-6.757181054189134e-16
0.6,0.053958647443334895,-3.7249959854834734e-16
0.6,0.04195864744333444,-4.3219980332670745e-15
0.6,0.031468985582500886,8.553842806277522e-16
0.6,0.02097932372166722,3.4890256578744125e-15
0.6,0.010489661860833666,1.1733758095812355e-15
0.6,0.0,4.199528841678503e-15
1.0,-0.0012000000000000899,1.379315452145916e-15
1.0,-0.0025199999999998557,-1.896285167920869e-15
1.0,-0.003972000000000309,3.368640313951962e-15
1.0,-0.005569200000000052,-5.179410489980715e-15
1.0,-0.0073261199999997695,4.1202393659234494e-15
1.0,-0.009258731999999936,1.8645897724703726e-15
1.0,-0.011384605199999953,-8.849409112689701e-17
1.0,-0.013723065720000038,-2.0123302289829994e-15
1.0,-0.016295372292000065,4.645012018501868e-15
1.0,-0.01912490952120005,3.2738846571088376e-15
1.0,-0.022237400473320124,2.959907979985761e-15
1.0,-0.025661140520652048,-2.224210514071636e-15
1.0,-0.02942725457271711,-1.4521119493894042e-15
1.0,-0.0335699800299889,-3.193720073863958e-15
1.0,-0.038126978032988035,-2.271431354717496e-15
1.0,-0.04313967583628653,2.686121125561512e-15
1.0,-0.04865364341991518,5.263210858086361e-15
1.0,-0.05471900776190708,4.532842060396847e-16
1.0,-0.06139090853809748,-1.9861586095363594e-15
1.0,-0.06872999939190727,-1.6219446625111827e-15
1.0,-0.07680299933109824,2.0115999927750077e-15
1.0,-0.08568329926420759,3.879834133213151e-15
1.0,-0.09545162919062877,-1.8990398039496856e-15
1.0,-0.10619679210969157,5.0483046902460895e-15
1.0,-0.11801647132066084,4.625005325872739e-15
1.0,-0.13001647132066052,6.514746449695428e-15
1.0,-0.14201647132066064,-2.6918139707770575e-15
1.0,-0.15401647132066076,2.2908159322164766e-16
1.0,-0.16601647132066044,7.996556256464857e-16
1.0,-0.17801647132066056,-2.9747951200688035e-15
1.0,-0.19001647132066068,-4.7734005801680515e-15
1.0,-0.2020164713206607,1.898054367709761e-15
1.0,-0.21401647132066093,-9.230584134182177e-17
1.0,-0.22601647132066072,-1.3058123692311746e-15
1.0,-0.23801647132066073,1.087488606247781e-15
1.0,-0.25001647132066074,4.5758675295912616e-15
1.0,-0.2620164713206605,-3.14584694851311e-15
1.0,-0.27401647132066076,-1.1656933431167633e-14
1.0,-0.28601647132066077,-1.7597941350371745e-14
1.0,-0.2980164713206608,-4.09403518788472e-14
1.0,-0.310016471320661,-8.715930867263871e-14
1.0,-0.3220164713206608,-1.819802941519944e-13
1.0,-0.3340164713206608,-3.808425017761823e-13
1.0,-0.3460164713206608,-7.982856799716973e-13
1.0,-0.3580164713206606,-1.6723559780842932e-12
1.0,-0.37001647132066084,-3.4787497388139244e-12
1.0,-0.38201647132066086,-7.2601976120812575e-12
1.0,-0.39401647132066087,-1.518818355966436e-11
1.0,-0.4060164713206611,-3.175243230669077e-11
1.0,-0.4180164713206609,-6.642048362759331e-11
1.0,-0.43001647132066134,-1.3900132323312724e-10
1.0,-0.44201647132066113,-2.9100229790943597e-10
1.0,-0.4540164713206607,-6.094332843954075e-10
1.0,-0.46601647132066115,-1.276740787857514e-9
1.0,-0.47801647132066094,-2.6755505118156076e-9
1.0,-0.49001647132066073,-5.608471212423401e-9
1.0,-0.5020164713206612,-1.1759275227333351e-8
1.0,-0.514016471320661,-2.4660390854215412e-8
1.0,-0.5260164713206608,-5.172176853575805e-8
1.0,-0.5380164713206612,-1.0848233606462722e-7
1.0,-0.5500164713206608,-2.2750773129457488e-7
1.0,-0.5620164713206606,-4.769733471759892e-7
1.0,-0.574016471320661,-9.99346552351983e-7
1.0,-0.5860164713206615,-2.0914830227666853e-6
1.0,-0.5980164713206613,-4.36910333339472e-6
1.0,-0.6100164713206611,-9.100167526682697e-6
1.0,-0.6220164713206615,-1.8866923926381673e-5
1.0,-0.6340164713206613,-3.883927458210056e-5
1.0,-0.6460164713206609,-7.910401481667814e-5
1.0,-0.6580164713206613,-0.00015860118507399684
1.0,-0.6700164713206611,-0.0003109856512568433
1.0,-0.6820164713206609,-0.0005916991331270684
1.0,-0.6940164713206614,-0.0010836958383800806
1.0,-0.7060164713206611,-0.0018984286673615438
1.0,-0.7180164713206609,-0.003172105672504227
1.0,-0.7300164713206614,-0.005064017278815759
1.0,-0.742016471320661,-0.007766028944987126
1.0,-0.7540164713206607,-0.011526209078925936
1.0,-0.7660164713206612,-0.016682968494633053
1.0,-0.7780164713206617,-0.023706299010300164
1.0,-0.7900164713206614,-0.033247148765779
1.0,-0.8020164713206612,-0.04619970748748436
1.0,-0.814016471320661,-0.06378336890514534
1.0,-0.8260164713206606,-0.08765288119427314
1.0,-0.838016471320661,-0.12004812162825905
1.0,-0.8500164713206608,-0.16399891981551482
1.0,-0.8620164713206606,-0.22360219919564486
1.0,-0.8740164713206611,-0.30438317290611655
1.0,-0.8860164713206609,-0.413738914632811
1.0,-0.8980164713206606,-0.5614460473612272
1.0,-0.9100164713206602,-0.7601895911287546
1.0,-0.92201647132066,-1.0260190202531319
1.0,-0.9340164713206605,-1.3785456467272654
1.0,-0.9460164713206602,-1.8405625277480029
1.0,-0.95801647132066,-2.4366171234706324
1.0,-0.9700164713206605,-3.1899629089624213
1.0,-0.9820164713206603,-4.117381001207113
1.0,-0.9940164713206598,-5.221768512417497
1.0,-1.0060164713206596,-6.483311585419402
1.0,-1.0180164713206594,-7.851457715926242
1.0,-1.0300164713206599,-9.24140902261262
1.0,-1.0420164713206597,-10.53984566940667
1.0,-1.0540164713206595,-11.623845526023597
1.0,-1.06601647132066,-12.392498617168972
1.0,-1.0780164713206595,-12.801430700968428
1.0,-1.0900164713206593,-12.881121366914535
1.0,-1.102016471320659,-12.723052290414522
1.0,-1.1140164713206588,-12.439335339549807
1.0,-1.1260164713206593,-12.122565874889489
1.0,-1.138016471320659,-11.828158741548084
1.0,-1.1500164713206587,-11.578834172910963
1.0,-1.162016471320659,-11.377637748291429
1.0,-1.174016471320659,-11.219019446290966
1.0,-1.1860164713206587,-11.095151885414579
1.0,-1.1980164713206585,-10.998652252459529
1.0,-1.1899835286793419,-10.734790103105311
1.0,-1.1779835286793414,-10.516289597610147
1.0,-1.1659835286793416,-10.317344632099328
1.0,-1.1539835286793418,-10.101769483685889
1.0,-1.1419835286793414,-9.85015783755515
1.0,-1.1299835286793416,-9.547251122693092
1.0,-1.117983528679342,-9.180705658536382
1.0,-1.1059835286793422,-8.741809351959139
1.0,-1.0939835286793425,-8.226820235231711
1.0,-1.081983528679342,-7.638249254988931
1.0,-1.0699835286793422,-6.985525221775248
1.0,-1.0579835286793424,-6.284644766986764
1.0,-1.045983528679342,-5.5566931305356375
1.0,-1.0339835286793422,-4.825454819654079
1.0,-1.0219835286793426,-4.114603200297488
1.0,-1.0099835286793428,-3.445066970499534
1.0,-0.997983528679343,-2.8330851265673207
1.0,-0.9859835286793426,-2.289228201733619
1.0,-0.9739835286793429,-1.8183853173401525
1.0,-0.9619835286793431,-1.4204974471667304
1.0,-0.9499835286793427,-1.0917143726797736
1.0,-0.937983528679343,-0.8256640706304188
1.0,-0.9259835286793432,-0.6146070293131938
1.0,-0.9139835286793434,-0.4503537116124987
1.0,-0.9019835286793436,-0.3249140260667987
1.0,-0.8899835286793432,-0.23090651522995645
1.0,-0.8779835286793435,-0.16178148933998496
1.0,-0.8659835286793438,-0.11191465326508372
1.0,-0.8539835286793434,-0.07661664449393199
1.0,-0.8419835286793436,-0.05208907670382057
1.0,-0.8299835286793438,-0.035345900131104634
1.0,-0.817983528679344,-0.024112900745963204
1.0,-0.8059835286793443,-0.01671726246217244
1.0,-0.7939835286793439,-0.011981513666264439
1.0,-0.7819835286793434,-0.009142995579469295
1.0,-0.7699835286793437,-0.007832678906050482
1.0,-0.7579835286793439,-0.007868371228769903
1.0,-0.7459835286793435,-0.00719731288467813
1.0,-0.733983528679343,-0.005169793843445719
1.0,-0.7219835286793432,-0.003349260936163178
1.0,-0.7099835286793434,-0.002052982516895219
1.0,-0.6979835286793431,-0.0011987916069355676
1.0,-0.6859835286793426,-0.0006688634117810659
1.0,-0.6739835286793429,-0.0003585540847169535
1.0,-0.6619835286793431,-0.00018603972934284606
1.0,-0.6499835286793426,-9.414935942036091e-5
1.0,-0.6379835286793422,-4.678627043219621e-5
1.0,-0.6259835286793425,-2.295246860929938e-5
1.0,-0.6139835286793427,-1.1160072922332135e-5
1.0,-0.6019835286793422,-5.393173102846956e-6
1.0,-0.5899835286793418,-2.5952990223479997e-6
1.0,-0.577983528679342,-1.245173648015442e-6
1.0,-0.5659835286793423,-5.960314965721354e-7
1.0,-0.5539835286793419,-2.846875161483256e-7
1.0,-0.5419835286793414,-1.3560499096716265e-7
1.0,-0.5299835286793416,-6.429653847284135e-8
1.0,-0.5179835286793419,-3.02120064322192e-8
1.0,-0.5059835286793415,-1.3926032555009377e-8
1.0,-0.49398352867934103,-6.144882651407941e-9
1.0,-0.48198352867934124,-2.4258994868316113e-9
1.0,-0.46998352867934146,-6.465647329922974e-10
1.0,-0.457983528679341,2.0684027235159158e-10
1.0,-0.44598352867934055,6.183644415686652e-10
1.0,-0.43398352867934087,8.191419085614357e-10
1.0,-0.4219835286793411,9.195411171456664e-10
1.0,-0.4099835286793406,9.722875163527306e-10
1.0,-0.39798352867934017,1.0025576907384088e-9
1.0,-0.3859835286793405,1.022411405999491e-9
1.0,-0.3739835286793407,1.037615831189852e-9
1.0,-0.36198352867934025,1.0509569221882728e-9
1.0,-0.3499835286793398,1.0637801944164087e-9
1.0,-0.33798352867934,1.076754488959388e-9
1.0,-0.32598352867934033,1.090224744471959e-9
1.0,-0.3139835286793399,1.1043813538455745e-9
1.0,-0.3019835286793394,1.1193491526268738e-9
1.0,-0.28998352867933963,1.1352145861637508e-9
1.0,-0.27798352867933995,1.152069879306227e-9
1.0,-0.2659835286793395,1.1699636154099208e-9
1.0,-0.25398352867933904,1.1889980006392672e-9
1.0,-0.24198352867933925,1.209237761312489e-9
1.0,-0.22998352867933947,1.230780736647876e-9
1.0,-0.217983528679339,1.25370535857637e-9
1.0,-0.20598352867933856,1.278129926468298e-9
1.0,-0.19398352867933877,1.3041539752832652e-9
1.0,-0.1819835286793392,1.3318998278048066e-9
1.0,-0.16998352867933875,1.3614955040748883e-9
1.0,-0.1579835286793383,1.3930746870293748e-9
1.0,-0.1459835286793385,1.426813497136046e-9
1.0,-0.13398352867933871,1.4628440844107903e-9
1.0,-0.12198352867933826,1.5013690021456112e-9
1.0,-0.1099835286793378,1.5425761920787992e-9
1.0,-0.09798352867933802,1.5866658224584735e-9
1.0,-0.08598352867933823,1.6338674141119114e-9
1.0,-0.07398352867933777,1.6844219334442061e-9
1.0,-0.06198352867933732,1.7385794203024498e-9
1.0,-0.04998352867933775,1.7966356843147014e-9
1.0,-0.03798352867933796,1.8588625608749943e-9
1.0,-0.02598352867933751,1.92556791108417e-9
1.0,-0.013983528679337054,1.997084034246516e-9
1.0,-0.0019835286793372653,2.073739238351021e-9
1.0,0.010016471320662523,2.1558535392690898e-9
1.0,0.022016471320662978,2.243780595483765e-9
1.0,0.03401647132066343,2.3378347914459407e-9
1.0,0.04601647132066322,2.438319319807739e-9
1.0,0.05801647132066301,2.545512108304354e-9
1.0,0.07001647132066346,2.659632110643393e-9
1.0,0.08201647132066392,2.7808101285956363e-9
1.0,0.09401647132066349,2.9090817681023425e-9
1.0,0.10601647132066327,3.044328081224719e-9
1.0,0.11801647132066373,3.186235904289162e-9
1.0,0.13001647132066418,3.3342593834914505e-9
1.0,0.14201647132066397,3.4875191193630963e-9
1.0,0.15401647132066376,3.6447721108223024e-9
1.0,0.16601647132066422,3.804226200702949e-9
1.0,0.17801647132066467,3.963538060996893e-9
1.0,0.19001647132066446,4.119598253532299e-9
1.0,0.20201647132066403,4.26842501234434e-9
1.0,0.21401647132066448,4.405043036759661e-9
1.0,0.22601647132066494,4.523350764708906e-9
1.0,0.23801647132066472,4.616060835014108e-9
1.0,0.2500164713206645,4.674779375875695e-9
1.0,0.26201647132066497,4.690219829177472e-9
1.0,0.2740164713206654,4.652637574952582e-9
1.0,0.2860164713206652,4.55272418250717e-9
1.0,0.298016471320665,4.382827321671541e-9
1.0,0.31001647132066545,4.1385383765927375e-9
1.0,0.3220164713206659,3.820471588856472e-9
1.0,0.3340164713206655,3.4358705585272186e-9
1.0,0.34601647132066526,2.999447228734453e-9
1.0,0.3580164713206657,2.532886256521763e-9
1.0,0.3700164713206662,2.0625128025531048e-9
1.0,0.38201647132066596,1.61545843644759e-9
1.0,0.39401647132066575,1.2151459242112418e-9
1.0,0.4060164713206662,8.774212517086608e-10
1.0,0.41801647132066666,6.087332350117243e-10
1.0,0.43001647132066645,4.066507755852704e-10
1.0,0.442016471320666,2.6242419109179643e-10
1.0,0.45401647132066647,1.642651877548756e-10
1.0,0.4660164713206669,1.0017120264700603e-10
1.0,0.4780164713206667,5.977354665404415e-11
1.0,0.4900164713206665,3.50459061035304e-11
1.0,0.502016471320667,2.0261032274923556e-11
1.0,0.5140164713206674,1.1585077033238051e-11
1.0,0.5260164713206672,6.563982571825663e-12
1.0,0.538016471320667,3.693708405950705e-12
1.0,0.5500164713206674,2.0744855588710906e-12
1.0,0.5620164713206679,1.149878146160905e-12
1.0,0.5740164713206675,6.346557966577271e-13
1.0,0.5860164713206673,3.552407766367678e-13
1.0,0.5980164713206677,1.96680669299087e-13
1.0,0.6100164713206682,1.0621165812293669e-13
1.0,0.622016471320668,6.276688802265177e-14
1.0,0.6340164713206677,3.7274071365413215e-14
1.0,0.6460164713206682,2.1169476472376e-14
1.0,0.6580164713206686,9.09015171860863e-15
1.0,0.6700164713206684,3.0525660852303842e-15
1.0,0.682016471320668,3.5204276128017525e-16
1.0,0.6940164713206685,3.460209037755011e-15
1.0,0.7060164713206689,-3.5448364154294865e-16
1.0,0.7180164713206687,-2.249999364905254e-17
1.0,0.7300164713206685,-1.0801692911477884e-15
1.0,0.742016471320669,-4.656753776593021e-16
1.0,0.7540164713206694,3.351063118338816e-15
1.0,0.7660164713206692,-9.16746044676528e-16
1.0,0.778016471320669,1.2627990057072863e-15
1.0,0.7900164713206694,-2.2450544170169486e-15
1.0,0.7979835286793311,-1.5080835208395896e-15
1.0,0.7859835286793313,-5.251078172166523e-16
1.0,0.7739835286793316,2.63165458792747e-16
1.0,0.7619835286793318,-6.220698868425474e-15
1.0,0.7499835286793322,3.0730096207194986e-15
1.0,0.7379835286793324,2.2628156445241113e-15
1.0,0.7259835286793326,1.1776395561398111e-15
1.0,0.7139835286793329,1.6501055023290887e-15
1.0,0.7019835286793331,2.7445476241438663e-15
1.0,0.6899835286793334,2.2824983170698403e-15
1.0,0.6779835286793336,7.624398514423786e-16
1.0,0.6659835286793339,-1.211586413101761e-15
1.0,0.6539835286793342,4.808853201314227e-16
1.0,0.6419835286793344,-7.218953014727822e-17
1.0,0.6299835286793347,-2.756213302096742e-15
1.0,0.6179835286793349,-7.837877096591368e-15
1.0,0.6059835286793351,1.7235620288649013e-15
1.0,0.5939835286793355,-1.5679668912732821e-15
1.0,0.5819835286793357,1.9267190810410284e-16
1.0,0.569983528679336,-3.0521517341398917e-15
1.0,0.5579835286793362,1.920937453180229e-15
1.0,0.5459835286793364,-4.036351203384649e-15
1.0,0.5339835286793366,3.5091323907321882e-15
1.0,0.521983528679337,-8.578430166929006e-16
1.0,0.5099835286793373,-3.166475378954901e-15
1.0,0.4979835286793375,4.401149060228412e-15
1.0,0.4859835286793377,5.7927174647281195e-15
1.0,0.47398352867933796,-3.191966282067074e-15
1.0,0.46198352867933823,-1.7434921147568461e-15
1.0,0.4499835286793385,-3.084976584488649e-15
1.0,0.43798352867933876,3.1923593503597866e-15
1.0,0.425983528679339,4.347803524096362e-15
1.0,0.41398352867933924,-1.3455707823717822e-15
1.0,0.4019835286793395,7.550763743330088e-15
1.0,0.3899835286793405,-2.162117032828705e-15
1.0,0.37798352867934004,4.513393633682501e-15
1.0,0.3659835286793396,2.7896074695390674e-15
1.0,0.3539835286793405,2.432464798264522e-15
1.0,0.3419835286793415,5.5376754148415586e-15
1.0,0.32998352867934105,-6.256644985891324e-15
1.0,0.3179835286793406,7.073394753939264e-15
1.0,0.30598352867934153,-2.2568105471648426e-15
1.0,0.2939835286793425,-1.7171957876531526e-15
1.0,0.28198352867934207,-3.6929645879330534e-15
1.0,0.2699835286793416,1.6677549947825627e-15
1.0,0.2579835286793426,-7.217722602143929e-16
1.0,0.2459835286793436,8.808052479101225e-16
1.0,0.23398352867934313,6.869242063055692e-16
1.0,0.22198352867934268,4.699541674191612e-15
1.0,0.20998352867934356,-3.631624670409131e-15
1.0,0.19798352867934454,3.1425288146869165e-15
1.0,0.1859835286793441,-2.20344040274458e-15
1.0,0.17398352867934364,6.070808207487114e-15
1.0,0.16198352867934462,3.9717969060466655e-15
1.0,0.1499835286793456,-3.6239781310297906e-15
1.0,0.13798352867934516,3.941335785544722e-15
1.0,0.1259835286793447,9.030385404415198e-16
1.0,0.11398352867934558,-1.3189824807519565e-15
1.0,0.10198352867934657,-1.7596365087148213e-15
1.0,0.08998352867934611,5.3127387028571825e-18
1.0,0.07798352867934566,1.8616985548034893e-15
1.0,0.06598352867934665,-6.664500767185329e-16
1.0,0.05398352867934764,-4.729946262026001e-15
1.0,0.04198352867934718,4.197631530040759e-15
1.0,0.03148764650950964,-8.851538227585071e-16
1.0,0.020991764339673535,3.0694628662534497e-16
1.0,0.010495882169837545,-3.0689245605424907e-15
1.0,0.0,-1.717044046396672e-15
1.0,-0.010495882169837545,-2.5972857945076325e-15
1.0,-0.022041352556657068,9.338498036237312e-16
1.0,-0.03404135255665608,-3.1237779331859836e-15
1.0,-0.046041352556656534,9.374948563694963e-16
1.0,-0.05804135255665699,-1.99520538945638e-15
1.0,-0.070041352556656,2.8535645160352823e-15
1.0,-0.08204135255665501,-2.355682156708733e-15
1.0,-0.09404135255665547,4.260279679541363e-15
1.0,-0.10604135255665592,2.977502036247632e-15
1.0,-0.11804135255665504,1.8391892499456305e-15
1.0,-0.13004135255665406,-3.26492066578888e-15
1.0,-0.1420413525566545,1.4905464284891782e-16
1.0,-0.15404135255665496,1.4445900419037328e-15
1.0,-0.16604135255665398,1.0181430007619417e-15
1.0,-0.178041352556653,-1.2129977340031449e-16
1.0,-0.19004135255665344,-1.1657231391371695e-15
1.0,-0.202041352556654,8.366306373025699e-16
1.0,-0.2140413525566529,-2.4907965138390097e-15
1.0,-0.22604135255665203,3.314700654619128e-15
1.0,-0.23804135255665249,-5.786156352145676e-16
1.0,-0.25004135255665294,-2.049744097005769e-15
1.0,-0.26204135255665184,-1.8571872495523457e-15
1.0,-0.27404135255665096,-9.18295770769245e-15
1.0,-0.2860413525566514,-2.6149896946445975e-14
1.0,-0.2980413525566519,-4.173885224321212e-14
1.0,-0.310041352556651,-8.601306668374139e-14
1.0,-0.3220413525566499,-1.8369017594531552e-13
1.0,-0.33404135255665035,-3.837963625244267e-13
1.0,-0.3460413525566508,-7.93031439297541e-13
1.0,-0.35804135255664993,-1.6724071002246659e-12
1.0,-0.37004135255664883,-3.4805060645047823e-12
1.0,-0.3820413525566493,-7.279375717407822e-12
1.0,-0.39404135255664974,-1.5210703149483628e-11
1.0,-0.40604135255664886,-3.1802694264257445e-11
1.0,-0.418041352556648,-6.652067977641422e-11
1.0,-0.43004135255664844,-1.3921888456358032e-10
1.0,-0.4420413525566489,-2.914531311579572e-10
1.0,-0.4540413525566478,-6.103698937124086e-10
1.0,-0.4660413525566469,-1.2786989405707736e-9
1.0,-0.47804135255664737,-2.6796546615460676e-9
1.0,-0.4900413525566478,-5.6170872575426585e-9
1.0,-0.502041352556647,-1.177734422033738e-8
1.0,-0.5140413525566458,-2.4698283756357896e-8
1.0,-0.5260413525566463,-5.1801271502049245e-8
1.0,-0.5380413525566468,-1.0864907219741097e-7
1.0,-0.5500413525566459,-2.2785730029295508e-7
1.0,-0.5620413525566448,-4.777057728464273e-7
1.0,-0.5740413525566452,-1.0008793698608174e-6
1.0,-0.5860413525566457,-2.0946847732668524e-6
1.0,-0.5980413525566448,-4.375770724268288e-6
1.0,-0.6100413525566439,-9.113985256829126e-6
1.0,-0.6220413525566444,-1.889534821645902e-5
1.0,-0.6340413525566448,-3.889708821906227e-5
1.0,-0.6460413525566437,-7.921963779696788e-5
1.0,-0.6580413525566429,-0.0001588268340427179
1.0,-0.6700413525566433,-0.0003114112853379441
1.0,-0.6820413525566438,-0.0005924669300765729
1.0,-0.6940413525566427,-0.0010850081098876141
1.0,-0.7060413525566418,-0.0019005438438676463
1.0,-0.7180413525566423,-0.003175329312268096
1.0,-0.7300413525566427,-0.005068707673052586
1.0,-0.7420413525566418,-0.0077726319667494595
1.0,-0.7540413525566407,-0.011535319812983199
1.0,-0.7660413525566412,-0.016695409884414914
1.0,-0.7780413525566416,-0.023723214664423592
1.0,-0.7900413525566408,-0.03327011667047366
1.0,-0.8020413525566397,-0.04623088699820598
1.0,-0.8140413525566401,-0.06382569663827158
1.0,-0.8260413525566406,-0.08771033595860783
1.0,-0.8380413525566397,-0.12012608617855494
1.0,-0.8500413525566388,-0.16410467499854473
1.0,-0.8620413525566393,-0.22374558379199008
1.0,-0.8740413525566397,-0.3045774214522883
1.0,-0.8860413525566386,-0.41400165323109994
1.0,-0.8980413525566378,-0.5618003894823522
1.0,-0.9100413525566382,-0.7606652038121395
1.0,-0.9220413525566387,-1.0266528857215576
1.0,-0.9340413525566376,-1.379382008215507
1.0,-0.9460413525566367,-1.8416512003816496
1.0,-0.9580413525566371,-2.438009054775293
1.0,-0.9700413525566376,-3.191701781489654
1.0,-0.9820413525566367,-4.119490091672843
1.0,-0.9940413525566356,-5.224233353310958
1.0,-1.006041352556636,-6.4860614580513
1.0,-1.0180413525566365,-7.85435217980391
1.0,-1.0300413525566356,-9.244238555556384
1.0,-1.0420413525566345,-10.542356310659788
1.0,-1.054041352556635,-11.625792770919881
1.0,-1.0660413525566355,-12.39372133599374
1.0,-1.0780413525566346,-12.801913302327925
1.0,-1.0900413525566337,-12.881001167969604
1.0,-1.1020413525566342,-12.722556475867137
1.0,-1.1140413525566346,-12.438686880823061
1.0,-1.1260413525566335,-12.121919632129659
1.0,-1.1380413525566326,-11.82759161761697
1.0,-1.150041352556633,-11.578368245070596
1.0,-1.1620413525566335,-11.377267409308217
1.0,-1.1740413525566324,-11.21872939187621
1.0,-1.1860413525566316,-11.094925835310285
1.0,-1.198041352556632,-10.998476124785192
1.0,-1.1899586474433674,-10.734181419173524
1.0,-1.1779586474433685,-10.515856327295822
1.0,-1.1659586474433694,-10.316912654526815
1.0,-1.153958647443369,-10.101284738650332
1.0,-1.1419586474433685,-9.849583610000801
1.0,-1.1299586474433696,-9.54655793672224
1.0,-1.1179586474433705,-9.179870841930436
1.0,-1.10595864744337,-8.740819238612469
1.0,-1.0939586474433696,-8.225673015317904
1.0,-1.0819586474433704,-7.6369571298004075
1.0,-1.0699586474433715,-6.984114802788411
1.0,-1.057958647443371,-6.283155146355059
1.0,-1.0459586474433706,-5.555171730044657
1.0,-1.0339586474433715,-4.823951792671462
1.0,-1.0219586474433724,-4.1131655802177525
1.0,-1.009958647443372,-3.4437337796891523
1.0,-0.9979586474433716,-2.831884298677613
1.0,-0.9859586474433726,-2.288175599503205
1.0,-0.9739586474433736,-1.817485582527275
1.0,-0.9619586474433731,-1.4197460768067316
1.0,-0.9499586474433726,-1.0911003305455187
1.0,-0.9379586474433736,-0.8251723596484359
1.0,-0.9259586474433745,-0.6142208631517075
1.0,-0.9139586474433741,-0.45005613660554467
1.0,-0.9019586474433736,-0.3246890019188587
1.0,-0.8899586474433746,-0.23073954962519738
1.0,-0.8779586474433756,-0.1616599478319991
1.0,-0.8659586474433751,-0.11182785291071345
1.0,-0.8539586474433747,-0.07655580986075256
1.0,-0.8419586474433756,-0.052047207635332285
1.0,-0.8299586474433767,-0.03531758198448239
1.0,-0.8179586474433762,-0.024094081324379964
1.0,-0.8059586474433758,-0.016705021917705582
1.0,-0.7939586474433766,-0.011973861767014031
1.0,-0.7819586474433776,-0.009138753530736593
1.0,-0.7699586474433772,-0.007831501019528557
1.0,-0.7579586474433767,-0.007868932056038199
1.0,-0.7459586474433777,-0.007193806323101199
1.0,-0.7339586474433786,-0.005165528642781271
1.0,-0.7219586474433781,-0.003346039017575181
1.0,-0.7099586474433777,-0.002050795099346716
1.0,-0.6979586474433787,-0.0011973968223920725
1.0,-0.6859586474433796,-0.0006680253591818783
1.0,-0.6739586474433792,-0.00035807774517304766
1.0,-0.6619586474433787,-0.00018578151872215213
1.0,-0.6499586474433797,-9.401452159799235e-5
1.0,-0.6379586474433807,-4.6717783107377833e-5
1.0,-0.6259586474433803,-2.2918362729437114e-5
1.0,-0.6139586474433798,-1.1143319977124596e-5
1.0,-0.6019586474433808,-5.385020809618236e-6
1.0,-0.5899586474433817,-2.591357118489731e-6
1.0,-0.5779586474433812,-1.243275789220989e-6
1.0,-0.5659586474433808,-5.951203949459427e-7
1.0,-0.5539586474433817,-2.8425098708222784e-7
1.0,-0.5419586474433827,-1.3539610582790127e-7
1.0,-0.5299586474433823,-6.419666890743315e-8
1.0,-0.5179586474433818,-3.0164278836631026e-8
1.0,-0.5059586474433828,-1.3903232767055906e-8
1.0,-0.4939586474433837,-6.13398433756204e-9
1.0,-0.48195864744338324,-2.4206813138500665e-9
1.0,-0.4699586474433828,-6.440659045108118e-10
1.0,-0.45795864744338377,2.0803870795277092e-10
1.0,-0.44595864744338476,6.189427170283264e-10
1.0,-0.4339586474433843,8.194256429291065e-10
1.0,-0.42195864744338385,9.19696864736512e-10
1.0,-0.40995864744338484,9.723632160195964e-10
1.0,-0.3979586474433858,1.0026096623469813e-9
1.0,-0.38595864744338537,1.0224524619260488e-9
1.0,-0.3739586474433849,1.037648028896859e-9
1.0,-0.3619586474433858,1.050980854161151e-9
1.0,-0.3499586474433868,1.0638063091992652e-9
1.0,-0.33795864744338633,1.0767815349659681e-9
1.0,-0.3259586474433859,1.0902494348289718e-9
1.0,-0.31395864744338686,1.1044160480575636e-9
1.0,-0.30195864744338785,1.119379839637223e-9
1.0,-0.2899586474433874,1.1352521985497556e-9
1.0,-0.27795864744338694,1.1521044993846274e-9
1.0,-0.26595864744338793,1.1700044276202458e-9
1.0,-0.2539586474433888,1.1890328024215775e-9
1.0,-0.24195864744338835,1.2092791641433228e-9
1.0,-0.2299586474433879,1.2308156748447944e-9
1.0,-0.2179586474433889,1.253753808229619e-9
1.0,-0.20595864744338988,1.2781777160037914e-9
1.0,-0.19395864744338942,1.3042072323564461e-9
1.0,-0.18195864744338897,1.3319572887394152e-9
1.0,-0.16995864744338984,1.3615603881172016e-9
1.0,-0.15795864744339094,1.3931477425845163e-9
1.0,-0.1459586474433905,1.4268850047854047e-9
1.0,-0.13395864744339003,1.4629278455846023e-9
1.0,-0.12195864744339091,1.5014584895498388e-9
1.0,-0.10995864744339201,1.5426607952132793e-9
1.0,-0.09795864744339156,1.5867592938799702e-9
1.0,-0.0859586474433911,1.6339668327938385e-9
1.0,-0.07395864744339198,1.684531164854871e-9
1.0,-0.061958647443392856,1.7387042280390176e-9
1.0,-0.0499586474433924,1.796763365826539e-9
1.0,-0.037958647443391946,1.8589964196666322e-9
1.0,-0.025958647443393046,1.925718576033537e-9
1.0,-0.013958647443393923,1.9972368163621456e-9
1.0,-0.0019586474433934686,2.0738952350499824e-9
1.0,0.010041352556606986,2.1560338576710154e-9
1.0,0.02204135255660744,2.2439668041306177e-9
1.0,0.034041352556607896,2.3380301308735275e-9
1.0,0.04604135255660835,2.4385435505273703e-9
1.0,0.058041352556608805,2.545746201241403e-9
1.0,0.07004135255660926,2.659878066464302e-9
1.0,0.08204135255660971,2.781065373370306e-9
1.0,0.09404135255661017,2.9093541850364117e-9
1.0,0.10604135255661062,3.044607631001279e-9
1.0,0.11804135255661108,3.186530233207474e-9
1.0,0.13004135255661153,3.3345678003221808e-9
1.0,0.142041352556612,3.4878459209851602e-9
1.0,0.15404135255661244,3.645093590128408e-9
1.0,0.1660413525566129,3.8045629158122204e-9
1.0,0.17804135255661335,3.963868083392946e-9
1.0,0.1900413525566138,4.119917819770296e-9
1.0,0.20204135255661426,4.2687258183889524e-9
1.0,0.21404135255661472,4.405304137665464e-9
1.0,0.22604135255661517,4.5235665478082655e-9
1.0,0.23804135255661563,4.616225883890812e-9
1.0,0.2500413525566161,4.674867028240834e-9
1.0,0.26204135255661654,4.690208500958106e-9
1.0,0.274041352556617,4.652504195619646e-9
1.0,0.28604135255661745,4.552449946617883e-9
1.0,0.2980413525566179,4.382406935837368e-9
1.0,0.31004135255661835,4.137954087097616e-9
1.0,0.3220413525566188,3.819734524184604e-9
1.0,0.33404135255661926,3.435003069829069e-9
1.0,0.3460413525566197,2.998509382723227e-9
1.0,0.3580413525566202,2.531906762790252e-9
1.0,0.37004135255662063,2.0615539658362696e-9
1.0,0.3820413525566211,1.6145671424589075e-9
1.0,0.39404135255662154,1.2143696474696676e-9
1.0,0.406041352556622,8.767975394878922e-10
1.0,0.41804135255662245,6.08246642846595e-10
1.0,0.4300413525566229,4.062888650616367e-10
1.0,0.44204135255662336,2.6217171722293103e-10
1.0,0.4540413525566238,1.6409630779900635e-10
1.0,0.46604135255662427,1.0006083716150844e-10
1.0,0.4780413525566247,5.97043270405414e-11
1.0,0.4900413525566252,3.5005338061699474e-11
1.0,0.5020413525566256,2.0239646700079263e-11
1.0,0.5140413525566261,1.1572071478256768e-11
1.0,0.5260413525566265,6.555248613694845e-12
1.0,0.538041352556627,3.69357348646496e-12
1.0,0.5500413525566274,2.0629361851197053e-12
1.0,0.5620413525566279,1.1538592982224174e-12
1.0,0.5740413525566284,6.374884540706367e-13
1.0,0.5860413525566288,3.419085973024907e-13
1.0,0.5980413525566293,1.953886395892978e-13
1.0,0.6100413525566297,1.0606899965034807e-13
1.0,0.6220413525566302,5.840127006381023e-14
1.0,0.6340413525566306,2.913966457183797e-14
1.0,0.6460413525566311,1.6311920063310446e-14
1.0,0.6580413525566315,8.593862914946257e-15
1.0,0.670041352556632,1.161902995386585e-14
1.0,0.6820413525566325,4.079650555554068e-15
1.0,0.6940413525566329,2.3999871248789224e-15
1.0,0.7060413525566334,-2.736084354385632e-15
1.0,0.7180413525566338,-4.045827405326118e-15
1.0,0.7300413525566343,2.0023145360606037e-15
1.0,0.7420413525566347,7.400476023680989e-16
1.0,0.7540413525566352,6.545807481282305e-15
1.0,0.7660413525566356,-8.302457736123185e-16
1.0,0.7780413525566361,-2.671642457150712e-15
1.0,0.7900413525566365,1.868600858448044e-15
1.0,0.7979586474433632,1.759527433919519e-15
1.0,0.7859586474433627,2.5933247878377583e-15
1.0,0.7739586474433623,-4.848509855324427e-15
1.0,0.7619586474433618,3.2712576430319004e-15
1.0,0.7499586474433614,6.258236546224707e-15
1.0,0.7379586474433609,2.7959251591019838e-15
1.0,0.7259586474433605,5.297119689501629e-15
1.0,0.71395864744336,2.5503633015749167e-15
1.0,0.7019586474433596,-1.8713549960247297e-15
1.0,0.6899586474433591,-6.432410972044693e-16
1.0,0.6779586474433587,6.737068733564843e-16
1.0,0.6659586474433582,4.629246985342112e-15
1.0,0.6539586474433577,-4.120023511824863e-15
1.0,0.6419586474433573,-4.2644039016092586e-16
1.0,0.6299586474433568,-1.1285419495098999e-15
1.0,0.6179586474433564,-2.6269903119869194e-15
1.0,0.6059586474433559,-5.444253552483136e-16
1.0,0.5939586474433555,3.3982359545615094e-15
1.0,0.581958647443355,-1.6976448029210348e-15
1.0,0.5699586474433546,2.9597048938365436e-15
1.0,0.5579586474433541,5.126478221569952e-15
1.0,0.5459586474433535,6.947247139799653e-15
1.0,0.5339586474433531,1.5676150587209446e-15
1.0,0.5219586474433526,3.464328605055753e-15
1.0,0.5099586474433522,3.5349465284211517e-16
1.0,0.4979586474433518,2.6700688543682398e-15
1.0,0.4859586474433513,-2.062155340898737e-15
1.0,0.47395864744335087,4.4706223629880564e-15
1.0,0.4619586474433504,4.006881066914332e-15
1.0,0.44995864744334996,6.4024386927299236e-15
1.0,0.4379586474433495,3.898952262260872e-15
1.0,0.42595864744334905,-3.8867977430599295e-15
1.0,0.4139586474433486,1.342396973126941e-15
1.0,0.40195864744334814,3.447050897914539e-15
1.0,0.3899586474433477,2.514047394066709e-15
1.0,0.37795864744334723,1.891971454946049e-15
1.0,0.3659586474433468,-1.748431737987804e-15
1.0,0.3539586474433463,-9.428162411100041e-16
1.0,0.34195864744334586,3.864763312469479e-15
1.0,0.3299586474433454,-3.286043258064012e-15
1.0,0.31795864744334495,-1.8168455524288474e-15
1.0,0.3059586474433445,-6.200518708624474e-15
1.0,0.2939586474433441,-3.4049467122953565e-15
1.0,0.28195864744334365,2.4280652281279582e-15
1.0,0.2699586474433432,-2.7498570373562907e-15
1.0,0.25795864744334274,2.1940918981986974e-15
1.0,0.24595864744334228,2.4123252089109593e-15
1.0,0.23395864744334183,7.651308054315354e-16
1.0,0.22195864744334137,-3.57040579923904e-15
1.0,0.20995864744334092,4.322292668163375e-15
1.0,0.19795864744334035,5.930687053287775e-16
1.0,0.1859586474433399,-1.5858810895136176e-15
1.0,0.17395864744333944,3.30668831581335e-15
1.0,0.161958647443339,3.5240962498959505e-15
1.0,0.14995864744333853,-2.878132939433247e-15
1.0,0.13795864744333808,3.652376142512713e-15
1.0,0.12595864744333762,-2.2621359225364924e-15
1.0,0.11395864744333717,2.3325343654818497e-15
1.0,0.10195864744333671,4.051379576295578e-15
1.0,0.08995864744333626,-6.034334673656553e-16
1.0,0.0779586474433358,4.330254460126531e-16
1.0,0.06595864744333535,-6.698440308238822e-16
1.0,0.053958647443334895,1.5559088101684037e-15
1.0,0.04195864744333444,-2.402195888692214e-15
1.0,0.031468985582500886,-7.384771494152203e-15
1.0,0.02097932372166722,8.156557187172435e-16
1.0,0.010489661860833666,-8.854009141445904e-16
1.0,0.0,2.1046830295877626e-15
