ScanRate,Voltage,Value
0.001,-0.0011999999999997568,-5.871959608933848e-16
0.001,-0.0025199999999999667,7.848594477256618e-15
0.001,-0.0039719999999997535,-6.758204501227798e-15
0.001,-0.00556919999999983,-5.28722740262064e-15
0.001,-0.0073261199999996585,2.031062562978661e-15
0.001,-0.009258732000000158,-2.7806969185157276e-15
0.001,-0.011384605199999842,-4.561089684164521e-15
0.001,-0.013723065719999816,1.5903092459323158e-15
0.001,-0.016295372292000065,1.2362629260066381e-15
0.001,-0.019124909521200162,-5.846189862557998e-15
0.001,-0.022237400473320124,1.132440098258154e-15
0.001,-0.02566114052065216,-1.3144520103268254e-15
0.001,-0.02942725457271711,1.142313222903136e-15
0.001,-0.03356998002998901,-2.7820937993767398e-16
0.001,-0.03812697803298759,1.1819240929571037e-16
0.001,-0.04313967583628664,8.166824647117442e-16
0.001,-0.04865364341991518,3.0941801997984718e-15
0.001,-0.05471900776190708,-5.206364408234208e-16
0.001,-0.061390908538097366,2.046079203698763e-15
0.001,-0.06872999939190727,-1.2007848745597007e-15
0.001,-0.07680299933109791,-1.2211189488302356e-15
0.001,-0.08568329926420759,-6.4499763208698026e-15
0.001,-0.09545162919062833,3.708737284540293e-16
0.001,-0.10619679210969157,-1.659930868221042e-15
0.001,-0.1180164713206604,-1.0630185215919482e-16
0.001,-0.1300164713206604,2.781817270665805e-15
0.001,-0.14201647132066042,5.795174972158105e-16
0.001,-0.15401647132066043,6.356185010841847e-16
0.001,-0.16601647132066044,-4.189239757352572e-15
0.001,-0.17801647132066045,-1.7527398582943983e-15
0.001,-0.19001647132066046,-2.4713579293579e-16
0.001,-0.20201647132066047,5.520573623915623e-15
0.001,-0.21401647132066048,6.551372954213495e-15
0.001,-0.2260164713206605,-6.689089143292435e-15
0.001,-0.2380164713206605,-6.798177199800686e-16
0.001,-0.2500164713206605,-1.7234320037761694e-15
0.001,-0.2620164713206605,-2.20459267111368e-15
0.001,-0.27401647132066054,-2.1463789757082988e-14
0.001,-0.2860164713206603,-1.9981082411498476e-14
0.001,-0.29801647132066034,-3.836568386208201e-14
0.001,-0.31001647132066035,-9.05903352253395e-14
0.001,-0.32201647132066036,-1.8574136262246643e-13
0.001,-0.33401647132066037,-3.8058408140176403e-13
0.001,-0.3460164713206604,-7.926874175211957e-13
0.001,-0.3580164713206604,-1.6546298462959104e-12
0.001,-0.3700164713206604,-3.475371865586362e-12
0.001,-0.3820164713206604,-7.2644893841033096e-12
0.001,-0.3940164713206604,-1.5184546675795035e-11
0.001,-0.40601647132066043,-3.1749496314582144e-11
0.001,-0.41801647132066044,-6.642360652095688e-11
0.001,-0.43001647132066045,-1.390092761215716e-10
0.001,-0.44201647132066046,-2.9101133553168385e-10
0.001,-0.4540164713206605,-6.094520788322796e-10
0.001,-0.4660164713206605,-1.2767732851942034e-9
0.001,-0.4780164713206605,-2.675617846186038e-9
0.001,-0.4900164713206605,-5.608602412439746e-9
0.001,-0.5020164713206605,-1.175956415431579e-8
0.001,-0.5140164713206605,-2.466099865471073e-8
0.001,-0.5260164713206605,-5.172304504979919e-8
0.001,-0.5380164713206605,-1.0848501727972493e-7
0.001,-0.5500164713206603,-2.275133352835168e-7
0.001,-0.5620164713206603,-4.769850117329075e-7
0.001,-0.5740164713206604,-9.99370641812792e-7
0.001,-0.5860164713206604,-2.0915318529551086e-6
0.001,-0.5980164713206604,-4.369198621332505e-6
0.001,-0.6100164713206604,-9.100337396067244e-6
0.001,-0.6220164713206604,-1.886715633104104e-5
0.001,-0.6340164713206604,-3.8839263976394385e-5
0.001,-0.6460164713206604,-7.910207436373158e-5
0.001,-0.6580164713206604,-0.00015859019478844328
0.001,-0.6700164713206604,-0.00031093993374328727
0.001,-0.6820164713206605,-0.0005915385943972109
0.001,-0.6940164713206605,-0.0010832069784341995
0.001,-0.7060164713206605,-0.0018971296491247529
0.001,-0.7180164713206605,-0.003169063385041402
0.001,-0.7300164713206605,-0.005057605845353228
0.001,-0.7420164713206605,-0.00775351658525808
0.001,-0.7540164713206605,-0.011502923411904906
0.001,-0.7660164713206605,-0.0166406461752761
0.001,-0.7780164713206605,-0.023629952220611844
0.001,-0.7900164713206606,-0.03310918021129443
0.001,-0.8020164713206603,-0.045948810735511755
0.001,-0.8140164713206604,-0.06332347642591023
0.001,-0.8260164713206604,-0.08680324655613265
0.001,-0.8380164713206604,-0.11846866249279282
0.001,-0.8500164713206604,-0.16105573568673073
0.001,-0.8620164713206604,-0.21814149336285535
0.001,-0.8740164713206604,-0.29438560280530557
0.001,-0.8860164713206604,-0.3958363450842637
0.001,-0.8980164713206604,-0.5302624993359555
0.001,-0.9100164713206604,-0.7073749085429947
0.001,-0.9220164713206604,-0.9387082123098273
0.001,-0.9340164713206605,-1.2368830750318356
0.001,-0.9460164713206605,-1.6138417577281072
0.001,-0.9580164713206605,-2.0782667211905994
0.001,-0.9700164713206605,-2.633080871604042
0.001,-0.9820164713206605,-3.2731214366647894
0.001,-0.9940164713206605,-3.983842490499649
0.001,-1.0060164713206605,-4.741971989081618
0.001,-1.0180164713206605,-5.518322426665792
0.001,-1.0300164713206605,-6.282062213591203
0.001,-1.0420164713206606,-7.005164652049242
0.001,-1.0540164713206603,-7.665794172980346
0.001,-1.0660164713206604,-8.249964463205252
0.001,-1.0780164713206604,-8.751505977667755
0.001,-1.0900164713206604,-9.170849700312273
0.001,-1.1020164713206604,-9.513257409886249
0.001,-1.1140164713206604,-9.78700443108749
0.001,-1.1260164713206604,-10.001811582189262
0.001,-1.1380164713206604,-10.167645112249584
0.001,-1.1500164713206604,-10.293895274813076
0.001,-1.1620164713206604,-10.388891362136512
0.001,-1.1740164713206604,-10.459687228937929
0.001,-1.1860164713206605,-10.512042170594846
0.001,-1.1980164713206605,-10.550524265194609
0.001,-1.1899835286793394,-10.518323397009638
0.001,-1.1779835286793394,-10.466453573952675
0.001,-1.1659835286793394,-10.39801196040451
0.001,-1.1539835286793394,-10.3062042353771
0.001,-1.1419835286793396,-10.184138167360317
0.001,-1.1299835286793396,-10.023717404935063
0.001,-1.1179835286793396,-9.815807182026315
0.001,-1.1059835286793396,-9.55070337754224
0.001,-1.0939835286793396,-9.218927541302842
0.001,-1.0819835286793396,-8.81237591077328
0.001,-1.0699835286793395,-8.325796678320314
0.001,-1.0579835286793395,-7.758470630287516
0.001,-1.0459835286793395,-7.115819709874941
0.001,-1.0339835286793395,-6.4105028190705315
0.001,-1.0219835286793395,-5.662474243952764
0.001,-1.0099835286793395,-4.8975964756421
0.001,-0.9979835286793395,-4.144772309596646
0.001,-0.9859835286793395,-3.4320987329117374
0.001,-0.9739835286793395,-2.7830009803550566
0.001,-0.9619835286793395,-2.2134048104749438
0.001,-0.9499835286793394,-1.7306439346095663
0.001,-0.9379835286793394,-1.3341479832221141
0.001,-0.9259835286793394,-1.0173244491188773
0.001,-0.9139835286793395,-0.7696845049535175
0.001,-0.9019835286793395,-0.5790202651353944
0.001,-0.8899835286793395,-0.4336075699501913
0.001,-0.8779835286793395,-0.3233806809457353
0.001,-0.8659835286793395,-0.2402091067953378
0.001,-0.8539835286793395,-0.17772066537512723
0.001,-0.8419835286793396,-0.13097065863872115
0.001,-0.8299835286793396,-0.0961329133825661
0.001,-0.8179835286793395,-0.07025841434441395
0.001,-0.8059835286793395,-0.051089606061662664
0.001,-0.7939835286793395,-0.03691312264379193
0.001,-0.7819835286793395,-0.02644077520569374
0.001,-0.7699835286793395,-0.018713547017502205
0.001,-0.7579835286793395,-0.013025012725214844
0.001,-0.7459835286793395,-0.008860520178263984
0.001,-0.7339835286793395,-0.005847959041406279
0.001,-0.7219835286793395,-0.0037161839702506147
0.001,-0.7099835286793394,-0.0022594445222859512
0.001,-0.6979835286793394,-0.0013103334167079731
0.001,-0.6859835286793395,-0.0007257935118809974
0.001,-0.6739835286793395,-0.00038603386920146323
0.001,-0.6619835286793395,-0.00019868489272875236
0.001,-0.6499835286793395,-9.975476405858412e-5
0.001,-0.6379835286793395,-4.920410225183136e-5
0.001,-0.6259835286793395,-2.397581240476821e-5
0.001,-0.6139835286793395,-1.1587889677874723e-5
0.001,-0.6019835286793395,-5.570796075040107e-6
0.001,-0.5899835286793395,-2.6689500634854862e-6
0.001,-0.5779835286793394,-1.2759260934777088e-6
0.001,-0.5659835286793394,-6.091668431724383e-7
0.001,-0.5539835286793395,-2.906107155648746e-7
0.001,-0.5419835286793395,-1.3858259480428576e-7
0.001,-0.5299835286793395,-6.607409074949997e-8
0.001,-0.5179835286793395,-3.150274759551679e-8
0.001,-0.5059835286793395,-1.5021298345892225e-8
0.001,-0.4939835286793395,-7.163754415487313e-9
0.001,-0.48198352867933947,-3.417210406264909e-9
0.001,-0.46998352867933946,-1.6305023996546373e-9
0.001,-0.45798352867933945,-7.782117067925053e-10
0.001,-0.44598352867933944,-3.715531828066871e-10
0.001,-0.43398352867933954,-1.7745898515727956e-10
0.001,-0.4219835286793395,-8.478862675119386e-11
0.001,-0.4099835286793395,-4.052644945242215e-11
0.001,-0.3979835286793395,-1.938086518952428e-11
0.001,-0.3859835286793395,-9.267097198982363e-12
0.001,-0.3739835286793395,-4.4391594083875136e-12
0.001,-0.3619835286793395,-2.1244411570436025e-12
0.001,-0.34998352867933946,-1.0118956028493224e-12
0.001,-0.33798352867933945,-4.860910590790831e-13
0.001,-0.32598352867933944,-2.372325318189723e-13
0.001,-0.31398352867933943,-1.1047664131880096e-13
0.001,-0.30198352867933953,-5.5696498810357887e-14
0.001,-0.2899835286793395,-2.5464974660968696e-14
0.001,-0.2779835286793395,-1.317154048687452e-14
0.001,-0.2659835286793395,-4.6349867117230274e-15
0.001,-0.2539835286793395,-5.21794405425208e-15
0.001,-0.24198352867933948,-4.6040141370155985e-15
0.001,-0.22998352867933947,-6.53431904980579e-15
0.001,-0.21798352867933946,3.4731410470876017e-15
0.001,-0.20598352867933944,-3.1968922709942875e-15
0.001,-0.19398352867933943,4.2985659160688765e-15
0.001,-0.18198352867933942,-9.03519732992661e-16
0.001,-0.1699835286793394,2.526129750924885e-15
0.001,-0.1579835286793394,-5.2627275546845786e-15
0.001,-0.1459835286793394,5.4564120621832115e-15
0.001,-0.13398352867933938,1.1228158575139565e-15
0.001,-0.12198352867933937,1.8127110206849404e-15
0.001,-0.10998352867933958,1.860639066484888e-16
0.001,-0.09798352867933957,6.453900028902195e-16
0.001,-0.08598352867933956,3.816574218816681e-15
0.001,-0.07398352867933955,-2.238220617517368e-15
0.001,-0.06198352867933954,-2.3329330869175856e-15
0.001,-0.04998352867933953,3.734174559989132e-15
0.001,-0.03798352867933952,-3.922478157103967e-15
0.001,-0.025983528679339507,2.969399910255774e-15
0.001,-0.013983528679339496,2.311184312429189e-16
0.001,-0.0019835286793394857,1.5135452395892945e-17
0.001,0.010016471320660525,-3.5517756316076862e-15
0.001,0.022016471320660536,1.843150525783309e-16
0.001,0.034016471320660546,-4.5662809227861884e-15
0.001,0.04601647132066056,7.128241398087897e-16
0.001,0.05801647132066057,4.6343468951899627e-17
0.001,0.07001647132066058,8.906445888521932e-16
0.001,0.08201647132066059,2.6805041158806478e-15
0.001,0.0940164713206606,4.1759648941414164e-15
0.001,0.10601647132066061,-2.4123568006842684e-15
0.001,0.11801647132066062,-3.381708468862989e-15
0.001,0.13001647132066063,-1.5104588895784827e-15
0.001,0.14201647132066042,-2.5746221255627722e-15
0.001,0.15401647132066043,5.89096122931234e-15
0.001,0.16601647132066044,-1.1985755906485482e-15
0.001,0.17801647132066045,-3.0803794826316682e-15
0.001,0.19001647132066046,4.421153968741726e-15
0.001,0.20201647132066047,-2.367696674441339e-15
0.001,0.21401647132066048,-2.1965271250746463e-15
0.001,0.2260164713206605,-1.5277296133149946e-15
0.001,0.2380164713206605,-6.1847547462124e-16
0.001,0.2500164713206605,-1.9966778986649242e-15
0.001,0.2620164713206605,-1.7982047433990792e-15
0.001,0.27401647132066054,3.023802274346713e-15
0.001,0.28601647132066055,-1.0919806238844686e-15
0.001,0.29801647132066056,-3.115832103361122e-15
0.001,0.31001647132066057,5.262094721580834e-15
0.001,0.3220164713206606,-4.0341031986594265e-18
0.001,0.3340164713206606,5.161946139329339e-15
0.001,0.3460164713206606,4.008824127254434e-15
0.001,0.3580164713206606,4.441404960624291e-15
0.001,0.3700164713206606,4.6643856835674704e-15
0.001,0.38201647132066063,7.97306527863956e-17
0.001,0.39401647132066064,-5.485924764411542e-16
0.001,0.40601647132066043,2.3837539415320363e-15
0.001,0.41801647132066044,-4.534755325769954e-15
0.001,0.43001647132066045,-5.153835367178525e-16
0.001,0.44201647132066046,2.5274083863879333e-16
0.001,0.4540164713206605,2.0103365187882557e-15
0.001,0.4660164713206605,8.406339800909192e-15
0.001,0.4780164713206605,-7.0246120674902635e-15
0.001,0.4900164713206605,-1.5541024257995455e-16
0.001,0.5020164713206605,3.2191052782810342e-15
0.001,0.5140164713206605,2.7216595505386e-15
0.001,0.5260164713206605,-2.9829285052893037e-15
0.001,0.5380164713206605,3.753348771207592e-16
0.001,0.5500164713206606,6.817571223322857e-17
0.001,0.5620164713206606,9.99177960320575e-17
0.001,0.5740164713206606,-1.3627430728336633e-15
0.001,0.5860164713206606,-2.1499581906241604e-15
0.001,0.5980164713206606,2.0271885683907127e-15
0.001,0.6100164713206606,4.725464220119456e-18
0.001,0.6220164713206606,-2.495995189577515e-15
0.001,0.6340164713206606,-6.882617022110207e-16
0.001,0.6460164713206606,3.237043752345786e-15
0.001,0.6580164713206604,-8.11138403929908e-16
0.001,0.6700164713206604,-5.138581528768533e-16
0.001,0.6820164713206605,-2.208859555801681e-15
0.001,0.6940164713206605,-3.703210963996268e-16
0.001,0.7060164713206605,1.7818036247937945e-15
0.001,0.7180164713206605,-6.122365981785893e-16
0.001,0.7300164713206605,2.2298810544125e-15
0.001,0.7420164713206605,3.256823527987479e-15
0.001,0.7540164713206605,-1.5034458484133893e-16
0.001,0.7660164713206605,-4.386119024511375e-15
0.001,0.7780164713206605,3.843401620300204e-15
0.001,0.7900164713206606,4.714774894792306e-15
0.001,0.7979835286793396,-1.2090524203646519e-15
0.001,0.7859835286793396,-9.373365649463927e-16
0.001,0.7739835286793396,-6.486978943538073e-15
0.001,0.7619835286793396,-2.5735935639267195e-15
0.001,0.7499835286793396,-1.388818922654915e-15
0.001,0.7379835286793396,3.601103026699827e-16
0.001,0.7259835286793396,-4.377195512414916e-15
0.001,0.7139835286793396,6.98331829412489e-16
0.001,0.7019835286793396,3.3226897153058465e-15
0.001,0.6899835286793395,-5.700512717044902e-16
0.001,0.6779835286793396,3.7870385709851764e-15
0.001,0.6659835286793396,-8.250826801921613e-16
0.001,0.6539835286793396,5.67749461835792e-15
0.001,0.6419835286793396,-2.914770750485204e-15
0.001,0.6299835286793396,-4.873398852096988e-15
0.001,0.6179835286793396,-1.0144589676620908e-14
0.001,0.6059835286793396,-4.2306106811605455e-15
0.001,0.5939835286793396,-3.784411798163318e-16
0.001,0.5819835286793396,3.644672072851797e-15
0.001,0.5699835286793395,-1.4686160844374498e-15
0.001,0.5579835286793395,-3.1713059273905568e-15
0.001,0.5459835286793395,-6.167677563652695e-15
0.001,0.5339835286793395,-2.058898062781757e-15
0.001,0.5219835286793395,-1.3234439042764508e-15
0.001,0.5099835286793396,3.572912855872415e-15
0.001,0.4979835286793396,9.119301281795686e-16
0.001,0.4859835286793396,-4.2852311947607427e-16
0.001,0.47398352867933957,-4.896216758710023e-15
0.001,0.46198352867933956,8.660414810021994e-15
0.001,0.4499835286793396,6.302222271219897e-15
0.001,0.4379835286793396,-1.299243275620495e-15
0.001,0.4259835286793396,5.174216384142804e-15
0.001,0.4139835286793396,8.346958905857959e-16
0.001,0.40198352867933956,-1.1030972701511187e-15
0.001,0.38998352867933955,-2.9618817332666876e-16
0.001,0.3779835286793396,-1.1980581506542851e-15
0.001,0.3659835286793396,-2.6857107726925817e-15
0.001,0.3539835286793396,-3.377090749216691e-15
0.001,0.34198352867933957,4.517064930270144e-16
0.001,0.32998352867933956,3.231984412962498e-15
0.001,0.3179835286793396,-6.667147825263255e-16
0.001,0.3059835286793396,2.6851364675060773e-15
0.001,0.2939835286793395,-1.79494247710639e-15
0.001,0.2819835286793396,5.113418182378573e-15
0.001,0.2699835286793396,-3.479176738545149e-15
0.001,0.2579835286793396,-2.9310149078546145e-16
0.001,0.2459835286793396,8.342679051925101e-16
0.001,0.23398352867933958,4.053316318281303e-15
0.001,0.22198352867933957,1.3794627695331754e-15
0.001,0.20998352867933956,-2.228878763830807e-15
0.001,0.19798352867933955,-5.0365391028275715e-15
0.001,0.18598352867933954,-4.569307747229348e-16
0.001,0.17398352867933953,6.689853996752197e-16
0.001,0.16198352867933963,-4.1043772703741855e-15
0.001,0.14998352867933962,-4.180471876307611e-15
0.001,0.1379835286793396,-1.9995061937527154e-15
0.001,0.1259835286793396,4.323769167850835e-15
0.001,0.11398352867933959,-1.1035046377560388e-15
0.001,0.10198352867933957,3.935050020219386e-15
0.001,0.08998352867933956,7.8331802312392265e-16
0.001,0.07798352867933955,1.058314434809618e-16
0.001,0.06598352867933954,-3.074897478572616e-15
0.001,0.05398352867933953,1.6736806138299549e-15
0.001,0.04198352867933952,3.5592854949801045e-16
0.001,0.03148764650950486,3.484585486653298e-15
0.001,0.02361573488212887,1.0937360818269397e-15
0.001,0.017711801161596652,-3.9316303508381224e-15
0.001,0.011807867441064435,4.0595597552154924e-15
0.001,0.005903933720532217,-3.8111998815553396e-15
0.001,0.0,-2.7750323892675774e-15
0.001,-0.005903933720532217,-2.4607250617545676e-15
0.001,-0.012398260813117234,2.5569296276338054e-15
0.001,-0.01954202061496102,-3.589985349052351e-15
0.001,-0.02740015639699045,1.1292025210513039e-14
0.001,-0.03604410575722061,-4.447781508286979e-16
0.001,-0.045552450053475635,4.594878236613746e-16
0.001,-0.05601162877935528,3.4956986476767796e-15
0.001,-0.0675167253778236,-1.121414753930552e-15
0.001,-0.07951672537782362,-4.740312354283408e-16
0.001,-0.09151672537782363,2.7390749313442833e-15
0.001,-0.10351672537782353,8.158671935997867e-16
0.001,-0.11551672537782354,-3.826554226327601e-15
0.001,-0.12751672537782355,5.8980301380340104e-15
0.001,-0.13951672537782356,-3.184886066896665e-15
0.001,-0.15151672537782357,2.9776200897118303e-15
0.001,-0.16351672537782358,-2.0932329998209883e-15
0.001,-0.1755167253778236,3.042057663780694e-15
0.001,-0.1875167253778236,-9.79942893370068e-16
0.001,-0.1995167253778236,5.590190918653202e-15
0.001,-0.21151672537782362,-4.911775873415205e-15
0.001,-0.22351672537782363,-3.8828012174438135e-15
0.001,-0.23551672537782364,-3.851302224026962e-15
0.001,-0.24751672537782365,-3.0760035231889194e-15
0.001,-0.25951672537782366,-8.830670193227995e-15
0.001,-0.2715167253778237,-1.2449878964119537e-14
0.001,-0.2835167253778237,-2.2433328980632732e-14
0.001,-0.2955167253778235,-3.971534494779603e-14
0.001,-0.3075167253778235,-7.583422919686695e-14
0.001,-0.3195167253778235,-1.623690868940747e-13
0.001,-0.3315167253778235,-3.326725857006525e-13
0.001,-0.3435167253778235,-6.875605550551411e-13
0.001,-0.35551672537782353,-1.4334850154197861e-12
0.001,-0.36751672537782354,-2.9851137754341294e-12
0.001,-0.37951672537782355,-6.22949804261819e-12
0.001,-0.39151672537782356,-1.3028858168774732e-11
0.001,-0.40351672537782357,-2.722592293194756e-11
0.001,-0.4155167253778236,-5.6954836055069046e-11
0.001,-0.4275167253778236,-1.1918362521923795e-10
0.001,-0.4395167253778236,-2.4949054801587506e-10
0.001,-0.4515167253778236,-5.224547031869434e-10
0.001,-0.4635167253778236,-1.0944522315870174e-9
0.001,-0.47551672537782363,-2.2933992792025413e-9
0.001,-0.48751672537782365,-4.8071523092690826e-9
0.001,-0.49951672537782366,-1.0078681905339504e-8
0.001,-0.5115167253778237,-2.1135269801454624e-8
0.001,-0.5235167253778237,-4.432747997637852e-8
0.001,-0.5355167253778237,-9.297375654090767e-8
0.001,-0.5475167253778237,-1.949906827056605e-7
0.001,-0.5595167253778235,-4.0883697967830165e-7
0.001,-0.5715167253778235,-8.567297347588558e-7
0.001,-0.5835167253778235,-1.7935123204630632e-6
0.001,-0.5955167253778235,-3.7483629517106746e-6
0.001,-0.6075167253778235,-7.812941712031323e-6
0.001,-0.6195167253778235,-1.6216490462310592e-5
0.001,-0.6315167253778236,-3.344064193525546e-5
0.001,-0.6435167253778236,-6.828373724419233e-5
0.001,-0.6555167253778236,-0.00013741738939369793
0.001,-0.6675167253778236,-0.00027084894866057096
0.001,-0.6795167253778236,-0.0005188670923508827
0.001,-0.6915167253778236,-0.0009583043502816831
0.001,-0.7035167253778236,-0.0016946492232877402
0.001,-0.7155167253778236,-0.0028588991931190718
0.001,-0.7275167253778236,-0.004604592925745886
0.001,-0.7395167253778236,-0.007114307758871838
0.001,-0.7515167253778237,-0.01062014927285107
0.001,-0.7635167253778237,-0.015435374595181595
0.001,-0.7755167253778237,-0.02199291771359324
0.001,-0.7875167253778237,-0.03089035498862194
0.001,-0.7995167253778237,-0.04294443367730916
0.001,-0.8115167253778235,-0.059259603420899136
0.001,-0.8235167253778235,-0.08131493619714572
0.001,-0.8355167253778235,-0.11107379460602061
0.001,-0.8475167253778235,-0.15112190171971576
0.001,-0.8595167253778235,-0.20484327546158917
0.001,-0.8715167253778235,-0.27664887016299466
0.001,-0.8835167253778236,-0.37226992882918947
0.001,-0.8955167253778236,-0.4990919196252353
0.001,-0.9075167253778236,-0.666415761289869
0.001,-0.9195167253778236,-0.8854315887063051
0.001,-0.9315167253778236,-1.1686384695607137
0.001,-0.9435167253778236,-1.5283232968363683
0.001,-0.9555167253778236,-1.97405853886361
0.001,-0.9675167253778236,-2.510171065106226
0.001,-0.9795167253778236,-3.1333408148471853
0.001,-0.9915167253778236,-3.8309960143489477
0.001,-1.0035167253778237,-4.58151748366654
0.001,-1.0155167253778237,-5.356629342631581
0.001,-1.0275167253778237,-6.125460719956808
0.001,-1.0395167253778237,-6.859071391014538
0.001,-1.0515167253778237,-7.5341382667687355
0.001,-1.0635167253778235,-8.134992006466723
0.001,-1.0755167253778235,-8.653905262074982
0.001,-1.0875167253778235,-9.090070418115946
0.001,-1.0995167253778235,-9.447897013753424
0.001,-1.1115167253778235,-9.735172920462965
0.001,-1.1235167253778235,-9.961429680266702
0.001,-1.1355167253778236,-10.136662324226533
0.001,-1.1475167253778236,-10.270431377652937
0.001,-1.1595167253778236,-10.371312719786788
0.001,-1.1715167253778236,-10.446632826488097
0.001,-1.1835167253778236,-10.50241520229208
0.001,-1.1955167253778236,-10.543463749034895
0.001,-1.1924832746221763,-10.528438368217317
0.001,-1.1804832746221763,-10.478343866933322
0.001,-1.1684832746221763,-10.413988083642172
0.001,-1.1564832746221763,-10.327577249931656
0.001,-1.1444832746221762,-10.21244232773983
0.001,-1.1324832746221762,-10.060735069579794
0.001,-1.1204832746221765,-9.863508313447799
0.001,-1.1084832746221764,-9.611122452948827
0.001,-1.0964832746221764,-9.293969123652591
0.001,-1.0844832746221764,-8.903546245763257
0.001,-1.0724832746221764,-8.433873113879558
0.001,-1.0604832746221764,-7.883145736801172
0.001,-1.0484832746221764,-7.255391682891586
0.001,-1.0364832746221764,-6.561715415131447
0.001,-1.0244832746221764,-5.820614151077422
0.001,-1.0124832746221764,-5.056910708001364
0.001,-1.0004832746221763,-4.299171225417242
0.001,-0.9884832746221763,-3.575995199770961
0.001,-0.9764832746221763,-2.9120627461298003
0.001,-0.9644832746221763,-2.325014892310419
0.001,-0.9524832746221763,-1.8239725098011086
0.001,-0.9404832746221763,-1.4098831155143345
0.001,-0.9284832746221763,-1.0772279755957548
0.001,-0.9164832746221763,-0.8161623522817179
0.001,-0.9044832746221764,-0.6146376604458893
0.001,-0.8924832746221764,-0.4606919486241777
0.001,-0.8804832746221763,-0.3438694445279452
0.001,-0.8684832746221763,-0.25564109635367455
0.001,-0.8564832746221763,-0.18929423053411218
0.001,-0.8444832746221763,-0.13961433996277017
0.001,-0.8324832746221764,-0.10256436466525493
0.001,-0.8204832746221764,-0.0750294308278142
0.001,-0.8084832746221764,-0.054621166110790126
0.001,-0.7964832746221764,-0.03952349690845366
0.001,-0.7844832746221764,-0.028368288633986993
0.001,-0.7724832746221764,-0.020134862836461872
0.001,-0.7604832746221764,-0.014069655582419655
0.001,-0.7484832746221763,-0.00962244577896626
0.001,-0.7364832746221763,-0.006395065003622973
0.001,-0.7244832746221763,-0.004098476267130083
0.001,-0.7124832746221763,-0.0025158913923350994
0.001,-0.7004832746221763,-0.0014735540999399415
0.001,-0.6884832746221763,-0.0008237791117580844
0.001,-0.6764832746221764,-0.0004416086749017068
0.001,-0.6644832746221764,-0.0002286943348497184
0.001,-0.6524832746221764,-0.00011534394297458017
0.001,-0.6404832746221764,-5.7074925812345986e-5
0.001,-0.6284832746221763,-2.7871198768911057e-5
0.001,-0.6164832746221763,-1.3489874107320728e-5
0.001,-0.6044832746221763,-6.491188482953131e-6
0.001,-0.5924832746221763,-3.111749082123407e-6
0.001,-0.5804832746221763,-1.48816098360424e-6
0.001,-0.5684832746221763,-7.106523434261202e-7
0.001,-0.5564832746221763,-3.390683630074597e-7
0.001,-0.5444832746221764,-1.6170053938029442e-7
0.001,-0.5324832746221764,-7.709794727995809e-8
0.001,-0.5204832746221764,-3.675840444564851e-8
0.001,-0.5084832746221764,-1.752685217264302e-8
0.001,-0.49648327462217634,-8.358334468218585e-9
0.001,-0.48448327462217633,-3.986849870548069e-9
0.001,-0.4724832746221763,-1.9021874444116816e-9
0.001,-0.4604832746221763,-9.078208721384102e-10
0.001,-0.4484832746221763,-4.3340416924249213e-10
0.001,-0.4364832746221763,-2.0698220278614274e-10
0.001,-0.4244832746221764,-9.887945473612813e-11
0.001,-0.4124832746221764,-4.7261018081871597e-11
0.001,-0.40048327462217637,-2.2594760388108016e-11
0.001,-0.38848327462217636,-1.0812459546166983e-11
0.001,-0.37648327462217634,-5.172195975834725e-12
0.001,-0.36448327462217633,-2.4765562080311934e-12
0.001,-0.3524832746221763,-1.18872417030189e-12
0.001,-0.3404832746221763,-5.697799838351004e-13
0.001,-0.3284832746221763,-2.6789748379380466e-13
0.001,-0.3164832746221763,-1.2975234627031443e-13
0.001,-0.3044832746221763,-6.469504170198196e-14
0.001,-0.2924832746221764,-2.5836675819051296e-14
0.001,-0.28048327462217637,-1.9035998878607277e-14
0.001,-0.26848327462217636,-9.18578633533026e-15
0.001,-0.25648327462217635,-3.688229147383041e-15
0.001,-0.24448327462217634,-4.9354487531817636e-15
0.001,-0.23248327462217633,2.2839684984029237e-15
0.001,-0.22048327462217632,1.9614620499636668e-15
0.001,-0.2084832746221763,-1.4393913661658219e-15
0.001,-0.1964832746221763,-4.9681249558415046e-15
0.001,-0.18448327462217629,4.026305019422019e-15
0.001,-0.17248327462217627,2.146603144281924e-15
0.001,-0.16048327462217626,-3.679661125873661e-15
0.001,-0.14848327462217625,4.574074114483197e-15
0.001,-0.13648327462217624,-8.407928368296571e-15
0.001,-0.12448327462217623,-1.860156211168313e-15
0.001,-0.11248327462217622,6.661750620167954e-16
0.001,-0.10048327462217643,-4.758161041202516e-15
0.001,-0.08848327462217642,6.234740580369268e-15
0.001,-0.07648327462217641,-1.9477429066541437e-15
0.001,-0.0644832746221764,4.327114902933841e-15
0.001,-0.05248327462217639,-8.728600831148929e-16
0.001,-0.04048327462217638,-1.018508135149233e-15
0.001,-0.02848327462217637,4.75809519729571e-15
0.001,-0.016483274622176358,2.1304760427427116e-16
0.001,-0.0044832746221763475,-1.2150964254470737e-15
0.001,0.007516725377823663,-5.0992461128003096e-15
0.001,0.019516725377823674,2.3561869600042337e-15
0.001,0.031516725377823684,4.020607193668278e-15
0.001,0.043516725377823695,-4.060046031120142e-15
0.001,0.055516725377823706,9.17866056141599e-16
0.001,0.06751672537782372,3.2946854371250516e-15
0.001,0.07951672537782373,-1.2716443697737652e-15
0.001,0.09151672537782374,-9.01488149177124e-15
0.001,0.10351672537782375,1.056358737757909e-15
0.001,0.11551672537782376,-1.1711136933358063e-16
0.001,0.12751672537782377,-8.601838008749362e-16
0.001,0.13951672537782378,-7.908561195637591e-15
0.001,0.15151672537782357,4.9695003618945015e-15
0.001,0.16351672537782358,1.710528593312509e-15
0.001,0.1755167253778236,-1.4865801644662762e-15
0.001,0.1875167253778236,4.3745960082785626e-16
0.001,0.1995167253778236,2.0808403784519532e-15
0.001,0.21151672537782362,-9.70495955468684e-16
0.001,0.22351672537782363,-5.542849814749939e-16
0.001,0.23551672537782364,-8.564267741562325e-15
0.001,0.24751672537782365,3.4142875683881147e-15
0.001,0.25951672537782366,-7.449390065358024e-16
0.001,0.2715167253778237,1.030735481660969e-15
0.001,0.2835167253778237,3.031339738950731e-15
0.001,0.2955167253778237,1.8818471228316566e-15
0.001,0.3075167253778237,3.228492690631892e-15
0.001,0.3195167253778237,4.55585563754195e-15
0.001,0.33151672537782373,-5.856012081686876e-15
0.001,0.34351672537782374,-6.337702160632955e-16
0.001,0.35551672537782375,2.821324279838569e-15
0.001,0.36751672537782376,-2.0048847763214673e-15
0.001,0.37951672537782377,2.1024847338172385e-15
0.001,0.3915167253778238,5.140050379955298e-15
0.001,0.4035167253778238,3.268961752443618e-15
0.001,0.4155167253778236,-4.486899442232853e-15
0.001,0.4275167253778236,-2.3470556072917466e-15
0.001,0.4395167253778236,-2.969393924452249e-16
0.001,0.4515167253778236,-1.614054300586811e-15
0.001,0.4635167253778236,-5.055791129572255e-16
0.001,0.47551672537782363,-1.0589841804049067e-15
0.001,0.48751672537782365,1.113141126298227e-16
0.001,0.49951672537782366,-3.989236562614685e-15
0.001,0.5115167253778237,-7.78315216387258e-16
0.001,0.5235167253778237,-3.1985872527770593e-16
0.001,0.5355167253778237,7.52693489996546e-15
0.001,0.5475167253778237,2.69816158943419e-15
0.001,0.5595167253778237,2.6156126179095192e-15
0.001,0.5715167253778237,-3.7601426652279997e-16
0.001,0.5835167253778237,-1.8887604005006386e-15
0.001,0.5955167253778237,-1.768095788015071e-15
0.001,0.6075167253778238,1.297187482528959e-15
0.001,0.6195167253778238,8.863860177894233e-16
0.001,0.6315167253778238,1.2274235354603917e-16
0.001,0.6435167253778238,-6.3661759923379474e-15
0.001,0.6555167253778238,3.1070658850413972e-15
0.001,0.6675167253778236,-1.4016288879771972e-15
0.001,0.6795167253778236,-1.0007483042497993e-14
0.001,0.6915167253778236,-4.657117247853815e-15
0.001,0.7035167253778236,3.402162978276632e-15
0.001,0.7155167253778236,1.232539074940879e-15
0.001,0.7275167253778236,-1.8365468474930387e-15
0.001,0.7395167253778236,-7.0167533644308775e-15
0.001,0.7515167253778237,6.4932327845040466e-15
0.001,0.7635167253778237,5.454249854698186e-15
0.001,0.7755167253778237,3.608544718349443e-15
0.001,0.7875167253778237,-2.3612143750704973e-15
0.001,0.7995167253778237,8.818534961676116e-15
0.001,0.7884832746221765,3.2891824827320157e-16
0.001,0.7764832746221765,3.2922548658373314e-15
0.001,0.7644832746221765,-6.631199712500862e-16
0.001,0.7524832746221765,1.128243656741193e-15
0.001,0.7404832746221764,1.8211097767975708e-15
0.001,0.7284832746221764,1.5554006814229061e-15
0.001,0.7164832746221764,2.2520677906391783e-16
0.001,0.7044832746221764,1.2246723908018809e-15
0.001,0.6924832746221764,2.8829548416999566e-15
0.001,0.6804832746221764,-3.068531902492063e-15
0.001,0.6684832746221765,-2.013268567911013e-15
0.001,0.6564832746221765,-4.000128741016273e-15
0.001,0.6444832746221765,3.044002054302079e-15
0.001,0.6324832746221765,9.311409193532303e-16
0.001,0.6204832746221765,2.999332949349818e-16
0.001,0.6084832746221764,-6.2817408256635125e-15
0.001,0.5964832746221764,2.01673401918726e-15
0.001,0.5844832746221764,-7.810184745604806e-17
0.001,0.5724832746221764,-3.143088487873834e-15
0.001,0.5604832746221764,5.028974702078908e-15
0.001,0.5484832746221764,9.935343394050723e-16
0.001,0.5364832746221764,-4.058655993086942e-15
0.001,0.5244832746221764,8.983030998300218e-16
0.001,0.5124832746221764,-6.539234397206029e-16
0.001,0.5004832746221765,3.767768919349371e-15
0.001,0.48848327462217644,-1.120334074299276e-15
0.001,0.47648327462217643,-8.910373244775061e-16
0.001,0.4644832746221764,-4.179116422953051e-15
0.001,0.4524832746221764,-1.884921501206875e-15
0.001,0.44048327462217646,-4.2171542483877225e-15
0.001,0.42848327462217645,3.0572000996205343e-15
0.001,0.41648327462217644,-2.191641374171986e-15
0.001,0.4044832746221764,-4.879892457996964e-15
0.001,0.3924832746221764,-3.092976286619925e-15
0.001,0.3804832746221764,-9.19272322369377e-15
0.001,0.36848327462217645,3.361283223408561e-15
0.001,0.35648327462217644,1.8599570167236107e-15
0.001,0.3444832746221764,1.0520260091631025e-16
0.001,0.3324832746221764,5.708899834088726e-15
0.001,0.3204832746221764,-5.195600689330388e-15
0.001,0.30848327462217645,3.0551226911075837e-15
0.001,0.2964832746221764,1.6807994042994427e-15
0.001,0.2844832746221764,-1.61520091569182e-16
0.001,0.2724832746221765,4.876635179879984e-15
0.001,0.26048327462217646,4.8241928359238006e-15
0.001,0.24848327462217645,1.285329593498026e-16
0.001,0.23648327462217644,-5.159147773289144e-15
0.001,0.22448327462217643,-1.3738540658352703e-15
0.001,0.21248327462217642,-2.1752276188579484e-15
0.001,0.2004832746221764,5.194172741169979e-15
0.001,0.1884832746221764,-7.104268230200906e-16
0.001,0.1764832746221764,-3.0726301868722923e-15
0.001,0.16448327462217638,7.620800377295575e-16
0.001,0.15248327462217648,-2.237185737527177e-15
0.001,0.14048327462217647,-4.229209336598212e-15
0.001,0.12848327462217646,4.546450600308533e-15
0.001,0.11648327462217645,2.015480324597763e-15
0.001,0.10448327462217644,8.407508696526852e-16
0.001,0.09248327462217643,1.1050602831902528e-16
0.001,0.08048327462217642,2.99984839406847e-15
0.001,0.0684832746221764,1.0768990437764379e-15
0.001,0.056483274622176394,-2.6093943592557097e-15
0.001,0.04448327462217638,2.6302665451679795e-15
0.001,0.033362455966631455,-1.537894833704469e-15
0.001,0.02224163731108819,3.059030097224804e-16
0.001,0.01112081865554504,5.7216839486944395e-15
0.001,0.0,-1.441097262050641e-15
0.005,-0.0011999999999999789,2.8818308396551195e-15
0.005,-0.0025200000000000777,4.089863556171998e-15
0.005,-0.0039719999999999756,-1.4747635412434074e-15
0.005,-0.00556919999999983,-3.2054285985452407e-15
0.005,-0.0073261200000001026,-1.7669203057552936e-15
0.005,-0.009258732000000047,-1.5632300830581062e-15
0.005,-0.01138460519999962,-3.062416525978257e-15
0.005,-0.01372306572000015,-2.6148551667807e-15
0.005,-0.01629537229199962,-5.526610091696328e-16
0.005,-0.01912490952119983,-7.913619077223647e-16
0.005,-0.022237400473320013,-1.8948031692504444e-16
0.005,-0.025661140520651826,-4.717691104028381e-15
0.005,-0.029427254572717,-1.5040238637470566e-15
0.005,-0.03356998002998923,-3.0362655937374036e-15
0.005,-0.03812697803298759,-1.4150104826718995e-15
0.005,-0.04313967583628653,-7.349952628087183e-15
0.005,-0.04865364341991496,8.536213375555679e-16
0.005,-0.05471900776190686,-2.5076406433535098e-15
0.005,-0.06139090853809759,1.266830154727643e-15
0.005,-0.06872999939190716,3.1135558496198483e-15
0.005,-0.0768029993310978,-1.2703699282284284e-15
0.005,-0.08568329926420803,2.2280137033266846e-15
0.005,-0.09545162919062877,4.21078721223129e-15
0.005,-0.10619679210969135,2.5536460171187855e-17
0.005,-0.11801647132066073,-2.0027748242914683e-15
0.005,-0.13001647132066063,2.890221614693132e-16
0.005,-0.14201647132066053,3.0929084474441675e-15
0.005,-0.15401647132066043,-9.96198024725849e-16
0.005,-0.16601647132066089,1.424052396240635e-15
0.005,-0.17801647132066023,-3.423763770247762e-15
0.005,-0.19001647132066068,1.2249583794892753e-15
0.005,-0.20201647132066047,1.2545249540042789e-15
0.005,-0.21401647132066048,8.686773323110611e-17
0.005,-0.22601647132066094,-9.544812541352875e-15
0.005,-0.23801647132066028,-5.757240568214208e-15
0.005,-0.25001647132066074,-8.575831328285388e-15
0.005,-0.2620164713206605,-5.738985511324181e-15
0.005,-0.27401647132066054,-1.2671184325433003e-14
0.005,-0.2860164713206603,-1.659329535287478e-14
0.005,-0.2980164713206601,-4.144316455008934e-14
0.005,-0.31001647132066057,-8.642107344043777e-14
0.005,-0.3220164713206606,-1.814273603007914e-13
0.005,-0.33401647132066037,-3.792043871809221e-13
0.005,-0.3460164713206608,-7.962157154769421e-13
0.005,-0.35801647132066017,-1.6662803785686836e-12
0.005,-0.3700164713206606,-3.475664159657927e-12
0.005,-0.38201647132066063,-7.265624288636076e-12
0.005,-0.3940164713206604,-1.5181734610232634e-11
0.005,-0.4060164713206609,-3.174926318358866e-11
0.005,-0.4180164713206609,-6.642196740407101e-11
0.005,-0.4300164713206607,-1.3901216774985157e-10
0.005,-0.44201647132066113,-2.9101459101239523e-10
0.005,-0.4540164713206605,-6.094510646665169e-10
0.005,-0.46601647132066093,-1.2767722881870966e-9
0.005,-0.4780164713206607,-2.6756076298697344e-9
0.005,-0.49001647132066073,-5.608596279338878e-9
0.005,-0.5020164713206612,-1.1759537415106901e-8
0.005,-0.514016471320661,-2.4660955102611736e-8
0.005,-0.526016471320661,-5.172294542746339e-8
0.005,-0.5380164713206614,-1.0848480112419948e-7
0.005,-0.5500164713206606,-2.2751288500511498e-7
0.005,-0.562016471320661,-4.769840863708854e-7
0.005,-0.574016471320661,-9.99368738154058e-7
0.005,-0.5860164713206608,-2.0915281021956132e-6
0.005,-0.5980164713206613,-4.369191749982435e-6
0.005,-0.6100164713206613,-9.100327174188962e-6
0.005,-0.6220164713206611,-1.8867152414756283e-5
0.005,-0.6340164713206615,-3.883932668858858e-5
0.005,-0.6460164713206609,-7.91024808022868e-5
0.005,-0.6580164713206613,-0.000158592045232763
0.005,-0.6700164713206613,-0.0003109471072259516
0.005,-0.6820164713206611,-0.0005915631170076421
0.005,-0.6940164713206616,-0.0010832809976447702
0.005,-0.7060164713206614,-0.0018973263185097318
0.005,-0.7180164713206614,-0.0031695259355652827
0.005,-0.7300164713206612,-0.005058586437464985
0.005,-0.7420164713206612,-0.0077554417167555526
0.005,-0.7540164713206616,-0.0115065246062613
0.005,-0.7660164713206614,-0.01664721857722416
0.005,-0.7780164713206614,-0.023641845836892494
0.005,-0.7900164713206619,-0.03313071805177428
0.005,-0.8020164713206617,-0.04598800533862951
0.005,-0.8140164713206617,-0.06339525812877271
0.005,-0.8260164713206615,-0.08693557966696147
0.005,-0.8380164713206613,-0.11871419134289979
0.005,-0.8500164713206617,-0.16151381994938308
0.005,-0.8620164713206617,-0.2189984653165542
0.005,-0.8740164713206615,-0.2959822897519591
0.005,-0.886016471320662,-0.39876578713096844
0.005,-0.898016471320662,-0.5354881710417597
0.005,-0.9100164713206618,-0.7163618062457728
0.005,-0.9220164713206618,-0.9535877762211173
0.005,-0.9340164713206616,-1.2607040278772592
0.005,-0.946016471320662,-1.6509993343658054
0.005,-0.958016471320662,-2.1347685344963216
0.005,-0.9700164713206618,-2.7160729866999613
0.005,-0.9820164713206623,-3.389640729684893
0.005,-0.9940164713206621,-4.138845454151311
0.005,-1.006016471320662,-4.936135663562392
0.005,-1.0180164713206619,-5.746607743043082
0.005,-1.0300164713206619,-6.533955468951426
0.005,-1.0420164713206623,-7.266722637316173
0.005,-1.0540164713206621,-7.9226382085663705
0.005,-1.0660164713206621,-8.489966292906203
0.005,-1.0780164713206626,-8.966314288991637
0.005,-1.0900164713206624,-9.35614993442591
0.005,-1.1020164713206622,-9.668165499627428
0.005,-1.1140164713206622,-9.913095837348138
0.005,-1.126016471320662,-10.102145781080306
0.005,-1.1380164713206624,-10.2459646329444
0.005,-1.1500164713206624,-10.354051108751577
0.005,-1.1620164713206622,-10.434480161601508
0.005,-1.1740164713206627,-10.493858831565312
0.005,-1.1860164713206627,-10.537429736708589
0.005,-1.1980164713206625,-10.569253171949592
0.005,-1.1899835286793377,-10.512935451882532
0.005,-1.1779835286793376,-10.44857223346192
0.005,-1.1659835286793372,-10.371836042884448
0.005,-1.1539835286793374,-10.270744187068892
0.005,-1.1419835286793374,-10.137116625883465
0.005,-1.129983528679337,-9.962319814771908
0.005,-1.1179835286793376,-9.73699899911013
0.005,-1.1059835286793371,-9.45157834215996
0.005,-1.0939835286793378,-9.097191291403174
0.005,-1.0819835286793373,-8.66696081153583
0.005,-1.0699835286793382,-8.157528315510005
0.005,-1.0579835286793378,-7.5706283888171715
0.005,-1.0459835286793384,-6.914370420809158
0.005,-1.033983528679338,-6.2037853377279895
0.005,-1.0219835286793386,-5.4602263096278385
0.005,-1.0099835286793382,-4.70944806547505
0.005,-0.9979835286793388,-3.978593931415671
0.005,-0.9859835286793384,-3.2927304205199563
0.005,-0.973983528679339,-2.6717774706220525
0.005,-0.9619835286793386,-2.128566258462859
0.005,-0.9499835286793392,-1.6683659809934406
0.005,-0.9379835286793388,-1.2897470382314016
0.005,-0.9259835286793394,-0.9862963365106945
0.005,-0.913983528679339,-0.7485323044038843
0.005,-0.9019835286793397,-0.5653926444165257
0.005,-0.8899835286793393,-0.42554645227102417
0.005,-0.8779835286793399,-0.31897955937113986
0.005,-0.8659835286793395,-0.23791484871904128
0.005,-0.8539835286793402,-0.17653412281448655
0.005,-0.8419835286793398,-0.13035002973205198
0.005,-0.8299835286793404,-0.09580356411614539
0.005,-0.81798352867934,-0.070081510348075
0.005,-0.8059835286793406,-0.05099368473076076
0.005,-0.7939835286793402,-0.03686071127857417
0.005,-0.7819835286793408,-0.026411950900975412
0.005,-0.7699835286793404,-0.018697618490809843
0.005,-0.757983528679341,-0.013016203482687148
0.005,-0.7459835286793406,-0.008855685885499176
0.005,-0.7339835286793412,-0.005845366186661559
0.005,-0.7219835286793408,-0.0037148545167377672
0.005,-0.7099835286793416,-0.0022588096602140597
0.005,-0.6979835286793411,-0.0013100576985982076
0.005,-0.6859835286793418,-0.0007256861976995329
0.005,-0.6739835286793413,-0.00038599653517472615
0.005,-0.661983528679342,-0.00019867320913968643
0.005,-0.6499835286793415,-9.975144877161014e-5
0.005,-0.6379835286793422,-4.920325028555581e-5
0.005,-0.6259835286793417,-2.3975620146320296e-5
0.005,-0.6139835286793425,-1.1587856628990957e-5
0.005,-0.601983528679342,-5.570795585230516e-6
0.005,-0.5899835286793427,-2.66895366441052e-6
0.005,-0.5779835286793422,-1.2759287260438525e-6
0.005,-0.5659835286793429,-6.091683235224143e-7
0.005,-0.5539835286793424,-2.9061147372696314e-7
0.005,-0.5419835286793431,-1.3858296471753934e-7
0.005,-0.5299835286793426,-6.6074258231181e-8
0.005,-0.5179835286793434,-3.150282529229385e-8
0.005,-0.5059835286793429,-1.5021337723091133e-8
0.005,-0.4939835286793436,-7.163779661660345e-9
0.005,-0.48198352867934313,-3.41722698635756e-9
0.005,-0.4699835286793438,-1.6305048856245936e-9
0.005,-0.45798352867934333,-7.782234588816884e-10
0.005,-0.445983528679344,-3.715511724432322e-10
0.005,-0.43398352867934353,-1.7746372865075918e-10
0.005,-0.4219835286793443,-8.479036621785165e-11
0.005,-0.40998352867934384,-4.0528573622081824e-11
0.005,-0.3979835286793445,-1.937725168988567e-11
0.005,-0.38598352867934405,-9.270300709896172e-12
0.005,-0.3739835286793447,-4.441718442466958e-12
0.005,-0.36198352867934425,-2.124139679077218e-12
0.005,-0.3499835286793449,-1.016587879745776e-12
0.005,-0.33798352867934445,-4.90767788832451e-13
0.005,-0.3259835286793452,-2.308355701422081e-13
0.005,-0.31398352867934476,-1.0824219974248062e-13
0.005,-0.3019835286793454,-5.2238498203841045e-14
0.005,-0.28998352867934496,-2.589787640024747e-14
0.005,-0.2779835286793456,-1.7296487992316142e-14
0.005,-0.26598352867934516,-2.7114051934167034e-15
0.005,-0.2539835286793458,-3.250460944842226e-17
0.005,-0.24198352867934536,-9.364217336967253e-16
0.005,-0.22998352867934602,-3.1820913588523235e-15
0.005,-0.21798352867934556,1.7541308939615977e-15
0.005,-0.20598352867934633,-3.774441766995968e-15
0.005,-0.19398352867934587,-3.965781499813194e-15
0.005,-0.18198352867934653,9.487315513635881e-16
0.005,-0.16998352867934607,2.5986913989497833e-15
0.005,-0.15798352867934673,1.2282010256256964e-15
0.005,-0.14598352867934627,-2.1884692275715102e-15
0.005,-0.13398352867934693,-6.224249118673558e-15
0.005,-0.12198352867934648,9.314179293241575e-16
0.005,-0.10998352867934713,-8.563133098083394e-16
0.005,-0.09798352867934668,3.55905404366943e-15
0.005,-0.08598352867934733,-4.052201960041315e-15
0.005,-0.07398352867934688,-2.3792329924827036e-16
0.005,-0.061983528679347755,-3.027933813225963e-15
0.005,-0.0499835286793473,-3.1610249666705855e-15
0.005,-0.037983528679347955,-1.308194056406266e-15
0.005,-0.0259835286793475,2.3783460950031184e-15
0.005,-0.013983528679348156,6.369699638987005e-17
0.005,-0.0019835286793477014,4.0358650226176006e-15
0.005,0.010016471320651643,7.717777478032122e-15
0.005,0.022016471320652098,3.993413327611423e-15
0.005,0.03401647132065144,2.442183425377449e-15
0.005,0.0460164713206519,-3.5127614541005377e-15
0.005,0.05801647132065124,-9.620682679422188e-16
0.005,0.0700164713206517,-5.608750254215599e-16
0.005,0.08201647132065104,-2.5850853209361235e-15
0.005,0.0940164713206515,3.615535478997129e-15
0.005,0.10601647132065084,1.9042609872873907e-15
0.005,0.1180164713206513,-4.929240803425466e-15
0.005,0.13001647132065042,3.679410719374033e-17
0.005,0.14201647132065087,1.4204752098460033e-15
0.005,0.15401647132065022,4.376556693500273e-15
0.005,0.16601647132065067,-2.0688168820181027e-15
0.005,0.17801647132065002,-5.386760847857277e-15
0.005,0.19001647132065047,3.008082207867754e-15
0.005,0.20201647132065093,-2.831944436443988e-15
0.005,0.21401647132065027,-8.96974250076391e-16
0.005,0.22601647132064961,1.621252569308236e-15
0.005,0.23801647132065007,-1.7056797549049602e-15
0.005,0.2500164713206505,3.98070811395906e-15
0.005,0.26201647132064987,2.557144558842807e-15
0.005,0.2740164713206492,-4.96112588156609e-15
0.005,0.28601647132064967,-1.9801790118610224e-16
0.005,0.2980164713206501,2.0373202164135625e-16
0.005,0.31001647132064947,-8.839285103580099e-16
0.005,0.3220164713206488,2.162728915639615e-15
0.005,0.33401647132064927,3.740168683318266e-15
0.005,0.3460164713206497,2.0987243151371304e-15
0.005,0.35801647132064884,-2.412255707011868e-15
0.005,0.3700164713206482,1.35534361439573e-15
0.005,0.38201647132064864,9.655460233835027e-16
0.005,0.3940164713206491,1.202130829068536e-15
0.005,0.40601647132064844,-3.2593508698693104e-15
0.005,0.4180164713206478,-4.6801712614085674e-15
0.005,0.43001647132064824,-3.8862992581316494e-15
0.005,0.4420164713206487,2.0300152007504133e-15
0.005,0.45401647132064804,-7.923020584106175e-16
0.005,0.4660164713206474,-3.5664285612573586e-16
0.005,0.47801647132064784,2.320462982567468e-15
0.005,0.4900164713206483,-3.564979995284799e-15
0.005,0.5020164713206476,-4.030339122626387e-15
0.005,0.514016471320647,-2.168030015232517e-15
0.005,0.5260164713206474,4.459750802243538e-16
0.005,0.5380164713206479,2.720873081601646e-16
0.005,0.550016471320647,-8.269489226447957e-16
0.005,0.5620164713206464,-3.685535200471309e-15
0.005,0.5740164713206468,1.696544743941878e-17
0.005,0.5860164713206473,-1.0385379846174466e-16
0.005,0.5980164713206466,-3.900080919946266e-16
0.005,0.610016471320646,1.5621885896336046e-15
0.005,0.6220164713206464,6.021305561188634e-16
0.005,0.6340164713206469,-3.787492494890059e-15
0.005,0.6460164713206462,-1.3677817944323913e-15
0.005,0.6580164713206456,-5.585987550057199e-16
0.005,0.670016471320646,6.573882259056131e-16
0.005,0.6820164713206465,-3.52340655158165e-15
0.005,0.6940164713206458,-3.0788208442973565e-15
0.005,0.7060164713206452,-6.474034297495422e-15
0.005,0.7180164713206456,-3.1860825637537728e-15
0.005,0.7300164713206461,8.440634167459837e-15
0.005,0.7420164713206454,3.1953256515727518e-15
0.005,0.7540164713206445,-7.263215421229907e-15
0.005,0.766016471320645,-3.626307941212136e-15
0.005,0.7780164713206454,-6.402767247092797e-15
0.005,0.7900164713206448,-3.0355251501202215e-15
0.005,0.797983528679356,1.7496222490706428e-15
0.005,0.7859835286793555,9.763530702704894e-16
0.005,0.773983528679355,-1.199382344776873e-15
0.005,0.7619835286793557,1.7744121474430856e-15
0.005,0.7499835286793564,1.4099993777667543e-15
0.005,0.7379835286793559,-9.477603204838324e-15
0.005,0.7259835286793554,-4.473421394031005e-15
0.005,0.7139835286793562,4.16358391184975e-15
0.005,0.7019835286793569,4.302465338549663e-15
0.005,0.6899835286793564,4.392837430822983e-15
0.005,0.677983528679356,-6.612324459216556e-16
0.005,0.6659835286793566,-6.10699242718171e-16
0.005,0.6539835286793574,-2.3562607849654393e-16
0.005,0.6419835286793569,-6.524266547483433e-15
0.005,0.6299835286793565,3.6386693033499126e-15
0.005,0.6179835286793571,-1.75465365467148e-15
0.005,0.6059835286793578,-6.207602914415798e-15
0.005,0.5939835286793573,1.438180569879601e-15
0.005,0.5819835286793569,-1.7109685503233112e-15
0.005,0.5699835286793575,9.2869704627123e-16
0.005,0.5579835286793582,6.343925740012373e-15
0.005,0.5459835286793577,-5.322651828232396e-16
0.005,0.5339835286793573,2.614628949849143e-15
0.005,0.5219835286793579,-4.639850514657109e-16
0.005,0.5099835286793587,-1.664988220491416e-15
0.005,0.49798352867935824,-2.802388503367834e-15
0.005,0.4859835286793578,4.234293949401859e-15
0.005,0.47398352867935845,1.4335232773856143e-15
0.005,0.46198352867935916,4.185188694361638e-15
0.005,0.4499835286793587,5.680512796634037e-15
0.005,0.43798352867935825,-4.080987718929125e-15
0.005,0.4259835286793589,2.291443777095276e-15
0.005,0.4139835286793596,3.515535876900943e-16
0.005,0.40198352867935916,3.8410701474183106e-15
0.005,0.3899835286793587,-1.621309766994719e-16
0.005,0.37798352867935936,5.714321647508869e-15
0.005,0.36598352867936,-7.262776794391113e-15
0.005,0.35398352867935956,-6.289546321500109e-16
0.005,0.3419835286793591,2.033641271259576e-15
0.005,0.3299835286793598,-1.445257459678743e-15
0.005,0.31798352867936047,-2.4189129250362955e-15
0.005,0.30598352867936,-1.0080223267178514e-15
0.005,0.2939835286793596,7.174616126273195e-15
0.005,0.2819835286793603,-2.3038616718321045e-16
0.005,0.26998352867936093,-3.19954099179079e-15
0.005,0.2579835286793605,2.986314810862561e-15
0.005,0.24598352867936002,8.647150588251115e-16
0.005,0.23398352867936068,1.6540887261052567e-15
0.005,0.22198352867936144,-3.6495249017753674e-16
0.005,0.209983528679361,4.107618918927983e-16
0.005,0.19798352867936053,-4.0605870817581514e-16
0.005,0.1859835286793612,1.5721193804893698e-15
0.005,0.17398352867936184,6.577613413801761e-15
0.005,0.1619835286793614,-4.4249433187060385e-17
0.005,0.14998352867936093,-1.2998724507293375e-15
0.005,0.1379835286793616,-2.5211182980180845e-15
0.005,0.12598352867936236,-9.086383651476349e-15
0.005,0.1139835286793619,3.1143536083761683e-16
0.005,0.10198352867936145,-3.6103055440371165e-15
0.005,0.0899835286793621,8.151894669227446e-16
0.005,0.07798352867936276,2.8138549869578294e-15
0.005,0.0659835286793623,-3.981511542638814e-15
0.005,0.05398352867936185,1.0520329926077636e-15
0.005,0.0419835286793625,3.265839155047007e-15
0.005,0.03148764650952218,-1.185071521092212e-15
0.005,0.023615734882141637,-6.386752925014927e-15
0.005,0.01574382325476109,4.6575360026567694e-15
0.005,0.007871911627380546,-4.282348760478332e-15
0.005,0.0,-1.7558397596842409e-15
0.005,-0.007871911627380546,-3.735911882379744e-15
0.005,-0.016531014417498602,2.2902911830992753e-15
0.005,-0.026056027486629274,6.90261093401812e-16
0.005,-0.03653354186267277,-1.5787507269640098e-15
0.005,-0.048058807676320536,-8.281439748173641e-16
0.005,-0.06005880767632099,-2.6176258452399493e-15
0.005,-0.07205880767632145,-9.793752390826065e-16
0.005,-0.08405880767632079,2.3977271492097887e-15
0.005,-0.09605880767632013,1.6354628815588517e-15
0.005,-0.10805880767632059,-5.3560868985450435e-15
0.005,-0.12005880767632104,-3.2291481367941426e-15
0.005,-0.1320588076763204,-4.941665016565194e-16
0.005,-0.14405880767631962,2.5879442101617958e-15
0.005,-0.15605880767632008,-7.528898245544505e-16
0.005,-0.16805880767632064,2.3490475517463805e-15
0.005,-0.18005880767631988,-1.1061257573185634e-15
0.005,-0.19205880767631922,-1.6866934315935061e-15
0.005,-0.20405880767631968,-1.7768187754862588e-15
0.005,-0.21605880767632013,8.462744418350374e-16
0.005,-0.22805880767631947,-7.793880065039452e-16
0.005,-0.24005880767631882,2.1047344006331005e-15
0.005,-0.2520588076763193,-1.7152660291520478e-15
0.005,-0.26405880767631973,-4.44277338323227e-15
0.005,-0.2760588076763191,-8.926339394546205e-15
0.005,-0.2880588076763184,-2.5552278028128154e-14
0.005,-0.3000588076763189,-4.443845807551347e-14
0.005,-0.3120588076763193,-9.993603346469672e-14
0.005,-0.32405880767631845,-2.006210267373298e-13
0.005,-0.3360588076763178,-4.354583301501015e-13
0.005,-0.34805880767631825,-9.030279096028812e-13
0.005,-0.3600588076763187,-1.891371211168981e-12
0.005,-0.37205880767631805,-3.940034561258038e-12
0.005,-0.3840588076763174,-8.23494908984062e-12
0.005,-0.39605880767631785,-1.722128472100241e-11
0.005,-0.4080588076763183,-3.600535050309294e-11
0.005,-0.42005880767631765,-7.531623679254172e-11
0.005,-0.432058807676317,-1.5762797514421584e-10
0.005,-0.44405880767631745,-3.300148838488013e-10
0.005,-0.4560588076763179,-6.911798917926677e-10
0.005,-0.46805880767631725,-1.4480701914157477e-9
0.005,-0.4800588076763166,-3.034733555899232e-9
0.005,-0.49205880767631704,-6.361673090608619e-9
0.005,-0.5040588076763175,-1.333900758667062e-8
0.005,-0.5160588076763166,-2.7974000132162812e-8
0.005,-0.528058807676316,-5.8672333443064486e-8
0.005,-0.5400588076763164,-1.2305966069242932e-7
0.005,-0.5520588076763169,-2.5806940885758926e-7
0.005,-0.5640588076763162,-5.410017517989386e-7
0.005,-0.5760588076763156,-1.1333271699351102e-6
0.005,-0.588058807676316,-2.371281231733914e-6
0.005,-0.6000588076763165,-4.95155820419494e-6
0.005,-0.6120588076763158,-1.0306605747024039e-5
0.005,-0.6240588076763152,-2.134655554128506e-5
0.005,-0.6360588076763156,-4.387610825181474e-5
0.005,-0.6480588076763161,-8.915734321653389e-5
0.005,-0.6600588076763154,-0.00017816400449499771
0.005,-0.6720588076763148,-0.00034773442253918706
0.005,-0.6840588076763152,-0.000657625970855019
0.005,-0.6960588076763157,-0.0011956092119546813
0.005,-0.708058807676315,-0.002077427693658583
0.005,-0.7200588076763141,-0.003442716569417855
0.005,-0.7320588076763146,-0.005454610999119962
0.005,-0.744058807676315,-0.008311501096704468
0.005,-0.7560588076763144,-0.012272390175856983
0.005,-0.7680588076763137,-0.017691618582443037
0.005,-0.7800588076763142,-0.025059898365339506
0.005,-0.7920588076763146,-0.03505288731591707
0.005,-0.804058807676314,-0.04859137322356244
0.005,-0.8160588076763133,-0.06691795187212203
0.005,-0.8280588076763138,-0.09169524350545992
0.005,-0.8400588076763142,-0.1251316753701989
0.005,-0.8520588076763136,-0.17014398443823797
0.005,-0.8640588076763129,-0.23057094412559623
0.005,-0.8760588076763134,-0.3114544761216957
0.005,-0.8880588076763138,-0.4193843978773
0.005,-0.9000588076763132,-0.5628426410618067
0.005,-0.9120588076763123,-0.7523956928240949
0.005,-0.9240588076763128,-1.000487510370465
0.005,-0.9360588076763132,-1.3204135516520623
0.005,-0.9480588076763126,-1.724241996284253
0.005,-0.9600588076763119,-2.2200998189429697
0.005,-0.9720588076763124,-2.808951381947157
0.005,-0.9840588076763128,-3.4815401617888897
0.005,-0.9960588076763122,-4.216934156995393
0.005,-1.0080588076763115,-4.98406001020329
0.005,-1.020058807676312,-5.746542339388697
0.005,-1.0320588076763124,-6.469461860446846
0.005,-1.0440588076763118,-7.125459973104613
0.005,-1.056058807676311,-7.6979914835647065
0.005,-1.0680588076763116,-8.181219736257189
0.005,-1.080058807676312,-8.577664556550399
0.005,-1.0920588076763114,-8.89517834529892
0.005,-1.1040588076763107,-9.144305396230973
0.005,-1.1160588076763112,-9.336374997487779
0.005,-1.1280588076763116,-9.482276717558333
0.005,-1.140058807676312,-9.591759373219093
0.005,-1.1520588076763125,-9.673109573119676
0.005,-1.164058807676313,-9.733093564303557
0.005,-1.1760588076763134,-9.777064690710018
0.005,-1.1880588076763139,-9.809156312281289
0.005,-1.1999411923236858,-9.83211405057188
0.005,-1.1879411923236853,-9.769001800518694
0.005,-1.1759411923236849,-9.717602143277638
0.005,-1.1639411923236844,-9.652201382363065
0.005,-1.151941192323684,-9.564938724647169
0.005,-1.1399411923236835,-9.448841188251555
0.005,-1.127941192323683,-9.296071266662826
0.005,-1.1159411923236826,-9.09787594432201
0.005,-1.1039411923236822,-8.845063410029132
0.005,-1.0919411923236817,-8.528857249492837
0.005,-1.0799411923236812,-8.142093521619973
0.005,-1.0679411923236808,-7.680676382167089
0.005,-1.0559411923236803,-7.145113132159962
0.005,-1.0439411923236799,-6.541833520416482
0.005,-1.0319411923236794,-5.883894502270375
0.005,-1.019941192323679,-5.190657172369939
0.005,-1.0079411923236785,-4.486186760663066
0.005,-0.995941192323678,-3.7964874139817164
0.005,-0.9839411923236775,-3.146120914333844
0.005,-0.971941192323677,-2.5550500905618794
0.005,-0.9599411923236766,-2.0365107949321586
0.005,-0.9479411923236761,-1.5963488589127417
0.005,-0.9359411923236757,-1.2337503693909229
0.005,-0.9239411923236752,-0.942892515235576
0.005,-0.9119411923236748,-0.7148781940533597
0.005,-0.8999411923236743,-0.5393169566615361
0.005,-0.8879411923236739,-0.40544988632061624
0.005,-0.8759411923236734,-0.30359966700969604
0.005,-0.863941192323673,-0.22622370887928045
0.005,-0.8519411923236725,-0.1677110807782367
0.005,-0.839941192323672,-0.12373527298833331
0.005,-0.8279411923236716,-0.09087034477811369
0.005,-0.8159411923236711,-0.06641652653303924
0.005,-0.8039411923236707,-0.04827808094257395
0.005,-0.7919411923236702,-0.03485199972652296
0.005,-0.7799411923236698,-0.02492802018445205
0.005,-0.7679411923236693,-0.017603323312248714
0.005,-0.7559411923236689,-0.012212460499276491
0.005,-0.7439411923236684,-0.00827062842461256
0.005,-0.7319411923236679,-0.005426938708849352
0.005,-0.7199411923236675,-0.003424388061596072
0.005,-0.707941192323667,-0.0020657236258306037
0.005,-0.6959411923236666,-0.0011884812449959024
0.005,-0.6839411923236661,-0.0006535029129630279
0.005,-0.6719411923236657,-0.0003454628379012851
0.005,-0.6599411923236652,-0.00017696298447903783
0.005,-0.6479411923236648,-8.854238197208774e-5
0.005,-0.6359411923236643,-4.356854273109246e-5
0.005,-0.6239411923236639,-2.119525076311801e-5
0.005,-0.6119411923236634,-1.0233006703464844e-5
0.005,-0.5999411923236629,-4.916025845246033e-6
0.005,-0.5879411923236625,-2.354211215592913e-6
0.005,-0.575941192323662,-1.1251526370753161e-6
0.005,-0.5639411923236616,-5.370949598403476e-7
0.005,-0.5519411923236611,-2.562045530375404e-7
0.005,-0.5399411923236607,-1.2217012371936807e-7
0.005,-0.5279411923236602,-5.824819431213389e-8
0.005,-0.5159411923236598,-2.777179630612008e-8
0.005,-0.5039411923236593,-1.324261247471192e-8
0.005,-0.49194119232365885,-6.315713020915799e-9
0.005,-0.4799411923236584,-3.012812170049665e-9
0.005,-0.46794119232365794,-1.4376115567747602e-9
0.005,-0.4559411923236575,-6.861886141302418e-10
0.005,-0.44394119232365703,-3.276383841243558e-10
0.005,-0.4319411923236566,-1.5649109484065287e-10
0.005,-0.4199411923236561,-7.477505311705538e-11
0.005,-0.40794119232365567,-3.5746529425270916e-11
0.005,-0.3959411923236552,-1.709448737278419e-11
0.005,-0.38394119232365476,-8.178592180302995e-12
0.005,-0.3719411923236543,-3.922533387172522e-12
0.005,-0.35994119232365385,-1.878178597971569e-12
0.005,-0.3479411923236534,-8.969638151460737e-13
0.005,-0.33594119232365294,-4.3135429041288616e-13
0.005,-0.3239411923236525,-2.0030069546563018e-13
0.005,-0.31194119232365203,-9.964188578739216e-14
0.005,-0.2999411923236516,-4.855953608752308e-14
0.005,-0.2879411923236511,-2.7916121503841267e-14
0.005,-0.27594119232365066,-1.421966075520246e-14
0.005,-0.2639411923236502,-1.7740101005528331e-15
0.005,-0.25194119232364975,-4.999217579288149e-15
0.005,-0.2399411923236493,-8.051678912920923e-17
0.005,-0.22794119232364884,1.604627647929126e-15
0.005,-0.2159411923236484,-3.397053092054527e-15
0.005,-0.20394119232364794,1.622545836750179e-15
0.005,-0.1919411923236476,1.5317856644835408e-15
0.005,-0.17994119232364714,7.051442794423308e-15
0.005,-0.16794119232364668,6.961200727241218e-15
0.005,-0.15594119232364623,-1.9476537845985464e-15
0.005,-0.14394119232364577,-3.3156098325999474e-16
0.005,-0.13194119232364532,1.7382967645544412e-15
0.005,-0.11994119232364486,-9.951717909062689e-16
0.005,-0.10794119232364441,3.2599554366442723e-15
0.005,-0.09594119232364395,4.6061457503619105e-15
0.005,-0.0839411923236435,-5.595102608068172e-16
0.005,-0.07194119232364304,-2.537157275134986e-15
0.005,-0.05994119232364259,-5.703162435483968e-15
0.005,-0.047941192323642134,-6.155869888916863e-16
0.005,-0.03594119232364168,-1.0122908741320402e-15
0.005,-0.023941192323641225,-3.840136361103612e-15
0.005,-0.01194119232364077,-3.0502372727495902e-15
0.005,5.8807676359684535e-5,2.4405293466276933e-15
0.005,0.01205880767636014,-1.8265661748934994e-15
0.005,0.024058807676360594,1.3572757007418503e-16
0.005,0.03605880767636105,6.529530402037506e-15
0.005,0.048058807676361504,-1.9694012289085135e-16
0.005,0.06005880767636196,1.450360029912471e-15
0.005,0.07205880767636241,1.926534185216852e-15
0.005,0.08405880767636287,-5.677581745146231e-15
0.005,0.09605880767636332,7.726100746408598e-16
0.005,0.10805880767636378,2.0409163578665654e-15
0.005,0.12005880767636423,1.7585494191612908e-15
0.005,0.1320588076763647,-2.7662940708188817e-15
0.005,0.14405880767636514,-4.882608352882745e-15
0.005,0.1560588076763656,1.5672672166246883e-15
0.005,0.16805880767636605,-2.6968580130999675e-15
0.005,0.1800588076763665,4.006881399458048e-15
0.005,0.19205880767636696,1.0521866283903103e-15
0.005,0.20405880767636742,2.699403644948934e-15
0.005,0.21605880767636787,7.556560002398894e-15
0.005,0.22805880767636832,1.1377438018396784e-15
0.005,0.24005880767636878,-5.654712294063233e-15
0.005,0.25205880767636923,1.0014372709422378e-15
0.005,0.2640588076763697,2.7169600248272224e-15
0.005,0.27605880767637014,-4.006317403166677e-15
0.005,0.2880588076763706,2.4515222861593932e-15
0.005,0.3000588076763713,5.657783679524083e-15
0.005,0.31205880767637173,-2.415179775055013e-15
0.005,0.3240588076763722,-1.4162256174997008e-15
0.005,0.33605880767637264,-1.4832181346822326e-15
0.005,0.3480588076763731,1.536541722837736e-15
0.005,0.36005880767637355,1.407862443700423e-15
0.005,0.372058807676374,-7.3338090680402e-15
0.005,0.38405880767637446,-6.924430895832885e-15
0.005,0.3960588076763749,3.176874393142877e-15
0.005,0.40805880767637537,-2.7395488079717447e-16
0.005,0.4200588076763758,-1.4895354922456453e-17
0.005,0.4320588076763763,-8.626609284597633e-16
0.005,0.44405880767637673,-2.072549699459476e-15
0.005,0.4560588076763772,-1.6044650334377232e-15
0.005,0.46805880767637764,1.757359240660224e-15
0.005,0.4800588076763781,-4.601848936628216e-15
0.005,0.49205880767637855,1.9781112471234277e-15
0.005,0.504058807676379,8.264773738297636e-17
0.005,0.5160588076763795,-5.627351822968033e-15
0.005,0.5280588076763799,-6.88934972784724e-15
0.005,0.5400588076763804,4.56615721605219e-15
0.005,0.5520588076763808,-3.583321181322477e-15
0.005,0.5640588076763813,-2.8437251750475433e-15
0.005,0.5760588076763817,1.6253994052545237e-15
0.005,0.5880588076763822,-3.657425505527456e-15
0.005,0.6000588076763826,-3.2656998187013036e-15
0.005,0.6120588076763831,-7.847002130953759e-15
0.005,0.6240588076763836,2.994035507243046e-17
0.005,0.636058807676384,4.177443721684833e-15
0.005,0.6480588076763845,1.571524457510694e-16
0.005,0.6600588076763849,-1.758540440450532e-15
0.005,0.6720588076763854,-2.154925747595707e-15
0.005,0.6840588076763858,4.838134119280248e-15
0.005,0.6960588076763863,-4.2783801030081845e-15
0.005,0.7080588076763867,-3.525403484207236e-15
0.005,0.7200588076763872,-2.8717138236147314e-15
0.005,0.7320588076763876,1.3490588467481598e-15
0.005,0.7440588076763881,4.49227104135409e-15
0.005,0.7560588076763886,4.549740135288631e-15
0.005,0.768058807676389,-1.3666667711040215e-15
0.005,0.7800588076763895,4.191936032079231e-15
0.005,0.7920588076763899,5.060317066758289e-16
0.005,0.7959411923236098,3.329333964058778e-16
0.005,0.7839411923236094,-2.37135599944096e-15
0.005,0.7719411923236089,-1.9659683670400517e-15
0.005,0.7599411923236085,4.375811460191426e-15
0.005,0.747941192323608,-2.4053590565838338e-15
0.005,0.7359411923236076,5.567290873429231e-15
0.005,0.7239411923236071,-4.825637078789053e-15
0.005,0.7119411923236066,5.833593561600099e-15
0.005,0.6999411923236062,-8.369532059318469e-16
0.005,0.6879411923236057,-6.798090405554426e-15
0.005,0.6759411923236053,5.6034448315353696e-15
0.005,0.6639411923236048,3.711718462323618e-15
0.005,0.6519411923236044,3.1306380036835524e-15
0.005,0.6399411923236039,7.623340688424165e-15
0.005,0.6279411923236035,-2.967687968627925e-16
0.005,0.615941192323603,3.325803001447983e-15
0.005,0.6039411923236025,1.0919789611649407e-15
0.005,0.5919411923236021,-5.5204462586793786e-17
0.005,0.5799411923236016,7.101146630437344e-15
0.005,0.5679411923236012,-2.412406017342039e-15
0.005,0.5559411923236007,-1.5459484227963891e-15
0.005,0.5439411923236003,-5.945661553682978e-16
0.005,0.5319411923235998,2.1888027701947692e-15
0.005,0.5199411923235994,7.410144103996962e-15
0.005,0.5079411923235989,3.881765339824141e-15
0.005,0.49594119232359846,7.306057524051586e-15
0.005,0.483941192323598,-2.842262642200884e-15
0.005,0.47194119232359755,-1.3711591212834729e-15
0.005,0.4599411923235971,4.250840057621696e-15
0.005,0.44794119232359664,-4.93108742571327e-15
0.005,0.4359411923235962,1.4450865315621093e-15
0.005,0.42394119232359573,-4.382532194312846e-15
0.005,0.4119411923235953,4.182112320764087e-16
0.005,0.3999411923235948,4.23383270951431e-15
0.005,0.38794119232359436,9.655626506377703e-16
0.005,0.3759411923235939,-2.0008333807582757e-16
0.005,0.36394119232359345,4.604859466364629e-15
0.005,0.351941192323593,-3.299275888077281e-15
0.005,0.33994119232359254,3.4264434177306183e-15
0.005,0.3279411923235921,-5.15871978789015e-15
0.005,0.31594119232359164,-1.016124452654051e-16
0.005,0.3039411923235912,-8.389111642924273e-15
0.005,0.2919411923235907,-4.316622111052803e-15
0.005,0.27994119232359027,4.215810766653533e-15
0.005,0.2679411923235898,2.924314791525366e-15
0.005,0.25594119232358936,-2.676264499881483e-15
0.005,0.2439411923235889,-3.9356173419564724e-15
0.005,0.23194119232358845,2.2853149730476765e-15
0.005,0.219941192323588,3.586196365252993e-15
0.005,0.20794119232358754,2.998762967241127e-15
0.005,0.1959411923235871,-6.1079225554965126e-15
0.005,0.18394119232358663,3.775313367423738e-16
0.005,0.17194119232358618,-7.181535057202465e-16
0.005,0.15994119232358572,-5.423110342406318e-15
0.005,0.14794119232358527,2.0891111047473014e-15
0.005,0.13594119232358481,-3.4142293730143527e-15
0.005,0.12394119232358436,-2.9513387270905482e-15
0.005,0.1119411923235839,-1.3323920246991797e-15
0.005,0.09994119232358345,-7.952474425846912e-15
0.005,0.087941192323583,1.8831723146044194e-16
0.005,0.07594119232358254,-1.840512446423753e-15
0.005,0.06394119232358209,-1.5403453723682838e-15
0.005,0.05194119232358163,-5.295330597447829e-15
0.005,0.039941192323581176,-1.9031595983008224e-15
0.005,0.029955894242684744,-1.8224861677019e-15
0.005,0.019970596161790644,3.763775257823611e-15
0.005,0.009985298080896432,1.6691782311905863e-15
0.005,0.0,5.4616542357086455e-15
0.01,-0.0011999999999999789,-5.08815906303326e-15
0.01,-0.0025200000000000777,3.8316921370225875e-15
0.01,-0.0039719999999999756,-1.0369300224399457e-15
0.01,-0.00556919999999983,4.566278054045297e-15
0.01,-0.0073261200000001026,3.4201045262100776e-15
0.01,-0.009258732000000047,-7.330037543021849e-16
0.01,-0.01138460519999962,-2.9083989400957597e-15
0.01,-0.01372306572000015,3.678711799855148e-15
0.01,-0.01629537229199962,-2.240755899095185e-15
0.01,-0.01912490952119983,-2.058703722454997e-15
0.01,-0.022237400473320013,4.049552655208752e-15
0.01,-0.025661140520651826,-5.921201863532372e-15
0.01,-0.029427254572717,-1.0048668118337978e-15
0.01,-0.03356998002998923,5.604285424625012e-16
0.01,-0.03812697803298759,5.4325335555974005e-15
0.01,-0.04313967583628653,3.0157503616105314e-15
0.01,-0.04865364341991496,-1.7127587856704797e-16
0.01,-0.05471900776190686,7.294557780887701e-16
0.01,-0.06139090853809759,-8.772740232176917e-16
0.01,-0.06872999939190716,3.295653504399811e-16
0.01,-0.0768029993310978,1.438823954324021e-15
0.01,-0.08568329926420803,-5.789692095624676e-15
0.01,-0.09545162919062877,3.8730393155895935e-15
0.01,-0.10619679210969135,-6.2735988241790635e-15
0.01,-0.11801647132066073,2.457996124900329e-15
0.01,-0.13001647132066063,1.5179241919222703e-15
0.01,-0.14201647132066053,-3.4694378261466612e-15
0.01,-0.15401647132066043,-1.384620874776672e-15
0.01,-0.16601647132066089,-1.355251166892752e-15
0.01,-0.17801647132066023,-4.436023717695351e-16
0.01,-0.19001647132066068,-1.078470651368926e-15
0.01,-0.20201647132066047,3.709170170107804e-15
0.01,-0.21401647132066048,-2.25525357159097e-16
0.01,-0.22601647132066094,-3.896678984709927e-15
0.01,-0.23801647132066028,-2.4229759596542597e-16
0.01,-0.25001647132066074,-4.947497190492258e-15
0.01,-0.2620164713206605,-3.639934969555974e-15
0.01,-0.27401647132066054,-1.3116125523306636e-14
0.01,-0.2860164713206603,-1.765656171503663e-14
0.01,-0.2980164713206601,-3.838844490350221e-14
0.01,-0.31001647132066057,-8.835396256029728e-14
0.01,-0.3220164713206606,-1.8059313396372221e-13
0.01,-0.33401647132066037,-3.7812250528310704e-13
0.01,-0.3460164713206608,-8.013858558572183e-13
0.01,-0.35801647132066017,-1.6687331771624912e-12
0.01,-0.3700164713206606,-3.4757036660020104e-12
0.01,-0.38201647132066063,-7.273277198226831e-12
0.01,-0.3940164713206604,-1.519194423639684e-11
0.01,-0.4060164713206609,-3.17556686989875e-11
0.01,-0.4180164713206609,-6.642617734974179e-11
0.01,-0.4300164713206607,-1.3900242639191823e-10
0.01,-0.44201647132066113,-2.910054040079476e-10
0.01,-0.4540164713206605,-6.09446614633344e-10
0.01,-0.46601647132066093,-1.2767655450806762e-9
0.01,-0.4780164713206607,-2.675609253854493e-9
0.01,-0.49001647132066073,-5.60857565446002e-9
0.01,-0.5020164713206612,-1.175951301620794e-8
0.01,-0.514016471320661,-2.4660893610318086e-8
0.01,-0.526016471320661,-5.1722823596567415e-8
0.01,-0.5380164713206614,-1.0848453791534921e-7
0.01,-0.5500164713206606,-2.2751232914079192e-7
0.01,-0.562016471320661,-4.769829100251094e-7
0.01,-0.574016471320661,-9.9936633094601e-7
0.01,-0.5860164713206608,-2.09152328584669e-6
0.01,-0.5980164713206613,-4.3691826269426e-6
0.01,-0.6100164713206613,-9.100312231636658e-6
0.01,-0.6220164713206611,-1.8867138407348053e-5
0.01,-0.6340164713206615,-3.88393674992969e-5
0.01,-0.6460164713206609,-7.910283824994996e-5
0.01,-0.6580164713206613,-0.00015859378237409393
0.01,-0.6700164713206613,-0.00031095401392120675
0.01,-0.6820164713206611,-0.0005915870314101993
0.01,-0.6940164713206616,-0.0010833537915454197
0.01,-0.7060164713206614,-0.001897521143686856
0.01,-0.7180164713206614,-0.003169987553448043
0.01,-0.7300164713206612,-0.005059572605182946
0.01,-0.7420164713206612,-0.007757392118836364
0.01,-0.7540164713206616,-0.011510195653045403
0.01,-0.7660164713206614,-0.016653947672112295
0.01,-0.7780164713206614,-0.02365405357699972
0.01,-0.7900164713206619,-0.03315285090233446
0.01,-0.8020164713206617,-0.04602830757528825
0.01,-0.8140164713206617,-0.06346912186742983
0.01,-0.8260164713206615,-0.08707191314547746
0.01,-0.8380164713206613,-0.11896751825228793
0.01,-0.8500164713206617,-0.1619868560234925
0.01,-0.8620164713206617,-0.21988206893526221
0.01,-0.8740164713206615,-0.2976192944810462
0.01,-0.886016471320662,-0.40173985110893135
0.01,-0.898016471320662,-0.5407360786730065
0.01,-0.9100164713206618,-0.7253238612941649
0.01,-0.9220164713206618,-0.9684377430214947
0.01,-0.9340164713206616,-1.284708742871585
0.01,-0.946016471320662,-1.689076258564191
0.01,-0.958016471320662,-2.1941184312062023
0.01,-0.9700164713206618,-2.806206942541421
0.01,-0.9820164713206623,-3.5213084431062374
0.01,-0.9940164713206621,-4.321658580389459
0.01,-1.006016471320662,-5.175133805793637
0.01,-1.0180164713206619,-6.038922246827093
0.01,-1.0300164713206619,-6.867414903545708
0.01,-1.0420164713206623,-7.621746807033613
0.01,-1.0540164713206621,-8.276951055951209
0.01,-1.0660164713206621,-8.823864311850341
0.01,-1.0780164713206626,-9.26610020058017
0.01,-1.0900164713206624,-9.614879775971353
0.01,-1.1020164713206622,-9.884469402966918
0.01,-1.1140164713206622,-10.089328208733807
0.01,-1.126016471320662,-10.242709025780233
0.01,-1.1380164713206624,-10.356094182661352
0.01,-1.1500164713206624,-10.43903915171243
0.01,-1.1620164713206622,-10.499227820966219
0.01,-1.1740164713206627,-10.542653475891024
0.01,-1.1860164713206627,-10.57386967232258
0.01,-1.1980164713206625,-10.596263435914897
0.01,-1.1899835286793377,-10.513961966689891
0.01,-1.1779835286793376,-10.432662919568477
0.01,-1.1659835286793372,-10.343960166255115
0.01,-1.1539835286793374,-10.231024802547083
0.01,-1.1419835286793374,-10.083683994960376
0.01,-1.129983528679337,-9.892325997449941
0.01,-1.1179835286793376,-9.647203144377414
0.01,-1.1059835286793371,-9.338871212927417
0.01,-1.0939835286793378,-8.959203853252905
0.01,-1.0819835286793373,-8.502766546281304
0.01,-1.0699835286793382,-7.968342228684593
0.01,-1.0579835286793378,-7.360319656052638
0.01,-1.0459835286793384,-6.689565505545559
0.01,-1.033983528679338,-5.973385203185851
0.01,-1.0219835286793386,-5.234316334117712
0.01,-1.0099835286793382,-4.497803555815414
0.01,-0.9979835286793388,-3.7891735398789943
0.01,-0.9859835286793384,-3.1305906776373047
0.01,-0.973983528679339,-2.5386940049762456
0.01,-0.9619835286793386,-2.0233824828336364
0.01,-0.9499835286793392,-1.5878455397616265
0.01,-0.9379835286793388,-1.229594203762036
0.01,-0.9259835286793394,-0.9420560301167099
0.01,-0.913983528679339,-0.7162777180898741
0.01,-0.9019835286793397,-0.5423423975990086
0.01,-0.8899835286793393,-0.4101820834758965
0.01,-0.8779835286793399,-0.3099576405909808
0.01,-0.8659835286793395,-0.233215260462164
0.01,-0.8539835286793402,-0.17418918975786607
0.01,-0.8419835286793398,-0.12915449343400504
0.01,-0.8299835286793404,-0.09517584386908504
0.01,-0.81798352867934,-0.06974592270601493
0.01,-0.8059835286793406,-0.05081229705165712
0.01,-0.7939835286793402,-0.036761870130046455
0.01,-0.7819835286793408,-0.02635772759373651
0.01,-0.7699835286793404,-0.01866772153931176
0.01,-0.757983528679341,-0.012999694790340788
0.01,-0.7459835286793406,-0.008846623695240188
0.01,-0.7339835286793412,-0.005840484521382364
0.01,-0.7219835286793408,-0.0037123217555576856
0.01,-0.7099835286793416,-0.0022575712706961854
0.01,-0.6979835286793411,-0.0013094979605102759
0.01,-0.6859835286793418,-0.00072545488122971
0.01,-0.6739835286793413,-0.00038590916459626824
0.01,-0.661983528679342,-0.00019864281117214222
0.01,-0.6499835286793415,-9.97416010202428e-5
0.01,-0.6379835286793422,-4.9200253479367246e-5
0.01,-0.6259835286793417,-2.3974761348277105e-5
0.01,-0.6139835286793425,-1.1587627049869952e-5
0.01,-0.601983528679342,-5.570740367155377e-6
0.01,-0.5899835286793427,-2.6689431088149055e-6
0.01,-0.5779835286793422,-1.27592813594995e-6
0.01,-0.5659835286793429,-6.091692368339204e-7
0.01,-0.5539835286793424,-2.9061221724174503e-7
0.01,-0.5419835286793431,-1.3858337914215718e-7
0.01,-0.5299835286793426,-6.60744691183313e-8
0.01,-0.5179835286793434,-3.1502920592743024e-8
0.01,-0.5059835286793429,-1.502137086170225e-8
0.01,-0.4939835286793436,-7.163788075425542e-9
0.01,-0.48198352867934313,-3.4172346616600653e-9
0.01,-0.4699835286793438,-1.6305097885487845e-9
0.01,-0.45798352867934333,-7.782136106554365e-10
0.01,-0.445983528679344,-3.715497161200056e-10
0.01,-0.43398352867934353,-1.774604318087678e-10
0.01,-0.4219835286793443,-8.478070104231613e-11
0.01,-0.40998352867934384,-4.052862931638317e-11
0.01,-0.3979835286793445,-1.938152258506618e-11
0.01,-0.38598352867934405,-9.270587073360494e-12
0.01,-0.3739835286793447,-4.43629398431973e-12
0.01,-0.36198352867934425,-2.124158819368855e-12
0.01,-0.3499835286793449,-1.018934352734257e-12
0.01,-0.33798352867934445,-4.857914254071798e-13
0.01,-0.3259835286793452,-2.3902690963469667e-13
0.01,-0.31398352867934476,-1.1614597594834471e-13
0.01,-0.3019835286793454,-5.617201086860002e-14
0.01,-0.28998352867934496,-2.318229477437822e-14
0.01,-0.2779835286793456,-1.583396446452812e-14
0.01,-0.26598352867934516,2.2407758931733248e-15
0.01,-0.2539835286793458,-7.742644194292032e-15
0.01,-0.24198352867934536,-5.741165011149716e-15
0.01,-0.22998352867934602,1.787455891872535e-16
0.01,-0.21798352867934556,-2.8016768571036266e-15
0.01,-0.20598352867934633,-4.955464968306986e-15
0.01,-0.19398352867934587,-5.666473412515278e-16
0.01,-0.18198352867934653,1.2818638096723557e-15
0.01,-0.16998352867934607,1.6058750241642463e-15
0.01,-0.15798352867934673,1.8354115389181156e-15
0.01,-0.14598352867934627,-4.369989595159496e-15
0.01,-0.13398352867934693,3.1022682585591445e-15
0.01,-0.12198352867934648,-8.320328703562555e-16
0.01,-0.10998352867934713,3.073780459970537e-15
0.01,-0.09798352867934668,4.693958908975809e-16
0.01,-0.08598352867934733,-1.0351965726208168e-15
0.01,-0.07398352867934688,-2.623888332378674e-15
0.01,-0.061983528679347755,-6.54360071287592e-16
0.01,-0.0499835286793473,-4.850044217879991e-15
0.01,-0.037983528679347955,2.0536355384120577e-15
0.01,-0.0259835286793475,6.5926391263515506e-15
0.01,-0.013983528679348156,-8.944415874779895e-15
0.01,-0.0019835286793477014,-4.477146895491612e-15
0.01,0.010016471320651643,-6.502456252179126e-15
0.01,0.022016471320652098,-1.7098924347580536e-15
0.01,0.03401647132065144,-8.800157860778279e-16
0.01,0.0460164713206519,1.2842947135037911e-15
0.01,0.05801647132065124,-3.62210058207371e-15
0.01,0.0700164713206517,2.0730441938479494e-15
0.01,0.08201647132065104,-2.264990488718603e-16
0.01,0.0940164713206515,2.6713691051739726e-15
0.01,0.10601647132065084,1.4704906405096067e-15
0.01,0.1180164713206513,3.466907823907496e-15
0.01,0.13001647132065042,-2.9098949759349133e-15
0.01,0.14201647132065087,-5.122155801834126e-15
0.01,0.15401647132065022,2.6697662383466587e-15
0.01,0.16601647132065067,-3.040414891565543e-15
0.01,0.17801647132065002,-1.5424700023209542e-16
0.01,0.19001647132065047,-6.321214580339159e-17
0.01,0.20201647132065093,4.761749534123427e-15
0.01,0.21401647132065027,1.938232452655529e-15
0.01,0.22601647132064961,-3.742162623046608e-15
0.01,0.23801647132065007,2.078248522842935e-15
0.01,0.2500164713206505,1.6001100243188493e-15
0.01,0.26201647132064987,3.855575759614601e-15
0.01,0.2740164713206492,-1.5854973326428283e-15
0.01,0.28601647132064967,-2.8165961553600633e-16
0.01,0.2980164713206501,2.4284403388240928e-15
0.01,0.31001647132064947,1.4325040270049868e-15
0.01,0.3220164713206488,-2.721855419534732e-15
0.01,0.33401647132064927,4.747121545368e-15
0.01,0.3460164713206497,-8.099738313957704e-16
0.01,0.35801647132064884,6.288345834082977e-16
0.01,0.3700164713206482,-3.339250455553813e-16
0.01,0.38201647132064864,-5.205929869085072e-15
0.01,0.3940164713206491,7.702167483843559e-16
0.01,0.40601647132064844,1.0828562546123617e-15
0.01,0.4180164713206478,-1.9222031193482335e-16
0.01,0.43001647132064824,-6.671226156949208e-15
0.01,0.4420164713206487,-2.2446540327853333e-15
0.01,0.45401647132064804,-4.283702818014889e-15
0.01,0.4660164713206474,-2.02101819622457e-15
0.01,0.47801647132064784,-3.9555534137494625e-15
0.01,0.4900164713206483,-4.425099614975311e-15
0.01,0.5020164713206476,3.08851552820189e-15
0.01,0.514016471320647,-1.988998769897779e-15
0.01,0.5260164713206474,2.119537973124787e-15
0.01,0.5380164713206479,-3.934649636068641e-15
0.01,0.550016471320647,-8.106184365935137e-15
0.01,0.5620164713206464,2.6943532842687937e-15
0.01,0.5740164713206468,2.44293198413106e-15
0.01,0.5860164713206473,-3.3867997325713885e-15
0.01,0.5980164713206466,-1.1621688983597447e-15
0.01,0.610016471320646,4.3587728528530195e-15
0.01,0.6220164713206464,-2.5588930803806663e-15
0.01,0.6340164713206469,-5.491654514493723e-15
0.01,0.6460164713206462,1.3923552060127251e-15
0.01,0.6580164713206456,-4.036471584673882e-15
0.01,0.670016471320646,2.9248887641548345e-15
0.01,0.6820164713206465,-2.2307609684493273e-15
0.01,0.6940164713206458,2.6823543961659694e-15
0.01,0.7060164713206452,1.7501642973436042e-16
0.01,0.7180164713206456,2.2305368331099034e-15
0.01,0.7300164713206461,-1.1132149512846457e-15
0.01,0.7420164713206454,-3.377208470146689e-15
0.01,0.7540164713206445,1.1710245712699815e-15
0.01,0.766016471320645,-9.0720266869906e-16
0.01,0.7780164713206454,-4.173213416950131e-15
0.01,0.7900164713206448,-2.752025230661254e-15
0.01,0.797983528679356,-9.849450350173993e-17
0.01,0.7859835286793555,4.135226138346663e-15
0.01,0.773983528679355,5.354973870489432e-15
0.01,0.7619835286793557,-4.316955321126638e-15
0.01,0.7499835286793564,3.3462372256141213e-15
0.01,0.7379835286793559,7.142501592086095e-15
0.01,0.7259835286793554,-8.270806104507958e-16
0.01,0.7139835286793562,-7.331486240313041e-17
0.01,0.7019835286793569,1.3066397411611846e-15
0.01,0.6899835286793564,4.00682852481703e-15
0.01,0.677983528679356,-1.751604217164343e-15
0.01,0.6659835286793566,6.838189012259198e-16
0.01,0.6539835286793574,-1.1101242782045833e-15
0.01,0.6419835286793569,-2.5418674422357395e-16
0.01,0.6299835286793565,-4.864275147818121e-16
0.01,0.6179835286793571,3.392149051181877e-15
0.01,0.6059835286793578,8.164212135480631e-16
0.01,0.5939835286793573,-1.1241397190845043e-15
0.01,0.5819835286793569,-5.062783885499359e-15
0.01,0.5699835286793575,1.814273649569286e-15
0.01,0.5579835286793582,1.3276732113857146e-15
0.01,0.5459835286793577,1.5173715021628885e-15
0.01,0.5339835286793573,-9.450981648603405e-16
0.01,0.5219835286793579,3.251989321561441e-15
0.01,0.5099835286793587,-1.4320012189893796e-15
0.01,0.49798352867935824,-1.5599439109925008e-15
0.01,0.4859835286793578,2.034595342820828e-15
0.01,0.47398352867935845,-3.8843249380524695e-17
0.01,0.46198352867935916,-1.9514344885099848e-15
0.01,0.4499835286793587,1.584756422520257e-16
0.01,0.43798352867935825,-6.3120762441824866e-15
0.01,0.4259835286793589,-3.5266528557065505e-15
0.01,0.4139835286793596,-2.2968935242807437e-15
0.01,0.40198352867935916,3.8907231041002407e-16
0.01,0.3899835286793587,2.234422953801525e-16
0.01,0.37798352867935936,1.12275899232671e-15
0.01,0.36598352867936,-3.692392610581098e-15
0.01,0.35398352867935956,2.1670520004400377e-15
0.01,0.3419835286793591,5.530789738375157e-15
0.01,0.3299835286793598,-2.4415299744841497e-15
0.01,0.31798352867936047,1.7844131052929837e-15
0.01,0.30598352867936,7.602942711709474e-16
0.01,0.2939835286793596,-7.508311050679445e-15
0.01,0.2819835286793603,3.6148497712530795e-15
0.01,0.26998352867936093,-4.5649401014112354e-15
0.01,0.2579835286793605,-2.675449432126024e-15
0.01,0.24598352867936002,-4.833218106786275e-15
0.01,0.23398352867936068,1.9122620196106542e-15
0.01,0.22198352867936144,-3.379435191343441e-15
0.01,0.209983528679361,-6.960445850118008e-15
0.01,0.19798352867936053,3.45318834806068e-15
0.01,0.1859835286793612,-1.3562547876540634e-15
0.01,0.17398352867936184,2.032393229935122e-15
0.01,0.1619835286793614,-2.3425273422445238e-15
0.01,0.14998352867936093,3.990180657824519e-16
0.01,0.1379835286793616,-3.315346456972724e-15
0.01,0.12598352867936236,-1.957103715400028e-15
0.01,0.1139835286793619,6.678584047257182e-15
0.01,0.10198352867936145,4.990948183174322e-15
0.01,0.0899835286793621,-1.0005121308021932e-15
0.01,0.07798352867936276,2.1115967989252595e-15
0.01,0.0659835286793623,-5.321888304946899e-15
0.01,0.05398352867936185,-2.1354176612045646e-16
0.01,0.0419835286793625,-2.2214264307394874e-15
0.01,0.03148764650952218,9.477624240769558e-16
0.01,0.023615734882141637,3.930952575557612e-15
0.01,0.01574382325476109,-1.3405128813663162e-15
0.01,0.007871911627380546,-6.9246083893521636e-15
0.01,0.0,2.973060710869372e-15
0.01,-0.007871911627380546,-2.776503087279122e-15
0.01,-0.016531014417498602,-6.824340699331206e-15
0.01,-0.026056027486629274,1.1636742559037568e-15
0.01,-0.03653354186267277,1.2830315014141006e-15
0.01,-0.048058807676320536,4.708284814553673e-15
0.01,-0.06005880767632099,4.721860098218582e-15
0.01,-0.07205880767632145,-1.6557587670142381e-15
0.01,-0.08405880767632079,2.546454567796484e-15
0.01,-0.09605880767632013,4.841389402256717e-17
0.01,-0.10805880767632059,4.15787910264897e-15
0.01,-0.12005880767632104,-5.300358012512666e-15
0.01,-0.1320588076763204,2.0784480498389635e-15
0.01,-0.14405880767631962,4.459115641387779e-16
0.01,-0.15605880767632008,2.5610852169054395e-15
0.01,-0.16805880767632064,-2.5891506833619975e-15
0.01,-0.18005880767631988,3.692431850889829e-15
0.01,-0.19205880767631922,-3.2767586021283925e-16
0.01,-0.20405880767631968,4.0429602023952946e-15
0.01,-0.21605880767632013,-5.200421593962146e-15
0.01,-0.22805880767631947,1.4372095385279773e-15
0.01,-0.24005880767631882,1.2913892281921525e-15
0.01,-0.2520588076763193,3.69590761106121e-15
0.01,-0.26405880767631973,-5.010681402517005e-15
0.01,-0.2760588076763191,-1.2887033953741179e-14
0.01,-0.2880588076763184,-2.6943385857905283e-14
0.01,-0.3000588076763189,-5.224479294784004e-14
0.01,-0.3120588076763193,-1.023534905077987e-13
0.01,-0.32405880767631845,-2.077079660484214e-13
0.01,-0.3360588076763178,-4.3228324418387886e-13
0.01,-0.34805880767631825,-8.996160246720022e-13
0.01,-0.3600588076763187,-1.8893401062183155e-12
0.01,-0.37205880767631805,-3.948692244543564e-12
0.01,-0.3840588076763174,-8.23853101965373e-12
0.01,-0.39605880767631785,-1.7212629521162822e-11
0.01,-0.4080588076763183,-3.599957605964016e-11
0.01,-0.42005880767631765,-7.531716489133955e-11
0.01,-0.432058807676317,-1.576336780093561e-10
0.01,-0.44405880767631745,-3.3001569734195626e-10
0.01,-0.4560588076763179,-6.911762840560339e-10
0.01,-0.46805880767631725,-1.4480737745912742e-9
0.01,-0.4800588076763166,-3.034739267137855e-9
0.01,-0.49205880767631704,-6.361672930307637e-9
0.01,-0.5040588076763175,-1.3339006356785252e-8
0.01,-0.5160588076763166,-2.7973994285783557e-8
0.01,-0.528058807676316,-5.867232143412221e-8
0.01,-0.5400588076763164,-1.2305963240203475e-7
0.01,-0.5520588076763169,-2.5806935179736633e-7
0.01,-0.5640588076763162,-5.410016688458831e-7
0.01,-0.5760588076763156,-1.1333270559366325e-6
0.01,-0.588058807676316,-2.3712812421437495e-6
0.01,-0.6000588076763165,-4.951559366244281e-6
0.01,-0.6120588076763158,-1.030661310546422e-5
0.01,-0.6240588076763152,-2.1346591753612578e-5
0.01,-0.6360588076763156,-4.3876268750325696e-5
0.01,-0.6480588076763161,-8.915800764914572e-5
0.01,-0.6600588076763154,-0.0001781665809120665
0.01,-0.6720588076763148,-0.00034774367734016103
0.01,-0.6840588076763152,-0.0006576562362452724
0.01,-0.6960588076763157,-0.0011956978045526666
0.01,-0.708058807676315,-0.0020776577286421706
0.01,-0.7200588076763141,-0.003443248741035386
0.01,-0.7320588076763146,-0.005455727904088408
0.01,-0.744058807676315,-0.008313684080271163
0.01,-0.7560588076763144,-0.01227647087707758
0.01,-0.7680588076763137,-0.017699074279928447
0.01,-0.7800588076763142,-0.025073411173104285
0.01,-0.7920588076763146,-0.035077393390748605
0.01,-0.804058807676314,-0.04863603661950555
0.01,-0.8160588076763133,-0.06699990034499882
0.01,-0.8280588076763138,-0.09184667432378071
0.01,-0.8400588076763142,-0.12541333751457914
0.01,-0.8520588076763136,-0.17067018607702356
0.01,-0.8640588076763129,-0.23155320646872435
0.01,-0.8760588076763134,-0.31326977636908565
0.01,-0.8880588076763138,-0.42266801980102153
0.01,-0.9000588076763132,-0.5686046528032327
0.01,-0.9120588076763123,-0.7621757690012871
0.01,-0.9240588076763128,-1.0165758847072108
0.01,-0.9360588076763132,-1.346185055343471
0.01,-0.9480588076763126,-1.764587131906408
0.01,-0.9600588076763119,-2.2815828282869592
0.01,-0.9720588076763124,-2.8992637597206876
0.01,-0.9840588076763128,-3.607837246248095
0.01,-0.9960588076763122,-4.382869694177276
0.01,-1.0080588076763115,-5.186117539139008
0.01,-1.020058807676312,-5.97134426101462
0.01,-1.0320588076763124,-6.69416652310898
0.01,-1.0440588076763118,-7.322148226013836
0.01,-1.056058807676311,-7.8404589343551425
0.01,-1.0680588076763116,-8.250884973337785
0.01,-1.080058807676312,-8.56606915396137
0.01,-1.0920588076763114,-8.802967473285115
0.01,-1.1040588076763107,-8.978340715949855
0.01,-1.1160588076763112,-9.106706624179424
0.01,-1.1280588076763116,-9.199853226014332
0.01,-1.140058807676312,-9.267011911540035
0.01,-1.1520588076763125,-9.315227306385609
0.01,-1.164058807676313,-9.349760569372052
0.01,-1.1760588076763134,-9.374471818086162
0.01,-1.1880588076763139,-9.392155936164409
0.01,-1.1999411923236858,-9.4043761971974
0.01,-1.1879411923236853,-9.32215407439787
0.01,-1.1759411923236849,-9.266423084546352
0.01,-1.1639411923236844,-9.201120029679847
0.01,-1.151941192323684,-9.115489686447702
0.01,-1.1399411923236835,-9.001742064273984
0.01,-1.127941192323683,-8.851950531006038
0.01,-1.1159411923236826,-8.657510417846764
0.01,-1.1039411923236822,-8.409520653708439
0.01,-1.0919411923236817,-8.099691222603388
0.01,-1.0799411923236812,-7.72162331430447
0.01,-1.0679411923236808,-7.272293014934701
0.01,-1.0559411923236803,-6.7534811713671665
0.01,-1.0439411923236799,-6.172812289011902
0.01,-1.0319411923236794,-5.54404317247906
0.01,-1.019941192323679,-4.886324712402116
0.01,-1.0079411923236785,-4.222378273861281
0.01,-0.995941192323678,-3.575846486936818
0.01,-0.9839411923236775,-2.96837529019697
0.01,-0.971941192323677,-2.417108546236161
0.01,-0.9599411923236766,-1.933149883360671
0.01,-0.9479411923236761,-1.5212234755223983
0.01,-0.9359411923236757,-1.180400218645367
0.01,-0.9239411923236752,-0.9055022514580527
0.01,-0.9119411923236748,-0.688725130810304
0.01,-0.8999411923236743,-0.5210776854140039
0.01,-0.8879411923236739,-0.393304996738405
0.01,-0.8759411923236734,-0.2963502277829512
0.01,-0.863941192323673,-0.22234682509837694
0.01,-0.8519411923236725,-0.16572021929759906
0.01,-0.839941192323672,-0.12269854086536623
0.01,-0.8279411923236716,-0.09031884443226056
0.01,-0.8159411923236711,-0.0661191674036015
0.01,-0.8039411923236707,-0.0481163806799203
0.01,-0.7919411923236702,-0.0347634907479821
0.01,-0.7799411923236698,-0.024879304057429618
0.01,-0.7679411923236693,-0.01757640382995505
0.01,-0.7559411923236689,-0.012197584538382378
0.01,-0.7439411923236684,-0.008262473603510725
0.01,-0.7319411923236679,-0.005422565163914154
0.01,-0.7199411923236675,-0.0034221374335503883
0.01,-0.707941192323667,-0.002064636239493445
0.01,-0.6959411923236666,-0.0011879968771154055
0.01,-0.6839411923236661,-0.000653305810876179
0.01,-0.6719411923236657,-0.00034538946950352746
0.01,-0.6599411923236652,-0.00017693778404254037
0.01,-0.6479411923236648,-8.853430819259512e-5
0.01,-0.6359411923236643,-4.356611054846281e-5
0.01,-0.6239411923236639,-2.119456118601645e-5
0.01,-0.6119411923236634,-1.023282497039882e-5
0.01,-0.5999411923236629,-4.915983246405571e-6
0.01,-0.5879411923236625,-2.354203646569019e-6
0.01,-0.575941192323662,-1.1251525900516186e-6
0.01,-0.5639411923236616,-5.370958903193053e-7
0.01,-0.5519411923236611,-2.562052311668464e-7
0.01,-0.5399411923236607,-1.2217050146605627e-7
0.01,-0.5279411923236602,-5.824837438444022e-8
0.01,-0.5159411923236598,-2.777187770394025e-8
0.01,-0.5039411923236593,-1.3242636665227216e-8
0.01,-0.49194119232365885,-6.315718018016064e-9
0.01,-0.4799411923236584,-3.0128199385515597e-9
0.01,-0.46794119232365794,-1.4376097213213209e-9
0.01,-0.4559411923236575,-6.861932613170313e-10
0.01,-0.44394119232365703,-3.276333947870205e-10
0.01,-0.4319411923236566,-1.5648886950083277e-10
0.01,-0.4199411923236561,-7.477320946272393e-11
0.01,-0.40794119232365567,-3.574403076406821e-11
0.01,-0.3959411923236552,-1.7094257804345113e-11
0.01,-0.38394119232365476,-8.181819390035078e-12
0.01,-0.3719411923236543,-3.912533114037821e-12
0.01,-0.35994119232365385,-1.876223022300364e-12
0.01,-0.3479411923236534,-8.995697510374974e-13
0.01,-0.33594119232365294,-4.272531454797551e-13
0.01,-0.3239411923236525,-2.118075739586376e-13
0.01,-0.31194119232365203,-9.959623434455201e-14
0.01,-0.2999411923236516,-4.908650682165817e-14
0.01,-0.2879411923236511,-2.4583525606010682e-14
0.01,-0.27594119232365066,-1.5272622545950162e-14
0.01,-0.2639411923236502,-1.993208124304205e-15
0.01,-0.25194119232364975,2.2226688188017527e-15
0.01,-0.2399411923236493,1.5479144287460864e-15
0.01,-0.22794119232364884,8.197499888188146e-17
0.01,-0.2159411923236484,2.425509287340092e-15
0.01,-0.20394119232364794,1.7320299543340971e-15
0.01,-0.1919411923236476,3.407838523514392e-15
0.01,-0.17994119232364714,-1.0240124197221246e-16
0.01,-0.16794119232364668,4.008467971576712e-15
0.01,-0.15594119232364623,-6.119180200853131e-16
0.01,-0.14394119232364577,-3.5560305446776945e-15
0.01,-0.13194119232364532,6.084850251974624e-15
0.01,-0.11994119232364486,1.0595548275915143e-16
0.01,-0.10794119232364441,2.247025743599492e-15
0.01,-0.09594119232364395,-3.031579836430352e-15
0.01,-0.0839411923236435,-2.6071227444713882e-15
0.01,-0.07194119232364304,4.491970420689942e-15
0.01,-0.05994119232364259,-1.035117426915925e-15
0.01,-0.047941192323642134,2.7032914283553267e-16
0.01,-0.03594119232364168,-6.1229964870753054e-15
0.01,-0.023941192323641225,8.486747515029031e-17
0.01,-0.01194119232364077,3.107183273420068e-15
0.01,5.8807676359684535e-5,-4.331293330658669e-15
0.01,0.01205880767636014,4.901965131301153e-15
0.01,0.024058807676360594,-1.4342359212809675e-15
0.01,0.03605880767636105,-4.2035947266711696e-15
0.01,0.048058807676361504,4.9126817259512594e-15
0.01,0.06005880767636196,-4.973372515688238e-15
0.01,0.07205880767636241,-8.426789654704162e-16
0.01,0.08405880767636287,-6.825126645343634e-16
0.01,0.09605880767636332,-7.430252102043887e-17
0.01,0.10805880767636378,-2.307942663924866e-15
0.01,0.12005880767636423,-1.1169434456463024e-15
0.01,0.1320588076763647,-5.3351448781913944e-15
0.01,0.14405880767636514,6.5239892049668874e-15
0.01,0.1560588076763656,2.0249515382836036e-15
0.01,0.16805880767636605,2.0318890917370423e-15
0.01,0.1800588076763665,4.674823605520461e-15
0.01,0.19205880767636696,-1.7863139324156945e-15
0.01,0.20405880767636742,-2.3113026984418607e-15
0.01,0.21605880767636787,1.072418997748704e-15
0.01,0.22805880767636832,1.5580457442195122e-15
0.01,0.24005880767636878,3.7391158459044155e-15
0.01,0.25205880767636923,-2.535293693045394e-15
0.01,0.2640588076763697,-1.2172669465618495e-15
0.01,0.27605880767637014,-2.3339643089226272e-15
0.01,0.2880588076763706,2.6666456362180482e-15
0.01,0.3000588076763713,1.797850582980795e-15
0.01,0.31205880767637173,5.644246105770756e-15
0.01,0.3240588076763722,2.9896725175621313e-16
0.01,0.33605880767637264,-3.305908830330571e-15
0.01,0.3480588076763731,-2.2782869673535515e-15
0.01,0.36005880767637355,-8.730782326243891e-16
0.01,0.372058807676374,6.379574894817779e-15
0.01,0.38405880767637446,-5.945452050419254e-16
0.01,0.3960588076763749,-6.239459726245477e-15
0.01,0.40805880767637537,-1.4407371757206467e-15
0.01,0.4200588076763758,-5.653065198803806e-16
0.01,0.4320588076763763,7.311114535514695e-16
0.01,0.44405880767637673,2.1358539602183246e-15
0.01,0.4560588076763772,3.317285859318638e-15
0.01,0.46805880767637764,-1.498534159052412e-16
0.01,0.4800588076763781,8.207236805391893e-16
0.01,0.49205880767637855,-1.6135854121652667e-15
0.01,0.504058807676379,6.336757732885115e-16
0.01,0.5160588076763795,-3.225321209130264e-15
0.01,0.5280588076763799,-3.3101667363040077e-15
0.01,0.5400588076763804,2.1712074825381462e-15
0.01,0.5520588076763808,4.4379365164374816e-15
0.01,0.5640588076763813,1.6775005580544056e-15
0.01,0.5760588076763817,-1.7453111359048619e-15
0.01,0.5880588076763822,3.216696322418534e-15
0.01,0.6000588076763826,-1.2036685170764753e-15
0.01,0.6120588076763831,6.111541642561014e-15
0.01,0.6240588076763836,-3.2547441242027225e-15
0.01,0.636058807676384,1.4738486797490867e-15
0.01,0.6480588076763845,4.814309598993434e-15
0.01,0.6600588076763849,3.9691791119032166e-15
0.01,0.6720588076763854,-1.0129962020420615e-14
0.01,0.6840588076763858,-4.904276984039147e-15
0.01,0.6960588076763863,-2.2796404254429655e-15
0.01,0.7080588076763867,-5.838472329068564e-15
0.01,0.7200588076763872,-2.47698791593398e-16
0.01,0.7320588076763876,1.0676789015537344e-15
0.01,0.7440588076763881,-3.902548403675818e-17
0.01,0.7560588076763886,-2.366378133579988e-15
0.01,0.768058807676389,-1.2691226811712485e-15
0.01,0.7800588076763895,-3.144422990904876e-15
0.01,0.7920588076763899,-1.5124877465348883e-15
0.01,0.7959411923236098,-1.340753535776075e-15
0.01,0.7839411923236094,-2.7684236888958845e-15
0.01,0.7719411923236089,2.667815529476367e-15
0.01,0.7599411923236085,-1.0982830164088896e-15
0.01,0.747941192323608,-6.764682603930137e-15
0.01,0.7359411923236076,-1.3761329966046383e-15
0.01,0.7239411923236071,1.3305018390134153e-15
0.01,0.7119411923236066,1.4232260219550907e-17
0.01,0.6999411923236062,-7.635123089742491e-15
0.01,0.6879411923236057,-2.6802626882123704e-15
0.01,0.6759411923236053,2.9319280763885595e-15
0.01,0.6639411923236048,-1.5672625609974514e-15
0.01,0.6519411923236044,2.633270091467343e-15
0.01,0.6399411923236039,-2.620349388654016e-15
0.01,0.6279411923236035,-4.048600165320415e-15
0.01,0.615941192323603,-3.341443257116543e-15
0.01,0.6039411923236025,2.8903513072406457e-15
0.01,0.5919411923236021,5.5444300685132765e-15
0.01,0.5799411923236016,2.6324646675214907e-15
0.01,0.5679411923236012,4.498231577657613e-15
0.01,0.5559411923236007,2.9116162287739473e-15
0.01,0.5439411923236003,-2.1334363581906837e-15
0.01,0.5319411923235998,1.805509759059374e-15
0.01,0.5199411923235994,8.547850660803522e-15
0.01,0.5079411923235989,4.937276087873189e-15
0.01,0.49594119232359846,5.408625348011714e-15
0.01,0.483941192323598,4.040676948534794e-15
0.01,0.47194119232359755,1.6756629144887777e-15
0.01,0.4599411923235971,3.1306981943205585e-16
0.01,0.44794119232359664,2.7405963246557035e-15
0.01,0.4359411923235962,7.854526293804409e-16
0.01,0.42394119232359573,7.677674215713433e-15
0.01,0.4119411923235953,-4.34984202476628e-15
0.01,0.3999411923235948,4.890058025613876e-15
0.01,0.38794119232359436,-3.8571839471565826e-15
0.01,0.3759411923235939,4.340109763273495e-15
0.01,0.36394119232359345,4.276197942829122e-15
0.01,0.351941192323593,4.156159179992409e-15
0.01,0.33994119232359254,-5.812205265872709e-15
0.01,0.3279411923235921,1.4990203397680838e-15
0.01,0.31594119232359164,-4.893747279649677e-15
0.01,0.3039411923235912,-3.118274312708431e-17
0.01,0.2919411923235907,5.580174663749349e-15
0.01,0.27994119232359027,4.812709392546288e-15
0.01,0.2679411923235898,-2.951629371306233e-16
0.01,0.25594119232358936,-3.1757400821952944e-15
0.01,0.2439411923235889,-2.2561294950784762e-15
0.01,0.23194119232358845,1.5100481965230895e-15
0.01,0.219941192323588,8.452601796339252e-16
0.01,0.20794119232358754,4.3809635796366304e-15
0.01,0.1959411923235871,1.6851690453874584e-15
0.01,0.18394119232358663,1.3975741669920751e-15
0.01,0.17194119232358618,-2.2958845828047647e-15
0.01,0.15994119232358572,-2.4502399926990637e-15
0.01,0.14794119232358527,3.5174300531341247e-15
0.01,0.13594119232358481,-5.0899408390568204e-15
0.01,0.12394119232358436,2.3292627879356376e-15
0.01,0.1119411923235839,-5.599538758144716e-15
0.01,0.09994119232358345,1.7811641408411945e-16
0.01,0.087941192323583,-7.573142025469376e-15
0.01,0.07594119232358254,1.1969005615648088e-15
0.01,0.06394119232358209,6.255284211863008e-16
0.01,0.05194119232358163,2.9659953147615253e-16
0.01,0.039941192323581176,-9.0663069131666e-16
0.01,0.029955894242684744,2.7995752997654512e-15
0.01,0.019970596161790644,-2.0481430143475474e-15
0.01,0.009985298080896432,-2.7688052887679375e-15
0.01,0.0,2.5896649472271676e-15
0.05,-0.0012000000000000899,1.379315452145916e-15
0.05,-0.0025199999999998557,-1.896285167920869e-15
0.05,-0.003972000000000309,3.368640313951962e-15
0.05,-0.005569200000000052,-5.179410489980715e-15
0.05,-0.0073261199999997695,4.1202393659234494e-15
0.05,-0.009258731999999936,1.8645897724703726e-15
0.05,-0.011384605199999953,-8.849409112689701e-17
0.05,-0.013723065720000038,-2.0123302289829994e-15
0.05,-0.016295372292000065,4.645012018501868e-15
0.05,-0.01912490952120005,3.2738846571088376e-15
0.05,-0.022237400473320124,2.959907979985761e-15
0.05,-0.025661140520652048,-2.224210514071636e-15
0.05,-0.02942725457271711,-1.4521119493894042e-15
0.05,-0.0335699800299889,-3.193720073863958e-15
0.05,-0.038126978032988035,-2.271431354717496e-15
0.05,-0.04313967583628653,2.686121125561512e-15
0.05,-0.04865364341991518,5.263210858086361e-15
0.05,-0.05471900776190708,4.532842060396847e-16
0.05,-0.06139090853809748,-1.9861586095363594e-15
0.05,-0.06872999939190727,-1.6219446625111827e-15
0.05,-0.07680299933109824,2.0115999927750077e-15
0.05,-0.08568329926420759,3.879834133213151e-15
0.05,-0.09545162919062877,-1.8990398039496856e-15
0.05,-0.10619679210969157,5.0483046902460895e-15
0.05,-0.11801647132066084,4.625005325872739e-15
0.05,-0.13001647132066052,6.514746449695428e-15
0.05,-0.14201647132066064,-2.6918139707770575e-15
0.05,-0.15401647132066076,2.2908159322164766e-16
0.05,-0.16601647132066044,7.996556256464857e-16
0.05,-0.17801647132066056,-2.9747951200688035e-15
0.05,-0.19001647132066068,-4.7734005801680515e-15
0.05,-0.2020164713206607,1.898054367709761e-15
0.05,-0.21401647132066093,-9.230584134182177e-17
0.05,-0.22601647132066072,-1.3058123692311746e-15
0.05,-0.23801647132066073,1.087488606247781e-15
0.05,-0.25001647132066074,4.5758675295912616e-15
0.05,-0.2620164713206605,-3.14584694851311e-15
0.05,-0.27401647132066076,-1.1656933431167633e-14
0.05,-0.28601647132066077,-1.7597941350371745e-14
0.05,-0.2980164713206608,-4.09403518788472e-14
0.05,-0.310016471320661,-8.715930867263871e-14
0.05,-0.3220164713206608,-1.819802941519944e-13
0.05,-0.3340164713206608,-3.808425017761823e-13
0.05,-0.3460164713206608,-7.982856799716973e-13
0.05,-0.3580164713206606,-1.6723559780842932e-12
0.05,-0.37001647132066084,-3.4787497388139244e-12
0.05,-0.38201647132066086,-7.2601976120812575e-12
0.05,-0.39401647132066087,-1.518818355966436e-11
0.05,-0.4060164713206611,-3.175243230669077e-11
0.05,-0.4180164713206609,-6.642048362759331e-11
0.05,-0.43001647132066134,-1.3900132323312724e-10
0.05,-0.44201647132066113,-2.9100229790943597e-10
0.05,-0.4540164713206607,-6.094332843954075e-10
0.05,-0.46601647132066115,-1.276740787857514e-9
0.05,-0.47801647132066094,-2.6755505118156076e-9
0.05,-0.49001647132066073,-5.608471212423401e-9
0.05,-0.5020164713206612,-1.1759275227333351e-8
0.05,-0.514016471320661,-2.4660390854215412e-8
0.05,-0.5260164713206608,-5.172176853575805e-8
0.05,-0.5380164713206612,-1.0848233606462722e-7
0.05,-0.5500164713206608,-2.2750773129457488e-7
0.05,-0.5620164713206606,-4.769733471759892e-7
0.05,-0.574016471320661,-9.99346552351983e-7
0.05,-0.5860164713206615,-2.0914830227666853e-6
0.05,-0.5980164713206613,-4.36910333339472e-6
0.05,-0.6100164713206611,-9.100167526682697e-6
0.05,-0.6220164713206615,-1.8866923926381673e-5
0.05,-0.6340164713206613,-3.883927458210056e-5
0.05,-0.6460164713206609,-7.910401481667814e-5
0.05,-0.6580164713206613,-0.00015860118507399684
0.05,-0.6700164713206611,-0.0003109856512568433
0.05,-0.6820164713206609,-0.0005916991331270684
0.05,-0.6940164713206614,-0.0010836958383800806
0.05,-0.7060164713206611,-0.0018984286673615438
0.05,-0.7180164713206609,-0.003172105672504227
0.05,-0.7300164713206614,-0.005064017278815759
0.05,-0.742016471320661,-0.007766028944987126
0.05,-0.7540164713206607,-0.011526209078925936
0.05,-0.7660164713206612,-0.016682968494633053
0.05,-0.7780164713206617,-0.023706299010300164
0.05,-0.7900164713206614,-0.033247148765779
0.05,-0.8020164713206612,-0.04619970748748436
0.05,-0.814016471320661,-0.06378336890514534
0.05,-0.8260164713206606,-0.08765288119427314
0.05,-0.838016471320661,-0.12004812162825905
0.05,-0.8500164713206608,-0.16399891981551482
0.05,-0.8620164713206606,-0.22360219919564486
0.05,-0.8740164713206611,-0.30438317290611655
0.05,-0.8860164713206609,-0.413738914632811
0.05,-0.8980164713206606,-0.5614460473612272
0.05,-0.9100164713206602,-0.7601895911287546
0.05,-0.92201647132066,-1.0260190202531319
0.05,-0.9340164713206605,-1.3785456467272654
0.05,-0.9460164713206602,-1.8405625277480029
0.05,-0.95801647132066,-2.4366171234706324
0.05,-0.9700164713206605,-3.1899629089624213
0.05,-0.9820164713206603,-4.117381001207113
0.05,-0.9940164713206598,-5.221768512417497
0.05,-1.0060164713206596,-6.483311585419402
0.05,-1.0180164713206594,-7.851457715926242
0.05,-1.0300164713206599,-9.24140902261262
0.05,-1.0420164713206597,-10.53984566940667
0.05,-1.0540164713206595,-11.623845526023597
0.05,-1.06601647132066,-12.392498617168972
0.05,-1.0780164713206595,-12.801430700968428
0.05,-1.0900164713206593,-12.881121366914535
0.05,-1.102016471320659,-12.723052290414522
0.05,-1.1140164713206588,-12.439335339549807
0.05,-1.1260164713206593,-12.122565874889489
0.05,-1.138016471320659,-11.828158741548084
0.05,-1.1500164713206587,-11.578834172910963
0.05,-1.162016471320659,-11.377637748291429
0.05,-1.174016471320659,-11.219019446290966
0.05,-1.1860164713206587,-11.095151885414579
0.05,-1.1980164713206585,-10.998652252459529
0.05,-1.1899835286793419,-10.734790103105311
0.05,-1.1779835286793414,-10.516289597610147
0.05,-1.1659835286793416,-10.317344632099328
0.05,-1.1539835286793418,-10.101769483685889
0.05,-1.1419835286793414,-9.85015783755515
0.05,-1.1299835286793416,-9.547251122693092
0.05,-1.117983528679342,-9.180705658536382
0.05,-1.1059835286793422,-8.741809351959139
0.05,-1.0939835286793425,-8.226820235231711
0.05,-1.081983528679342,-7.638249254988931
0.05,-1.0699835286793422,-6.985525221775248
0.05,-1.0579835286793424,-6.284644766986764
0.05,-1.045983528679342,-5.5566931305356375
0.05,-1.0339835286793422,-4.825454819654079
0.05,-1.0219835286793426,-4.114603200297488
0.05,-1.0099835286793428,-3.445066970499534
0.05,-0.997983528679343,-2.8330851265673207
0.05,-0.9859835286793426,-2.289228201733619
0.05,-0.9739835286793429,-1.8183853173401525
0.05,-0.9619835286793431,-1.4204974471667304
0.05,-0.9499835286793427,-1.0917143726797736
0.05,-0.937983528679343,-0.8256640706304188
0.05,-0.9259835286793432,-0.6146070293131938
0.05,-0.9139835286793434,-0.4503537116124987
0.05,-0.9019835286793436,-0.3249140260667987
0.05,-0.8899835286793432,-0.23090651522995645
0.05,-0.8779835286793435,-0.16178148933998496
0.05,-0.8659835286793438,-0.11191465326508372
0.05,-0.8539835286793434,-0.07661664449393199
0.05,-0.8419835286793436,-0.05208907670382057
0.05,-0.8299835286793438,-0.035345900131104634
0.05,-0.817983528679344,-0.024112900745963204
0.05,-0.8059835286793443,-0.01671726246217244
0.05,-0.7939835286793439,-0.011981513666264439
0.05,-0.7819835286793434,-0.009142995579469295
0.05,-0.7699835286793437,-0.007832678906050482
0.05,-0.7579835286793439,-0.007868371228769903
0.05,-0.7459835286793435,-0.00719731288467813
0.05,-0.733983528679343,-0.005169793843445719
0.05,-0.7219835286793432,-0.003349260936163178
0.05,-0.7099835286793434,-0.002052982516895219
0.05,-0.6979835286793431,-0.0011987916069355676
0.05,-0.6859835286793426,-0.0006688634117810659
0.05,-0.6739835286793429,-0.0003585540847169535
0.05,-0.6619835286793431,-0.00018603972934284606
0.05,-0.6499835286793426,-9.414935942036091e-5
0.05,-0.6379835286793422,-4.678627043219621e-5
0.05,-0.6259835286793425,-2.295246860929938e-5
0.05,-0.6139835286793427,-1.1160072922332135e-5
0.05,-0.6019835286793422,-5.393173102846956e-6
0.05,-0.5899835286793418,-2.5952990223479997e-6
0.05,-0.577983528679342,-1.245173648015442e-6
0.05,-0.5659835286793423,-5.960314965721354e-7
0.05,-0.5539835286793419,-2.846875161483256e-7
0.05,-0.5419835286793414,-1.3560499096716265e-7
0.05,-0.5299835286793416,-6.429653847284135e-8
0.05,-0.5179835286793419,-3.02120064322192e-8
0.05,-0.5059835286793415,-1.3926032555009377e-8
0.05,-0.49398352867934103,-6.144882651407941e-9
0.05,-0.48198352867934124,-2.4258994868316113e-9
0.05,-0.46998352867934146,-6.465647329922974e-10
0.05,-0.457983528679341,2.0684027235159158e-10
0.05,-0.44598352867934055,6.183644415686652e-10
0.05,-0.43398352867934087,8.191419085614357e-10
0.05,-0.4219835286793411,9.195411171456664e-10
0.05,-0.4099835286793406,9.722875163527306e-10
0.05,-0.39798352867934017,1.0025576907384088e-9
0.05,-0.3859835286793405,1.022411405999491e-9
0.05,-0.3739835286793407,1.037615831189852e-9
0.05,-0.36198352867934025,1.0509569221882728e-9
0.05,-0.3499835286793398,1.0637801944164087e-9
0.05,-0.33798352867934,1.076754488959388e-9
0.05,-0.32598352867934033,1.090224744471959e-9
0.05,-0.3139835286793399,1.1043813538455745e-9
0.05,-0.3019835286793394,1.1193491526268738e-9
0.05,-0.28998352867933963,1.1352145861637508e-9
0.05,-0.27798352867933995,1.152069879306227e-9
0.05,-0.2659835286793395,1.1699636154099208e-9
0.05,-0.25398352867933904,1.1889980006392672e-9
0.05,-0.24198352867933925,1.209237761312489e-9
0.05,-0.22998352867933947,1.230780736647876e-9
0.05,-0.217983528679339,1.25370535857637e-9
0.05,-0.20598352867933856,1.278129926468298e-9
0.05,-0.19398352867933877,1.3041539752832652e-9
0.05,-0.1819835286793392,1.3318998278048066e-9
0.05,-0.16998352867933875,1.3614955040748883e-9
0.05,-0.1579835286793383,1.3930746870293748e-9
0.05,-0.1459835286793385,1.426813497136046e-9
0.05,-0.13398352867933871,1.4628440844107903e-9
0.05,-0.12198352867933826,1.5013690021456112e-9
0.05,-0.1099835286793378,1.5425761920787992e-9
0.05,-0.09798352867933802,1.5866658224584735e-9
0.05,-0.08598352867933823,1.6338674141119114e-9
0.05,-0.07398352867933777,1.6844219334442061e-9
0.05,-0.06198352867933732,1.7385794203024498e-9
0.05,-0.04998352867933775,1.7966356843147014e-9
0.05,-0.03798352867933796,1.8588625608749943e-9
0.05,-0.02598352867933751,1.92556791108417e-9
0.05,-0.013983528679337054,1.997084034246516e-9
0.05,-0.0019835286793372653,2.073739238351021e-9
0.05,0.010016471320662523,2.1558535392690898e-9
0.05,0.022016471320662978,2.243780595483765e-9
0.05,0.03401647132066343,2.3378347914459407e-9
0.05,0.04601647132066322,2.438319319807739e-9
0.05,0.05801647132066301,2.545512108304354e-9
0.05,0.07001647132066346,2.659632110643393e-9
0.05,0.08201647132066392,2.7808101285956363e-9
0.05,0.09401647132066349,2.9090817681023425e-9
0.05,0.10601647132066327,3.044328081224719e-9
0.05,0.11801647132066373,3.186235904289162e-9
0.05,0.13001647132066418,3.3342593834914505e-9
0.05,0.14201647132066397,3.4875191193630963e-9
0.05,0.15401647132066376,3.6447721108223024e-9
0.05,0.16601647132066422,3.804226200702949e-9
0.05,0.17801647132066467,3.963538060996893e-9
0.05,0.19001647132066446,4.119598253532299e-9
0.05,0.20201647132066403,4.26842501234434e-9
0.05,0.21401647132066448,4.405043036759661e-9
0.05,0.22601647132066494,4.523350764708906e-9
0.05,0.23801647132066472,4.616060835014108e-9
0.05,0.2500164713206645,4.674779375875695e-9
0.05,0.26201647132066497,4.690219829177472e-9
0.05,0.2740164713206654,4.652637574952582e-9
0.05,0.2860164713206652,4.55272418250717e-9
0.05,0.298016471320665,4.382827321671541e-9
0.05,0.31001647132066545,4.1385383765927375e-9
0.05,0.3220164713206659,3.820471588856472e-9
0.05,0.3340164713206655,3.4358705585272186e-9
0.05,0.34601647132066526,2.999447228734453e-9
0.05,0.3580164713206657,2.532886256521763e-9
0.05,0.3700164713206662,2.0625128025531048e-9
0.05,0.38201647132066596,1.61545843644759e-9
0.05,0.39401647132066575,1.2151459242112418e-9
0.05,0.4060164713206662,8.774212517086608e-10
0.05,0.41801647132066666,6.087332350117243e-10
0.05,0.43001647132066645,4.066507755852704e-10
0.05,0.442016471320666,2.6242419109179643e-10
0.05,0.45401647132066647,1.642651877548756e-10
0.05,0.4660164713206669,1.0017120264700603e-10
0.05,0.4780164713206667,5.977354665404415e-11
0.05,0.4900164713206665,3.50459061035304e-11
0.05,0.502016471320667,2.0261032274923556e-11
0.05,0.5140164713206674,1.1585077033238051e-11
0.05,0.5260164713206672,6.563982571825663e-12
0.05,0.538016471320667,3.693708405950705e-12
0.05,0.5500164713206674,2.0744855588710906e-12
0.05,0.5620164713206679,1.149878146160905e-12
0.05,0.5740164713206675,6.346557966577271e-13
0.05,0.5860164713206673,3.552407766367678e-13
0.05,0.5980164713206677,1.96680669299087e-13
0.05,0.6100164713206682,1.0621165812293669e-13
0.05,0.622016471320668,6.276688802265177e-14
0.05,0.6340164713206677,3.7274071365413215e-14
0.05,0.6460164713206682,2.1169476472376e-14
0.05,0.6580164713206686,9.09015171860863e-15
0.05,0.6700164713206684,3.0525660852303842e-15
0.05,0.682016471320668,3.5204276128017525e-16
0.05,0.6940164713206685,3.460209037755011e-15
0.05,0.7060164713206689,-3.5448364154294865e-16
0.05,0.7180164713206687,-2.249999364905254e-17
0.05,0.7300164713206685,-1.0801692911477884e-15
0.05,0.742016471320669,-4.656753776593021e-16
0.05,0.7540164713206694,3.351063118338816e-15
0.05,0.7660164713206692,-9.16746044676528e-16
0.05,0.778016471320669,1.2627990057072863e-15
0.05,0.7900164713206694,-2.2450544170169486e-15
0.05,0.7979835286793311,-1.5080835208395896e-15
0.05,0.7859835286793313,-5.251078172166523e-16
0.05,0.7739835286793316,2.63165458792747e-16
0.05,0.7619835286793318,-6.220698868425474e-15
0.05,0.7499835286793322,3.0730096207194986e-15
0.05,0.7379835286793324,2.2628156445241113e-15
0.05,0.7259835286793326,1.1776395561398111e-15
0.05,0.7139835286793329,1.6501055023290887e-15
0.05,0.7019835286793331,2.7445476241438663e-15
0.05,0.6899835286793334,2.2824983170698403e-15
0.05,0.6779835286793336,7.624398514423786e-16
0.05,0.6659835286793339,-1.211586413101761e-15
0.05,0.6539835286793342,4.808853201314227e-16
0.05,0.6419835286793344,-7.218953014727822e-17
0.05,0.6299835286793347,-2.756213302096742e-15
0.05,0.6179835286793349,-7.837877096591368e-15
0.05,0.6059835286793351,1.7235620288649013e-15
0.05,0.5939835286793355,-1.5679668912732821e-15
0.05,0.5819835286793357,1.9267190810410284e-16
0.05,0.569983528679336,-3.0521517341398917e-15
0.05,0.5579835286793362,1.920937453180229e-15
0.05,0.5459835286793364,-4.036351203384649e-15
0.05,0.5339835286793366,3.5091323907321882e-15
0.05,0.521983528679337,-8.578430166929006e-16
0.05,0.5099835286793373,-3.166475378954901e-15
0.05,0.4979835286793375,4.401149060228412e-15
0.05,0.4859835286793377,5.7927174647281195e-15
0.05,0.47398352867933796,-3.191966282067074e-15
0.05,0.46198352867933823,-1.7434921147568461e-15
0.05,0.4499835286793385,-3.084976584488649e-15
0.05,0.43798352867933876,3.1923593503597866e-15
0.05,0.425983528679339,4.347803524096362e-15
0.05,0.41398352867933924,-1.3455707823717822e-15
0.05,0.4019835286793395,7.550763743330088e-15
0.05,0.3899835286793405,-2.162117032828705e-15
0.05,0.37798352867934004,4.513393633682501e-15
0.05,0.3659835286793396,2.7896074695390674e-15
0.05,0.3539835286793405,2.432464798264522e-15
0.05,0.3419835286793415,5.5376754148415586e-15
0.05,0.32998352867934105,-6.256644985891324e-15
0.05,0.3179835286793406,7.073394753939264e-15
0.05,0.30598352867934153,-2.2568105471648426e-15
0.05,0.2939835286793425,-1.7171957876531526e-15
0.05,0.28198352867934207,-3.6929645879330534e-15
0.05,0.2699835286793416,1.6677549947825627e-15
0.05,0.2579835286793426,-7.217722602143929e-16
0.05,0.2459835286793436,8.808052479101225e-16
0.05,0.23398352867934313,6.869242063055692e-16
0.05,0.22198352867934268,4.699541674191612e-15
0.05,0.20998352867934356,-3.631624670409131e-15
0.05,0.19798352867934454,3.1425288146869165e-15
0.05,0.1859835286793441,-2.20344040274458e-15
0.05,0.17398352867934364,6.070808207487114e-15
0.05,0.16198352867934462,3.9717969060466655e-15
0.05,0.1499835286793456,-3.6239781310297906e-15
0.05,0.13798352867934516,3.941335785544722e-15
0.05,0.1259835286793447,9.030385404415198e-16
0.05,0.11398352867934558,-1.3189824807519565e-15
0.05,0.10198352867934657,-1.7596365087148213e-15
0.05,0.08998352867934611,5.3127387028571825e-18
0.05,0.07798352867934566,1.8616985548034893e-15
0.05,0.06598352867934665,-6.664500767185329e-16
0.05,0.05398352867934764,-4.729946262026001e-15
0.05,0.04198352867934718,4.197631530040759e-15
0.05,0.03148764650950964,-8.851538227585071e-16
0.05,0.020991764339673535,3.0694628662534497e-16
0.05,0.010495882169837545,-3.0689245605424907e-15
0.05,0.0,-1.717044046396672e-15
0.05,-0.010495882169837545,-2.5972857945076325e-15
0.05,-0.022041352556657068,9.338498036237312e-16
0.05,-0.03404135255665608,-3.1237779331859836e-15
0.05,-0.046041352556656534,9.374948563694963e-16
0.05,-0.05804135255665699,-1.99520538945638e-15
0.05,-0.070041352556656,2.8535645160352823e-15
0.05,-0.08204135255665501,-2.355682156708733e-15
0.05,-0.09404135255665547,4.260279679541363e-15
0.05,-0.10604135255665592,2.977502036247632e-15
0.05,-0.11804135255665504,1.8391892499456305e-15
0.05,-0.13004135255665406,-3.26492066578888e-15
0.05,-0.1420413525566545,1.4905464284891782e-16
0.05,-0.15404135255665496,1.4445900419037328e-15
0.05,-0.16604135255665398,1.0181430007619417e-15
0.05,-0.178041352556653,-1.2129977340031449e-16
0.05,-0.19004135255665344,-1.1657231391371695e-15
0.05,-0.202041352556654,8.366306373025699e-16
0.05,-0.2140413525566529,-2.4907965138390097e-15
0.05,-0.22604135255665203,3.314700654619128e-15
0.05,-0.23804135255665249,-5.786156352145676e-16
0.05,-0.25004135255665294,-2.049744097005769e-15
0.05,-0.26204135255665184,-1.8571872495523457e-15
0.05,-0.27404135255665096,-9.18295770769245e-15
0.05,-0.2860413525566514,-2.6149896946445975e-14
0.05,-0.2980413525566519,-4.173885224321212e-14
0.05,-0.310041352556651,-8.601306668374139e-14
0.05,-0.3220413525566499,-1.8369017594531552e-13
0.05,-0.33404135255665035,-3.837963625244267e-13
0.05,-0.3460413525566508,-7.93031439297541e-13
0.05,-0.35804135255664993,-1.6724071002246659e-12
0.05,-0.37004135255664883,-3.4805060645047823e-12
0.05,-0.3820413525566493,-7.279375717407822e-12
0.05,-0.39404135255664974,-1.5210703149483628e-11
0.05,-0.40604135255664886,-3.1802694264257445e-11
0.05,-0.418041352556648,-6.652067977641422e-11
0.05,-0.43004135255664844,-1.3921888456358032e-10
0.05,-0.4420413525566489,-2.914531311579572e-10
0.05,-0.4540413525566478,-6.103698937124086e-10
0.05,-0.4660413525566469,-1.2786989405707736e-9
0.05,-0.47804135255664737,-2.6796546615460676e-9
0.05,-0.4900413525566478,-5.6170872575426585e-9
0.05,-0.502041352556647,-1.177734422033738e-8
0.05,-0.5140413525566458,-2.4698283756357896e-8
0.05,-0.5260413525566463,-5.1801271502049245e-8
0.05,-0.5380413525566468,-1.0864907219741097e-7
0.05,-0.5500413525566459,-2.2785730029295508e-7
0.05,-0.5620413525566448,-4.777057728464273e-7
0.05,-0.5740413525566452,-1.0008793698608174e-6
0.05,-0.5860413525566457,-2.0946847732668524e-6
0.05,-0.5980413525566448,-4.375770724268288e-6
0.05,-0.6100413525566439,-9.113985256829126e-6
0.05,-0.6220413525566444,-1.889534821645902e-5
0.05,-0.6340413525566448,-3.889708821906227e-5
0.05,-0.6460413525566437,-7.921963779696788e-5
0.05,-0.6580413525566429,-0.0001588268340427179
0.05,-0.6700413525566433,-0.0003114112853379441
0.05,-0.6820413525566438,-0.0005924669300765729
0.05,-0.6940413525566427,-0.0010850081098876141
0.05,-0.7060413525566418,-0.0019005438438676463
0.05,-0.7180413525566423,-0.003175329312268096
0.05,-0.7300413525566427,-0.005068707673052586
0.05,-0.7420413525566418,-0.0077726319667494595
0.05,-0.7540413525566407,-0.011535319812983199
0.05,-0.7660413525566412,-0.016695409884414914
0.05,-0.7780413525566416,-0.023723214664423592
0.05,-0.7900413525566408,-0.03327011667047366
0.05,-0.8020413525566397,-0.04623088699820598
0.05,-0.8140413525566401,-0.06382569663827158
0.05,-0.8260413525566406,-0.08771033595860783
0.05,-0.8380413525566397,-0.12012608617855494
0.05,-0.8500413525566388,-0.16410467499854473
0.05,-0.8620413525566393,-0.22374558379199008
0.05,-0.8740413525566397,-0.3045774214522883
0.05,-0.8860413525566386,-0.41400165323109994
0.05,-0.8980413525566378,-0.5618003894823522
0.05,-0.9100413525566382,-0.7606652038121395
0.05,-0.9220413525566387,-1.0266528857215576
0.05,-0.9340413525566376,-1.379382008215507
0.05,-0.9460413525566367,-1.8416512003816496
0.05,-0.9580413525566371,-2.438009054775293
0.05,-0.9700413525566376,-3.191701781489654
0.05,-0.9820413525566367,-4.119490091672843
0.05,-0.9940413525566356,-5.224233353310958
0.05,-1.006041352556636,-6.4860614580513
0.05,-1.0180413525566365,-7.85435217980391
0.05,-1.0300413525566356,-9.244238555556384
0.05,-1.0420413525566345,-10.542356310659788
0.05,-1.054041352556635,-11.625792770919881
0.05,-1.0660413525566355,-12.39372133599374
0.05,-1.0780413525566346,-12.801913302327925
0.05,-1.0900413525566337,-12.881001167969604
0.05,-1.1020413525566342,-12.722556475867137
0.05,-1.1140413525566346,-12.438686880823061
0.05,-1.1260413525566335,-12.121919632129659
0.05,-1.1380413525566326,-11.82759161761697
0.05,-1.150041352556633,-11.578368245070596
0.05,-1.1620413525566335,-11.377267409308217
0.05,-1.1740413525566324,-11.21872939187621
0.05,-1.1860413525566316,-11.094925835310285
0.05,-1.198041352556632,-10.998476124785192
0.05,-1.1899586474433674,-10.734181419173524
0.05,-1.1779586474433685,-10.515856327295822
0.05,-1.1659586474433694,-10.316912654526815
0.05,-1.153958647443369,-10.101284738650332
0.05,-1.1419586474433685,-9.849583610000801
0.05,-1.1299586474433696,-9.54655793672224
0.05,-1.1179586474433705,-9.179870841930436
0.05,-1.10595864744337,-8.740819238612469
0.05,-1.0939586474433696,-8.225673015317904
0.05,-1.0819586474433704,-7.6369571298004075
0.05,-1.0699586474433715,-6.984114802788411
0.05,-1.057958647443371,-6.283155146355059
0.05,-1.0459586474433706,-5.555171730044657
0.05,-1.0339586474433715,-4.823951792671462
0.05,-1.0219586474433724,-4.1131655802177525
0.05,-1.009958647443372,-3.4437337796891523
0.05,-0.9979586474433716,-2.831884298677613
0.05,-0.9859586474433726,-2.288175599503205
0.05,-0.9739586474433736,-1.817485582527275
0.05,-0.9619586474433731,-1.4197460768067316
0.05,-0.9499586474433726,-1.0911003305455187
0.05,-0.9379586474433736,-0.8251723596484359
0.05,-0.9259586474433745,-0.6142208631517075
0.05,-0.9139586474433741,-0.45005613660554467
0.05,-0.9019586474433736,-0.3246890019188587
0.05,-0.8899586474433746,-0.23073954962519738
0.05,-0.8779586474433756,-0.1616599478319991
0.05,-0.8659586474433751,-0.11182785291071345
0.05,-0.8539586474433747,-0.07655580986075256
0.05,-0.8419586474433756,-0.052047207635332285
0.05,-0.8299586474433767,-0.03531758198448239
0.05,-0.8179586474433762,-0.024094081324379964
0.05,-0.8059586474433758,-0.016705021917705582
0.05,-0.7939586474433766,-0.011973861767014031
0.05,-0.7819586474433776,-0.009138753530736593
0.05,-0.7699586474433772,-0.007831501019528557
0.05,-0.7579586474433767,-0.007868932056038199
0.05,-0.7459586474433777,-0.007193806323101199
0.05,-0.7339586474433786,-0.005165528642781271
0.05,-0.7219586474433781,-0.003346039017575181
0.05,-0.7099586474433777,-0.002050795099346716
0.05,-0.6979586474433787,-0.0011973968223920725
0.05,-0.6859586474433796,-0.0006680253591818783
0.05,-0.6739586474433792,-0.00035807774517304766
0.05,-0.6619586474433787,-0.00018578151872215213
0.05,-0.6499586474433797,-9.401452159799235e-5
0.05,-0.6379586474433807,-4.6717783107377833e-5
0.05,-0.6259586474433803,-2.2918362729437114e-5
0.05,-0.6139586474433798,-1.1143319977124596e-5
0.05,-0.6019586474433808,-5.385020809618236e-6
0.05,-0.5899586474433817,-2.591357118489731e-6
0.05,-0.5779586474433812,-1.243275789220989e-6
0.05,-0.5659586474433808,-5.951203949459427e-7
0.05,-0.5539586474433817,-2.8425098708222784e-7
0.05,-0.5419586474433827,-1.3539610582790127e-7
0.05,-0.5299586474433823,-6.419666890743315e-8
0.05,-0.5179586474433818,-3.0164278836631026e-8
0.05,-0.5059586474433828,-1.3903232767055906e-8
0.05,-0.4939586474433837,-6.13398433756204e-9
0.05,-0.48195864744338324,-2.4206813138500665e-9
0.05,-0.4699586474433828,-6.440659045108118e-10
0.05,-0.45795864744338377,2.0803870795277092e-10
0.05,-0.44595864744338476,6.189427170283264e-10
0.05,-0.4339586474433843,8.194256429291065e-10
0.05,-0.42195864744338385,9.19696864736512e-10
0.05,-0.40995864744338484,9.723632160195964e-10
0.05,-0.3979586474433858,1.0026096623469813e-9
0.05,-0.38595864744338537,1.0224524619260488e-9
0.05,-0.3739586474433849,1.037648028896859e-9
0.05,-0.3619586474433858,1.050980854161151e-9
0.05,-0.3499586474433868,1.0638063091992652e-9
0.05,-0.33795864744338633,1.0767815349659681e-9
0.05,-0.3259586474433859,1.0902494348289718e-9
0.05,-0.31395864744338686,1.1044160480575636e-9
0.05,-0.30195864744338785,1.119379839637223e-9
0.05,-0.2899586474433874,1.1352521985497556e-9
0.05,-0.27795864744338694,1.1521044993846274e-9
0.05,-0.26595864744338793,1.1700044276202458e-9
0.05,-0.2539586474433888,1.1890328024215775e-9
0.05,-0.24195864744338835,1.2092791641433228e-9
0.05,-0.2299586474433879,1.2308156748447944e-9
0.05,-0.2179586474433889,1.253753808229619e-9
0.05,-0.20595864744338988,1.2781777160037914e-9
0.05,-0.19395864744338942,1.3042072323564461e-9
0.05,-0.18195864744338897,1.3319572887394152e-9
0.05,-0.16995864744338984,1.3615603881172016e-9
0.05,-0.15795864744339094,1.3931477425845163e-9
0.05,-0.1459586474433905,1.4268850047854047e-9
0.05,-0.13395864744339003,1.4629278455846023e-9
0.05,-0.12195864744339091,1.5014584895498388e-9
0.05,-0.10995864744339201,1.5426607952132793e-9
0.05,-0.09795864744339156,1.5867592938799702e-9
0.05,-0.0859586474433911,1.6339668327938385e-9
0.05,-0.07395864744339198,1.684531164854871e-9
0.05,-0.061958647443392856,1.7387042280390176e-9
0.05,-0.0499586474433924,1.796763365826539e-9
0.05,-0.037958647443391946,1.8589964196666322e-9
0.05,-0.025958647443393046,1.925718576033537e-9
0.05,-0.013958647443393923,1.9972368163621456e-9
0.05,-0.0019586474433934686,2.0738952350499824e-9
0.05,0.010041352556606986,2.1560338576710154e-9
0.05,0.02204135255660744,2.2439668041306177e-9
0.05,0.034041352556607896,2.3380301308735275e-9
0.05,0.04604135255660835,2.4385435505273703e-9
0.05,0.058041352556608805,2.545746201241403e-9
0.05,0.07004135255660926,2.659878066464302e-9
0.05,0.08204135255660971,2.781065373370306e-9
0.05,0.09404135255661017,2.9093541850364117e-9
0.05,0.10604135255661062,3.044607631001279e-9
0.05,0.11804135255661108,3.186530233207474e-9
0.05,0.13004135255661153,3.3345678003221808e-9
0.05,0.142041352556612,3.4878459209851602e-9
0.05,0.15404135255661244,3.645093590128408e-9
0.05,0.1660413525566129,3.8045629158122204e-9
0.05,0.17804135255661335,3.963868083392946e-9
0.05,0.1900413525566138,4.119917819770296e-9
0.05,0.20204135255661426,4.2687258183889524e-9
0.05,0.21404135255661472,4.405304137665464e-9
0.05,0.22604135255661517,4.5235665478082655e-9
0.05,0.23804135255661563,4.616225883890812e-9
0.05,0.2500413525566161,4.674867028240834e-9
0.05,0.26204135255661654,4.690208500958106e-9
0.05,0.274041352556617,4.652504195619646e-9
0.05,0.28604135255661745,4.552449946617883e-9
0.05,0.2980413525566179,4.382406935837368e-9
0.05,0.31004135255661835,4.137954087097616e-9
0.05,0.3220413525566188,3.819734524184604e-9
0.05,0.33404135255661926,3.435003069829069e-9
0.05,0.3460413525566197,2.998509382723227e-9
0.05,0.3580413525566202,2.531906762790252e-9
0.05,0.37004135255662063,2.0615539658362696e-9
0.05,0.3820413525566211,1.6145671424589075e-9
0.05,0.39404135255662154,1.2143696474696676e-9
0.05,0.406041352556622,8.767975394878922e-10
0.05,0.41804135255662245,6.08246642846595e-10
0.05,0.4300413525566229,4.062888650616367e-10
0.05,0.44204135255662336,2.6217171722293103e-10
0.05,0.4540413525566238,1.6409630779900635e-10
0.05,0.46604135255662427,1.0006083716150844e-10
0.05,0.4780413525566247,5.97043270405414e-11
0.05,0.4900413525566252,3.5005338061699474e-11
0.05,0.5020413525566256,2.0239646700079263e-11
0.05,0.5140413525566261,1.1572071478256768e-11
0.05,0.5260413525566265,6.555248613694845e-12
0.05,0.538041352556627,3.69357348646496e-12
0.05,0.5500413525566274,2.0629361851197053e-12
0.05,0.5620413525566279,1.1538592982224174e-12
0.05,0.5740413525566284,6.374884540706367e-13
0.05,0.5860413525566288,3.419085973024907e-13
0.05,0.5980413525566293,1.953886395892978e-13
0.05,0.6100413525566297,1.0606899965034807e-13
0.05,0.6220413525566302,5.840127006381023e-14
0.05,0.6340413525566306,2.913966457183797e-14
0.05,0.6460413525566311,1.6311920063310446e-14
0.05,0.6580413525566315,8.593862914946257e-15
0.05,0.670041352556632,1.161902995386585e-14
0.05,0.6820413525566325,4.079650555554068e-15
0.05,0.6940413525566329,2.3999871248789224e-15
0.05,0.7060413525566334,-2.736084354385632e-15
0.05,0.7180413525566338,-4.045827405326118e-15
0.05,0.7300413525566343,2.0023145360606037e-15
0.05,0.7420413525566347,7.400476023680989e-16
0.05,0.7540413525566352,6.545807481282305e-15
0.05,0.7660413525566356,-8.302457736123185e-16
0.05,0.7780413525566361,-2.671642457150712e-15
0.05,0.7900413525566365,1.868600858448044e-15
0.05,0.7979586474433632,1.759527433919519e-15
0.05,0.7859586474433627,2.5933247878377583e-15
0.05,0.7739586474433623,-4.848509855324427e-15
0.05,0.7619586474433618,3.2712576430319004e-15
0.05,0.7499586474433614,6.258236546224707e-15
0.05,0.7379586474433609,2.7959251591019838e-15
0.05,0.7259586474433605,5.297119689501629e-15
0.05,0.71395864744336,2.5503633015749167e-15
0.05,0.7019586474433596,-1.8713549960247297e-15
0.05,0.6899586474433591,-6.432410972044693e-16
0.05,0.6779586474433587,6.737068733564843e-16
0.05,0.6659586474433582,4.629246985342112e-15
0.05,0.6539586474433577,-4.120023511824863e-15
0.05,0.6419586474433573,-4.2644039016092586e-16
0.05,0.6299586474433568,-1.1285419495098999e-15
0.05,0.6179586474433564,-2.6269903119869194e-15
0.05,0.6059586474433559,-5.444253552483136e-16
0.05,0.5939586474433555,3.3982359545615094e-15
0.05,0.581958647443355,-1.6976448029210348e-15
0.05,0.5699586474433546,2.9597048938365436e-15
0.05,0.5579586474433541,5.126478221569952e-15
0.05,0.5459586474433535,6.947247139799653e-15
0.05,0.5339586474433531,1.5676150587209446e-15
0.05,0.5219586474433526,3.464328605055753e-15
0.05,0.5099586474433522,3.5349465284211517e-16
0.05,0.4979586474433518,2.6700688543682398e-15
0.05,0.4859586474433513,-2.062155340898737e-15
0.05,0.47395864744335087,4.4706223629880564e-15
0.05,0.4619586474433504,4.006881066914332e-15
0.05,0.44995864744334996,6.4024386927299236e-15
0.05,0.4379586474433495,3.898952262260872e-15
0.05,0.42595864744334905,-3.8867977430599295e-15
0.05,0.4139586474433486,1.342396973126941e-15
0.05,0.40195864744334814,3.447050897914539e-15
0.05,0.3899586474433477,2.514047394066709e-15
0.05,0.37795864744334723,1.891971454946049e-15
0.05,0.3659586474433468,-1.748431737987804e-15
0.05,0.3539586474433463,-9.428162411100041e-16
0.05,0.34195864744334586,3.864763312469479e-15
0.05,0.3299586474433454,-3.286043258064012e-15
0.05,0.31795864744334495,-1.8168455524288474e-15
0.05,0.3059586474433445,-6.200518708624474e-15
0.05,0.2939586474433441,-3.4049467122953565e-15
0.05,0.28195864744334365,2.4280652281279582e-15
0.05,0.2699586474433432,-2.7498570373562907e-15
0.05,0.25795864744334274,2.1940918981986974e-15
0.05,0.24595864744334228,2.4123252089109593e-15
0.05,0.23395864744334183,7.651308054315354e-16
0.05,0.22195864744334137,-3.57040579923904e-15
0.05,0.20995864744334092,4.322292668163375e-15
0.05,0.19795864744334035,5.930687053287775e-16
0.05,0.1859586474433399,-1.5858810895136176e-15
0.05,0.17395864744333944,3.30668831581335e-15
0.05,0.161958647443339,3.5240962498959505e-15
0.05,0.14995864744333853,-2.878132939433247e-15
0.05,0.13795864744333808,3.652376142512713e-15
0.05,0.12595864744333762,-2.2621359225364924e-15
0.05,0.11395864744333717,2.3325343654818497e-15
0.05,0.10195864744333671,4.051379576295578e-15
0.05,0.08995864744333626,-6.034334673656553e-16
0.05,0.0779586474433358,4.330254460126531e-16
0.05,0.06595864744333535,-6.698440308238822e-16
0.05,0.053958647443334895,1.5559088101684037e-15
0.05,0.04195864744333444,-2.402195888692214e-15
0.05,0.031468985582500886,-7.384771494152203e-15
0.05,0.02097932372166722,8.156557187172435e-16
0.05,0.010489661860833666,-8.854009141445904e-16
0.05,0.0,2.1046830295877626e-15
0.1,-0.0012000000000000899,-4.4815604324756365e-15
0.1,-0.0025199999999998557,-2.433028431749447e-15
0.1,-0.003972000000000309,-2.0159765889630146e-15
0.1,-0.005569200000000052,-3.653796487948992e-15
0.1,-0.0073261199999997695,4.186204596836405e-15
0.1,-0.009258731999999936,-2.1517261105796643e-15
0.1,-0.011384605199999953,-4.5813374932547305e-15
0.1,-0.013723065720000038,-6.070993124337646e-15
0.1,-0.016295372292000065,6.492501252235267e-15
0.1,-0.01912490952120005,5.686257747443538e-16
0.1,-0.022237400473320124,2.241990363083048e-15
0.1,-0.025661140520652048,-5.431996134154131e-16
0.1,-0.02942725457271711,5.89511919589706e-16
0.1,-0.0335699800299889,-3.0222545979148013e-15
0.1,-0.038126978032988035,-1.6559187451221588e-15
0.1,-0.04313967583628653,-3.823773996452217e-16
0.1,-0.04865364341991518,4.568295039367839e-16
0.1,-0.05471900776190708,-6.44918196210239e-16
0.1,-0.06139090853809748,-1.3960543328380049e-15
0.1,-0.06872999939190727,-6.627823293120672e-15
0.1,-0.07680299933109824,-8.512405542120007e-15
0.1,-0.08568329926420759,1.6100536858696059e-15
0.1,-0.09545162919062877,-7.694217385594188e-15
0.1,-0.10619679210969157,-7.531485620281945e-16
0.1,-0.11801647132066084,1.9905912133305085e-15
0.1,-0.13001647132066052,2.2000278261607283e-15
0.1,-0.14201647132066064,-1.8527524296068983e-15
0.1,-0.15401647132066076,4.130705521837241e-15
0.1,-0.16601647132066044,3.0261101365344344e-15
0.1,-0.17801647132066056,-1.107542398949838e-15
0.1,-0.19001647132066068,-8.218816021780892e-16
0.1,-0.2020164713206607,-1.5856848880137298e-15
0.1,-0.21401647132066093,-1.2700491514861541e-15
0.1,-0.22601647132066072,5.53341950410758e-15
0.1,-0.23801647132066073,1.0820049394587358e-15
0.1,-0.25001647132066074,-4.533584434882392e-15
0.1,-0.2620164713206605,-6.121887117009125e-15
0.1,-0.27401647132066076,-1.3325765871667482e-14
0.1,-0.28601647132066077,-2.4151922787428546e-14
0.1,-0.2980164713206608,-3.8840861712614764e-14
0.1,-0.310016471320661,-8.844046017096135e-14
0.1,-0.3220164713206608,-1.8390235893263187e-13
0.1,-0.3340164713206608,-3.8082780927369496e-13
0.1,-0.3460164713206608,-7.980301484155437e-13
0.1,-0.3580164713206606,-1.6633174692714029e-12
0.1,-0.37001647132066084,-3.4750666182225757e-12
0.1,-0.38201647132066086,-7.263930286530828e-12
0.1,-0.39401647132066087,-1.5186740512631177e-11
0.1,-0.4060164713206611,-3.1750279022717766e-11
0.1,-0.4180164713206609,-6.641800222946581e-11
0.1,-0.43001647132066134,-1.3899996054758471e-10
0.1,-0.44201647132066113,-2.910006640387797e-10
0.1,-0.4540164713206607,-6.094159822827493e-10
0.1,-0.46601647132066115,-1.2767010090140992e-9
0.1,-0.47801647132066094,-2.6754721733544147e-9
0.1,-0.49001647132066073,-5.608307507004489e-9
0.1,-0.5020164713206612,-1.1758947295364949e-8
0.1,-0.514016471320661,-2.4659714879710494e-8
0.1,-0.5260164713206608,-5.17203625726151e-8
0.1,-0.5380164713206612,-1.0847939420942928e-7
0.1,-0.5500164713206608,-2.2750159073035552e-7
0.1,-0.5620164713206606,-4.769605698272045e-7
0.1,-0.574016471320661,-9.993201163309415e-7
0.1,-0.5860164713206615,-2.091428932289956e-6
0.1,-0.5980164713206613,-4.36899520994088e-6
0.1,-0.6100164713206611,-9.099962107214398e-6
0.1,-0.6220164713206615,-1.8866578929918218e-5
0.1,-0.6340164713206613,-3.88388896813347e-5
0.1,-0.6460164713206609,-7.910449213381611e-5
0.1,-0.6580164713206613,-0.00015860674920382424
0.1,-0.6700164713206611,-0.00031101197859022137
0.1,-0.6820164713206609,-0.000591794971863087
0.1,-0.6940164713206614,-0.0010839878722536985
0.1,-0.7060164713206611,-0.001899189220413854
0.1,-0.7180164713206609,-0.003173823825830588
0.1,-0.7300164713206614,-0.005067465279482276
0.1,-0.742016471320661,-0.007772380743760516
0.1,-0.7540164713206607,-0.011537333229440762
0.1,-0.7660164713206612,-0.01670205425012151
0.1,-0.7780164713206617,-0.023739059342246783
0.1,-0.7900164713206614,-0.03330407465182607
0.1,-0.8020164713206612,-0.04630030194919726
0.1,-0.814016471320661,-0.06396406072363241
0.1,-0.8260164713206606,-0.08798142814575989
0.1,-0.838016471320661,-0.12064838646293147
0.1,-0.8500164713206608,-0.16508999518926504
0.1,-0.8620164713206606,-0.2255548951104025
0.1,-0.8740164713206611,-0.3077986750145365
0.1,-0.8860164713206609,-0.41956492597361356
0.1,-0.8980164713206606,-0.5711654191001115
0.1,-0.9100164713206602,-0.776141952929911
0.1,-0.92201647132066,-1.051949286906803
0.1,-0.9340164713206605,-1.4205200293830884
0.1,-0.9460164713206602,-1.9084513384104593
0.1,-0.95801647132066,-2.5463960109410206
0.1,-0.9700164713206605,-3.3670858968616972
0.1,-0.9820164713206603,-4.40135497311601
0.1,-0.9940164713206598,-5.67169988012738
0.1,-1.0060164713206596,-7.183433756337442
0.1,-1.0180164713206594,-8.914340329489013
0.1,-1.0300164713206599,-10.804745114136066
0.1,-1.0420164713206597,-12.750926080254283
0.1,-1.0540164713206595,-14.605833014627786
0.1,-1.06601647132066,-16.19221336870445
0.1,-1.0780164713206595,-17.33330587760621
0.1,-1.0900164713206593,-17.90138226991824
0.1,-1.102016471320659,-17.86998697843032
0.1,-1.1140164713206588,-17.337448310254203
0.1,-1.1260164713206593,-16.492890876936844
0.1,-1.138016471320659,-15.538685568361117
0.1,-1.1500164713206587,-14.623615950020667
0.1,-1.162016471320659,-13.823834783064289
0.1,-1.174016471320659,-13.160700299245415
0.1,-1.1860164713206587,-12.626588416543186
0.1,-1.1980164713206585,-12.203019948063718
0.1,-1.1899835286793419,-11.59144518259373
0.1,-1.1779835286793414,-11.112869247072084
0.1,-1.1659835286793416,-10.710973198336543
0.1,-1.1539835286793418,-10.324067009493332
0.1,-1.1419835286793414,-9.92065810623522
0.1,-1.1299835286793416,-9.47844176395366
0.1,-1.117983528679342,-8.981594358101857
0.1,-1.1059835286793422,-8.421067155347188
0.1,-1.0939835286793425,-7.795505720040435
0.1,-1.081983528679342,-7.11174148031701
0.1,-1.0699835286793422,-6.384237511986204
0.1,-1.0579835286793424,-5.633305284404783
0.1,-1.045983528679342,-4.882358741858838
0.1,-1.0339835286793422,-4.154793684274077
0.1,-1.0219835286793426,-3.4711691747167954
0.1,-1.0099835286793428,-2.8472233044477226
0.1,-0.997983528679343,-2.292967780508374
0.1,-0.9859835286793426,-1.8128006477458474
0.1,-0.9739835286793429,-1.4063583691881254
0.1,-0.9619835286793431,-1.0697430699319768
0.1,-0.9499835286793427,-0.7967931393654264
0.1,-0.937983528679343,-0.5801668754072336
0.1,-0.9259835286793432,-0.41212950853081165
0.1,-0.9139835286793434,-0.28504103674691433
0.1,-0.9019835286793436,-0.19161913774887107
0.1,-0.8899835286793432,-0.12508665733281474
0.1,-0.8779835286793435,-0.07929811165101452
0.1,-0.8659835286793438,-0.04888174896954231
0.1,-0.8539835286793434,-0.029368476074206597
0.1,-0.8419835286793436,-0.0172512205840475
0.1,-0.8299835286793438,-0.009942106261290237
0.1,-0.817983528679344,-0.005641283248243704
0.1,-0.8059835286793443,-0.003161749610070862
0.1,-0.7939835286793439,-0.0017553302242689446
0.1,-0.7819835286793434,-0.0009676111105323833
0.1,-0.7699835286793437,-0.0005306121772286471
0.1,-0.7579835286793439,-0.0002898740386954792
0.1,-0.7459835286793435,-0.00015790910933511108
0.1,-0.733983528679343,-8.580836512188284e-5
0.1,-0.7219835286793432,-4.6493037428496104e-5
0.1,-0.7099835286793434,-2.5075449017203244e-5
0.1,-0.6979835286793431,-1.3410645286478225e-5
0.1,-0.6859835286793426,-7.057148684264475e-6
0.1,-0.6739835286793429,-3.597760903200642e-6
0.1,-0.6619835286793431,-1.7181474092640592e-6
0.1,-0.6499835286793426,-7.03663753582827e-7
0.1,-0.6379835286793422,-1.654594412593638e-7
0.1,-0.6259835286793425,1.0831938376988846e-7
0.1,-0.6139835286793427,2.3330629508190377e-7
0.1,-0.6019835286793422,2.7278150264788627e-7
0.1,-0.5899835286793418,2.615618130065569e-7
0.1,-0.577983528679342,2.1916928810627517e-7
0.1,-0.5659835286793423,1.5752149874541367e-7
0.1,-0.5539835286793419,8.678590283097798e-8
0.1,-0.5419835286793414,2.4878246914558882e-8
0.1,-0.5299835286793416,1.189455976540356e-9
0.1,-0.5179835286793419,9.808391672091093e-9
0.1,-0.5059835286793415,2.2142035898502433e-8
0.1,-0.49398352867934103,3.092740093420859e-8
0.1,-0.48198352867934124,3.72172472190678e-8
0.1,-0.46998352867934146,4.235130989579284e-8
0.1,-0.457983528679341,4.7119123660524474e-8
0.1,-0.44598352867934055,5.1946484294066886e-8
0.1,-0.43398352867934087,5.707000495821743e-8
0.1,-0.4219835286793411,6.26351135753224e-8
0.1,-0.4099835286793406,6.874615602564343e-8
0.1,-0.39798352867934017,7.549169076759744e-8
0.1,-0.3859835286793405,8.295731452837781e-8
0.1,-0.3739835286793407,9.12325215350295e-8
0.1,-0.36198352867934025,1.004148077795266e-7
0.1,-0.3499835286793398,1.1061241954959997e-7
0.1,-0.33798352867934,1.2194668903927807e-7
0.1,-0.32598352867934033,1.345542391038459e-7
0.1,-0.3139835286793399,1.4858929751905573e-7
0.1,-0.3019835286793394,1.6422632753492208e-7
0.1,-0.28998352867933963,1.8166292105822423e-7
0.1,-0.27798352867933995,2.0112319769921047e-7
0.1,-0.2659835286793395,2.2286165502325896e-7
0.1,-0.25398352867933904,2.471676797905054e-7
0.1,-0.24198352867933925,2.743707328607575e-7
0.1,-0.22998352867933947,3.048463660507783e-7
0.1,-0.217983528679339,3.3902328195857476e-7
0.1,-0.20598352867933856,3.7739138437582996e-7
0.1,-0.19398352867933877,4.2051135454300814e-7
0.1,-0.1819835286793392,4.69025642429918e-7
0.1,-0.16998352867933875,5.236713654179083e-7
0.1,-0.1579835286793383,5.852953217569456e-7
0.1,-0.1459835286793385,6.548715491624481e-7
0.1,-0.13398352867933871,7.335217574297416e-7
0.1,-0.12198352867933826,8.22539265487808e-7
0.1,-0.1099835286793378,9.234168600062167e-7
0.1,-0.09798352867933802,1.0378793196259358e-6
0.1,-0.08598352867933823,1.167921320844454e-6
0.1,-0.07398352867933777,1.3158514938184114e-6
0.1,-0.06198352867933732,1.4843436255509135e-6
0.1,-0.04998352867933775,1.676495894135428e-6
0.1,-0.03798352867933796,1.895899250926514e-6
0.1,-0.02598352867933751,2.146716057248763e-6
0.1,-0.013983528679337054,2.433769910041303e-6
0.1,-0.0019835286793372653,2.7626476746206977e-6
0.1,0.010016471320662523,3.139814443767672e-6
0.1,0.022016471320662978,3.572741762133562e-6
0.1,0.03401647132066343,4.070048745630512e-6
0.1,0.04601647132066322,4.641654960720239e-6
0.1,0.05801647132066301,5.298942445624146e-6
0.1,0.07001647132066346,6.05492243451708e-6
0.1,0.08201647132066392,6.92439953197093e-6
0.1,0.09401647132066349,7.924122558596327e-6
0.1,0.10601647132066327,9.072906146252697e-6
0.1,0.11801647132066373,1.0391700275070364e-5
0.1,0.13001647132066418,1.1903575772678996e-5
0.1,0.14201647132066397,1.3633581163960182e-5
0.1,0.15401647132066376,1.5608410100507258e-5
0.1,0.16601647132066422,1.7855797054734278e-5
0.1,0.17801647132066467,2.0403532823781665e-5
0.1,0.19001647132066446,2.3277959464352455e-5
0.1,0.20201647132066403,2.6501770702878018e-5
0.1,0.21401647132066448,3.0090912712965e-5
0.1,0.22601647132066494,3.405036512278568e-5
0.1,0.23801647132066472,3.836860329082589e-5
0.1,0.2500164713206645,4.3010636282328925e-5
0.1,0.26201647132066497,4.790973055234691e-5
0.1,0.2740164713206654,5.2958330687997686e-5
0.1,0.2860164713206652,5.7999335772487144e-5
0.1,0.298016471320665,6.28198008065819e-5
0.1,0.31001647132066545,6.715020782705365e-5
0.1,0.3220164713206659,7.067337108442476e-5
0.1,0.3340164713206655,7.304717149170234e-5
0.1,0.34601647132066526,7.394374656287906e-5
0.1,0.3580164713206657,7.3103640828072e-5
0.1,0.3700164713206662,7.039672793529724e-5
0.1,0.38201647132066596,6.58742558769076e-5
0.1,0.39401647132066575,5.9792160010270604e-5
0.1,0.4060164713206662,5.2589612638268675e-5
0.1,0.41801647132066666,4.482053415047813e-5
0.1,0.43001647132066645,3.705489837454174e-5
0.1,0.442016471320666,2.978074155115303e-5
0.1,0.45401647132066647,2.3337420863109618e-5
0.1,0.4660164713206669,1.789548118542084e-5
0.1,0.4780164713206667,1.3478182921033134e-5
0.1,0.4900164713206665,1.0006247977134136e-5
0.1,0.502016471320667,7.345834497006551e-6
0.1,0.5140164713206674,5.346736991109953e-6
0.1,0.5260164713206672,3.866563656540132e-6
0.1,0.538016471320667,2.782582199979561e-6
0.1,0.5500164713206674,1.9951702326356745e-6
0.1,0.5620164713206679,1.4266184189596614e-6
0.1,0.5740164713206675,1.0179278844628385e-6
0.1,0.5860164713206673,7.251349164379993e-7
0.1,0.5980164713206677,5.159063927127241e-7
0.1,0.6100164713206682,3.6668412965111973e-7
0.1,0.622016471320668,2.604191774843811e-7
0.1,0.6340164713206677,1.8483456633065206e-7
0.1,0.6460164713206682,1.311224513901969e-7
0.1,0.6580164713206686,9.298161360929301e-8
0.1,0.6700164713206684,6.591389971964649e-8
0.1,0.682016471320668,4.671361714593619e-8
0.1,0.6940164713206685,3.309924300317585e-8
0.1,0.7060164713206689,2.3448653346795484e-8
0.1,0.7180164713206687,1.660952120225232e-8
0.1,0.7300164713206685,1.1763708373534646e-8
0.1,0.742016471320669,8.330876823170522e-9
0.1,0.7540164713206694,5.899381480127382e-9
0.1,0.7660164713206692,4.177307948546782e-9
0.1,0.778016471320669,2.9577682833607116e-9
0.1,0.7900164713206694,2.0941807659777162e-9
0.1,0.7979835286793311,1.4825464002510196e-9
0.1,0.7859835286793313,1.0491099937851986e-9
0.1,0.7739835286793316,7.42608539216068e-10
0.1,0.7619835286793318,5.257034116888583e-10
0.1,0.7499835286793322,3.72165530801117e-10
0.1,0.7379835286793324,2.634766498497282e-10
0.1,0.7259835286793326,1.8653424860060224e-10
0.1,0.7139835286793329,1.3205636364507947e-10
0.1,0.7019835286793331,9.350225486083573e-11
0.1,0.6899835286793334,6.621041656415128e-11
0.1,0.6779835286793336,4.687986557634078e-11
0.1,0.6659835286793339,3.319784630992794e-11
0.1,0.6539835286793342,2.3508955309577213e-11
0.1,0.6419835286793344,1.665081266316944e-11
0.1,0.6299835286793347,1.179062788373018e-11
0.1,0.6179835286793349,8.350418597462063e-12
0.1,0.6059835286793351,5.915129030457514e-12
0.1,0.5939835286793355,4.197156927140288e-12
0.1,0.5819835286793357,2.9773894092424127e-12
0.1,0.569983528679336,2.1074977024642356e-12
0.1,0.5579835286793362,1.492866249660008e-12
0.1,0.5459835286793364,1.0562546318905118e-12
0.1,0.5339835286793366,7.570850065587542e-13
0.1,0.521983528679337,5.302952023011315e-13
0.1,0.5099835286793373,3.769152486057362e-13
0.1,0.4979835286793375,2.690064724308893e-13
0.1,0.4859835286793377,1.9081299885551746e-13
0.1,0.47398352867933796,1.372728121727905e-13
0.1,0.46198352867933823,9.219785801006123e-14
0.1,0.4499835286793385,7.645297569581209e-14
0.1,0.43798352867933876,4.913486551337453e-14
0.1,0.425983528679339,4.4434805734118344e-14
0.1,0.41398352867933924,2.4825215309907657e-14
0.1,0.4019835286793395,1.7723780362969298e-14
0.1,0.3899835286793405,1.4363215104180272e-14
0.1,0.37798352867934004,7.38239954352912e-15
0.1,0.3659835286793396,3.831322589013569e-15
0.1,0.3539835286793405,4.527683091679871e-15
0.1,0.3419835286793415,5.4956610166115825e-15
0.1,0.32998352867934105,-7.094644378286602e-15
0.1,0.3179835286793406,2.9136015224037483e-15
0.1,0.30598352867934153,2.258073553135352e-15
0.1,0.2939835286793425,2.6425088562446626e-15
0.1,0.28198352867934207,6.856824833155119e-15
0.1,0.2699835286793416,2.9892954115504264e-15
0.1,0.2579835286793426,3.736154865368062e-15
0.1,0.2459835286793436,5.8667659213758085e-15
0.1,0.23398352867934313,2.6895154198942355e-15
0.1,0.22198352867934268,-7.096545205454979e-15
0.1,0.20998352867934356,7.574982329415173e-16
0.1,0.19798352867934454,-3.3485424274016954e-15
0.1,0.1859835286793441,2.8420212146263215e-15
0.1,0.17398352867934364,4.147912729482468e-15
0.1,0.16198352867934462,5.035633582877094e-15
0.1,0.1499835286793456,7.349476259905732e-15
0.1,0.13798352867934516,-6.1703469021976035e-15
0.1,0.1259835286793447,1.382918244541728e-15
0.1,0.11398352867934558,-2.873115500310719e-16
0.1,0.10198352867934657,5.489719767767435e-15
0.1,0.08998352867934611,3.383909251607134e-15
0.1,0.07798352867934566,6.356198313453872e-16
0.1,0.06598352867934665,-1.1993919885027546e-15
0.1,0.05398352867934764,3.939058517535793e-15
0.1,0.04198352867934718,-2.943274511233036e-15
0.1,0.03148764650950964,-4.62143509070963e-15
0.1,0.020991764339673535,-1.4833352924046305e-15
0.1,0.010495882169837545,2.4090286477608348e-15
0.1,0.0,2.2194777714917545e-16
0.1,-0.010495882169837545,5.651608618802097e-15
0.1,-0.022041352556657068,-1.3930596338356258e-15
0.1,-0.03404135255665608,4.145288284510382e-15
0.1,-0.046041352556656534,1.638861491314272e-15
0.1,-0.05804135255665699,-2.018979030353051e-15
0.1,-0.070041352556656,-1.4531936456806785e-15
0.1,-0.08204135255665501,-3.1386865899027208e-15
0.1,-0.09404135255665547,-5.747138184108711e-15
0.1,-0.10604135255665592,6.414320525125283e-16
0.1,-0.11804135255665504,-2.723138378082492e-15
0.1,-0.13004135255665406,2.6558904663751843e-15
0.1,-0.1420413525566545,-1.9435551676317883e-15
0.1,-0.15404135255665496,-4.042839821109867e-15
0.1,-0.16604135255665398,-1.2373998849497698e-15
0.1,-0.178041352556653,3.3446097504833723e-15
0.1,-0.19004135255665344,-4.560841151737119e-16
0.1,-0.202041352556654,-1.0396366467341322e-14
0.1,-0.2140413525566529,1.89248689969134e-16
0.1,-0.22604135255665203,-1.0806002694468805e-15
0.1,-0.23804135255665249,-2.52951738667562e-15
0.1,-0.25004135255665294,1.6026207389521212e-16
0.1,-0.26204135255665184,-4.883327980215148e-15
0.1,-0.27404135255665096,-9.868716011249061e-15
0.1,-0.2860413525566514,-2.0369877379366623e-14
0.1,-0.2980413525566519,-4.129060222275059e-14
0.1,-0.310041352556651,-8.75632809935756e-14
0.1,-0.3220413525566499,-1.7435394226872358e-13
0.1,-0.33404135255665035,-3.822973036094354e-13
0.1,-0.3460413525566508,-8.035457521546857e-13
0.1,-0.35804135255664993,-1.672303712654274e-12
0.1,-0.37004135255664883,-3.4829366756972456e-12
0.1,-0.3820413525566493,-7.27587342679761e-12
0.1,-0.39404135255664974,-1.5209988943286848e-11
0.1,-0.40604135255664886,-3.180259980219442e-11
0.1,-0.418041352556648,-6.652481605006926e-11
0.1,-0.43004135255664844,-1.392115559119524e-10
0.1,-0.4420413525566489,-2.9144165333192413e-10
0.1,-0.4540413525566478,-6.103521311586308e-10
0.1,-0.4660413525566469,-1.2786643399309572e-9
0.1,-0.47804135255664737,-2.6795787899800502e-9
0.1,-0.4900413525566478,-5.616922830309586e-9
0.1,-0.502041352556647,-1.1777017120479663e-8
0.1,-0.5140413525566458,-2.4697608743177342e-8
0.1,-0.5260413525566463,-5.179983046880806e-8
0.1,-0.5380413525566468,-1.0864607760782409e-7
0.1,-0.5500413525566459,-2.278510723177976e-7
0.1,-0.5620413525566448,-4.776928130573654e-7
0.1,-0.5740413525566452,-1.0008525846400865e-6
0.1,-0.5860413525566457,-2.0946300062683566e-6
0.1,-0.5980413525566448,-4.37566127876715e-6
0.1,-0.6100413525566439,-9.113777340866625e-6
0.1,-0.6220413525566444,-1.889499868069187e-5
0.1,-0.6340413525566448,-3.889669581251121e-5
0.1,-0.6460413525566437,-7.922010528583549e-5
0.1,-0.6580413525566429,-0.0001588323948376717
0.1,-0.6700413525566433,-0.0003114376520490787
0.1,-0.6820413525566438,-0.0005925629566914166
0.1,-0.6940413525566427,-0.0010853007164313097
0.1,-0.7060413525566418,-0.0019013057623060961
0.1,-0.7180413525566423,-0.003177050193726118
0.1,-0.7300413525566427,-0.00507216051710093
0.1,-0.7420413525566418,-0.00777899187194876
0.1,-0.7540413525566407,-0.01154645738348779
0.1,-0.7660413525566412,-0.016714518221259505
0.1,-0.7780413525566416,-0.02375601396619967
0.1,-0.7900413525566408,-0.033327111470588804
0.1,-0.8020413525566397,-0.04633160575515976
0.1,-0.8140413525566401,-0.06400661558916068
0.1,-0.8260413525566406,-0.08803929958384102
0.1,-0.8380413525566397,-0.1207271090780707
0.1,-0.8500413525566388,-0.16519710002414745
0.1,-0.8620413525566393,-0.22570060871301637
0.1,-0.8740413525566397,-0.3079968137016289
0.1,-0.8860413525566386,-0.4198339978162494
0.1,-0.8980413525566378,-0.5715299231626086
0.1,-0.9100413525566382,-0.7766338052527586
0.1,-0.9220413525566387,-1.0526091798969845
0.1,-0.9340413525566376,-1.4213983254634155
0.1,-0.9460413525566367,-1.9096078040044244
0.1,-0.9580413525566371,-2.5478973519407537
0.1,-0.9700413525566376,-3.368999792172786
0.1,-0.9820413525566367,-4.403739366458074
0.1,-0.9940413525566356,-5.6745869796411865
0.1,-1.006041352556636,-7.186809649009051
0.1,-1.0180413525566365,-8.918123123434171
0.1,-1.0300413525566356,-10.808766638870651
0.1,-1.0420413525566345,-12.754924247262021
0.1,-1.054041352556635,-14.609464265533067
0.1,-1.0660413525566355,-16.19509666766233
0.1,-1.0780413525566346,-17.335106556259046
0.1,-1.0900413525566337,-17.901924915501283
0.1,-1.1020413525566342,-17.869347174710974
0.1,-1.1140413525566346,-17.335946512401748
0.1,-1.1260413525566335,-16.490962084893457
0.1,-1.1380413525566326,-15.536709338260422
0.1,-1.150041352556633,-14.621823462595717
0.1,-1.1620413525566335,-13.822317718947316
0.1,-1.1740413525566324,-13.159464809601454
0.1,-1.1860413525566316,-12.625602901459562
0.1,-1.198041352556632,-12.20224237983434
0.1,-1.1899586474433674,-11.590155880860934
0.1,-1.1779586474433685,-11.111958649101316
0.1,-1.1659586474433694,-10.710153312869434
0.1,-1.153958647443369,-10.323246919756457
0.1,-1.1419586474433685,-9.919781184517774
0.1,-1.1299586474433696,-9.477467515051783
0.1,-1.1179586474433705,-8.98049613972975
0.1,-1.10595864744337,-8.419833567070624
0.1,-1.0939586474433696,-7.794142223884977
0.1,-1.0819586474433704,-7.1102704249665525
0.1,-1.0699586474433715,-6.382695664016694
0.1,-1.057958647443371,-5.631738956122035
0.1,-1.0459586474433706,-4.8808174648610185
0.1,-1.0339586474433715,-4.153323825274809
0.1,-1.0219586474433724,-3.4698088153560103
0.1,-1.009958647443372,-2.845999217093702
0.1,-0.9979586474433716,-2.291894674335761
0.1,-0.9859586474433726,-1.8118822897516407
0.1,-0.9739586474433736,-1.4055898665138045
0.1,-0.9619586474433731,-1.0691135585540752
0.1,-0.9499586474433726,-0.7962882821703243
0.1,-0.9379586474433736,-0.5797708178956058
0.1,-0.9259586474433745,-0.41182618432599294
0.1,-0.9139586474433741,-0.28481490990196984
0.1,-0.9019586474433736,-0.1914555887216889
0.1,-0.8899586474433746,-0.12497224193713233
0.1,-0.8779586474433756,-0.07922083920174311
0.1,-0.8659586474433751,-0.048831381624530885
0.1,-0.8539586474433747,-0.02933674231933236
0.1,-0.8419586474433756,-0.017231835381771258
0.1,-0.8299586474433767,-0.009930578331337495
0.1,-0.8179586474433762,-0.005634579980954431
0.1,-0.8059586474433758,-0.0031579217791160457
0.1,-0.7939586474433766,-0.0017531752294693516
0.1,-0.7819586474433776,-0.000966410992416162
0.1,-0.7699586474433772,-0.0005299492033839158
0.1,-0.7579586474433767,-0.0002895099177650866
0.1,-0.7459586474433777,-0.00015770991976963666
0.1,-0.7339586474433786,-8.569967523534796e-5
0.1,-0.7219586474433781,-4.643380891606511e-5
0.1,-0.7099586474433777,-2.5043190067643987e-5
0.1,-0.6979586474433787,-1.339307476721305e-5
0.1,-0.6859586474433796,-7.047579184446923e-6
0.1,-0.6739586474433792,-3.5925538458338085e-6
0.1,-0.6619586474433787,-1.7153254890611826e-6
0.1,-0.6499586474433797,-7.021509094767133e-7
0.1,-0.6379586474433807,-1.6467040331108967e-7
0.1,-0.6259586474433803,1.0870376897850458e-7
0.1,-0.6139586474433798,2.3346114927700647e-7
0.1,-0.6019586474433808,2.7280226325181444e-7
0.1,-0.5899586474433817,2.615013844880373e-7
0.1,-0.5779586474433812,2.1905811749920318e-7
0.1,-0.5659586474433808,1.5738058645093695e-7
0.1,-0.5539586474433817,8.663956059928168e-8
0.1,-0.5419586474433827,2.478093383590628e-8
0.1,-0.5299586474433823,1.1858483616231028e-9
0.1,-0.5179586474433818,9.83605502978675e-9
0.1,-0.5059586474433828,2.2163938598991547e-8
0.1,-0.4939586474433837,3.094246246147797e-8
0.1,-0.48195864744338324,3.722873304629327e-8
0.1,-0.4699586474433828,4.2361381557447395e-8
0.1,-0.45795864744338377,4.712897386406509e-8
0.1,-0.44595864744338476,5.19567418598374e-8
0.1,-0.4339586474433843,5.7081053420136693e-8
0.1,-0.42195864744338385,6.264718070799127e-8
0.1,-0.40995864744338484,6.875945612115663e-8
0.1,-0.3979586474433858,7.550639929452165e-8
0.1,-0.38595864744338537,8.297360184921539e-8
0.1,-0.3739586474433849,9.1250590766407e-8
0.1,-0.3619586474433858,1.0043486584582857e-7
0.1,-0.3499586474433868,1.1063469800203882e-7
0.1,-0.33795864744338633,1.2197146972741967e-7
0.1,-0.3259586474433859,1.3458179993013876e-7
0.1,-0.31395864744338686,1.486199987388421e-7
0.1,-0.30195864744338785,1.6426054859391226e-7
0.1,-0.2899586474433874,1.8170109496174338e-7
0.1,-0.27795864744338694,2.011658222460513e-7
0.1,-0.26595864744338793,2.229092953175245e-7
0.1,-0.2539586474433888,2.4722096877385595e-7
0.1,-0.24195864744338835,2.7443039461173053e-7
0.1,-0.2299586474433879,3.049132463895712e-7
0.1,-0.2179586474433889,3.390983192117296e-7
0.1,-0.20595864744338988,3.774756727853942e-7
0.1,-0.19395864744338942,4.206061324522617e-7
0.1,-0.18195864744338897,4.691323362554391e-7
0.1,-0.16995864744338984,5.23791609039554e-7
0.1,-0.15795864744339094,5.854310060494226e-7
0.1,-0.1459586474433905,6.550248225561099e-7
0.1,-0.13395864744339003,7.336951290336884e-7
0.1,-0.12195864744339091,8.227356117375976e-7
0.1,-0.10995864744339201,9.236395047038141e-7
0.1,-0.09795864744339156,1.0381320974775012e-6
0.1,-0.0859586474433911,1.1682086865690372e-6
0.1,-0.07395864744339198,1.3161786001499846e-6
0.1,-0.061958647443392856,1.484716423054699e-6
0.1,-0.0499586474433924,1.6769212902613638e-6
0.1,-0.037958647443391946,1.8963852746264032e-6
0.1,-0.025958647443393046,2.147271982536405e-6
0.1,-0.013958647443393923,2.4344064952380072e-6
0.1,-0.0019586474433934686,2.7633773700682916e-6
0.1,0.010041352556606986,3.1406516592806258e-6
0.1,0.02204135255660744,3.5737031261896717e-6
0.1,0.034041352556607896,4.071153425183665e-6
0.1,0.04604135255660835,4.642924994740699e-6
0.1,0.058041352556608805,5.300403061283873e-6
0.1,0.07004135255660926,6.056602421254413e-6
0.1,0.08204135255660971,6.926331552818849e-6
0.1,0.09404135255661017,7.926343463109675e-6
0.1,0.10604135255661062,9.075457143944488e-6
0.1,0.11804135255661108,1.0394627041413436e-5
0.1,0.13004135255661153,1.1906928276691687e-5
0.1,0.142041352556612,1.3637413208743594e-5
0.1,0.15404135255661244,1.5612778374998522e-5
0.1,0.1660413525566129,1.7860759544168248e-5
0.1,0.17804135255661335,2.0409146270885565e-5
0.1,0.1900413525566138,2.3284275615433867e-5
0.1,0.20204135255661426,2.6508830833003532e-5
0.1,0.21404135255661472,3.0098740192817777e-5
0.1,0.22604135255661517,3.4058955281947585e-5
0.1,0.23804135255661563,3.837791050633455e-5
0.1,0.2500413525566161,4.30205580781022e-5
0.1,0.26204135255661654,4.7920089344323506e-5
0.1,0.274041352556617,5.296885478031419e-5
0.1,0.28604135255661745,5.8009642870294657e-5
0.1,0.2980413525566179,6.282938948352423e-5
0.1,0.31004135255661835,6.715846454877004e-5
0.1,0.3220413525566188,7.067960165425031e-5
0.1,0.33404135255661926,7.30506649082486e-5
0.1,0.3460413525566197,7.394387336470653e-5
0.1,0.3580413525566202,7.30999765714317e-5
0.1,0.37004135255662063,7.038917680631889e-5
0.1,0.3820413525566211,6.586313568677657e-5
0.1,0.39404135255662154,5.977820780318184e-5
0.1,0.406041352556622,5.257388892793443e-5
0.1,0.41804135255662245,4.480424048743494e-5
0.1,0.4300413525566229,3.703916165402658e-5
0.1,0.44204135255662336,2.976643457820171e-5
0.1,0.4540413525566238,2.3325070666250162e-5
0.1,0.46604135255662427,1.7885275424015672e-5
0.1,0.4780413525566247,1.3470046077442783e-5
0.1,0.4900413525566252,9.999943519105419e-6
0.1,0.5020413525566256,7.341057116599405e-6
0.1,0.5140413525566261,5.343177397456635e-6
0.1,0.5260413525566265,3.863944679094577e-6
0.1,0.538041352556627,2.780673202332363e-6
0.1,0.5500413525566274,1.9937883358997243e-6
0.1,0.5620413525566279,1.4256231832728516e-6
0.1,0.5740413525566284,1.0172138607194226e-6
0.1,0.5860413525566288,7.246241243101825e-7
0.1,0.5980413525566293,5.155417996511781e-7
0.1,0.6100413525566297,3.6642432296725374e-7
0.1,0.6220413525566302,2.602342872875793e-7
0.1,0.6340413525566306,1.8470312757100023e-7
0.1,0.6460413525566311,1.31029083072454e-7
0.1,0.6580413525566315,9.291533974824052e-8
0.1,0.670041352556632,6.586687184269409e-8
0.1,0.6820413525566325,4.66802631221585e-8
0.1,0.6940413525566329,3.307561345791014e-8
0.1,0.7060413525566334,2.3431899076420863e-8
0.1,0.7180413525566338,1.6597646271727743e-8
0.1,0.7300413525566343,1.1755298358490471e-8
0.1,0.7420413525566347,8.324925352912583e-9
0.1,0.7540413525566352,5.895160532750525e-9
0.1,0.7660413525566356,4.174316226352298e-9
0.1,0.7780413525566361,2.9556547573280064e-9
0.1,0.7900413525566365,2.09268961759359e-9
0.1,0.7979586474433632,1.4814895564983978e-9
0.1,0.7859586474433627,1.048359101817747e-9
0.1,0.7739586474433623,7.420757946184386e-10
0.1,0.7619586474433618,5.2532204400544e-10
0.1,0.7499586474433614,3.719002789497744e-10
0.1,0.7379586474433609,2.6329223022305896e-10
0.1,0.7259586474433605,1.8640709285036486e-10
0.1,0.71395864744336,1.3197705210206103e-10
0.1,0.7019586474433596,9.343585471135619e-11
0.1,0.6899586474433591,6.61559904763013e-11
0.1,0.6779586474433587,4.684343270079008e-11
0.1,0.6659586474433582,3.317851836448736e-11
0.1,0.6539586474433577,2.3494198315321086e-11
0.1,0.6419586474433573,1.663934235863889e-11
0.1,0.6299586474433568,1.1793328949767546e-11
0.1,0.6179586474433564,8.353316917212277e-12
0.1,0.6059586474433559,5.9194327943840636e-12
0.1,0.5939586474433555,4.192218608191351e-12
0.1,0.581958647443355,2.9735195985621378e-12
0.1,0.5699586474433546,2.108380556189287e-12
0.1,0.5579586474433541,1.4947763268589831e-12
0.1,0.5459586474433535,1.0610480689708957e-12
0.1,0.5339586474433531,7.473862403220123e-13
0.1,0.5219586474433526,5.359158436988676e-13
0.1,0.5099586474433522,3.8246927193194406e-13
0.1,0.4979586474433518,2.6971445604591294e-13
0.1,0.4859586474433513,1.9395150321087053e-13
0.1,0.47395864744335087,1.3536597795233547e-13
0.1,0.4619586474433504,9.988226958697527e-14
0.1,0.44995864744334996,6.648127382832651e-14
0.1,0.4379586474433495,5.0319391410999665e-14
0.1,0.42595864744334905,3.4597268475365226e-14
0.1,0.4139586474433486,2.225168027389746e-14
0.1,0.40195864744334814,1.7519996131603098e-14
0.1,0.3899586474433477,1.5260796581314748e-14
0.1,0.37795864744334723,1.7317081172987103e-14
0.1,0.3659586474433468,6.655305898543775e-15
0.1,0.3539586474433463,6.499491281262803e-15
0.1,0.34195864744334586,-1.3341704671566647e-17
0.1,0.3299586474433454,1.047159545869189e-14
0.1,0.31795864744334495,5.0403796649274415e-15
0.1,0.3059586474433445,-1.369317819710337e-15
0.1,0.2939586474433441,2.8440304514188473e-15
0.1,0.28195864744334365,5.990280444414347e-15
0.1,0.2699586474433432,1.263498680393937e-15
0.1,0.25795864744334274,7.241717718243419e-15
0.1,0.24595864744334228,-6.6142439088634385e-15
0.1,0.23395864744334183,-2.3708794624816153e-15
0.1,0.22195864744334137,2.3135773061315126e-15
0.1,0.20995864744334092,-4.7121085490304705e-15
0.1,0.19795864744334035,-1.462325996027641e-15
0.1,0.1859586474433399,-3.1560334663802817e-15
0.1,0.17395864744333944,-2.1394481064090358e-15
0.1,0.161958647443339,-2.2213712281935147e-15
0.1,0.14995864744333853,-3.804016655095292e-15
0.1,0.13795864744333808,3.361110632643756e-15
0.1,0.12595864744333762,-4.176989797781853e-15
0.1,0.11395864744333717,-1.6944177864381808e-15
0.1,0.10195864744333671,2.0271809206673268e-16
0.1,0.08995864744333626,-4.1269165042910573e-16
0.1,0.0779586474433358,-9.71164370845346e-16
0.1,0.06595864744333535,-2.291528908529958e-15
0.1,0.053958647443334895,-3.730490294112867e-15
0.1,0.04195864744333444,-6.822960447186793e-15
0.1,0.031468985582500886,1.138941456144651e-15
0.1,0.02097932372166722,4.8360529739404474e-15
0.1,0.010489661860833666,-6.120599083456318e-15
0.1,0.0,-6.883538019137116e-15
0.5,-0.0012000000000000899,1.6866222670481464e-15
0.5,-0.0025199999999998557,1.0002531690276542e-15
0.5,-0.0039719999999998645,-2.1139278955780903e-15
0.5,-0.00556919999999983,3.638762908752441e-15
0.5,-0.0073261199999998805,-1.4935411700542302e-15
0.5,-0.009258731999999936,-2.78549257853038e-15
0.5,-0.011384605199999731,3.2484339384572885e-15
0.5,-0.013723065720000038,3.885390836163456e-15
0.5,-0.016295372292000065,2.5740044712368763e-15
0.5,-0.01912490952120005,-4.569367308910005e-15
0.5,-0.022237400473320124,4.3646882299247477e-17
0.5,-0.02566114052065216,-3.859615375461454e-15
0.5,-0.029427254572717443,-2.7328292483654534e-15
0.5,-0.0335699800299889,-2.554181116696707e-15
0.5,-0.03812697803298781,-3.1602507793766822e-15
0.5,-0.04313967583628675,3.329868011843182e-15
0.5,-0.04865364341991518,8.043520058267805e-15
0.5,-0.05471900776190686,2.2377578406595555e-15
0.5,-0.061390908538097255,5.393657683142185e-15
0.5,-0.06872999939190705,2.3900973076514503e-15
0.5,-0.07680299933109791,2.8233188310685303e-15
0.5,-0.08568329926420781,8.068471737983695e-16
0.5,-0.09545162919062888,-6.061784117094699e-17
0.5,-0.10619679210969157,1.8313102921593057e-15
0.5,-0.1180164713206604,2.47977725649452e-15
0.5,-0.13001647132066085,-7.124036699230693e-15
0.5,-0.14201647132066042,-1.342514029001856e-15
0.5,-0.15401647132066087,1.0021163278043688e-15
0.5,-0.16601647132066044,-5.872091961918615e-15
0.5,-0.1780164713206609,3.7474181639716464e-15
0.5,-0.19001647132066046,-6.181419319939853e-15
0.5,-0.20201647132066092,-4.712609361776175e-15
0.5,-0.21401647132066048,-3.3114869398087733e-15
0.5,-0.22601647132066094,2.251163933460558e-15
0.5,-0.2380164713206605,-8.601914494907528e-16
0.5,-0.25001647132066096,9.072878002859694e-16
0.5,-0.2620164713206605,-6.817998876108682e-15
0.5,-0.274016471320661,-5.7237629321433075e-15
0.5,-0.28601647132066055,-2.2065582780124414e-14
0.5,-0.298016471320661,-3.642913841004342e-14
0.5,-0.31001647132066057,-8.63300086568844e-14
0.5,-0.322016471320661,-1.8512771869399722e-13
0.5,-0.3340164713206606,-3.8530280526815856e-13
0.5,-0.34601647132066105,-7.964889673576411e-13
0.5,-0.3580164713206606,-1.6664486343588198e-12
0.5,-0.37001647132066107,-3.474552543582844e-12
0.5,-0.38201647132066063,-7.266654569528664e-12
0.5,-0.3940164713206611,-1.5186092154331692e-11
0.5,-0.40601647132066065,-3.174878917463374e-11
0.5,-0.4180164713206611,-6.639999621551483e-11
0.5,-0.4300164713206607,-1.389593234208635e-10
0.5,-0.44201647132066113,-2.909197177751201e-10
0.5,-0.4540164713206607,-6.092463828338832e-10
0.5,-0.46601647132066115,-1.2763549936631598e-9
0.5,-0.4780164713206607,-2.6747469260855603e-9
0.5,-0.4900164713206612,-5.6067864604413e-9
0.5,-0.5020164713206607,-1.17557557756548e-8
0.5,-0.5140164713206612,-2.4653034352532403e-8
0.5,-0.5260164713206608,-5.170639103577833e-8
0.5,-0.5380164713206612,-1.0845020533310018e-7
0.5,-0.5500164713206608,-2.274406442031498e-7
0.5,-0.5620164713206612,-4.7683354737953743e-7
0.5,-0.5740164713206608,-9.99056334709993e-7
0.5,-0.5860164713206613,-2.090885125877784e-6
0.5,-0.5980164713206608,-4.3678902329921215e-6
0.5,-0.6100164713206613,-9.09778253308222e-6
0.5,-0.6220164713206608,-1.886254650879691e-5
0.5,-0.6340164713206613,-3.8832512626120945e-5
0.5,-0.6460164713206609,-7.909888314898281e-5
0.5,-0.6580164713206613,-0.0001586222667426012
0.5,-0.6700164713206609,-0.00031113151792395175
0.5,-0.6820164713206613,-0.0005922855231718015
0.5,-0.6940164713206609,-0.0010855504997249429
0.5,-0.7060164713206614,-0.001903316624687187
0.5,-0.7180164713206609,-0.0031830970579232024
0.5,-0.7300164713206614,-0.005085636002216562
0.5,-0.742016471320661,-0.007804432302519608
0.5,-0.7540164713206614,-0.011590042352457641
0.5,-0.766016471320661,-0.01678556440593496
0.5,-0.7780164713206614,-0.023869939350464987
0.5,-0.790016471320661,-0.03351066527027434
0.5,-0.8020164713206615,-0.046631845217252756
0.5,-0.814016471320661,-0.06450592253711321
0.5,-0.8260164713206615,-0.08887926973311336
0.5,-0.838016471320661,-0.12214395984356462
0.5,-0.8500164713206615,-0.16757075497632412
0.5,-0.8620164713206611,-0.22962152880500208
0.5,-0.8740164713206615,-0.31436276859309675
0.5,-0.8860164713206611,-0.4300043761895747
0.5,-0.8980164713206615,-0.5875869312182749
0.5,-0.9100164713206611,-0.8018310222188187
0.5,-0.9220164713206616,-1.0921367224336684
0.5,-0.9340164713206611,-1.4836693101376406
0.5,-0.9460164713206616,-2.008376999955398
0.5,-0.9580164713206611,-2.705651157864681
0.5,-0.9700164713206616,-3.6221731071714056
0.5,-0.9820164713206612,-4.810351102055584
0.5,-0.9940164713206616,-6.324750599518893
0.5,-1.0060164713206612,-8.216201119833082
0.5,-1.0180164713206616,-10.523878765637006
0.5,-1.0300164713206612,-13.266433784186512
0.5,-1.0420164713206617,-16.433722361571736
0.5,-1.0540164713206612,-19.980494522346486
0.5,-1.0660164713206617,-23.822495947582553
0.5,-1.0780164713206613,-27.834407287860387
0.5,-1.0900164713206617,-31.84860397841199
0.5,-1.1020164713206613,-35.65440926583401
0.5,-1.1140164713206617,-38.999710638881965
0.5,-1.1260164713206613,-41.600997652103885
0.5,-1.1380164713206617,-43.17400477636359
0.5,-1.1500164713206613,-43.50078779624471
0.5,-1.1620164713206618,-42.53407969111142
0.5,-1.1740164713206613,-40.48616755453756
0.5,-1.1860164713206618,-37.796274123691006
0.5,-1.1980164713206614,-34.94554244747681
0.5,-1.189983528679338,-30.315251735766893
0.5,-1.1779835286793385,-26.829231845966355
0.5,-1.165983528679338,-24.092734569747144
0.5,-1.1539835286793385,-21.70375876637702
0.5,-1.141983528679338,-19.508268874580978
0.5,-1.1299835286793385,-17.43263138110894
0.5,-1.117983528679338,-15.443376147918531
0.5,-1.1059835286793385,-13.53180040613585
0.5,-1.093983528679338,-11.705387326677908
0.5,-1.0819835286793384,-9.981268630900592
0.5,-1.069983528679338,-8.380463434880285
0.5,-1.0579835286793384,-6.9228683264279
0.5,-1.045983528679338,-5.623400819360763
0.5,-1.0339835286793384,-4.489690527925411
0.5,-1.021983528679338,-3.521449849988395
0.5,-1.0099835286793384,-2.711306576796819
0.5,-0.9979835286793379,-2.0466041924274125
0.5,-0.9859835286793384,-1.5115681748687146
0.5,-0.9739835286793379,-1.0893002772432838
0.5,-0.9619835286793383,-0.7632343562815576
0.5,-0.9499835286793379,-0.5179024614174971
0.5,-0.9379835286793383,-0.33908893516477817
0.5,-0.9259835286793379,-0.21366262502027644
0.5,-0.9139835286793383,-0.1294748277033637
0.5,-0.9019835286793378,-0.0755708635916688
0.5,-0.8899835286793383,-0.04263613660265798
0.5,-0.8779835286793378,-0.023364026136144272
0.5,-0.8659835286793383,-0.012499923252479296
0.5,-0.8539835286793378,-0.0065599164108752495
0.5,-0.8419835286793382,-0.0033890480318410653
0.5,-0.8299835286793378,-0.0017267032987785984
0.5,-0.8179835286793382,-0.0008664621362895153
0.5,-0.8059835286793378,-0.0004249958931053055
0.5,-0.7939835286793382,-0.0001991550714135099
0.5,-0.7819835286793377,-8.310522031120836e-5
0.5,-0.7699835286793382,-2.2376455781432555e-5
0.5,-0.7579835286793377,1.0836400024261961e-5
0.5,-0.7459835286793381,3.0663845179837894e-5
0.5,-0.7339835286793377,4.4288838684263375e-5
0.5,-0.7219835286793381,5.539299469750046e-5
0.5,-0.7099835286793377,6.590878123818719e-5
0.5,-0.6979835286793381,7.69063681812418e-5
0.5,-0.6859835286793377,8.904180662673755e-5
0.5,-0.6739835286793381,0.00010278439489209832
0.5,-0.6619835286793376,0.00011853358315236831
0.5,-0.6499835286793381,0.00013668107585389273
0.5,-0.6379835286793376,0.00015764625148720064
0.5,-0.625983528679338,0.00018189904203513686
0.5,-0.6139835286793376,0.00020997743207950897
0.5,-0.601983528679338,0.00024250340667694777
0.5,-0.5899835286793376,0.00028019930200867427
0.5,-0.577983528679338,0.00032390589048398834
0.5,-0.5659835286793375,0.00037460298659207554
0.5,-0.553983528679338,0.0004334334163475443
0.5,-0.5419835286793375,0.000501731010126003
0.5,-0.529983528679338,0.0005810534469969082
0.5,-0.5179835286793375,0.000673220864618872
0.5,-0.5059835286793379,0.0007803613124889112
0.5,-0.4939835286793375,0.0009049642794570018
0.5,-0.4819835286793379,0.0010499438078340549
0.5,-0.46998352867933746,0.0012187129551607299
0.5,-0.4579835286793379,0.001415271703862373
0.5,-0.44598352867933744,0.0016443108394558759
0.5,-0.43398352867933787,0.0019113347333983303
0.5,-0.4219835286793374,0.0022228066628831402
0.5,-0.40998352867933785,0.0025863208060243944
0.5,-0.3979835286793374,0.0030108060246412543
0.5,-0.38598352867933783,0.003506767385843878
0.5,-0.3739835286793374,0.0040865726007241155
0.5,-0.3619835286793378,0.00476479190890379
0.5,-0.34998352867933735,0.005558601417588215
0.5,-0.3379835286793378,0.0064882620358985114
0.5,-0.32598352867933733,0.007577688074540927
0.5,-0.31398352867933776,0.008855122346186777
0.5,-0.3019835286793373,0.010353937437937218
0.5,-0.28998352867933774,0.012113586228502587
0.5,-0.2779835286793373,0.01418072840931822
0.5,-0.2659835286793377,0.016610563812645647
0.5,-0.25398352867933727,0.0194684075847194
0.5,-0.2419835286793377,0.022831546295298582
0.5,-0.22998352867933725,0.026791417701340744
0.5,-0.21798352867933768,0.031456159051797355
0.5,-0.20598352867933722,0.03695356870177705
0.5,-0.19398352867933766,0.04343452128484345
0.5,-0.1819835286793372,0.051076865512972705
0.5,-0.16998352867933764,0.06008981183623763
0.5,-0.15798352867933718,0.07071877954113003
0.5,-0.14598352867933762,0.08325061227306443
0.5,-0.13398352867933716,0.09801897794705072
0.5,-0.1219835286793376,0.11540963195696907
0.5,-0.10998352867933714,0.13586502803499578
0.5,-0.09798352867933757,0.15988749564564803
0.5,-0.08598352867933712,0.18803985670405576
0.5,-0.07398352867933755,0.22094192901211898
0.5,-0.0619835286793371,0.25926088289667604
0.5,-0.04998352867933753,0.30369294462029084
0.5,-0.037983528679337075,0.3549335990822416
0.5,-0.02598352867933751,0.41363343948304804
0.5,-0.013983528679337054,0.4803374324500849
0.5,-0.0019835286793374873,0.5554069573281915
0.5,0.010016471320662967,0.638926841056167
0.5,0.022016471320662534,0.7306038290373442
0.5,0.03401647132066299,0.8296681307881916
0.5,0.046016471320662555,0.9347948012624567
0.5,0.05801647132066301,1.0440650124168842
0.5,0.07001647132066258,1.154986654190848
0.5,0.08201647132066303,1.2645875902778996
0.5,0.0940164713206626,1.3695832087403017
0.5,0.10601647132066305,1.4666047722001034
0.5,0.11801647132066262,1.5524605376517622
0.5,0.13001647132066307,1.6243922954194876
0.5,0.14201647132066264,1.6802891326967453
0.5,0.1540164713206631,1.7188283225719936
0.5,0.16601647132066266,1.7395277618130327
0.5,0.17801647132066312,1.7427109811991224
0.5,0.19001647132066268,1.7294000129256544
0.5,0.20201647132066314,1.70116032397207
0.5,0.2140164713206627,1.659924679730465
0.5,0.22601647132066316,1.6078200847714605
0.5,0.23801647132066273,1.5470158171309554
0.5,0.2500164713206632,1.4796031984935856
0.5,0.26201647132066275,1.4075108748919225
0.5,0.2740164713206632,1.3324540617051441
0.5,0.28601647132066277,1.255912773602212
0.5,0.2980164713206632,1.1791323465907444
0.5,0.3100164713206628,1.1031391404273145
0.5,0.32201647132066324,1.0287647325028422
0.5,0.3340164713206628,0.9566728548229078
0.5,0.34601647132066327,0.8873846442762837
0.5,0.35801647132066283,0.8212994511871532
0.5,0.3700164713206633,0.7587104060953564
0.5,0.38201647132066285,0.6998158750601788
0.5,0.3940164713206633,0.6447293096748806
0.5,0.4060164713206629,0.5934903460592122
0.5,0.41801647132066333,0.5460793001336529
0.5,0.4300164713206629,0.5024359902111839
0.5,0.44201647132066335,0.46248288171239854
0.5,0.4540164713206629,0.426152352834103
0.5,0.4660164713206634,0.39341807329840006
0.5,0.47801647132066294,0.3643295025550687
0.5,0.4900164713206634,0.33904302849855655
0.5,0.502016471320663,0.31782908899919643
0.5,0.5140164713206634,0.30101593862311543
0.5,0.526016471320663,0.2888396192857138
0.5,0.5380164713206634,0.28124558370414293
0.5,0.550016471320663,0.2777714433903557
0.5,0.5620164713206635,0.27759412250800664
0.5,0.574016471320663,0.27968278440327154
0.5,0.5860164713206635,0.28294492449622755
0.5,0.598016471320663,0.28631298169437625
0.5,0.6100164713206635,0.28878383587568884
0.5,0.6220164713206631,0.28944397627360263
0.5,0.6340164713206635,0.28750681739161726
0.5,0.6460164713206631,0.2823759859285497
0.5,0.6580164713206635,0.2737336675493041
0.5,0.6700164713206631,0.2616333738202171
0.5,0.6820164713206636,0.24655327948040828
0.5,0.6940164713206631,0.22935499286094166
0.5,0.7060164713206636,0.2111196675861019
0.5,0.7180164713206632,0.19290464624703263
0.5,0.7300164713206636,0.1755264160062475
0.5,0.7420164713206632,0.15947247326175865
0.5,0.7540164713206636,0.14493124119269088
0.5,0.7660164713206632,0.13188963499332065
0.5,0.7780164713206636,0.12023220946905266
0.5,0.7900164713206632,0.1098069273130141
0.5,0.7979835286793364,0.10034602340420816
0.5,0.7859835286793369,0.09145649129240316
0.5,0.7739835286793364,0.08378236227406159
0.5,0.7619835286793368,0.07691336923417842
0.5,0.7499835286793364,0.0706984402367227
0.5,0.7379835286793368,0.06504192052729336
0.5,0.7259835286793364,0.05987330564721896
0.5,0.7139835286793368,0.055136041062587994
0.5,0.7019835286793363,0.0507853331160642
0.5,0.6899835286793368,0.04678264535674576
0.5,0.6779835286793363,0.04309443734333419
0.5,0.6659835286793367,0.0396914727269719
0.5,0.6539835286793363,0.03654788590553331
0.5,0.6419835286793367,0.03364056965769529
0.5,0.6299835286793363,0.030948728634181695
0.5,0.6179835286793367,0.028453545001921755
0.5,0.6059835286793362,0.026137925523008455
0.5,0.5939835286793367,0.02398631078729442
0.5,0.5819835286793362,0.021984534035420403
0.5,0.5699835286793367,0.0201197210299176
0.5,0.5579835286793362,0.01838022461103587
0.5,0.5459835286793366,0.016755588312745182
0.5,0.5339835286793362,0.015236532922358834
0.5,0.5219835286793366,0.013814958325630015
0.5,0.5099835286793362,0.012483950676452102
0.5,0.4979835286793366,0.011237782373650073
0.5,0.48598352867933614,0.010071890293932698
0.5,0.4739835286793366,0.008982817217953843
0.5,0.4619835286793361,0.007968103411588589
0.5,0.44998352867933655,0.007026120581565007
0.5,0.4379835286793361,0.006155848880042741
0.5,0.42598352867933653,0.0053566082295681125
0.5,0.4139835286793361,0.004627765891280496
0.5,0.4019835286793365,0.003968450213012307
0.5,0.38998352867933606,0.003377303374378162
0.5,0.3779835286793365,0.002852302314614994
0.5,0.36598352867933603,0.002390667277947413
0.5,0.35398352867933647,0.001988863733116786
0.5,0.341983528679336,0.0016426891401051557
0.5,0.32998352867933645,0.0013474244873233705
0.5,0.317983528679336,0.0010980239919855404
0.5,0.3059835286793364,0.0008893154985407614
0.5,0.29398352867933597,0.000716188027825214
0.5,0.2819835286793364,0.0005737497683492598
0.5,0.26998352867933595,0.0004574475036085459
0.5,0.2579835286793364,0.0003631453821556169
0.5,0.24598352867933593,0.000287166096602585
0.5,0.23398352867933636,0.0002263006646252532
0.5,0.2219835286793359,0.00017779431073075037
0.5,0.20998352867933634,0.00013931589604637682
0.5,0.19798352867933589,0.0001089174512376809
0.5,0.18598352867933632,8.498907944747306e-5
0.5,0.17398352867933586,6.62131324320966e-5
0.5,0.1619835286793363,5.152032082159341e-5
0.5,0.14998352867933584,4.0049392335925414e-5
0.5,0.13798352867933628,3.1111224686735174e-5
0.5,0.12598352867933582,2.4157617178996395e-5
0.5,0.11398352867933625,1.8754689435384105e-5
0.5,0.1019835286793358,1.4560566684726235e-5
0.5,0.08998352867933623,1.1306908966049906e-5
0.5,0.07798352867933578,8.783793845013935e-6
0.5,0.06598352867933621,6.827462903969023e-6
0.5,0.05398352867933576,5.31047178795503e-6
0.5,0.04198352867933619,4.1338294577023425e-6
0.5,0.03148764650950242,3.322905671792788e-6
0.5,0.023615734882126427,2.822231468726425e-6
0.5,0.01574382325475132,2.398020385035883e-6
0.5,0.007871911627375328,2.0384782977873357e-6
0.5,2.220446049250313e-16,1.7336380459201879e-6
0.5,-0.007871911627375772,1.4750777917341602e-6
0.5,-0.016531014417488832,1.2356650049539526e-6
0.5,-0.026056027486613287,1.0176424763977223e-6
0.5,-0.03653354186265001,8.226726211677136e-7
0.5,-0.04805880767629023,6.517347316112162e-7
0.5,-0.060058807676289794,5.119702974569967e-7
0.5,-0.07205880767628936,4.0264321498471124e-7
0.5,-0.08405880767628893,3.1702470161807636e-7
0.5,-0.0960588076762885,2.4989427544060766e-7
0.5,-0.10805880767628806,1.9719766204535272e-7
0.5,-0.12005880767628763,1.5578292756974473e-7
0.5,-0.1320588076762872,1.2319697367529847e-7
0.5,-0.14405880767628676,9.752834072816578e-8
0.5,-0.15605880767628633,7.728589076649819e-8
0.5,-0.1680588076762859,6.130497842714809e-8
0.5,-0.18005880767628546,4.867486551230127e-8
0.5,-0.19205880767628503,3.868247654824171e-8
0.5,-0.2040588076762846,3.076885594741588e-8
0.5,-0.21605880767628416,2.4495324090064387e-8
0.5,-0.22805880767628373,1.95171585531763e-8
0.5,-0.2400588076762833,1.5563215446688133e-8
0.5,-0.25205880767628286,1.2419909731053744e-8
0.5,-0.2640588076762824,9.918851613659224e-9
0.5,-0.276058807676282,7.927139305955715e-9
0.5,-0.28805880767628156,6.339731529060695e-9
0.5,-0.3000588076762811,5.0735538376625165e-9
0.5,-0.3120588076762807,4.062829995861895e-9
0.5,-0.32405880767628026,3.255362509446583e-9
0.5,-0.3360588076762798,2.6097536323256777e-9
0.5,-0.3480588076762794,2.0930486191035124e-9
0.5,-0.36005880767627896,1.6788574420095856e-9
0.5,-0.3720588076762785,1.3459090221220125e-9
0.5,-0.3840588076762781,1.0765447957430367e-9
0.5,-0.39605880767627766,8.552358330255264e-10
0.5,-0.4080588076762772,6.665914332157177e-10
0.5,-0.4200588076762768,4.919321199841663e-10
0.5,-0.43205880767627636,3.0302034238151416e-10
0.5,-0.4440588076762759,4.9294540750274266e-11
0.5,-0.4560588076762755,-3.683476200613971e-10
0.5,-0.46805880767627506,-1.1522956894336477e-9
0.5,-0.4800588076762746,-2.722896759561362e-9
0.5,-0.4920588076762742,-5.958858292950332e-9
0.5,-0.5040588076762738,-1.270206775544674e-8
0.5,-0.5160588076762733,-2.681677360602673e-8
0.5,-0.5280588076762729,-5.6412138407330065e-8
0.5,-0.5400588076762725,-1.1850156858060255e-7
0.5,-0.552058807676272,-2.4875789954587664e-7
0.5,-0.5640588076762716,-5.218928159346067e-7
0.5,-0.5760588076762712,-1.0940813392620678e-6
0.5,-0.5880588076762707,-2.2907879822469423e-6
0.5,-0.6000588076762703,-4.786996202011131e-6
0.5,-0.6120588076762699,-9.972020055411102e-6
0.5,-0.6240588076762694,-2.067225503376095e-5
0.5,-0.636058807676269,-4.253578367573206e-5
0.5,-0.6480588076762686,-8.654895818905048e-5
0.5,-0.6600588076762681,-0.00017324644548263583
0.5,-0.6720588076762677,-0.0003388791706720896
0.5,-0.6840588076762673,-0.0006426506804357657
0.5,-0.6960588076762668,-0.0011722232931409495
0.5,-0.7080588076762664,-0.0020441096052150427
0.5,-0.720058807676266,-0.0033995656625357066
0.5,-0.7320588076762655,-0.005403644158990525
0.5,-0.7440588076762651,-0.00825665953604522
0.5,-0.7560588076762647,-0.012220375638727332
0.5,-0.7680588076762642,-0.017654864565333807
0.5,-0.7800588076762638,-0.025063139955142845
0.5,-0.7920588076762634,-0.035145836557080166
0.5,-0.8040588076762629,-0.04887230570078431
0.5,-0.8160588076762625,-0.06757678079043637
0.5,-0.828058807676262,-0.09309009202044335
0.5,-0.8400588076762616,-0.12791965145644607
0.5,-0.8520588076762612,-0.17549322140310486
0.5,-0.8640588076762608,-0.24048523711186887
0.5,-0.8760588076762603,-0.32924785956560076
0.5,-0.8880588076762599,-0.45037116880442474
0.5,-0.9000588076762595,-0.615394909593254
0.5,-0.912058807676259,-0.8396827372375637
0.5,-0.9240588076762586,-1.143441031716038
0.5,-0.9360588076762582,-1.5528071245239026
0.5,-0.9480588076762577,-2.100834447346794
0.5,-0.9600588076762573,-2.82805992414172
0.5,-0.9720588076762569,-3.7821708331206767
0.5,-0.9840588076762564,-5.016159908067434
0.5,-0.996058807676256,-6.584391161787806
0.5,-1.0080588076762556,-8.536332276910755
0.5,-1.0200588076762551,-10.908370719545161
0.5,-1.0320588076762547,-13.71489420279326
0.5,-1.0440588076762543,-16.940222593223936
0.5,-1.0560588076762538,-20.532650630196184
0.5,-1.0680588076762534,-24.400898208778802
0.5,-1.080058807676253,-28.412278176602328
0.5,-1.0920588076762525,-32.391608308244855
0.5,-1.104058807676252,-36.12081724396477
0.5,-1.1160588076762517,-39.341703155647295
0.5,-1.1280588076762512,-41.76885829726562
0.5,-1.1400588076762508,-43.125895767140626
0.5,-1.1520588076762504,-43.21980664921304
0.5,-1.16405880767625,-42.047273222256536
0.5,-1.1760588076762495,-39.867970870095746
0.5,-1.188058807676249,-37.14125376252643
0.5,-1.1999411923237513,-34.31481122100315
0.5,-1.1879411923237526,-29.44698353172528
0.5,-1.1759411923237522,-26.22196357508138
0.5,-1.1639411923237517,-23.59211499392243
0.5,-1.151941192323753,-21.26249389226078
0.5,-1.1399411923237543,-19.104640048874238
0.5,-1.127941192323754,-17.05556388449294
0.5,-1.1159411923237534,-15.087734636792945
0.5,-1.1039411923237548,-13.19623719793664
0.5,-1.091941192323756,-11.390963283177523
0.5,-1.0799411923237556,-9.690337688875559
0.5,-1.0679411923237552,-8.11570793743154
0.5,-1.0559411923237565,-6.686516756633617
0.5,-1.0439411923237578,-5.4166948420251595
0.5,-1.0319411923237574,-4.31264205149617
0.5,-1.019941192323757,-3.3728731491374795
0.5,-1.0079411923237582,-2.5890560030683365
0.5,-0.9959411923237595,-1.9479176250809431
0.5,-0.9839411923237591,-1.4334171883651265
0.5,-0.9719411923237586,-1.0286721043619194
0.5,-0.95994119232376,-0.717305270971536
0.5,-0.9479411923237613,-0.48409939118802536
0.5,-0.9359411923237608,-0.31507292873897175
0.5,-0.9239411923237604,-0.1972946713526902
0.5,-0.9119411923237617,-0.11882025962668925
0.5,-0.899941192323763,-0.06895419487165459
0.5,-0.8879411923237626,-0.03870646275342579
0.5,-0.8759411923237621,-0.02112052256319993
0.5,-0.8639411923237634,-0.011260562005353796
0.5,-0.8519411923237648,-0.005892970650320437
0.5,-0.8399411923237643,-0.003037277665230793
0.5,-0.8279411923237638,-0.0015439049431776283
0.5,-0.8159411923237652,-0.0007724516312491193
0.5,-0.8039411923237665,-0.0003769405939970979
0.5,-0.791941192323766,-0.00017460982278940217
0.5,-0.7799411923237656,-7.046966178098364e-5
0.5,-0.7679411923237669,-1.571289352651135e-5
0.5,-0.7559411923237682,1.4548407455427981e-5
0.5,-0.7439411923237678,3.2956922092677225e-5
0.5,-0.7319411923237673,4.594291666789677e-5
0.5,-0.7199411923237686,5.681009435641731e-5
0.5,-0.70794119232377,6.730300269633324e-5
0.5,-0.6959411923237695,7.839984970485715e-5
0.5,-0.683941192323769,9.071329201812027e-5
0.5,-0.6719411923237704,0.00010469393200650972
0.5,-0.6599411923237717,0.00012073533147897585
0.5,-0.6479411923237712,0.000139230295100935
0.5,-0.6359411923237708,0.00016060342749114423
0.5,-0.6239411923237721,0.00018533275515420031
0.5,-0.6119411923237734,0.00021396670053597502
0.5,-0.599941192323773,0.0002471399436993168
0.5,-0.5879411923237725,0.000285589929220412
0.5,-0.5759411923237738,0.00033017522261247114
0.5,-0.5639411923237752,0.000381896572916157
0.5,-0.5519411923237747,0.0004419213794137804
0.5,-0.5399411923237742,0.000511612278058016
0.5,-0.5279411923237756,0.0005925608105026138
0.5,-0.5159411923237769,0.0006866268586521332
0.5,-0.5039411923237764,0.0007959852012455909
0.5,-0.491941192323776,0.0009231802658130541
0.5,-0.4799411923237773,0.0010711907582860933
0.5,-0.4679411923237786,0.0012435058712383297
0.5,-0.45594119232377817,0.0014442152891966582
0.5,-0.4439411923237777,0.0016781155782574345
0.5,-0.43194119232377903,0.0019508359165698295
0.5,-0.41994119232378035,0.002268986933287732
0.5,-0.4079411923237799,0.002640336903145708
0.5,-0.39594119232377945,0.003074020512977194
0.5,-0.38394119232378077,0.0035807863304725333
0.5,-0.3719411923237821,0.004173290308540928
0.5,-0.35994119232378163,0.00486644408264203
0.5,-0.3479411923237812,0.0056778283545339545
0.5,-0.3359411923237825,0.006628183735832996
0.5,-0.3239411923237838,0.007741993524325733
0.5,-0.31194119232378337,0.009048175619116486
0.5,-0.2999411923237829,0.010580903739988415
0.5,-0.28794119232378423,0.012380581476425824
0.5,-0.27594119232378556,0.014494996563951916
0.5,-0.2639411923237851,0.01698068671805857
0.5,-0.25194119232378465,0.019904552710676475
0.5,-0.23994119232378597,0.023345758303025373
0.5,-0.2279411923237873,0.027397960136257102
0.5,-0.21594119232378683,0.03217191259746502
0.5,-0.20394119232378638,0.03779849200640968
0.5,-0.1919411923237877,0.0444321790720304
0.5,-0.17994119232378902,0.052255026161232454
0.5,-0.16794119232378857,0.06148111190890873
0.5,-0.1559411923237881,0.07236144521308763
0.5,-0.14394119232378944,0.08518921568243125
0.5,-0.13194119232379076,0.1003051888154341
0.5,-0.1199411923237903,0.1181028992402222
0.5,-0.10794119232378985,0.13903309095506486
0.5,-0.09594119232379117,0.1636065762773608
0.5,-0.08394119232379249,0.1923943268032816
0.5,-0.07194119232379204,0.22602317382959353
0.5,-0.05994119232379158,0.2651650111890214
0.5,-0.0479411923237929,0.31051693158949
0.5,-0.035941192323794224,0.362769423649783
0.5,-0.02394119232379377,0.42255982833491246
0.5,-0.011941192323793315,0.49040900163618456
0.5,5.8807676205363535e-5,0.5666409003563043
0.5,0.012058807676204042,0.6512878823006282
0.5,0.024058807676204497,0.7439889198405654
0.5,0.03605880767620495,0.8438931953458605
0.5,0.04805880767620363,0.9495865084421639
0.5,0.06005880767620231,1.0590607390097355
0.5,0.07205880767620276,1.169745210334706
0.5,0.08405880767620322,1.2786117658183465
0.5,0.0960588076762019,1.3823529553990115
0.5,0.10805880767620057,1.4776173955049532
0.5,0.12005880767620103,1.5612723718516572
0.5,0.13205880767620148,1.6306556249497821
0.5,0.14405880767620016,1.6837788832088585
0.5,0.15605880767619884,1.719455053407295
0.5,0.1680588076761993,1.7373361358668504
0.5,0.18005880767619975,1.737865420652101
0.5,0.19205880767619843,1.7221610681179507
0.5,0.2040588076761971,1.6918560976641759
0.5,0.21605880767619756,1.6489214988258596
0.5,0.22805880767619802,1.5954957657923887
0.5,0.2400588076761967,1.533737689132514
0.5,0.2520588076761954,1.4657118534789708
0.5,0.26405880767619583,1.39330963336416
0.5,0.2760588076761963,1.31820347205859
0.5,0.28805880767619496,1.241829112561553
0.5,0.30005880767619364,1.1653889971626752
0.5,0.3120588076761941,1.0898698136134144
0.5,0.32405880767619455,1.016067691576846
0.5,0.3360588076761932,0.9446155337921976
0.5,0.3480588076761919,0.8760082801045823
0.5,0.36005880767619236,0.8106235407312673
0.5,0.3720588076761928,0.7487369321622953
0.5,0.3840588076761915,0.6905333118665355
0.5,0.39605880767619017,0.6361164247038698
0.5,0.4080588076761906,0.5855197915480911
0.5,0.4200588076761911,0.5387209735808639
0.5,0.43205880767618976,0.4956601716774328
0.5,0.44405880767618844,0.4562632300265742
0.5,0.4560588076761889,0.42046892137561376
0.5,0.46805880767618935,0.3882604707959406
0.5,0.480058807676188,0.35969990625206005
0.5,0.4920588076761867,0.3349574782607312
0.5,0.5040588076761872,0.31431315520974024
0.5,0.5160588076761876,0.29808965449698155
0.5,0.5280588076761863,0.28649235189162886
0.5,0.540058807676185,0.2794142575837326
0.5,0.5520588076761854,0.2763382917866116
0.5,0.5640588076761859,0.27640365669026834
0.5,0.5760588076761846,0.27856341642799065
0.5,0.5880588076761832,0.28172434153854686
0.5,0.6000588076761837,0.28482655396761847
0.5,0.6120588076761841,0.2868803862947455
0.5,0.6240588076761828,0.28699329216887376
0.5,0.6360588076761815,0.2844116022135584
0.5,0.648058807676182,0.27858868061926895
0.5,0.6600588076761824,0.26927528990406985
0.5,0.6720588076761811,0.25660706379468917
0.5,0.6840588076761798,0.24114164627751836
0.5,0.6960588076761802,0.22379270090127565
0.5,0.7080588076761807,0.20564494798058114
0.5,0.7200588076761794,0.18770945259499078
0.5,0.732058807676178,0.17072809918281465
0.5,0.7440588076761785,0.15511752101000098
0.5,0.756058807676179,0.1410139974335086
0.5,0.7680588076761776,0.12837707951957447
0.5,0.7800588076761763,0.11708119482287647
0.5,0.7920588076761768,0.10697384480907696
0.5,0.7959411923238229,0.09768865998036749
0.5,0.7839411923238242,0.08914059625529469
0.5,0.7719411923238237,0.08170133530384954
0.5,0.7599411923238251,0.07502619444547333
0.5,0.7479411923238246,0.06897842897955353
0.5,0.7359411923238259,0.06346904993796333
0.5,0.7239411923238255,0.058431565188198524
0.5,0.7119411923238268,0.053811960334329605
0.5,0.6999411923238263,0.049567912852190865
0.5,0.6879411923238277,0.04566202612916315
0.5,0.6759411923238272,0.04206201506455315
0.5,0.6639411923238285,0.03873962034898795
0.5,0.6519411923238281,0.03566978215535139
0.5,0.6399411923238294,0.03283007366710024
0.5,0.627941192323829,0.030200284639787345
0.5,0.6159411923238303,0.02776210841477137
0.5,0.6039411923238298,0.025498904869136065
0.5,0.5919411923238311,0.023395521880561456
0.5,0.5799411923238307,0.02143816389225546
0.5,0.567941192323832,0.01961429973094705
0.5,0.5559411923238315,0.017912603685092513
0.5,0.5439411923238329,0.016322924333587622
0.5,0.5319411923238324,0.014836274912079443
0.5,0.5199411923238337,0.013444837299423699
0.5,0.5079411923238333,0.012141969315505834
0.5,0.4959411923238346,0.010922202490945259
0.5,0.48394119232383415,0.009781215618853211
0.5,0.47194119232383547,0.008715769246778582
0.5,0.459941192323835,0.007723588798276682
0.5,0.44794119232383633,0.006803189824989187
0.5,0.4359411923238359,0.005953647784787316
0.5,0.4239411923238372,0.005174325472449981
0.5,0.41194119232383675,0.0044645815665153455
0.5,0.39994119232383807,0.0038234909833525
0.5,0.3879411923238376,0.0032496094969404533
0.5,0.37594119232383894,0.0027408103022612392
0.5,0.3639411923238385,0.002294209605955985
0.5,0.3519411923238398,0.0019061843722089852
0.5,0.33994119232383935,0.0015724714282859095
0.5,0.32794119232384067,0.0012883264399220435
0.5,0.3159411923238402,0.0010487158005632196
0.5,0.30394119232384154,0.0008485145828163225
0.5,0.2919411923238411,0.0006826882603841351
0.5,0.2799411923238424,0.0005464429900508371
0.5,0.26794119232384195,0.000435336843496702
0.5,0.25594119232384327,0.00034535096913094446
0.5,0.24394119232384281,0.00027292442089553806
0.5,0.23194119232384414,0.00021495914168329988
0.5,0.21994119232384368,0.00016880260529454795
0.5,0.207941192323845,0.00013221538489529208
0.5,0.19594119232384455,0.00010332993407559614
0.5,0.18394119232384587,8.060555686726284e-5
0.5,0.17194119232384542,6.278320379101927e-5
0.5,0.15994119232384674,4.8842533182202976e-5
0.5,0.14794119232384628,3.796270203095967e-5
0.5,0.1359411923238476,2.9487611898435906e-5
0.5,0.12394119232384715,2.2895813884098453e-5
0.5,0.11194119232384847,1.7774933118344298e-5
0.5,0.09994119232384802,1.3800267490843101e-5
0.5,0.08794119232384934,1.0717109975794977e-5
0.5,0.07594119232384888,8.3263059203493e-6
0.5,0.0639411923238502,6.472564138286495e-6
0.5,0.05194119232384975,5.0350731758643955e-6
0.5,0.03994119232385107,3.920021018305793e-6
0.5,0.029955894242888137,3.185045520285013e-6
0.5,0.019970596161925203,2.589599381447297e-6
0.5,0.009985298080962268,2.1069559575561404e-6
0.5,0.004992649040480801,1.9009743639460701e-6
0.5,-6.661338147750939e-16,1.7154469720996717e-6
1.0,-0.0012000000000000899,-3.067398921569018e-15
1.0,-0.0025199999999998557,-1.7643192240180983e-16
1.0,-0.0039719999999998645,-2.7429450931141194e-15
1.0,-0.00556919999999983,6.809406357335364e-16
1.0,-0.0073261199999998805,4.763557948169299e-15
1.0,-0.009258731999999936,-6.460547424516672e-16
1.0,-0.011384605199999731,-5.297986800993595e-15
1.0,-0.013723065720000038,2.750457865441525e-15
1.0,-0.016295372292000065,3.245591408073506e-15
1.0,-0.01912490952120005,-1.9380792690937695e-15
1.0,-0.022237400473320124,6.08110350791178e-16
1.0,-0.02566114052065216,2.0996329051639462e-15
1.0,-0.029427254572717443,-1.9216220832103056e-15
1.0,-0.0335699800299889,-2.6938663744466214e-16
1.0,-0.03812697803298781,1.6393664303253874e-16
1.0,-0.04313967583628675,-6.129443551453709e-15
1.0,-0.04865364341991518,2.318464736321709e-15
1.0,-0.05471900776190686,-5.539057116476365e-16
1.0,-0.061390908538097255,-9.57392541441994e-16
1.0,-0.06872999939190705,-1.1280940408877803e-15
1.0,-0.07680299933109791,-3.534242513803255e-15
1.0,-0.08568329926420781,5.143240601058892e-15
1.0,-0.09545162919062888,1.635466819001876e-15
1.0,-0.10619679210969157,-1.2390756902086024e-15
1.0,-0.1180164713206604,-4.456270192941552e-16
1.0,-0.13001647132066085,6.923034537819336e-16
1.0,-0.14201647132066042,-5.290659005676838e-15
1.0,-0.15401647132066087,2.959557240575603e-16
1.0,-0.16601647132066044,2.575302845144432e-15
1.0,-0.1780164713206609,-7.841676739339487e-17
1.0,-0.19001647132066046,-2.8272548872438674e-15
1.0,-0.20201647132066092,4.477816641087853e-15
1.0,-0.21401647132066048,-2.006903657081535e-15
1.0,-0.22601647132066094,-3.576110275892298e-15
1.0,-0.2380164713206605,-1.2117207614782125e-15
1.0,-0.25001647132066096,-2.1663403541644132e-15
1.0,-0.2620164713206605,-1.0742312348816237e-14
1.0,-0.274016471320661,-1.0076351778638707e-14
1.0,-0.28601647132066055,-2.2298616337685703e-14
1.0,-0.298016471320661,-4.712622929708942e-14
1.0,-0.31001647132066057,-8.967846927834185e-14
1.0,-0.322016471320661,-1.8566385037742911e-13
1.0,-0.3340164713206606,-3.8096767769375725e-13
1.0,-0.34601647132066105,-7.97961771846151e-13
1.0,-0.3580164713206606,-1.666270260554842e-12
1.0,-0.37001647132066107,-3.4742334134635452e-12
1.0,-0.38201647132066063,-7.266518650412759e-12
1.0,-0.3940164713206611,-1.5175570611946684e-11
1.0,-0.40601647132066065,-3.17321271352491e-11
1.0,-0.4180164713206611,-6.637634516200574e-11
1.0,-0.4300164713206607,-1.3890609971790725e-10
1.0,-0.44201647132066113,-2.9081139506291185e-10
1.0,-0.4540164713206607,-6.090254232428672e-10
1.0,-0.46601647132066115,-1.2758859854379068e-9
1.0,-0.4780164713206607,-2.6737605237107264e-9
1.0,-0.4900164713206612,-5.604715714470489e-9
1.0,-0.5020164713206607,-1.1751429461361229e-8
1.0,-0.5140164713206612,-2.4643981079650044e-8
1.0,-0.5260164713206608,-5.1687418712470235e-8
1.0,-0.5380164713206612,-1.0841046655361359e-7
1.0,-0.5500164713206608,-2.2735748759108064e-7
1.0,-0.5620164713206612,-4.7665976421178976e-7
1.0,-0.5740164713206608,-9.986941365061547e-7
1.0,-0.5860164713206613,-2.0901339447092656e-6
1.0,-0.5980164713206608,-4.366347210801315e-6
1.0,-0.6100164713206613,-9.094671434654898e-6
1.0,-0.6220164713206608,-1.8856503873713306e-5
1.0,-0.6340164713206613,-3.8821674209067196e-5
1.0,-0.6460164713206609,-7.908291945427971e-5
1.0,-0.6580164713206613,-0.00015861239729577848
1.0,-0.6700164713206609,-0.0003111861099679781
1.0,-0.6820164713206613,-0.0005926094718677328
1.0,-0.6940164713206609,-0.0010867063146962615
1.0,-0.7060164713206614,-0.001906535411759231
1.0,-0.7180164713206609,-0.0031905339370171186
1.0,-0.7300164713206614,-0.00510037667860659
1.0,-0.742016471320661,-0.007830319767471056
1.0,-0.7540164713206614,-0.011631694446841367
1.0,-0.766016471320661,-0.016848919782677548
1.0,-0.7780164713206614,-0.023963451141557342
1.0,-0.790016471320661,-0.03364719096269847
1.0,-0.8020164713206615,-0.04683137178252867
1.0,-0.814016471320661,-0.06479934844263252
1.0,-0.8260164713206615,-0.08931346182918856
1.0,-0.838016471320661,-0.12278833091494001
1.0,-0.8500164713206615,-0.1685259646928699
1.0,-0.8620164713206611,-0.2310319000842881
1.0,-0.8740164713206615,-0.3164357526185355
1.0,-0.8860164713206611,-0.43304300172581894
1.0,-0.8980164713206615,-0.5920451828510016
1.0,-0.9100164713206611,-0.8084086962815834
1.0,-0.9220164713206616,-1.1019412098437928
1.0,-0.9340164713206611,-1.4984888656112976
1.0,-0.9460164713206616,-2.0311347804662385
1.0,-0.9580164713206611,-2.741140773185835
1.0,-0.9700164713206616,-3.678208349772156
1.0,-0.9820164713206612,-4.8994801630123
1.0,-0.9940164713206616,-6.466666999731747
1.0,-1.0060164713206612,-8.440915776847474
1.0,-1.0180164713206616,-10.875620368391605
1.0,-1.0300164713206612,-13.808190029285363
1.0,-1.0420164713206617,-17.252414846177253
1.0,-1.0540164713206612,-21.193021489164373
1.0,-1.0660164713206617,-25.583169531047975
1.0,-1.0780164713206613,-30.344425278535812
1.0,-1.0900164713206617,-35.36782783974638
1.0,-1.1020164713206613,-40.514419061346615
1.0,-1.1140164713206617,-45.61400227906091
1.0,-1.1260164713206613,-50.461738159236724
1.0,-1.1380164713206617,-54.81357747795611
1.0,-1.1500164713206613,-58.384200130993285
1.0,-1.1620164713206618,-60.85653751948439
1.0,-1.1740164713206613,-61.92096242354572
1.0,-1.1860164713206618,-61.368266093866886
1.0,-1.1980164713206614,-59.235374030161225
1.0,-1.189983528679338,-50.47913937452081
1.0,-1.1779835286793385,-43.448507877542646
1.0,-1.165983528679338,-38.09837191588168
1.0,-1.1539835286793385,-33.6064293854717
1.0,-1.141983528679338,-29.62783202798321
1.0,-1.1299835286793385,-25.99712576960536
1.0,-1.117983528679338,-22.63494559508749
1.0,-1.1059835286793385,-19.509129124851533
1.0,-1.093983528679338,-16.614420519537756
1.0,-1.0819835286793384,-13.959660232041173
1.0,-1.069983528679338,-11.558620151234944
1.0,-1.0579835286793384,-9.42324776250713
1.0,-1.045983528679338,-7.559084893444873
1.0,-1.0339835286793384,-5.962898475464695
1.0,-1.021983528679338,-4.622429650245422
1.0,-1.0099835286793384,-3.517860674945132
1.0,-0.9979835286793379,-2.624327180886043
1.0,-0.9859835286793384,-1.9147080427044205
1.0,-0.9739835286793379,-1.3620292510688348
1.0,-0.9619835286793383,-0.9410553966364799
1.0,-0.9499835286793379,-0.6289394149451547
1.0,-0.9379835286793383,-0.4051192846134747
1.0,-0.9259835286793379,-0.25092460537589034
1.0,-0.9139835286793383,-0.1494203630484605
1.0,-0.9019835286793378,-0.08572666472752877
1.0,-0.8899835286793383,-0.047580318547436884
1.0,-0.8779835286793378,-0.02567843502478776
1.0,-0.8659835286793383,-0.013546080130604538
1.0,-0.8539835286793378,-0.007016961217081912
1.0,-0.8419835286793382,-0.0035810095075902958
1.0,-0.8299835286793378,-0.0018027401691966345
1.0,-0.8179835286793382,-0.0008931466804130167
1.0,-0.8059835286793378,-0.0004311438831548424
1.0,-0.7939835286793382,-0.00019678247826061162
1.0,-0.7819835286793377,-7.693653469966524e-5
1.0,-0.7699835286793382,-1.4047156169085999e-5
1.0,-0.7579835286793377,2.0972708450662787e-5
1.0,-0.7459835286793381,4.278534582726042e-5
1.0,-0.7339835286793377,5.881184463068065e-5
1.0,-0.7219835286793381,7.287081709542619e-5
1.0,-0.7099835286793377,8.701028527456633e-5
1.0,-0.6979835286793381,0.00010242739989278001
1.0,-0.6859835286793377,0.00011993127350803609
1.0,-0.6739835286793381,0.00014017868148173844
1.0,-0.6619835286793376,0.00016379795094825377
1.0,-0.6499835286793381,0.00019145877199836574
1.0,-0.6379835286793376,0.00022391687974894953
1.0,-0.625983528679338,0.00026204831719910804
1.0,-0.6139835286793376,0.00030688083750831144
1.0,-0.601983528679338,0.00035962673190809624
1.0,-0.5899835286793376,0.0004217196766762887
1.0,-0.577983528679338,0.0004948575384365847
1.0,-0.5659835286793375,0.0005810529225118718
1.0,-0.553983528679338,0.000682693200409614
1.0,-0.5419835286793375,0.000802612158016267
1.0,-0.529983528679338,0.0009441755216649226
1.0,-0.5179835286793375,0.0011113832632069984
1.0,-0.5059835286793379,0.0013089920465174393
1.0,-0.4939835286793375,0.0015426619134557605
1.0,-0.4819835286793379,0.0018191320996458586
1.0,-0.46998352867933746,0.0021464319637249404
1.0,-0.4579835286793379,0.0025341341849463937
1.0,-0.44598352867933744,0.002993658926029955
1.0,-0.43398352867933787,0.003538639444044769
1.0,-0.4219835286793374,0.004185361946767152
1.0,-0.40998352867933785,0.004953294906096386
1.0,-0.3979835286793374,0.005865726620526763
1.0,-0.38598352867933783,0.006950533443848966
1.0,-0.3739835286793374,0.00824110593959758
1.0,-0.3619835286793378,0.009777465884799993
1.0,-0.34998352867933735,0.011607613771252367
1.0,-0.3379835286793378,0.013789154686045588
1.0,-0.32598352867933733,0.01639126000383458
1.0,-0.31398352867933776,0.019497033748374644
1.0,-0.3019835286793373,0.023206365633286177
1.0,-0.28998352867933774,0.027639368162359304
1.0,-0.2779835286793373,0.032940512143746124
1.0,-0.2659835286793377,0.03928359389101654
1.0,-0.25398352867933727,0.04687768707715654
1.0,-0.2419835286793377,0.05597425132729118
1.0,-0.22998352867933725,0.06687558615184697
1.0,-0.21798352867933768,0.07994482808898484
1.0,-0.20598352867933722,0.09561768513944872
1.0,-0.19398352867933766,0.11441607567910382
1.0,-0.1819835286793372,0.13696377502489251
1.0,-0.16998352867933764,0.16400405059896817
1.0,-0.15798352867933718,0.19641905845032473
1.0,-0.14598352867933762,0.23525044158814296
1.0,-0.13398352867933716,0.2817200682015122
1.0,-0.1219835286793376,0.3372491224494566
1.0,-0.10998352867933714,0.40347276360476436
1.0,-0.09798352867933757,0.48224627304717027
1.0,-0.08598352867933712,0.5756370424004066
1.0,-0.07398352867933755,0.6858950557171116
1.0,-0.0619835286793371,0.8153929970114293
1.0,-0.04998352867933753,0.966526329693894
1.0,-0.037983528679337075,1.1415644833590768
1.0,-0.02598352867933751,1.3424476879844205
1.0,-0.013983528679337054,1.5705310016544325
1.0,-0.0019835286793374873,1.8262881047805886
1.0,0.010016471320662967,2.1090016488809775
1.0,0.022016471320662534,2.4164816789926715
1.0,0.03401647132066299,2.7448643948380917
1.0,0.046016471320662555,3.0885450144803004
1.0,0.05801647132066301,3.440286863033972
1.0,0.07001647132066258,3.7915238700767127
1.0,0.08201647132066303,4.132840177656906
1.0,0.0940164713206626,4.454577089541925
1.0,0.10601647132066305,4.747493303937379
1.0,0.11801647132066262,5.003395460415298
1.0,0.13001647132066307,5.215663656527123
1.0,0.14201647132066264,5.37961723115875
1.0,0.1540164713206631,5.492693672695382
1.0,0.16601647132066266,5.554441705913762
1.0,0.17801647132066312,5.5663535357215705
1.0,0.19001647132066268,5.531577832733371
1.0,0.20201647132066314,5.454562957400714
1.0,0.2140164713206627,5.340679066740586
1.0,0.22601647132066316,5.195859145286111
1.0,0.23801647132066273,5.0262847114433
1.0,0.2500164713206632,4.838125159503382
1.0,0.26201647132066275,4.63732470196253
1.0,0.2740164713206632,4.429422492252578
1.0,0.28601647132066277,4.219393287885924
1.0,0.2980164713206632,4.011507420508908
1.0,0.3100164713206628,3.8092234414125437
1.0,0.32201647132066324,3.61513465703677
1.0,0.3340164713206628,3.430985176655699
1.0,0.34601647132066327,3.257754445067315
1.0,0.35801647132066283,3.0957914491792646
1.0,0.3700164713206633,2.944970424998069
1.0,0.38201647132066285,2.8048416556767326
1.0,0.3940164713206633,2.6747599306332552
1.0,0.4060164713206629,2.553983567698552
1.0,0.41801647132066333,2.441744670918733
1.0,0.4300164713206629,2.3372954328975446
1.0,0.44201647132066335,2.2399365119576657
1.0,0.4540164713206629,2.149033059173325
1.0,0.4660164713206634,2.064022871366022
1.0,0.47801647132066294,1.9844200295509926
1.0,0.4900164713206634,1.9098165273356558
1.0,0.502016471320663,1.8398838628465588
1.0,0.5140164713206634,1.7743763071863041
1.0,0.526016471320663,1.7131374222998368
1.0,0.5380164713206634,1.6561110579581528
1.0,0.550016471320663,1.6033569095858582
1.0,0.5620164713206635,1.5550681635932753
1.0,0.574016471320663,1.511585541191427
1.0,0.5860164713206635,1.473401200043064
1.0,0.598016471320663,1.4411472156053287
1.0,0.6100164713206635,1.4155581946006466
1.0,0.6220164713206631,1.3973900573074578
1.0,0.6340164713206635,1.3872906138478216
1.0,0.6460164713206631,1.3856487497579772
1.0,0.6580164713206635,1.392468115709717
1.0,0.6700164713206631,1.407302742385995
1.0,0.6820164713206636,1.4292617597354789
1.0,0.6940164713206631,1.4570595368864792
1.0,0.7060164713206636,1.4890753092448066
1.0,0.7180164713206632,1.523394222046178
1.0,0.7300164713206636,1.5578136095816557
1.0,0.7420164713206632,1.5898408463466522
1.0,0.7540164713206636,1.6166791526207083
1.0,0.7660164713206632,1.6352444902292989
1.0,0.7780164713206636,1.6423001624797058
1.0,0.7900164713206632,1.6347797709404368
1.0,0.7979835286793364,1.5848051094053193
1.0,0.7859835286793369,1.4149875396961589
1.0,0.7739835286793364,1.2858946025324434
1.0,0.7619835286793368,1.179691982715526
1.0,0.7499835286793364,1.0887471080601763
1.0,0.7379835286793368,1.0088962848827696
1.0,0.7259835286793364,0.9376029694092568
1.0,0.7139835286793368,0.8732054893962083
1.0,0.7019835286793363,0.8145754331194248
1.0,0.6899835286793368,0.7609046273063291
1.0,0.6779835286793363,0.7115947720351898
1.0,0.6659835286793367,0.6661895962179709
1.0,0.6539835286793363,0.6243289580091534
1.0,0.6419835286793367,0.5857177908704702
1.0,0.6299835286793363,0.550104298052022
1.0,0.6179835286793367,0.5172642034154447
1.0,0.6059835286793362,0.4869892076294945
1.0,0.5939835286793367,0.4590786125198739
1.0,0.5819835286793362,0.43333359120735154
1.0,0.5699835286793367,0.40955389057413466
1.0,0.5579835286793362,0.38753688228114913
1.0,0.5459835286793366,0.36707883344107883
1.0,0.5339835286793362,0.34797806556411154
1.0,0.5219835286793366,0.3300393720114981
1.0,0.5099835286793362,0.3130787965496026
1.0,0.4979835286793366,0.29692780737120167
1.0,0.48598352867933614,0.2814361400937894
1.0,0.4739835286793366,0.2664730625572637
1.0,0.4619835286793361,0.25192731182046424
1.0,0.44998352867933655,0.2377062577874578
1.0,0.4379835286793361,0.22373489217480458
1.0,0.42598352867933653,0.20995509590782008
1.0,0.4139835286793361,0.19632541506415235
1.0,0.4019835286793365,0.18282135901374114
1.0,0.38998352867933606,0.1694360620559128
1.0,0.3779835286793365,0.15618102719778948
1.0,0.36598352867933603,0.14308659215923808
1.0,0.35398352867933647,0.13020172226541982
1.0,0.341983528679336,0.11759275177870199
1.0,0.32998352867933645,0.10534077880739966
1.0,0.317983528679336,0.09353757765269681
1.0,0.3059835286793364,0.08228011793633673
1.0,0.29398352867933597,0.07166404141197792
1.0,0.2819835286793364,0.061776694264963176
1.0,0.26998352867933595,0.05269048410939873
1.0,0.2579835286793364,0.044457372574798704
1.0,0.24598352867933593,0.037105197949153526
1.0,0.23398352867933636,0.030636260170745368
1.0,0.2219835286793359,0.02502824785140122
1.0,0.20998352867933634,0.020237227550820535
1.0,0.19798352867933589,0.016202133809438385
1.0,0.18598352867933632,0.012850051930392445
1.0,0.17398352867933586,0.010101588335890942
1.0,0.1619835286793363,0.007875748137137378
1.0,0.14998352867933584,0.006093933902058602
1.0,0.13798352867933628,0.004682887164647599
1.0,0.12598352867933582,0.0035765715879620165
1.0,0.11398352867933625,0.002717120789347532
1.0,0.1019835286793358,0.002055040713795374
1.0,0.08998352867933623,0.0015488751010173869
1.0,0.07798352867933578,0.0011645278167869407
1.0,0.06598352867933621,0.0008744025631714621
1.0,0.05398352867933576,0.0006564807156592119
1.0,0.04198352867933619,0.0004934197417685945
1.0,0.03148764650950242,0.00038500591918459303
1.0,0.023615734882126427,0.000320043078965805
1.0,0.01574382325475132,0.0002664891262670596
1.0,0.007871911627375328,0.0002223297526022513
1.0,2.220446049250313e-16,0.00018589034680095923
1.0,-0.007871911627375772,0.00015578528667483125
1.0,-0.016531014417488832,0.00012864537893303308
1.0,-0.026056027486613287,0.00010459180718115688
1.0,-0.03653354186265001,8.364511554348045e-5
1.0,-0.04805880767629023,6.57302025627366e-5
1.0,-0.060058807676289794,5.1387650077318285e-5
1.0,-0.07205880767628936,4.034833498727886e-5
1.0,-0.08405880767628893,3.1801087337529376e-5
1.0,-0.0960588076762885,2.514733505151826e-5
1.0,-0.10805880767628806,1.9942450873432515e-5
1.0,-0.12005880767628763,1.5853635474700458e-5
1.0,-0.1320588076762872,1.2629785244177298e-5
1.0,-0.14405880767628676,1.0079928512473944e-5
1.0,-0.15605880767628633,8.057735823103318e-6
1.0,-0.1680588076762859,6.450320269913766e-6
1.0,-0.18005880767628546,5.170070529645039e-6
1.0,-0.19205880767628503,4.148637726198801e-6
1.0,-0.2040588076762846,3.332463377269256e-6
1.0,-0.21605880767628416,2.67942082725784e-6
1.0,-0.22805880767628373,2.1562697076288973e-6
1.0,-0.2400588076762833,1.736710636772832e-6
1.0,-0.25205880767628286,1.3998879840775484e-6
1.0,-0.2640588076762824,1.1292301830622078e-6
1.0,-0.276058807676282,9.115470301267854e-7
1.0,-0.28805880767628156,7.363235926088685e-7
1.0,-0.3000588076762811,5.951661829532489e-7
1.0,-0.3120588076762807,4.813660967360242e-7
1.0,-0.32405880767628026,3.895552074161449e-7
1.0,-0.3360588076762798,3.1543356472585416e-7
1.0,-0.3480588076762794,2.5555334360293027e-7
1.0,-0.36005880767627896,2.0714735567261207e-7
1.0,-0.3720588076762785,1.679925228046653e-7
1.0,-0.3840588076762781,1.3630102689985303e-7
1.0,-0.39605880767627766,1.1063316813977125e-7
1.0,-0.4080588076762772,8.982709215541375e-8
1.0,-0.4200588076762768,7.294117269797895e-8
1.0,-0.43205880767627636,5.9204786539581174e-8
1.0,-0.4440588076762759,4.79723139154561e-8
1.0,-0.4560588076762755,3.867261538394669e-8
1.0,-0.46805880767627506,3.0739548164499963e-8
1.0,-0.4800588076762746,2.349559213868311e-8
1.0,-0.4920588076762742,1.593086733945506e-8
1.0,-0.5040588076762738,6.257816362162441e-9
1.0,-0.5160588076762733,-9.009478566865532e-9
1.0,-0.5280588076762729,-3.6976930470673695e-8
1.0,-0.5400588076762725,-9.23946383630341e-8
1.0,-0.552058807676272,-2.0608606467400755e-7
1.0,-0.5640588076762716,-4.4257941144726004e-7
1.0,-0.5760588076762712,-9.368766584463553e-7
1.0,-0.5880588076762707,-1.9707504854605933e-6
1.0,-0.6000588076762703,-4.129806167946038e-6
1.0,-0.6120588076762699,-8.622779871929826e-6
1.0,-0.6240588076762694,-1.7918065153220997e-5
1.0,-0.636058807676269,-3.697439259336965e-5
1.0,-0.6480588076762686,-7.550904866739985e-5
1.0,-0.6600588076762681,-0.00015187556670136822
1.0,-0.6720588076762677,-0.00029894596476930693
1.0,-0.6840588076762673,-0.0005714378516085788
1.0,-0.6960588076762668,-0.0010522521255783843
1.0,-0.7080588076762664,-0.0018541764808349744
1.0,-0.720058807676266,-0.003116201586665186
1.0,-0.7320588076762655,-0.005000866241975648
1.0,-0.7440588076762651,-0.007702743472802087
1.0,-0.7560588076762647,-0.011472477432056018
1.0,-0.7680588076762642,-0.016652972177714994
1.0,-0.7800588076762638,-0.023723798976243295
1.0,-0.7920588076762634,-0.033355000685254106
1.0,-0.8040588076762629,-0.046476221490126646
1.0,-0.8160588076762625,-0.06436966879239099
1.0,-0.828058807676262,-0.08879716104744738
1.0,-0.8400588076762616,-0.12217370794997447
1.0,-0.8520588076762612,-0.1678031256080622
1.0,-0.8640588076762608,-0.2301950274264407
1.0,-0.8760588076762603,-0.31548669909328586
1.0,-0.8880588076762599,-0.43199672899988095
1.0,-0.9000588076762595,-0.5909374594161265
1.0,-0.912058807676259,-0.8073060449079148
1.0,-0.9240588076762586,-1.1009520421663508
1.0,-0.9360588076762582,-1.4977725274847629
1.0,-0.9480588076762577,-2.030901107672156
1.0,-0.9600588076762573,-2.7416259455661844
1.0,-0.9720588076762569,-3.6796031179595925
1.0,-0.9840588076762564,-4.901775390163353
1.0,-0.996058807676256,-6.469373384497103
1.0,-1.0080588076762556,-8.442616954699496
1.0,-1.0200588076762551,-10.873337749699491
1.0,-1.0320588076762547,-13.796571764846613
1.0,-1.0440588076762543,-17.2227950249665
1.0,-1.0560588076762538,-21.132407536766436
1.0,-1.0680588076762534,-25.473195511517257
1.0,-1.080058807676253,-30.1602697475456
1.0,-1.0920588076762525,-35.07706924244183
1.0,-1.104058807676252,-40.07582938781762
1.0,-1.1160588076762517,-44.97641353661526
1.0,-1.1280588076762512,-49.56345373373338
1.0,-1.1400588076762508,-53.58353316676023
1.0,-1.1520588076762504,-56.74749420609884
1.0,-1.16405880767625,-58.74908823030242
1.0,-1.1760588076762495,-59.319166998876234
1.0,-1.188058807676249,-58.33261241608465
1.0,-1.1999411923237513,-55.90716762097027
1.0,-1.1879411923237526,-46.71281419638127
1.0,-1.1759411923237522,-40.59239044578366
1.0,-1.1639411923237517,-35.77778856814427
1.0,-1.151941192323753,-31.65625381848352
1.0,-1.1399411923237543,-27.957297287790478
1.0,-1.127941192323754,-24.550709977778247
1.0,-1.1159411923237534,-21.37668543652994
1.0,-1.1039411923237548,-18.4148422313267
1.0,-1.091941192323756,-15.66714522226502
1.0,-1.0799411923237556,-13.146622448349035
1.0,-1.0679411923237552,-10.86908981122279
1.0,-1.0559411923237565,-8.847063757400937
1.0,-1.0439411923237578,-7.085777962627998
1.0,-1.0319411923237574,-5.5813563393756915
1.0,-1.019941192323757,-4.3209999562946235
1.0,-1.0079411923237582,-3.2847334611700525
1.0,-0.9959411923237595,-2.448021066974561
1.0,-0.9839411923237591,-1.7845146616987568
1.0,-0.9719411923237586,-1.2683314032083288
1.0,-0.95994119232376,-0.8754976379692103
1.0,-0.9479411923237613,-0.5844739381105546
1.0,-0.9359411923237608,-0.37596810726488344
1.0,-0.9239411923237604,-0.2324953964535228
1.0,-0.9119411923237617,-0.1381967445886205
1.0,-0.899941192323763,-0.07913639515499049
1.0,-0.8879411923237626,-0.04383909018789632
1.0,-0.8759411923237621,-0.023616515129235967
1.0,-0.8639411923237634,-0.012437564780615645
1.0,-0.8519411923237648,-0.006432970571008148
1.0,-0.8399411923237643,-0.003278397923274653
1.0,-0.8279411923237638,-0.0016481485645900241
1.0,-0.8159411923237652,-0.0008152896348623531
1.0,-0.8039411923237665,-0.000392660130690317
1.0,-0.791941192323766,-0.0001783845311755499
1.0,-0.7799411923237656,-6.878617897061269e-5
1.0,-0.7679411923237669,-1.1178667283996866e-5
1.0,-0.7559411923237682,2.1037159434024436e-5
1.0,-0.7439411923237678,4.126131792650312e-5
1.0,-0.7319411923237673,5.627592345188988e-5
1.0,-0.7199411923237686,6.957489942434587e-5
1.0,-0.70794119232377,8.303864622249513e-5
1.0,-0.6959411923237695,9.777426607743083e-5
1.0,-0.683941192323769,0.00011453837699745228
1.0,-0.6719411923237704,0.00013395260130919968
1.0,-0.6599411923237717,0.00015661712010530752
1.0,-0.6479411923237712,0.000183175122892682
1.0,-0.6359411923237708,0.00021435450162511627
1.0,-0.6239411923237721,0.0002510002141149511
1.0,-0.6119411923237734,0.00029410434301581416
1.0,-0.599941192323773,0.00034483771954756435
1.0,-0.5879411923237725,0.0004045855203456239
1.0,-0.5759411923237738,0.0004749887423878365
1.0,-0.5639411923237752,0.0005579931696071881
1.0,-0.5519411923237747,0.0006559076405349105
1.0,-0.5399411923237742,0.0007714735287742676
1.0,-0.5279411923237756,0.0009079477549503005
1.0,-0.5159411923237769,0.0010692021271298967
1.0,-0.5039411923237764,0.0012598422382621112
1.0,-0.491941192323776,0.0014853499469751248
1.0,-0.4799411923237773,0.0017522542395137866
1.0,-0.4679411923237786,0.0020683362059170686
1.0,-0.45594119232377817,0.0024428752306798027
1.0,-0.4439411923237777,0.0028869447652923623
1.0,-0.43194119232377903,0.0034137680095097825
1.0,-0.41994119232378035,0.004039145886496852
1.0,-0.4079411923237799,0.004781972287623496
1.0,-0.39594119232377945,0.005664854810398266
1.0,-0.38394119232378077,0.006714862996477989
1.0,-0.3719411923237821,0.007964430667216115
1.0,-0.35994119232378163,0.009452444503163843
1.0,-0.3479411923237812,0.011225557816783284
1.0,-0.3359411923237825,0.013339776159436136
1.0,-0.3239411923237838,0.01586237122227514
1.0,-0.31194119232378337,0.018874190338984947
1.0,-0.2999411923237829,0.022472442128554336
1.0,-0.28794119232378423,0.02677405373970711
1.0,-0.27594119232378556,0.03191971204170807
1.0,-0.2639411923237851,0.03807871975437644
1.0,-0.25194119232378465,0.045454817060224556
1.0,-0.23994119232378597,0.05429313824567619
1.0,-0.2279411923237873,0.06488848961618468
1.0,-0.21594119232378683,0.07759514443374534
1.0,-0.20394119232378638,0.09283834780871286
1.0,-0.1919411923237877,0.11112769887042778
1.0,-0.17994119232378902,0.13307251586873467
1.0,-0.16794119232378857,0.15939917131012515
1.0,-0.1559411923237881,0.19097018115795264
1.0,-0.14394119232378944,0.22880450721758488
1.0,-0.13194119232379076,0.2740980391530645
1.0,-0.1199411923237903,0.3282425097042473
1.0,-0.10794119232378985,0.3928401141110876
1.0,-0.09594119232379117,0.46970982428768643
1.0,-0.08394119232379249,0.5608798357653927
1.0,-0.07194119232379204,0.6685588931617689
1.0,-0.05994119232379158,0.7950777141434071
1.0,-0.0479411923237929,0.9427909245238633
1.0,-0.035941192323794224,1.1139306593509173
1.0,-0.02394119232379377,1.3104063198548097
1.0,-0.011941192323793315,1.533551899882577
1.0,5.8807676205363535e-5,1.7838332500563503
1.0,0.012058807676204042,2.0605418299738334
1.0,0.024058807676204497,2.3615162571263
1.0,0.03605880767620495,2.6829437868009065
1.0,0.04805880767620363,3.0192954390206737
1.0,0.06005880767620231,3.3634368567015915
1.0,0.07205880767620276,3.706931917053293
1.0,0.08405880767620322,4.040522392236513
1.0,0.0960588076762019,4.3547332244452805
1.0,0.10805880767620057,4.6405285778729315
1.0,0.12005880767620103,4.8899350807224655
1.0,0.13205880767620148,5.096556757347486
1.0,0.14405880767620016,5.255927446092779
1.0,0.15605880767619884,5.365674704387927
1.0,0.1680588076761993,5.425497825157824
1.0,0.18005880767619975,5.436986585041307
1.0,0.19205880767619843,5.403323668584797
1.0,0.2040588076761971,5.3289211341833385
1.0,0.21605880767619756,5.2190399966451935
1.0,0.22805880767619802,5.079433276869413
1.0,0.2400588076761967,4.916038879485833
1.0,0.2520588076761954,4.734732357399245
1.0,0.26405880767619583,4.5411346558847265
1.0,0.2760588076761963,4.340460291701128
1.0,0.28805880767619496,4.137390367830026
1.0,0.30005880767619364,3.935962845790531
1.0,0.3120588076761941,3.73948549219147
1.0,0.32405880767619455,3.5504869453534726
1.0,0.3360588076761932,3.3707212720043693
1.0,0.3480588076761919,3.201230428909041
1.0,0.36005880767619236,3.0424537962329152
1.0,0.3720588076761928,2.8943631715547182
1.0,0.3840588076761915,2.75659985987259
1.0,0.39605880767619017,2.628596261316137
1.0,0.4080588076761906,2.5096730038598216
1.0,0.4200588076761911,2.399110172922786
1.0,0.43205880767618976,2.296195808324922
1.0,0.44405880767618844,2.2002567056929454
1.0,0.4560588076761889,2.1106766171725106
1.0,0.46805880767618935,2.026906159679855
1.0,0.480058807676188,1.948467771461601
1.0,0.4920588076761867,1.8749582517615044
1.0,0.5040588076761872,1.8060508870144454
1.0,0.5160588076761876,1.7414988896624253
1.0,0.5280588076761863,1.6811417276934855
1.0,0.540058807676185,1.6249156137104124
1.0,0.5520588076761854,1.5728683881409402
1.0,0.5640588076761859,1.5251766280584196
1.0,0.5760588076761846,1.482159501584574
1.0,0.5880588076761832,1.4442824511063828
1.0,0.6000588076761837,1.4121449734458384
1.0,0.6120588076761841,1.3864430893083566
1.0,0.6240588076761828,1.367889845239626
1.0,0.6360588076761815,1.3570883292761067
1.0,0.648058807676182,1.3543818273184711
1.0,0.6600588076761824,1.359726008628912
1.0,0.6720588076761811,1.3726209449874145
1.0,0.6840588076761798,1.3921114490791036
1.0,0.6960588076761802,1.41683353867575
1.0,0.7080588076761807,1.4450723617307304
1.0,0.7200588076761794,1.474804973243958
1.0,0.732058807676178,1.503712450471996
1.0,0.7440588076761785,1.5292040684795776
1.0,0.756058807676179,1.5484298782180195
1.0,0.7680588076761776,1.5583705212130097
1.0,0.7800588076761763,1.5560691630962067
1.0,0.7920588076761768,1.5390679818904192
1.0,0.7959411923238229,1.4608583688532668
1.0,0.7839411923238242,1.309377803313456
1.0,0.7719411923238237,1.1938537622292762
1.0,0.7599411923238251,1.0984245089411746
1.0,0.7479411923238246,1.0163645607681626
1.0,0.7359411923238259,0.9440413007929882
1.0,0.7239411923238255,0.8792559964746713
1.0,0.7119411923238268,0.8205718446908725
1.0,0.6999411923238263,0.7670201415279521
1.0,0.6879411923238277,0.7179030100295534
1.0,0.6759411923238272,0.672704152544112
1.0,0.6639411923238285,0.6310280866162543
1.0,0.6519411923238281,0.592560114602909
1.0,0.6399411923238294,0.5570391330278387
1.0,0.627941192323829,0.5242384858542508
1.0,0.6159411923238303,0.4939521736755406
1.0,0.6039411923238298,0.4659849144321426
1.0,0.5919411923238311,0.4401452594427161
1.0,0.5799411923238307,0.41624138795024596
1.0,0.567941192323832,0.39407940519142115
1.0,0.5559411923238315,0.37346397786079083
1.0,0.5439411923238329,0.3542009798629657
1.0,0.5319411923238324,0.33610154841006823
1.0,0.5199411923238337,0.3189866846030972
1.0,0.5079411923238333,0.30269143831259654
1.0,0.4959411923238346,0.2870679128607796
1.0,0.48394119232383415,0.2719867679915593
1.0,0.47194119232383547,0.2573373887949681
1.0,0.459941192323835,0.24302721232843974
1.0,0.44794119232383633,0.22898078072409406
1.0,0.4359411923238359,0.21513897365056345
1.0,0.4239411923238372,0.20145867041497711
1.0,0.41194119232383675,0.18791288827983774
1.0,0.39994119232383807,0.17449128059073596
1.0,0.3879411923238376,0.1612007641888436
1.0,0.37594119232383894,0.14806597367698557
1.0,0.3639411923238385,0.13512920463025274
1.0,0.3519411923238398,0.12244951149212001
1.0,0.33994119232383935,0.11010067844018474
1.0,0.32794119232384067,0.09816789236695135
1.0,0.3159411923238402,0.08674311660379035
1.0,0.30394119232384154,0.07591937702855318
1.0,0.2919411923238411,0.06578439617337656
1.0,0.2799411923238424,0.0564141992443975
1.0,0.26794119232384195,0.04786741730847794
1.0,0.25594119232384327,0.04018098682472432
1.0,0.24394119232384281,0.03336777837764354
1.0,0.23194119232384414,0.027416406677361296
1.0,0.21994119232384368,0.022293140198345003
1.0,0.207941192323845,0.01794552143005367
1.0,0.19594119232384455,0.014307097754201782
1.0,0.18394119232384587,0.011302586505362642
1.0,0.17194119232384542,0.00885285285648209
1.0,0.15994119232384674,0.006879229267426618
1.0,0.14794119232384628,0.005306898189220376
1.0,0.1359411923238476,0.004067246622812081
1.0,0.12394119232384715,0.003099248747876227
1.0,0.11194119232384847,0.002350027158173213
1.0,0.09994119232384802,0.001774786141126754
1.0,0.08794119232384934,0.0013363132305035618
1.0,0.07594119232384888,0.0010042223676177912
1.0,0.0639411923238502,0.0007540766084211423
1.0,0.05194119232384975,0.0005664902376137053
1.0,0.03994119232385107,0.0004262755156185758
1.0,0.029955894242888137,0.00033705956276531364
1.0,0.019970596161925203,0.00026719105756997213
1.0,0.009985298080962268,0.00021245455157322432
1.0,0.004992649040480801,0.0001896019411411188
1.0,-6.661338147750939e-16,0.00016936319104499808
5.0,-0.001200000000000201,-7.375169337418653e-16
5.0,-0.0025199999999998557,4.733765725644559e-16
5.0,-0.0039719999999999756,-7.685996730682269e-17
5.0,-0.005569199999999719,1.6182677000912051e-15
5.0,-0.0073261199999997695,2.2083014803685597e-16
5.0,-0.009258731999999936,-1.378730337907204e-15
5.0,-0.011384605200000064,-3.1800232187305265e-15
5.0,-0.013723065720000038,5.877588845985503e-15
5.0,-0.016295372292000176,3.045224713090802e-15
5.0,-0.01912490952119994,-5.3260353344498335e-15
5.0,-0.022237400473320124,2.74920281875172e-15
5.0,-0.025661140520652048,-3.4628095057547534e-15
5.0,-0.02942725457271711,-3.8882965882524115e-15
5.0,-0.0335699800299889,-5.018522813236594e-16
5.0,-0.03812697803298748,-6.694863997375952e-15
5.0,-0.04313967583628686,-2.9024430195550254e-16
5.0,-0.048653643419915404,2.0489286811223544e-15
5.0,-0.054719007761906524,-2.536950827052189e-15
5.0,-0.061390908538097144,1.3203806726519423e-15
5.0,-0.06872999939190727,1.2781465101289913e-15
5.0,-0.07680299933109824,2.3991449898209764e-15
5.0,-0.0856832992642077,-1.631656307975727e-15
5.0,-0.09545162919062833,-5.6656558558557695e-15
5.0,-0.10619679210969135,-5.651183555314036e-15
5.0,-0.11801647132066062,3.84526633252314e-15
5.0,-0.1300164713206604,-3.4274207674356675e-15
5.0,-0.14201647132066075,-1.788145591480765e-15
5.0,-0.15401647132066054,-2.760876913031684e-15
5.0,-0.16601647132066033,2.236429528935176e-15
5.0,-0.17801647132066067,-4.7036206735414376e-15
5.0,-0.19001647132066046,1.9923195615086693e-15
5.0,-0.20201647132066092,-4.816714824127679e-17
5.0,-0.21401647132066048,-4.640618693569843e-15
5.0,-0.2260164713206605,-1.5833710413149853e-15
5.0,-0.23801647132066073,-2.702189376876798e-15
5.0,-0.2500164713206605,1.4406839672191498e-15
5.0,-0.26201647132066097,-5.285049638025593e-15
5.0,-0.27401647132066054,-9.861719931197762e-15
5.0,-0.28601647132066055,-2.0698248259915676e-14
5.0,-0.2980164713206601,-4.229875490840112e-14
5.0,-0.31001647132066057,-8.429406118884344e-14
5.0,-0.322016471320661,-1.8116675145043232e-13
5.0,-0.3340164713206606,-3.813421220168732e-13
5.0,-0.3460164713206606,-7.976150517998015e-13
5.0,-0.35801647132066017,-1.6619290254595108e-12
5.0,-0.3700164713206606,-3.468082582962781e-12
5.0,-0.3820164713206604,-7.242898298788061e-12
5.0,-0.39401647132066064,-1.5133205864152622e-11
5.0,-0.40601647132066065,-3.163603868715331e-11
5.0,-0.4180164713206602,-6.61766996027714e-11
5.0,-0.4300164713206607,-1.3848218660502994e-10
5.0,-0.44201647132066046,-2.899152006986655e-10
5.0,-0.4540164713206607,-6.071614484748482e-10
5.0,-0.4660164713206607,-1.2719798555467025e-9
5.0,-0.4780164713206603,-2.6655770411361945e-9
5.0,-0.4900164713206603,-5.5875734201162366e-9
5.0,-0.5020164713206605,-1.1715476580487409e-8
5.0,-0.5140164713206608,-2.456860394674286e-8
5.0,-0.5260164713206608,-5.1529398356650606e-8
5.0,-0.5380164713206603,-1.0807929194317822e-7
5.0,-0.5500164713206603,-2.2666372072233878e-7
5.0,-0.5620164713206606,-4.752077662309408e-7
5.0,-0.5740164713206604,-9.956602595260648e-7
5.0,-0.5860164713206608,-2.083813277055784e-6
5.0,-0.5980164713206604,-4.353246396393834e-6
5.0,-0.6100164713206604,-9.06776425843582e-6
5.0,-0.6220164713206606,-1.8802141095646835e-5
5.0,-0.6340164713206604,-3.8715098930324115e-5
5.0,-0.6460164713206609,-7.888552707682736e-5
5.0,-0.6580164713206604,-0.00015828627014454898
5.0,-0.6700164713206609,-0.0003107767022787023
5.0,-0.6820164713206607,-0.0005925160190419973
5.0,-0.6940164713206609,-0.0010883108524534174
5.0,-0.7060164713206609,-0.0019132098469949598
5.0,-0.7180164713206612,-0.0032085681980488115
5.0,-0.7300164713206609,-0.005139061681932627
5.0,-0.7420164713206614,-0.00790104607670223
5.0,-0.754016471320661,-0.011746990911305894
5.0,-0.7660164713206614,-0.017022506759025464
5.0,-0.7780164713206612,-0.024211633969949627
5.0,-0.7900164713206614,-0.033991334469748176
5.0,-0.8020164713206615,-0.0473011735059683
5.0,-0.8140164713206617,-0.06543685814265034
5.0,-0.8260164713206615,-0.09017802914942283
5.0,-0.8380164713206619,-0.1239629600878617
5.0,-0.8500164713206615,-0.1701261338296362
5.0,-0.862016471320662,-0.23321898880806038
5.0,-0.8740164713206617,-0.31943905355297947
5.0,-0.886016471320662,-0.437197303080446
5.0,-0.898016471320662,-0.5978559772780584
5.0,-0.9100164713206622,-0.8166656858614904
5.0,-0.922016471320662,-1.113915094875986
5.0,-0.9340164713206625,-1.5162690423746061
5.0,-0.946016471320662,-2.0581986721830288
5.0,-0.9580164713206625,-2.7832882532180956
5.0,-0.9700164713206623,-3.745038587834087
5.0,-0.9820164713206625,-5.006611407127603
5.0,-0.9940164713206625,-6.638866747729267
5.0,-1.0060164713206627,-8.716186964496977
5.0,-1.0180164713206625,-11.310089739228077
5.0,-1.030016471320663,-14.481463464306486
5.0,-1.0420164713206626,-18.27306171554546
5.0,-1.054016471320663,-22.704137864131297
5.0,-1.0660164713206628,-27.7684894294175
5.0,-1.078016471320663,-33.435988502944
5.0,-1.090016471320663,-39.65657175373999
5.0,-1.1020164713206633,-46.365176630224454
5.0,-1.114016471320663,-53.486278076077866
5.0,-1.1260164713206635,-60.937184949174835
5.0,-1.138016471320663,-68.62975308175044
5.0,-1.1500164713206635,-76.47048293777469
5.0,-1.1620164713206633,-84.359073653974
5.0,-1.1740164713206636,-92.18545500737747
5.0,-1.1860164713206636,-99.8251743913278
5.0,-1.1980164713206638,-107.1328229982345
5.0,-1.1899835286793365,-97.73671088432593
5.0,-1.177983528679336,-86.28447961390263
5.0,-1.1659835286793363,-75.98880560428988
5.0,-1.153983528679336,-66.63531522123202
5.0,-1.141983528679336,-58.090707942718645
5.0,-1.1299835286793358,-50.27001941107374
5.0,-1.117983528679336,-43.12094641684106
5.0,-1.1059835286793356,-36.61403809034665
5.0,-1.093983528679336,-30.734785504104707
5.0,-1.0819835286793356,-25.47641899085295
5.0,-1.0699835286793358,-20.83317142998939
5.0,-1.0579835286793355,-16.79429373712611
5.0,-1.0459835286793355,-13.339452172317937
5.0,-1.0339835286793353,-10.436223936426815
5.0,-1.0219835286793355,-8.040137401086671
5.0,-1.009983528679335,-6.097127615326629
5.0,-0.9979835286793354,-4.547650026428505
5.0,-0.985983528679335,-3.331328509629122
5.0,-0.9739835286793352,-2.3910565299640716
5.0,-0.9619835286793349,-1.6758222988643596
5.0,-0.9499835286793351,-1.1419705813822127
5.0,-0.9379835286793348,-0.7530040318222817
5.0,-0.925983528679335,-0.4783675533206447
5.0,-0.9139835286793346,-0.2919516644704176
5.0,-0.9019835286793348,-0.17110482469627974
5.0,-0.8899835286793345,-0.09651833035347114
5.0,-0.8779835286793347,-0.052638386900634916
5.0,-0.8659835286793344,-0.027912411576159382
5.0,-0.8539835286793346,-0.014474112676063494
5.0,-0.8419835286793342,-0.007376956677922353
5.0,-0.8299835286793344,-0.003709521495129051
5.0,-0.8179835286793341,-0.0018444242351943496
5.0,-0.8059835286793343,-0.000906490864835781
5.0,-0.793983528679334,-0.0004381266885554603
5.0,-0.7819835286793342,-0.00020483871233449311
5.0,-0.7699835286793338,-8.815402630794975e-5
5.0,-0.757983528679334,-2.8798009364537843e-5
5.0,-0.7459835286793337,2.702435087877115e-6
5.0,-0.7339835286793339,2.0963850962883887e-5
5.0,-0.7219835286793336,3.325308551321495e-5
5.0,-0.7099835286793338,4.322713630308312e-5
5.0,-0.6979835286793334,5.27866093391989e-5
5.0,-0.6859835286793337,6.299222088623629e-5
5.0,-0.6739835286793333,7.451888273147007e-5
5.0,-0.6619835286793335,8.78829652443141e-5
5.0,-0.6499835286793332,0.00010355922621233119
5.0,-0.6379835286793334,0.00012204483023190631
5.0,-0.625983528679333,0.00014389894387205638
5.0,-0.6139835286793333,0.0001697720446298918
5.0,-0.6019835286793329,0.00020043225709121427
5.0,-0.5899835286793331,0.00023679266866499335
5.0,-0.5779835286793328,0.00027994206501684123
5.0,-0.565983528679333,0.00033118088896156857
5.0,-0.5539835286793326,0.000392064034960634
5.0,-0.5419835286793329,0.0004644521736242612
5.0,-0.5299835286793325,0.0005505735310601454
5.0,-0.5179835286793327,0.0006530983865674962
5.0,-0.5059835286793324,0.0007752290207700242
5.0,-0.4939835286793326,0.0009208084357106756
5.0,-0.48198352867933225,0.0010944518713679053
5.0,-0.46998352867933246,0.0013017060439973083
5.0,-0.4579835286793321,0.0015492421034165222
5.0,-0.44598352867933233,0.0018450896637225087
5.0,-0.433983528679332,0.0021989208901205862
5.0,-0.4219835286793322,0.0026223956239846973
5.0,-0.40998352867933185,0.0031295811060340533
5.0,-0.39798352867933207,0.003737462721024591
5.0,-0.3859835286793317,0.004466566191329253
5.0,-0.37398352867933193,0.005341716102506268
5.0,-0.3619835286793316,0.00639296142005134
5.0,-0.3499835286793318,0.0076567056796824455
5.0,-0.33798352867933146,0.009177088183265644
5.0,-0.32598352867933167,0.011007673153983122
5.0,-0.3139835286793313,0.013213516876691422
5.0,-0.30198352867933154,0.01587369880664403
5.0,-0.2899835286793312,0.01908442226658058
5.0,-0.2779835286793314,0.022962813955997585
5.0,-0.26598352867933106,0.027651580477814214
5.0,-0.25398352867933127,0.03332471448415905
5.0,-0.24198352867933093,0.040194484276560194
5.0,-0.22998352867933114,0.04851998894190132
5.0,-0.2179835286793308,0.05861761668521992
5.0,-0.205983528679331,0.07087380642729922
5.0,-0.19398352867933122,0.08576057967998527
5.0,-0.18198352867933032,0.10385437724470403
5.0,-0.16998352867933053,0.12585879484182944
5.0,-0.15798352867933074,0.15263184960086854
5.0,-0.14598352867932984,0.1852184024002533
5.0,-0.13398352867933117,0.22488827331449107
5.0,-0.12198352867933027,0.2731803649951438
5.0,-0.10998352867933048,0.3319526734738949
5.0,-0.09798352867933069,0.40343731023441337
5.0,-0.08598352867932979,0.490298444591466
5.0,-0.07398352867933,0.5956892383923617
5.0,-0.06198352867933021,0.7233012241112552
5.0,-0.049983528679329314,0.877396070699113
5.0,-0.037983528679330636,1.0628053550008418
5.0,-0.025983528679329737,1.2848792133624594
5.0,-0.013983528679329948,1.5493605471867387
5.0,-0.00198352867933016,1.8621595151395731
5.0,0.010016471320670739,2.2290058701858513
5.0,0.022016471320670528,2.65496719981057
5.0,0.034016471320670316,3.1438415530973836
5.0,0.046016471320671215,3.697463135995175
5.0,0.05801647132066989,4.3149952949488055
5.0,0.07001647132067079,4.992316448306832
5.0,0.08201647132067058,5.721619418019583
5.0,0.09401647132067037,6.491332060430773
5.0,0.10601647132067127,7.286424446856486
5.0,0.11801647132066995,8.089103737536508
5.0,0.13001647132067085,8.879829981361112
5.0,0.14201647132066952,9.638533462513045
5.0,0.15401647132067042,10.345889167786595
5.0,0.1660164713206691,10.984507884319692
5.0,0.17801647132067,11.539928896721209
5.0,0.19001647132066868,12.001335429629373
5.0,0.20201647132066958,12.361951894662955
5.0,0.21401647132066826,12.619116763133311
5.0,0.22601647132066915,12.774055019308141
5.0,0.23801647132066783,12.831399464332572
5.0,0.25001647132066873,12.798529917487407
5.0,0.2620164713206674,12.684811815886972
5.0,0.2740164713206683,12.500818764116133
5.0,0.286016471320667,12.25761618529139
5.0,0.2980164713206679,11.966166305700305
5.0,0.31001647132066656,11.636891114609018
5.0,0.32201647132066746,11.279403467739463
5.0,0.33401647132066614,10.902390724769772
5.0,0.34601647132066704,10.513613198619721
5.0,0.3580164713206657,10.11996436429559
5.0,0.3700164713206666,9.727535541655294
5.0,0.3820164713206653,9.341639347150483
5.0,0.3940164713206662,8.966774436615186
5.0,0.4060164713206649,8.606550435910377
5.0,0.4180164713206658,8.263619096198902
5.0,0.43001647132066445,7.939660044262182
5.0,0.44201647132066535,7.63544649023364
5.0,0.45401647132066403,7.350983719509968
5.0,0.4660164713206649,7.085690108864077
5.0,0.4780164713206636,6.838585139844096
5.0,0.4900164713206645,6.608457322685519
5.0,0.5020164713206632,6.393998073189374
5.0,0.5140164713206641,6.193898708515978
5.0,0.5260164713206628,6.0069144959812615
5.0,0.5380164713206637,5.831902589422797
5.0,0.5500164713206623,5.6678411000059645
5.0,0.5620164713206632,5.513835701856755
5.0,0.5740164713206619,5.3691188807879335
5.0,0.5860164713206628,5.233045643991992
5.0,0.5980164713206615,5.105088414881063
5.0,0.6100164713206624,4.984832972398674
5.0,0.6220164713206611,4.871976576133303
5.0,0.634016471320662,4.766328639950096
5.0,0.6460164713206606,4.6678131072280395
5.0,0.6580164713206615,4.576469607317352
5.0,0.6700164713206602,4.492447790501188
5.0,0.6820164713206611,4.415988763383328
5.0,0.6940164713206598,4.34739518115851
5.0,0.7060164713206607,4.287007010969656
5.0,0.7180164713206594,4.23520216451759
5.0,0.7300164713206603,4.192408724110754
5.0,0.742016471320659,4.159106851285086
5.0,0.7540164713206599,4.135813655468375
5.0,0.7660164713206585,4.123007231018824
5.0,0.7780164713206594,4.121087047890847
5.0,0.7900164713206581,4.130323328657343
5.0,0.7979835286793412,4.108180451674407
5.0,0.7859835286793425,3.890752668404921
5.0,0.7739835286793416,3.7243572667000415
5.0,0.7619835286793429,3.583013886988784
5.0,0.749983528679342,3.458809304163355
5.0,0.7379835286793434,3.348161961962095
5.0,0.7259835286793425,3.248964155521673
5.0,0.7139835286793438,3.1597128210677994
5.0,0.7019835286793429,3.0792166725685113
5.0,0.6899835286793442,3.0064137229521384
5.0,0.6779835286793433,2.9403287214363356
5.0,0.6659835286793446,2.8800504643405893
5.0,0.6539835286793437,2.824726472215186
5.0,0.641983528679345,2.7735649964413627
5.0,0.6299835286793442,2.725840779637533
5.0,0.6179835286793455,2.680903867695303
5.0,0.6059835286793446,2.6381887739196657
5.0,0.5939835286793459,2.5972188481531027
5.0,0.581983528679345,2.5576023516461386
5.0,0.5699835286793463,2.5190209959398544
5.0,0.5579835286793454,2.4812144334241704
5.0,0.5459835286793467,2.44396411362953
5.0,0.5339835286793458,2.4070784484146746
5.0,0.5219835286793472,2.3703798413928223
5.0,0.5099835286793463,2.333693362294188
5.0,0.4979835286793476,2.296836606736944
5.0,0.4859835286793467,2.259610357954693
5.0,0.473983528679348,2.2217898981133843
5.0,0.4619835286793471,2.183117115742526
5.0,0.44998352867934843,2.143293877051256
5.0,0.43798352867934753,2.101977439506953
5.0,0.42598352867934886,2.0587789523527875
5.0,0.41398352867934796,2.0132662759456887
5.0,0.4019835286793493,1.9649724232340895
5.0,0.3899835286793484,1.913410832530946
5.0,0.3779835286793497,1.8580983392261716
5.0,0.3659835286793488,1.7985860159627287
5.0,0.3539835286793501,1.7344969186839916
5.0,0.3419835286793492,1.6655682692176983
5.0,0.32998352867935055,1.591694000028773
5.0,0.31798352867934965,1.5129623490089785
5.0,0.30598352867935097,1.429682811445471
5.0,0.29398352867935007,1.342397516789515
5.0,0.2819835286793514,1.2518739201317568
5.0,0.2699835286793505,1.1590781620914823
5.0,0.2579835286793518,1.0651309864052778
5.0,0.24598352867935092,0.9712502256062723
5.0,0.23398352867935224,0.8786853023857459
5.0,0.22198352867935134,0.7886498816396367
5.0,0.20998352867935266,0.7022587857360367
5.0,0.19798352867935176,0.6204746161029268
5.0,0.18598352867935308,0.5440682798316704
5.0,0.17398352867935218,0.47359592153448365
5.0,0.1619835286793535,0.409392816422138
5.0,0.1499835286793526,0.3515828775564624
5.0,0.13798352867935393,0.3001008716685942
5.0,0.12598352867935303,0.2547234569673591
5.0,0.11398352867935435,0.21510485015577152
5.0,0.10198352867935345,0.180813243316305
5.0,0.08998352867935477,0.1513648522105836
5.0,0.07798352867935388,0.12625346166013582
5.0,0.0659835286793552,0.10497432975556711
5.0,0.0539835286793543,0.0870421669160712
5.0,0.04198352867935562,0.07200353720607182
5.0,0.031487646509516964,0.06090120180064229
5.0,0.023615734882137418,0.053671985445298526
5.0,0.017711801161602758,0.04880031962070395
5.0,0.011807867441068098,0.04435512248808618
5.0,0.007871911627378325,0.04161335765443297
5.0,0.003935955813689662,0.039035742149213015
5.0,0.0019679779068447756,0.03780648747636836
5.0,-1.1102230246251565e-16,0.03661476955952668
5.0,-0.0019679779068449976,0.03545954144169388
5.0,-0.004132753604374595,0.03422961356832659
5.0,-0.006514006871657485,0.032924544004127136
5.0,-0.009133385465667332,0.03154486106578344
5.0,-0.012014701919078719,0.03009224935966457
5.0,-0.01518415001783191,0.028569740629831943
5.0,-0.018670542926458977,0.026981902898012
5.0,-0.02250557512594964,0.02533501753822956
5.0,-0.026724110545389812,0.023637230842990152
5.0,-0.031364499506774224,0.02189866357614871
5.0,-0.03646892736429608,0.020131459196592944
5.0,-0.04208379800757178,0.0183497494390774
5.0,-0.04826015571517306,0.01656951532908117
5.0,-0.05505414919353535,0.014808323302605779
5.0,-0.06252754201973365,0.013084920705455192
5.0,-0.07074827412855267,0.011418683322390759
5.0,-0.07979107944825159,0.00982892014179844
5.0,-0.08973816529992196,0.00833405723530827
5.0,-0.10067995973675925,0.006950742340713642
5.0,-0.11267995973675904,0.00569633583553952
5.0,-0.12467995973675883,0.004668874399080173
5.0,-0.13667995973675862,0.003827351907406434
5.0,-0.1486799597367584,0.0031381121398250016
5.0,-0.1606799597367582,0.00257355709276666
5.0,-0.17267995973675798,0.0021110737422118265
5.0,-0.18467995973675777,0.0017321443885100212
5.0,-0.19667995973675756,0.00142161138154608
5.0,-0.20867995973675613,0.0011670709939817616
5.0,-0.22067995973675703,0.0009583748054068652
5.0,-0.2326799597367557,0.0007872202439021692
5.0,-0.2446799597367566,0.0006468147950041913
5.0,-0.2566799597367553,0.0005316009291404248
5.0,-0.2686799597367562,0.0004370309618885257
5.0,-0.28067995973675486,0.0003593828875184142
5.0,-0.29267995973675576,0.00029560981219591443
5.0,-0.30467995973675444,0.00024321688061504964
5.0,-0.31667995973675533,0.00020016070790735807
5.0,-0.328679959736754,0.00016476719232120732
5.0,-0.3406799597367549,0.0001356643661510261
5.0,-0.3526799597367536,0.00011172751181420069
5.0,-0.3646799597367545,9.203431087110919e-5
5.0,-0.37667995973675317,7.58281744266448e-5
5.0,-0.38867995973675407,6.248826198084671e-5
5.0,-0.40067995973675274,5.150495824447841e-5
5.0,-0.41267995973675364,4.245981320553475e-5
5.0,-0.4246799597367523,3.500912231531797e-5
5.0,-0.4366799597367532,2.8870486018789924e-5
5.0,-0.4486799597367519,2.3811804899699463e-5
5.0,-0.4606799597367528,1.9642259450421172e-5
5.0,-0.4726799597367515,1.6204920764876195e-5
5.0,-0.4846799597367524,1.3370693740968776e-5
5.0,-0.49667995973675105,1.1033340079601211e-5
5.0,-0.508679959736752,9.10539778719105e-6
5.0,-0.5206799597367506,7.514813242821795e-6
5.0,-0.5326799597367515,6.202148574307475e-6
5.0,-0.5446799597367502,5.1182392104926675e-6
5.0,-0.5566799597367511,4.222135747135275e-6
5.0,-0.5686799597367498,3.4791709695304443e-6
5.0,-0.5806799597367507,2.8588280757647546e-6
5.0,-0.5926799597367494,2.3318716699168307e-6
5.0,-0.6046799597367503,1.8656320501434524e-6
5.0,-0.6166799597367489,1.4151758060981308e-6
5.0,-0.6286799597367498,9.05653703525793e-7
5.0,-0.6406799597367485,1.9596645176952884e-7
5.0,-0.6526799597367494,-9.968547416832377e-7
5.0,-0.6646799597367481,-3.25557036425294e-6
5.0,-0.676679959736749,-7.792437564710018e-6
5.0,-0.6886799597367477,-1.7135654924599725e-5
5.0,-0.7006799597367486,-3.65511819197217e-5
5.0,-0.7126799597367472,-7.696311818263204e-5
5.0,-0.7246799597367481,-0.00016087388900372032
5.0,-0.7366799597367468,-0.00033412405994210124
5.0,-0.7486799597367477,-0.0006885301672525564
5.0,-0.7606799597367464,-0.0014034040593240407
5.0,-0.7726799597367473,-0.002816215984486875
5.0,-0.784679959736746,-0.005529621230984653
5.0,-0.7966799597367469,-0.010545844881261032
5.0,-0.8086799597367456,-0.019387642529590503
5.0,-0.8206799597367465,-0.03414295933396627
5.0,-0.8326799597367451,-0.057414038185010834
5.0,-0.844679959736746,-0.09227095966122315
5.0,-0.8566799597367447,-0.14238593984990716
5.0,-0.8686799597367456,-0.21244338580361222
5.0,-0.8806799597367443,-0.3087747907072331
5.0,-0.8926799597367452,-0.440126645470726
5.0,-0.9046799597367439,-0.6185345624606122
5.0,-0.9166799597367448,-0.8603388716408285
5.0,-0.9286799597367434,-1.1873788905426037
5.0,-0.9406799597367443,-1.6283497074557598
5.0,-0.952679959736743,-2.2202075137849415
5.0,-0.9646799597367439,-3.0093669463160317
5.0,-0.9766799597367426,-4.052254324931853
5.0,-0.9886799597367435,-5.41461137216251
5.0,-1.0006799597367422,-7.168896563903954
5.0,-1.012679959736743,-9.389365397344568
5.0,-1.0246799597367418,-12.145032236023027
5.0,-1.0366799597367427,-15.491603561179708
5.0,-1.0486799597367413,-19.464192421308848
5.0,-1.0606799597367422,-24.07264903381521
5.0,-1.072679959736741,-29.300506042358975
5.0,-1.0846799597367418,-35.10726785322202
5.0,-1.0966799597367405,-41.432776544029494
5.0,-1.1086799597367414,-48.202081495618174
5.0,-1.12067995973674,-55.329539016064956
5.0,-1.132679959736741,-62.7214066938093
5.0,-1.1446799597367396,-70.27665649008807
5.0,-1.1566799597367405,-77.88597625318204
5.0,-1.1686799597367392,-85.428971013249
5.0,-1.1806799597367401,-92.76948058809265
5.0,-1.1926799597367388,-99.74877748566466
5.0,-1.1953200402632602,-98.74473599279048
5.0,-1.1833200402632615,-86.62495980196614
5.0,-1.1713200402632606,-75.98363388977349
5.0,-1.159320040263262,-66.47303071064297
5.0,-1.147320040263261,-57.883573324094186
5.0,-1.1353200402632624,-50.08303299884737
5.0,-1.1233200402632615,-42.98815005141665
5.0,-1.1113200402632628,-36.549014322559486
5.0,-1.099320040263262,-30.737838593645137
5.0,-1.0873200402632632,-25.53967764934757
5.0,-1.0753200402632623,-20.944327061646682
5.0,-1.0633200402632637,-16.939385840898254
5.0,-1.0513200402632628,-13.504908167286414
5.0,-1.039320040263264,-10.610232004725919
5.0,-1.0273200402632632,-8.213382491383076
5.0,-1.0153200402632645,-6.262946013804701
5.0,-1.0033200402632636,-4.701723758743442
5.0,-0.9913200402632649,-3.47110105054697
5.0,-0.979320040263264,-2.515075567795492
5.0,-0.9673200402632653,-1.7832020513246183
5.0,-0.9553200402632644,-1.232123612442525
5.0,-0.9433200402632658,-0.8257092025765301
5.0,-0.9313200402632649,-0.5340923041113623
5.0,-0.9193200402632662,-0.332168972877712
5.0,-0.9073200402632653,-0.19829258515454376
5.0,-0.8953200402632666,-0.11373696300495828
5.0,-0.8833200402632657,-0.0629087677320998
5.0,-0.871320040263267,-0.033732423642143
5.0,-0.8593200402632661,-0.01763895971362147
5.0,-0.8473200402632675,-0.009044280042648149
5.0,-0.8353200402632666,-0.004567460998940983
5.0,-0.8233200402632679,-0.0022783769160794475
5.0,-0.811320040263267,-0.001123273881351171
5.0,-0.7993200402632683,-0.0005454200229813692
5.0,-0.7873200402632674,-0.00025752634703491757
5.0,-0.7753200402632687,-0.00011379232854335184
5.0,-0.7633200402632678,-4.107161730847072e-5
5.0,-0.7513200402632692,-2.9426418287296233e-6
5.0,-0.7393200402632683,1.8661340272281997e-5
5.0,-0.7273200402632696,3.2711878892362967e-5
5.0,-0.7153200402632687,4.3707785414976905e-5
5.0,-0.70332004026327,5.396824391694546e-5
5.0,-0.6913200402632691,6.476677703213371e-5
5.0,-0.6793200402632704,7.689251452468394e-5
5.0,-0.6673200402632695,9.09303300946077e-5
5.0,-0.6553200402632708,0.00010740405915036887
5.0,-0.6433200402632699,0.00012685393117649617
5.0,-0.6313200402632713,0.00014988342101374078
5.0,-0.6193200402632704,0.00017719297404714064
5.0,-0.6073200402632717,0.0002096095686921559
5.0,-0.5953200402632708,0.0002481169271888553
5.0,-0.5833200402632721,0.00029388926001452497
5.0,-0.5713200402632712,0.00034833063149599866
5.0,-0.5593200402632725,0.00041312181136781085
5.0,-0.5473200402632716,0.0004902764322818588
5.0,-0.535320040263273,0.0005822086802816944
5.0,-0.5233200402632721,0.0006918149297685189
5.0,-0.5113200402632734,0.0008225724085526231
5.0,-0.4993200402632725,0.0009786585395549713
5.0,-0.4873200402632738,0.001165095397256397
5.0,-0.4753200402632729,0.0013879247267113322
5.0,-0.4633200402632742,0.0016544201865650908
5.0,-0.4513200402632733,0.001973344899402329
5.0,-0.43932004026327465,0.002355264281320106
5.0,-0.42732004026327375,0.0028129263123726047
5.0,-0.41532004026327507,0.0033617241987645066
5.0,-0.40332004026327417,0.004020259691038795
5.0,-0.3913200402632755,0.004811029579606522
5.0,-0.3793200402632746,0.00576126297683081
5.0,-0.3673200402632759,0.006903943323257698
5.0,-0.355320040263275,0.008279056763965356
5.0,-0.34332004026327634,0.009935118271389771
5.0,-0.33132004026327544,0.011931038466124394
5.0,-0.31932004026327676,0.014338408619476804
5.0,-0.30732004026327586,0.017244298983580247
5.0,-0.2953200402632772,0.02075468708886413
5.0,-0.2833200402632763,0.024998658933143972
5.0,-0.2713200402632776,0.030133557605435398
5.0,-0.2593200402632767,0.03635129189431484
5.0,-0.24732004026327803,0.043886062586678896
5.0,-0.23532004026327713,0.05302381688714075
5.0,-0.22332004026327845,0.06411380214393522
5.0,-0.21132004026327755,0.07758265755765276
5.0,-0.19932004026327887,0.09395155491682977
5.0,-0.18732004026327798,0.11385697108300324
5.0,-0.1753200402632793,0.13807573696293862
5.0,-0.1633200402632784,0.16755504388644774
5.0,-0.15132004026327972,0.20344807281829916
5.0,-0.13932004026327882,0.24715580456048927
5.0,-0.12732004026328014,0.30037530975284044
5.0,-0.11532004026327924,0.3651543200700446
5.0,-0.10332004026328057,0.443951029002038
5.0,-0.09132004026327967,0.5396967122155835
5.0,-0.07932004026328099,0.6558567212879894
5.0,-0.06732004026328009,0.796482525998446
5.0,-0.05532004026328141,0.9662436704374227
5.0,-0.04332004026328051,1.1704238734095076
5.0,-0.031320040263281834,1.4148605309285465
5.0,-0.019320040263280935,1.7058026620302855
5.0,-0.007320040263282257,2.049660773937884
5.0,0.004679959736718642,2.452625886884668
5.0,0.01667995973671732,2.9201470263936944
5.0,0.02867995973671822,3.4562789345420657
5.0,0.0406799597367169,4.062943894981909
5.0,0.052679959736717796,4.739188162670692
5.0,0.06467995973671647,5.480544303440194
5.0,0.07667995973671737,6.278622973494076
5.0,0.08867995973671605,7.1210412851757106
5.0,0.10067995973671695,7.991748692448846
5.0,0.11267995973671563,8.871745572323382
5.0,0.12467995973671653,9.74012284697286
5.0,0.1366799597367152,10.575301661683381
5.0,0.1486799597367161,11.356331007837303
5.0,0.16067995973671478,12.064107940717538
5.0,0.17267995973671568,12.682411110766447
5.0,0.18467995973671436,13.198672720150661
5.0,0.19667995973671526,13.604448387274713
5.0,0.20867995973671394,13.895575006076237
5.0,0.22067995973671484,14.072033382816258
5.0,0.23267995973671352,14.137556245881962
5.0,0.24467995973671441,14.099043130418714
5.0,0.2566799597367131,13.965859591006357
5.0,0.268679959736714,13.749105568988291
5.0,0.28067995973671267,13.460932756066667
5.0,0.29267995973671357,13.11397121351698
5.0,0.30467995973671225,12.720892229332307
5.0,0.31667995973671315,12.294093085116305
5.0,0.3286799597367118,11.845451916646095
5.0,0.3406799597367127,11.38608434806428
5.0,0.3526799597367114,10.926053211038385
5.0,0.3646799597367123,10.474037286972699
5.0,0.376679959736711,10.037027123130402
5.0,0.3886799597367119,9.620143774419281
5.0,0.40067995973671056,9.226647184144499
5.0,0.41267995973671145,8.85813391513664
5.0,0.42467995973671013,8.514863343076808
5.0,0.43667995973671103,8.19612851018035
5.0,0.4486799597367097,7.900602013423832
5.0,0.4606799597367106,7.626618131891158
5.0,0.4726799597367093,7.37238060991041
5.0,0.4846799597367102,7.136102843014706
5.0,0.49667995973670886,6.916094312806893
5.0,0.5086799597367098,6.710807893225033
5.0,0.5206799597367084,6.518860600706339
5.0,0.5326799597367093,6.339037546524022
5.0,0.544679959736708,6.170286201756044
5.0,0.5566799597367089,6.01170592099487
5.0,0.5686799597367076,5.862536033736178
5.0,0.5806799597367085,5.722144636636276
5.0,0.5926799597367072,5.590019398795859
5.0,0.6046799597367081,5.465761098135628
5.0,0.6166799597367068,5.349080070233396
5.0,0.6286799597367076,5.2397950188546165
5.0,0.6406799597367063,5.13783238383925
5.0,0.6526799597367072,5.0432225887295905
5.0,0.6646799597367059,4.956088108730828
5.0,0.6766799597367068,4.876620904756285
5.0,0.6886799597367055,4.805056670308129
5.0,0.7006799597367064,4.741663324935421
5.0,0.7126799597367051,4.686752107264936
5.0,0.724679959736706,4.6406934664772725
5.0,0.7366799597367046,4.603903778480523
5.0,0.7486799597367055,4.576847427154196
5.0,0.7606799597367042,4.559971459616
5.0,0.7726799597367051,4.553675618355964
5.0,0.7846799597367038,4.558277156773367
5.0,0.7966799597367047,4.5739804157578
5.0,0.7913200402632968,4.412267756763241
5.0,0.7793200402632959,4.21967811100862
5.0,0.7673200402632973,4.060539677038416
5.0,0.7553200402632964,3.9209606283660685
5.0,0.7433200402632977,3.796043845893813
5.0,0.7313200402632968,3.683361831903044
5.0,0.7193200402632981,3.581385935983894
5.0,0.7073200402632972,3.4889750224397598
5.0,0.6953200402632985,3.405157640530012
5.0,0.6833200402632976,3.3290299935422896
5.0,0.671320040263299,3.2597261793034793
5.0,0.659320040263298,3.1964080570173494
5.0,0.6473200402632994,3.138268491171682
5.0,0.6353200402632985,3.084539223070645
5.0,0.6233200402632998,3.034500207203023
5.0,0.6113200402632989,2.9874907730841853
5.0,0.5993200402633002,2.9429220261830227
5.0,0.5873200402632993,2.9002863828121153
5.0,0.5753200402633006,2.8591595179538314
5.0,0.5633200402632997,2.819193534650161
5.0,0.5513200402633011,2.780103965538615
5.0,0.5393200402633002,2.741654366475762
5.0,0.5273200402633015,2.7036412285121263
5.0,0.5153200402633006,2.6658803865238223
5.0,0.5033200402633019,2.6281950079010876
5.0,0.491320040263301,2.590404747031036
5.0,0.4793200402633023,2.5523155689011876
5.0,0.46732004026330143,2.513709889810369
5.0,0.45532004026330275,2.474336943113326
5.0,0.44332004026330185,2.43390360010862
5.0,0.4313200402633032,2.392066232835575
5.0,0.4193200402633023,2.3484245718566465
5.0,0.4073200402633036,2.302518857920067
5.0,0.3953200402633027,2.2538318787006264
5.0,0.383320040263304,2.201797680459158
5.0,0.3713200402633031,2.1458187804722324
5.0,0.35932004026330444,2.0852934451912284
5.0,0.34732004026330354,2.0196538389506364
5.0,0.33532004026330486,1.9484143981765365
5.0,0.32332004026330396,1.8712276326177215
5.0,0.3113200402633053,1.7879420224820455
5.0,0.2993200402633044,1.6986544573857654
5.0,0.2873200402633057,1.603748606253725
5.0,0.2753200402633048,1.5039113699189226
5.0,0.26332004026330613,1.4001222448838926
5.0,0.25132004026330523,1.2936144478118905
5.0,0.23932004026330655,1.1858110088001654
5.0,0.22732004026330566,1.0782427138148296
5.0,0.21532004026330698,0.9724570765134797
5.0,0.20332004026330608,0.8699282156088946
5.0,0.1913200402633074,0.7719767358294883
5.0,0.1793200402633065,0.6797067849865388
5.0,0.16732004026330782,0.593964793721207
5.0,0.15532004026330692,0.5153214359796915
5.0,0.14332004026330825,0.44407551950766316
5.0,0.13132004026330735,0.38027622503269637
5.0,0.11932004026330867,0.3237586438136716
5.0,0.10732004026330777,0.2741870247470884
5.0,0.09532004026330909,0.2311004543547285
5.0,0.08332004026330819,0.1939566290294916
5.0,0.07132004026330951,0.1621706441064438
5.0,0.059320040263308615,0.13514703702783498
5.0,0.04732004026330994,0.11230447210559198
5.0,0.035490030197482425,0.09334353923585982
5.0,0.023660020131654913,0.07742550830454474
5.0,0.011830010065827401,0.06411130014098278
5.0,0.005915005032914755,0.058317810234167024
5.0,-1.1102230246251565e-16,0.05302908230982726
