ScanRate,Voltage,Value
0.001,-0.0011999999999997568,-5.927636285402649e-15
0.001,-0.0025199999999999667,3.535239470264456e-14
0.001,-0.0039719999999997535,1.478287707800946e-14
0.001,-0.00556919999999983,-1.0772542690466055e-14
0.001,-0.0073261199999996585,-8.37327538421133e-15
0.001,-0.009258732000000158,-2.147198786816758e-15
0.001,-0.011384605199999842,1.0547285601746803e-14
0.001,-0.013723065719999816,-8.857303384995417e-15
0.001,-0.016295372292000065,1.334584153086705e-14
0.001,-0.019124909521200162,3.8766627479898756e-15
0.001,-0.022237400473320124,8.11182738298701e-15
0.001,-0.02566114052065216,-1.6056191717610712e-15
0.001,-0.02942725457271711,-6.208617016596826e-16
0.001,-0.03356998002998901,-2.6453692396231836e-15
0.001,-0.03812697803298759,-2.9327300241801477e-15
0.001,-0.04313967583628664,-1.5238511654376718e-14
0.001,-0.04865364341991518,-1.6199417930149217e-14
0.001,-0.05471900776190708,-4.738062579586165e-16
0.001,-0.061390908538097366,4.462972262378104e-15
0.001,-0.06872999939190727,1.196837337786447e-14
0.001,-0.07680299933109791,-8.755281061891183e-15
0.001,-0.08568329926420759,-5.135569751134057e-15
0.001,-0.09545162919062833,-1.6326485679257016e-14
0.001,-0.10619679210969157,-9.225762212464187e-15
0.001,-0.1180164713206604,-1.0603286988533858e-14
0.001,-0.1300164713206604,-7.731492797074886e-15
0.001,-0.14201647132066042,2.0997903712217e-14
0.001,-0.15401647132066043,-2.0132250045173338e-15
0.001,-0.16601647132066044,7.26121882114661e-15
0.001,-0.17801647132066045,-2.4175949495068245e-14
0.001,-0.19001647132066046,9.595494807845219e-15
0.001,-0.20201647132066047,-2.3347223452030455e-15
0.001,-0.21401647132066048,-1.0151238581028193e-14
0.001,-0.2260164713206605,3.3505679589390246e-15
0.001,-0.2380164713206605,-8.495618568408631e-15
0.001,-0.2500164713206605,7.7695802548484e-15
0.001,-0.2620164713206605,-9.632319093497673e-15
0.001,-0.27401647132066054,-1.4502514207220163e-14
0.001,-0.2860164713206603,-3.4760483382363496e-14
0.001,-0.29801647132066034,-3.7348147755920654e-14
0.001,-0.31001647132066035,-9.247330186085883e-14
0.001,-0.32201647132066036,-1.966364989285498e-13
0.001,-0.33401647132066037,-4.3425260068548764e-13
0.001,-0.3460164713206604,-9.089395256168228e-13
0.001,-0.3580164713206604,-1.9052992993920965e-12
0.001,-0.3700164713206604,-3.9552095982290635e-12
0.001,-0.3820164713206604,-8.271429302670908e-12
0.001,-0.3940164713206604,-1.730015312272267e-11
0.001,-0.40601647132066043,-3.617022722125812e-11
0.001,-0.41801647132066044,-7.568146461076396e-11
0.001,-0.43001647132066045,-1.5840096860240574e-10
0.001,-0.44201647132066046,-3.3166910752074647e-10
0.001,-0.4540164713206605,-6.946739377517523e-10
0.001,-0.4660164713206605,-1.4553582146167875e-9
0.001,-0.4780164713206605,-3.050109549807583e-9
0.001,-0.4900164713206605,-6.394032614275489e-9
0.001,-0.5020164713206605,-1.3407182021213342e-8
0.001,-0.5140164713206605,-2.8117754450220625e-8
0.001,-0.5260164713206605,-5.8976251335188476e-8
0.001,-0.5380164713206605,-1.2370426116250452e-7
0.001,-0.5500164713206603,-2.594433356781644e-7
0.001,-0.5620164713206603,-5.439513457563278e-7
0.001,-0.5740164713206604,-1.1397265748912336e-6
0.001,-0.5860164713206604,-2.385373642604469e-6
0.001,-0.5980164713206604,-4.983224109816108e-6
0.001,-0.6100164713206604,-1.037960806258544e-5
0.001,-0.6220164713206604,-2.151993562984383e-5
0.001,-0.6340164713206604,-4.430049014460574e-5
0.001,-0.6460164713206604,-9.022184420419781e-5
0.001,-0.6580164713206604,-0.00018086467796786935
0.001,-0.6700164713206604,-0.00035452682173732795
0.001,-0.6820164713206605,-0.0006741516582515982
0.001,-0.6940164713206605,-0.0012335537081909463
0.001,-0.7060164713206605,-0.002158038797323356
0.001,-0.7180164713206605,-0.003599482294661538
0.001,-0.7300164713206605,-0.005733509991559819
0.001,-0.7420164713206605,-0.008768477567469912
0.001,-0.7540164713206605,-0.012968423062623684
0.001,-0.7660164713206605,-0.01868428355778441
0.001,-0.7780164713206605,-0.026387015731056514
0.001,-0.7900164713206606,-0.03669930243018742
0.001,-0.8020164713206603,-0.05042340512833249
0.001,-0.8140164713206604,-0.06855993169781582
0.001,-0.8260164713206604,-0.09230707423422849
0.001,-0.8380164713206604,-0.12302399853612374
0.001,-0.8500164713206604,-0.1621375784569357
0.001,-0.8620164713206604,-0.21097077599629546
0.001,-0.8740164713206604,-0.27047503771243603
0.001,-0.8860164713206604,-0.3408590521867083
0.001,-0.8980164713206604,-0.4211295818789278
0.001,-0.9100164713206604,-0.5086184057038626
0.001,-0.9220164713206604,-0.5986746087610887
0.001,-0.9340164713206605,-0.6847994966373139
0.001,-0.9460164713206605,-0.7594748762044972
0.001,-0.9580164713206605,-0.8156989074175135
0.001,-0.9700164713206605,-0.8488293902207641
0.001,-0.9820164713206605,-0.8579511879314641
0.001,-0.9940164713206605,-0.8460061028567646
0.001,-1.0060164713206605,-0.8185576226542797
0.001,-1.0180164713206605,-0.7818997030815139
0.001,-1.0300164713206605,-0.7414989446213158
0.001,-1.0420164713206606,-0.7012899249093197
0.001,-1.0540164713206603,-0.6636976051768704
0.001,-1.0660164713206604,-0.6299876239061672
0.001,-1.0780164713206604,-0.6006443629048881
0.001,-1.0900164713206604,-0.575664840692834
0.001,-1.1020164713206604,-0.5547636389063005
0.001,-1.1140164713206604,-0.5375110512588643
0.001,-1.1260164713206604,-0.5234235605865462
0.001,-1.1380164713206604,-0.5120199932043512
0.001,-1.1500164713206604,-0.5028533870398048
0.001,-1.1620164713206604,-0.4955264592814361
0.001,-1.1740164713206604,-0.4896966570081032
0.001,-1.1860164713206605,-0.4850750551420635
0.001,-1.1980164713206605,-0.4814219620367194
0.001,-1.1899835286793394,-0.47721431077484255
0.001,-1.1779835286793394,-0.4737591576167446
0.001,-1.1659835286793394,-0.4708489551394555
0.001,-1.1539835286793394,-0.4681324067457034
0.001,-1.1419835286793396,-0.4653436755383695
0.001,-1.1299835286793396,-0.4622282964393645
0.001,-1.1179835286793396,-0.4585217516582096
0.001,-1.1059835286793396,-0.45393662963123954
0.001,-1.0939835286793396,-0.44815817458543344
0.001,-1.0819835286793396,-0.4408515115232568
0.001,-1.0699835286793395,-0.43168418552008225
0.001,-1.0579835286793395,-0.42036548144386415
0.001,-1.0459835286793395,-0.40669841910624527
0.001,-1.0339835286793395,-0.3906322625910017
0.001,-1.0219835286793395,-0.37229698719273147
0.001,-1.0099835286793395,-0.35200229933007166
0.001,-0.9979835286793395,-0.33019509435510286
0.001,-0.9859835286793395,-0.3073857326095365
0.001,-0.9739835286793395,-0.2840652813217079
0.001,-0.9619835286793395,-0.2606361106704037
0.001,-0.9499835286793394,-0.23736904802545147
0.001,-0.9379835286793394,-0.21439194354528268
0.001,-0.9259835286793394,-0.1917192600009272
0.001,-0.9139835286793395,-0.1693441506645882
0.001,-0.9019835286793395,-0.14738184036422636
0.001,-0.8899835286793395,-0.12615974316226797
0.001,-0.8779835286793395,-0.106153048057606
0.001,-0.8659835286793395,-0.08782456308537877
0.001,-0.8539835286793395,-0.071500073082557
0.001,-0.8419835286793396,-0.057327214903015344
0.001,-0.8299835286793396,-0.04529332013878189
0.001,-0.8179835286793395,-0.035268304732527164
0.001,-0.8059835286793395,-0.027051224290130273
0.001,-0.7939835286793395,-0.020410181506346173
0.001,-0.7819835286793395,-0.015111941432023032
0.001,-0.7699835286793395,-0.010941036118235074
0.001,-0.7579835286793395,-0.007709448661500861
0.001,-0.7459835286793395,-0.005258196278147055
0.001,-0.7339835286793395,-0.0034524222482735286
0.001,-0.7219835286793395,-0.0021728914217742125
0.001,-0.7099835286793394,-0.0013086240276688388
0.001,-0.6979835286793394,-0.0007552422805726105
0.001,-0.6859835286793395,-0.0004195230092759862
0.001,-0.6739835286793395,-0.00022568359012968493
0.001,-0.6619835286793395,-0.00011834998953014205
0.001,-0.6499835286793395,-6.085893227555716e-5
0.001,-0.6379835286793395,-3.083175958371095e-5
0.001,-0.6259835286793395,-1.5437229252852146e-5
0.001,-0.6139835286793395,-7.649437023173315e-6
0.001,-0.6019835286793395,-3.7463119572491027e-6
0.001,-0.5899835286793395,-1.801661082452946e-6
0.001,-0.5779835286793394,-8.350096997258252e-7
0.001,-0.5659835286793394,-3.5307571118501544e-7
0.001,-0.5539835286793395,-1.0972977152981382e-7
0.001,-0.5419835286793395,1.713796651606931e-8
0.001,-0.5299835286793395,8.789852334294911e-8
0.001,-0.5179835286793395,1.323746105743236e-7
0.001,-0.5059835286793395,1.6535090192511702e-7
0.001,-0.4939835286793395,1.9424778120491268e-7
0.001,-0.48198352867933947,2.229047110865044e-7
0.001,-0.46998352867933946,2.5344230874807026e-7
0.001,-0.45798352867933945,2.871792638447987e-7
0.001,-0.44598352867933944,3.250861692304361e-7
0.001,-0.43398352867933954,3.6801406965162283e-7
0.001,-0.4219835286793395,4.168133327911929e-7
0.001,-0.4099835286793395,4.72400896344191e-7
0.001,-0.3979835286793395,5.358036304180765e-7
0.001,-0.3859835286793395,6.081920714483533e-7
0.001,-0.3739835286793395,6.909113900182176e-7
0.001,-0.3619835286793395,7.855138652546742e-7
0.001,-0.34998352867933946,8.937947751850188e-7
0.001,-0.33798352867933945,1.0178338013037131e-6
0.001,-0.32598352867933944,1.1600429420166e-6
0.001,-0.31398352867933943,1.3232229755943557e-6
0.001,-0.30198352867933953,1.5106296079421032e-6
0.001,-0.2899835286793395,1.7260517750192356e-6
0.001,-0.2779835286793395,1.973903668719644e-6
0.001,-0.2659835286793395,2.2593338959394052e-6
0.001,-0.2539835286793395,2.5883546942119584e-6
0.001,-0.24198352867933948,2.9679947722043673e-6
0.001,-0.22998352867933947,3.406480958229347e-6
0.001,-0.21798352867933946,3.913453789162737e-6
0.001,-0.20598352867933944,4.500223968520899e-6
0.001,-0.19398352867933943,5.180077184354525e-6
0.001,-0.18198352867933942,5.9686375221222746e-6
0.001,-0.1699835286793394,6.884299948995102e-6
0.001,-0.1579835286793394,7.948745832639867e-6
0.001,-0.1459835286793394,9.187557746392723e-6
0.001,-0.13398352867933938,1.0630951305095482e-5
0.001,-0.12198352867933937,1.2314647092818413e-5
0.001,-0.10998352867933958,1.4280907524123557e-5
0.001,-0.09798352867933957,1.6579767854246768e-5
0.001,-0.08598352867933956,1.9270493885509506e-5
0.001,-0.07398352867933955,2.242330165662699e-5
0.001,-0.06198352867933954,2.612137673917605e-5
0.001,-0.04998352867933953,3.0463228739393027e-5
0.001,-0.03798352867933952,3.556541183112284e-5
0.001,-0.025983528679339507,4.1565629860134094e-5
0.001,-0.013983528679339496,4.8626218888126745e-5
0.001,-0.0019835286793394857,5.693795829060948e-5
0.001,0.010016471320660525,6.67240919908091e-5
0.001,0.022016471320660536,7.824432985828612e-5
0.001,0.034016471320660546,9.179843280077245e-5
0.001,0.04601647132066056,0.00010772873549484344
0.001,0.05801647132066057,0.00012642060290643422
0.001,0.07001647132066058,0.000148299321285361
0.001,0.08201647132066059,0.0001738212627105489
0.001,0.0940164713206606,0.00020345633333458373
0.001,0.10601647132066061,0.0002376577696079316
0.001,0.11801647132066062,0.0002768144334963152
0.001,0.13001647132066063,0.0003211802319010285
0.001,0.14201647132066042,0.00037077578058926846
0.001,0.15401647132066043,0.0004252599960501619
0.001,0.16601647132066044,0.0004837753770436131
0.001,0.17801647132066045,0.000544781907684134
0.001,0.19001647132066046,0.0006059116688531376
0.001,0.20201647132066047,0.0006638978950049152
0.001,0.21401647132066048,0.0007146520537470758
0.001,0.2260164713206605,0.0007535672619113062
0.001,0.2380164713206605,0.0007760967038680479
0.001,0.2500164713206605,0.0007785749789848261
0.001,0.2620164713206605,0.0007591230485518726
0.001,0.27401647132066054,0.0007183510522907836
0.001,0.28601647132066055,0.000659537940074117
0.001,0.29801647132066056,0.0005881046849007909
0.001,0.31001647132066057,0.0005104914751768429
0.001,0.3220164713206606,0.0004328383135969673
0.001,0.3340164713206606,0.00035994899302491535
0.001,0.3460164713206606,0.0002948300326416324
0.001,0.3580164713206606,0.00023878882770851238
0.001,0.3700164713206606,0.00019186256570266058
0.001,0.38201647132066063,0.00015332109001561456
0.001,0.39401647132066064,0.00012208108664085734
0.001,0.40601647132066043,9.697981931433023e-5
0.001,0.41801647132066044,7.692498957455458e-5
0.001,0.43001647132066045,6.0959834304904294e-5
0.001,0.44201647132066046,4.827930971538964e-5
0.001,0.4540164713206605,3.822204765493789e-5
0.001,0.4660164713206605,3.0252525059047172e-5
0.001,0.4780164713206605,2.3940930158379425e-5
0.001,0.4900164713206605,1.8944155487447123e-5
0.001,0.5020164713206605,1.4989216049856775e-5
0.001,0.5140164713206605,1.1859362861242917e-5
0.001,0.5260164713206605,9.382717255150014e-6
0.001,0.5380164713206605,7.4230906705264525e-6
0.001,0.5500164713206606,5.872628284367022e-6
0.001,0.5620164713206606,4.645942238906351e-6
0.001,0.5740164713206606,3.6754459470456084e-6
0.001,0.5860164713206606,2.9076508112479914e-6
0.001,0.5980164713206606,2.3002298364394977e-6
0.001,0.6100164713206606,1.8196908253574585e-6
0.001,0.6220164713206606,1.4395338038021756e-6
0.001,0.6340164713206606,1.1387919548032854e-6
0.001,0.6460164713206606,9.008770254433718e-7
0.001,0.6580164713206604,7.126651125673313e-7
0.001,0.6700164713206604,5.637733490867689e-7
0.001,0.6820164713206605,4.459876309564855e-7
0.001,0.6940164713206605,3.528096679686886e-7
0.001,0.7060164713206605,2.7909860004818417e-7
0.001,0.7180164713206605,2.207874495655188e-7
0.001,0.7300164713206605,1.7465893883982397e-7
0.001,0.7420164713206605,1.3816784385787935e-7
0.001,0.7540164713206605,1.093006199856403e-7
0.001,0.7660164713206605,8.646456093734722e-8
0.001,0.7780164713206605,6.839965332269244e-8
0.001,0.7900164713206606,5.410897005123388e-8
0.001,0.7979835286793396,4.2803829662669244e-8
0.001,0.7859835286793396,3.385994716174597e-8
0.001,0.7739835286793396,2.6785262647591045e-8
0.001,0.7619835286793396,2.1188897405778524e-8
0.001,0.7499835286793396,1.67617595223667e-8
0.001,0.7379835286793396,1.3259640428084205e-8
0.001,0.7259835286793396,1.0489214613449839e-8
0.001,0.7139835286793396,8.297628530619152e-9
0.001,0.7019835286793396,6.563941246687853e-9
0.001,0.6899835286793395,5.192454896024009e-9
0.001,0.6779835286793396,4.107504954242085e-9
0.001,0.6659835286793396,3.2492593711938994e-9
0.001,0.6539835286793396,2.570325708204729e-9
0.001,0.6419835286793396,2.033230431156723e-9
0.001,0.6299835286793396,1.6083687376724028e-9
0.001,0.6179835286793396,1.272256996708424e-9
0.001,0.6059835286793396,1.0063581397304907e-9
0.001,0.5939835286793396,7.960508960362421e-10
0.001,0.5819835286793396,6.296542877645612e-10
0.001,0.5699835286793395,4.980288542357154e-10
0.001,0.5579835286793395,3.9392245223517465e-10
0.001,0.5459835286793395,3.1155388855575427e-10
0.001,0.5339835286793395,2.463944571488505e-10
0.001,0.5219835286793395,1.948534747170954e-10
0.001,0.5099835286793396,1.540640716031153e-10
0.001,0.4979835286793396,1.2179789104517612e-10
0.001,0.4859835286793396,9.631025225279643e-11
0.001,0.47398352867933957,7.611301111201126e-11
0.001,0.46198352867933956,6.016206441800412e-11
0.001,0.4499835286793396,4.751892005964618e-11
0.001,0.4379835286793396,3.753075243578622e-11
0.001,0.4259835286793396,2.9622668860126705e-11
0.001,0.4139835286793396,2.3380963741359316e-11
0.001,0.40198352867933956,1.8424946956304138e-11
0.001,0.38998352867933955,1.4530646944785285e-11
0.001,0.3779835286793396,1.1425104659064726e-11
0.001,0.3659835286793396,8.969125853359523e-12
0.001,0.3539835286793396,7.038422833843076e-12
0.001,0.34198352867933957,5.531627665595204e-12
0.001,0.32998352867933956,4.309686466578913e-12
0.001,0.3179835286793396,3.388103200493414e-12
0.001,0.3059835286793396,2.61955856941876e-12
0.001,0.2939835286793395,2.041586398683426e-12
0.001,0.2819835286793396,1.5870800417520516e-12
0.001,0.2699835286793396,1.1971973888064551e-12
0.001,0.2579835286793396,9.544431855494392e-13
0.001,0.2459835286793396,7.231775186848917e-13
0.001,0.23398352867933958,5.53734303775234e-13
0.001,0.22198352867933957,4.124849632464678e-13
0.001,0.20998352867933956,3.053334301594997e-13
0.001,0.19798352867933955,2.310188043404523e-13
0.001,0.18598352867933954,2.0453047295533096e-13
0.001,0.17398352867933953,1.377262745032505e-13
0.001,0.16198352867933963,1.0910638871514348e-13
0.001,0.14998352867933962,9.441481154433535e-14
0.001,0.1379835286793396,5.297057262454192e-14
0.001,0.1259835286793396,4.3057917112009197e-14
0.001,0.11398352867933959,4.559671591231827e-14
0.001,0.10198352867933957,1.8840269801414e-14
0.001,0.08998352867933956,-8.435695957584385e-15
0.001,0.07798352867933955,-9.657356821013e-15
0.001,0.06598352867933954,2.874854710982283e-15
0.001,0.05398352867933953,5.444278909039424e-15
0.001,0.04198352867933952,-1.7271074572102752e-14
0.001,0.03148764650950486,6.704430990929204e-15
0.001,0.02361573488212887,-6.223393867706687e-15
0.001,0.017711801161596652,-2.483519106273945e-14
0.001,0.011807867441064435,9.199820883198128e-15
0.001,0.005903933720532217,-2.7524461401215023e-14
0.001,0.0,3.9360493533746324e-15
0.005,-0.0011999999999999789,-2.943944506238014e-15
0.005,-0.0025200000000000777,-2.5326341343055186e-14
0.005,-0.0039719999999999756,-2.594536217358835e-14
0.005,-0.00556919999999983,2.2489896471780682e-14
0.005,-0.0073261200000001026,-8.046420421646091e-15
0.005,-0.009258732000000047,2.7989901520900757e-15
0.005,-0.01138460519999962,-5.77917944148648e-16
0.005,-0.01372306572000015,1.3127567746489007e-14
0.005,-0.01629537229199962,-2.5590576120666403e-15
0.005,-0.01912490952119983,8.076319207110056e-16
0.005,-0.022237400473320013,-1.9320226178169493e-14
0.005,-0.025661140520651826,-2.1255638904736596e-16
0.005,-0.029427254572717,-2.1542677431167427e-15
0.005,-0.03356998002998923,1.0258109383294214e-14
0.005,-0.03812697803298759,2.4788996059896497e-14
0.005,-0.04313967583628653,5.133585777040352e-15
0.005,-0.04865364341991496,-2.6388529913469675e-15
0.005,-0.05471900776190686,-1.200122864330217e-14
0.005,-0.06139090853809759,-3.386785091034779e-15
0.005,-0.06872999939190716,-9.699568990093e-16
0.005,-0.0768029993310978,-1.8821877958591547e-14
0.005,-0.08568329926420803,-9.190036347234547e-15
0.005,-0.09545162919062877,9.089889175012397e-15
0.005,-0.10619679210969135,-9.932034644140764e-15
0.005,-0.11801647132066073,5.545981411459332e-15
0.005,-0.13001647132066063,-7.376871232499879e-15
0.005,-0.14201647132066053,-7.715862767149357e-15
0.005,-0.15401647132066043,1.218268987729667e-14
0.005,-0.16601647132066089,7.7591982004546e-15
0.005,-0.17801647132066023,8.580863398983171e-15
0.005,-0.19001647132066068,3.4044335122895975e-15
0.005,-0.20201647132066047,-3.836296297901136e-15
0.005,-0.21401647132066048,4.846158014062906e-15
0.005,-0.22601647132066094,-5.231177931293815e-15
0.005,-0.23801647132066028,-1.6390010936782026e-14
0.005,-0.25001647132066074,-1.5153592308923106e-14
0.005,-0.2620164713206605,1.6805777547540705e-14
0.005,-0.27401647132066054,-1.2025747101155392e-14
0.005,-0.2860164713206603,-2.2919934822671062e-14
0.005,-0.2980164713206601,-5.817377554161035e-14
0.005,-0.31001647132066057,-1.0374882639763712e-13
0.005,-0.3220164713206606,-2.2939525529862047e-13
0.005,-0.33401647132066037,-4.0521074457680915e-13
0.005,-0.3460164713206608,-9.005952164293887e-13
0.005,-0.35801647132066017,-1.8856785326297945e-12
0.005,-0.3700164713206606,-3.948779754919975e-12
0.005,-0.38201647132066063,-8.268468359296456e-12
0.005,-0.3940164713206604,-1.7304521735498456e-11
0.005,-0.4060164713206609,-3.6172892792358356e-11
0.005,-0.4180164713206609,-7.569054938822316e-11
0.005,-0.4300164713206607,-1.5844008324906863e-10
0.005,-0.44201647132066113,-3.316733208663572e-10
0.005,-0.4540164713206605,-6.94637383658068e-10
0.005,-0.46601647132066093,-1.4553269226464239e-9
0.005,-0.4780164713206607,-3.0500192459467256e-9
0.005,-0.49001647132066073,-6.3938167009645666e-9
0.005,-0.5020164713206612,-1.3406687348595263e-8
0.005,-0.514016471320661,-2.8116797419616536e-8
0.005,-0.526016471320661,-5.89742398630496e-8
0.005,-0.5380164713206614,-1.2370004619731088e-7
0.005,-0.5500164713206606,-2.594344645615518e-7
0.005,-0.562016471320661,-5.439329639819832e-7
0.005,-0.574016471320661,-1.139688596269351e-6
0.005,-0.5860164713206608,-2.3852963353098385e-6
0.005,-0.5980164713206613,-4.983071683727123e-6
0.005,-0.6100164713206613,-1.0379328080158896e-5
0.005,-0.6220164713206611,-2.1519511241156056e-5
0.005,-0.6340164713206615,-4.4300256833027684e-5
0.005,-0.6460164713206609,-9.022392441316522e-5
0.005,-0.6580164713206613,-0.00018087860953315102
0.005,-0.6700164713206613,-0.00035458912611173975
0.005,-0.6820164713206611,-0.0006743853603625968
0.005,-0.6940164713206616,-0.0012343231913815212
0.005,-0.7060164713206614,-0.0021602904672784625
0.005,-0.7180164713206614,-0.003605393578703078
0.005,-0.7300164713206612,-0.005747639235289072
0.005,-0.7420164713206612,-0.008799815208009218
0.005,-0.7540164713206616,-0.013034158568303679
0.005,-0.7660164713206614,-0.01881676618619947
0.005,-0.7780164713206614,-0.026646460423496818
0.005,-0.7900164713206619,-0.037196593108309015
0.005,-0.8020164713206617,-0.05136028607983545
0.005,-0.8140164713206617,-0.07029839285080565
0.005,-0.8260164713206615,-0.09548617223065964
0.005,-0.8380164713206613,-0.12875064984136042
0.005,-0.8500164713206617,-0.17228688861028826
0.005,-0.8620164713206617,-0.22863767208991115
0.005,-0.8740164713206615,-0.3006139475351952
0.005,-0.886016471320662,-0.3911175026709819
0.005,-0.898016471320662,-0.5028102063411185
0.005,-0.9100164713206618,-0.6375907531494212
0.005,-0.9220164713206618,-0.7959188224825796
0.005,-0.9340164713206616,-0.9761283778541753
0.005,-0.946016471320662,-1.1739163563754766
0.005,-0.958016471320662,-1.3821502867140354
0.005,-0.9700164713206618,-1.5910498326541285
0.005,-0.9820164713206623,-1.7887293015710837
0.005,-0.9940164713206621,-1.9620813297822997
0.005,-1.006016471320662,-2.0980244215126462
0.005,-1.0180164713206619,-2.18516915949186
0.005,-1.0300164713206619,-2.215891735278059
0.005,-1.0420164713206623,-2.1885440378763357
0.005,-1.0540164713206621,-2.1090406326713387
0.005,-1.0660164713206621,-1.9905880054211438
0.005,-1.0780164713206626,-1.8506481548215825
0.005,-1.0900164713206624,-1.7060181529457226
0.005,-1.1020164713206622,-1.5687840954527292
0.005,-1.1140164713206622,-1.4452354153621019
0.005,-1.126016471320662,-1.3372135800067981
0.005,-1.1380164713206624,-1.2440783872197523
0.005,-1.1500164713206624,-1.1641636943371017
0.005,-1.1620164713206622,-1.0955664335019673
0.005,-1.1740164713206627,-1.0364925184049099
0.005,-1.1860164713206627,-0.9853759397977438
0.005,-1.1980164713206625,-0.9408975729250513
0.005,-1.1899835286793377,-0.8966968159876174
0.005,-1.1779835286793376,-0.8581247886730563
0.005,-1.1659835286793372,-0.8237890427586442
0.005,-1.1539835286793374,-0.7921745285333144
0.005,-1.1419835286793374,-0.762286288753175
0.005,-1.129983528679337,-0.733252820358995
0.005,-1.1179835286793376,-0.7042493860420427
0.005,-1.1059835286793371,-0.6744783425656125
0.005,-1.0939835286793378,-0.6431837195890657
0.005,-1.0819835286793373,-0.6096979257971423
0.005,-1.0699835286793382,-0.5735173840661081
0.005,-1.0579835286793378,-0.5343946664133392
0.005,-1.0459835286793384,-0.4924226311724514
0.005,-1.033983528679338,-0.4480788462367706
0.005,-1.0219835286793386,-0.4022040193536176
0.005,-1.0099835286793382,-0.35590775406227226
0.005,-0.9979835286793388,-0.31042053186775487
0.005,-0.9859835286793384,-0.2669292868721837
0.005,-0.973983528679339,-0.2264365412064136
0.005,-0.9619835286793386,-0.18967066893366544
0.005,-0.9499835286793392,-0.15705555611122357
0.005,-0.9379835286793388,-0.12873084756293743
0.005,-0.9259835286793394,-0.10460449529080701
0.005,-0.913983528679339,-0.08441796081672609
0.005,-0.9019835286793397,-0.06780838675951072
0.005,-0.8899835286793393,-0.05435749314739057
0.005,-0.8779835286793399,-0.043620509887316694
0.005,-0.8659835286793395,-0.03512934256861893
0.005,-0.8539835286793402,-0.028375217102922012
0.005,-0.8419835286793398,-0.022833858976274605
0.005,-0.8299835286793404,-0.018112362582112972
0.005,-0.81798352867934,-0.01405274924159024
0.005,-0.8059835286793406,-0.010628379655612776
0.005,-0.7939835286793402,-0.007818589327565757
0.005,-0.7819835286793408,-0.005576743740395541
0.005,-0.7699835286793404,-0.0038407985189640847
0.005,-0.757983528679341,-0.0025433640596612076
0.005,-0.7459835286793406,-0.0016143883860792925
0.005,-0.7339835286793412,-0.0009814943278947527
0.005,-0.7219835286793408,-0.0005727111565895578
0.005,-0.7099835286793416,-0.00032217055850227805
0.005,-0.6979835286793411,-0.00017572944164956242
0.005,-0.6859835286793418,-9.348281220979955e-5
0.005,-0.6739835286793413,-4.8729116667163113e-5
0.005,-0.661983528679342,-2.4951609630530545e-5
0.005,-0.6499835286793415,-1.2531830975302358e-5
0.005,-0.6379835286793422,-6.1131078008910485e-6
0.005,-0.6259835286793417,-2.806900838949104e-6
0.005,-0.6139835286793425,-1.0908165316507603e-6
0.005,-0.601983528679342,-1.7504659502664295e-7
0.005,-0.5899835286793427,3.460936731092177e-7
0.005,-0.5779835286793422,6.801542366984967e-7
0.005,-0.5659835286793429,9.33803054007745e-7
0.005,-0.5539835286793424,1.162980356834355e-6
0.005,-0.5419835286793431,1.3985366646021172e-6
0.005,-0.5299835286793426,1.6592917119211835e-6
0.005,-0.5179835286793434,1.958709771101425e-6
0.005,-0.5059835286793429,2.3083715594464724e-6
0.005,-0.4939835286793436,2.7198620745174006e-6
0.005,-0.48198352867934313,3.205895197435178e-6
0.005,-0.4699835286793438,3.7810983489991758e-6
0.005,-0.45798352867934333,4.46266951772687e-6
0.005,-0.445983528679344,5.271030033588682e-6
0.005,-0.43398352867934353,6.230540775249263e-6
0.005,-0.4219835286793443,7.370331225966642e-6
0.005,-0.40998352867934384,8.725285285214242e-6
0.005,-0.3979835286793445,1.0337223112750693e-5
0.005,-0.38598352867934405,1.2256329041487004e-5
0.005,-0.3739835286793447,1.4542878373090089e-5
0.005,-0.36198352867934425,1.726933077699803e-5
0.005,-0.3499835286793449,2.052287037201488e-5
0.005,-0.33798352867934445,2.4408492187860635e-5
0.005,-0.3259835286793452,2.9052753845132875e-5
0.005,-0.31398352867934476,3.460834234599537e-5
0.005,-0.3019835286793454,4.1259636271057766e-5
0.005,-0.28998352867934496,4.922948547468966e-5
0.005,-0.2779835286793456,5.8787481279855654e-5
0.005,-0.26598352867934516,7.026005063341881e-5
0.005,-0.2539835286793458,8.404278178689972e-5
0.005,-0.24198352867934536,0.00010061548136085458
0.005,-0.22998352867934602,0.00012056056886588888
0.005,-0.21798352867934556,0.00014458554775386708
0.005,-0.20598352867934633,0.00017355044476530148
0.005,-0.19398352867934587,0.00020850129059150777
0.005,-0.18198352867934653,0.0002507109208891442
0.005,-0.16998352867934607,0.00030172860853118965
0.005,-0.15798352867934673,0.0003634402821569511
0.005,-0.14598352867934627,0.0004381413352380699
0.005,-0.13398352867934693,0.0005286242445143914
0.005,-0.12198352867934648,0.000638283356764718
0.005,-0.10998352867934713,0.0007712391831768477
0.005,-0.09798352867934668,0.0009324842459710698
0.005,-0.08598352867934733,0.0011280517719745226
0.005,-0.07398352867934688,0.001365207088614249
0.005,-0.061983528679347755,0.0016526591182101967
0.005,-0.0499835286793473,0.00200078551790383
0.005,-0.037983528679347955,0.0024218593593381575
0.005,-0.0259835286793475,0.0029302574826869203
0.005,-0.013983528679348156,0.0035426207839537403
0.005,-0.0019835286793477014,0.004277925319953329
0.005,0.010016471320651643,0.005157411951010785
0.005,0.022016471320652098,0.006204314497994349
0.005,0.03401647132065144,0.007443326972212921
0.005,0.0460164713206519,0.00889976538073022
0.005,0.05801647132065124,0.010598414293045373
0.005,0.0700164713206517,0.012562104386454817
0.005,0.08201647132065104,0.014810138646383067
0.005,0.0940164713206515,0.017356756217734384
0.005,0.10601647132065084,0.02020987097362445
0.005,0.1180164713206513,0.023370323916559008
0.005,0.13001647132065042,0.026831833313798112
0.005,0.14201647132065087,0.030581722582869255
0.005,0.15401647132065022,0.03460238078477515
0.005,0.16601647132065067,0.038873299033674716
0.005,0.17801647132065002,0.04337345499964286
0.005,0.19001647132065047,0.048083795253167375
0.005,0.20201647132065093,0.05298958109393818
0.005,0.21401647132065027,0.05808239735755586
0.005,0.22601647132064961,0.06336165650108193
0.005,0.23801647132065007,0.06883545271133312
0.005,0.2500164713206505,0.07452063573151195
0.005,0.26201647132064987,0.08044199338203471
0.005,0.2740164713206492,0.08663046891554427
0.005,0.28601647132064967,0.09312040103881969
0.005,0.2980164713206501,0.09994585369696071
0.005,0.31001647132064947,0.1071361779024876
0.005,0.3220164713206488,0.11471099002344082
0.005,0.33401647132064927,0.12267473845318747
0.005,0.3460164713206497,0.13101096419814995
0.005,0.35801647132064884,0.13967626874432112
0.005,0.3700164713206482,0.14859393162497087
0.005,0.38201647132064864,0.15764712231768435
0.005,0.3940164713206491,0.16667177676212241
0.005,0.40601647132064844,0.1754495141818435
0.005,0.4180164713206478,0.18370153349273405
0.005,0.43001647132064824,0.19108536044532135
0.005,0.4420164713206487,0.1971977324843348
0.005,0.45401647132064804,0.2015888112489241
0.005,0.4660164713206474,0.2037948782545853
0.005,0.47801647132064784,0.2033972188210021
0.005,0.4900164713206483,0.2001107137292391
0.005,0.5020164713206476,0.19389186494883096
0.005,0.514016471320647,0.18503073129677894
0.005,0.5260164713206474,0.17416695644407038
0.005,0.5380164713206479,0.1621801458544668
0.005,0.550016471320647,0.14997458249585052
0.005,0.5620164713206464,0.1382642005380823
0.005,0.5740164713206468,0.12746902650886674
0.005,0.5860164713206473,0.11774281455194609
0.005,0.5980164713206466,0.1090668888961247
0.005,0.610016471320646,0.10134047189721898
0.005,0.6220164713206464,0.09443875561401646
0.005,0.6340164713206469,0.08824142655022178
0.005,0.6460164713206462,0.08264327967590647
0.005,0.6580164713206456,0.07755620681957676
0.005,0.670016471320646,0.07290775729710312
0.005,0.6820164713206465,0.0686386949767953
0.005,0.6940164713206458,0.06470053840760093
0.005,0.7060164713206452,0.0610534198837116
0.005,0.7180164713206456,0.057664331509025515
0.005,0.7300164713206461,0.05450572794996339
0.005,0.7420164713206454,0.05155442742458214
0.005,0.7540164713206445,0.048790693050377115
0.005,0.766016471320645,0.046197749971483286
0.005,0.7780164713206454,0.04376106426717724
0.005,0.7900164713206448,0.04146795605362416
0.005,0.797983528679356,0.03930642864800629
0.005,0.7859835286793555,0.03726409510678016
0.005,0.773983528679355,0.03533832035882263
0.005,0.7619835286793557,0.033519198183425795
0.005,0.7499835286793564,0.03179927192302683
0.005,0.7379835286793559,0.03017195780456047
0.005,0.7259835286793554,0.02863139356677888
0.005,0.7139835286793562,0.027172227262477103
0.005,0.7019835286793569,0.025789525616606787
0.005,0.6899835286793564,0.024478746682002585
0.005,0.677983528679356,0.023235683614574447
0.005,0.6659835286793566,0.022056422828111995
0.005,0.6539835286793574,0.02093730909191757
0.005,0.6419835286793569,0.019874915620563705
0.005,0.6299835286793565,0.01886601796823732
0.005,0.6179835286793571,0.01790757086731947
0.005,0.6059835286793578,0.016996687346450347
0.005,0.5939835286793573,0.016130619602179073
0.005,0.5819835286793569,0.01530674120600007
0.005,0.5699835286793575,0.014522530324707109
0.005,0.5579835286793582,0.013775553725462672
0.005,0.5459835286793577,0.013063451443627864
0.005,0.5339835286793573,0.01238392212302359
0.005,0.5219835286793579,0.011734709210219215
0.005,0.5099835286793587,0.011113588415359315
0.005,0.49798352867935824,0.010518357158575024
0.005,0.4859835286793578,0.009946827120559188
0.005,0.47398352867935845,0.009396821509467163
0.005,0.46198352867935916,0.008866179228953113
0.005,0.4499835286793587,0.008352768712228781
0.005,0.43798352867935825,0.007854514652145518
0.005,0.4259835286793589,0.00736944096203972
0.005,0.4139835286793596,0.006895732729029601
0.005,0.40198352867935916,0.0064318182504360215
0.005,0.3899835286793587,0.005976469126160448
0.005,0.37798352867935936,0.0055289116931064135
0.005,0.36598352867936,0.005088937267507251
0.005,0.35398352867935956,0.004656992893254741
0.005,0.3419835286793591,0.004234230539433458
0.005,0.3299835286793598,0.0038224932127801925
0.005,0.31798352867936047,0.0034242229152457236
0.005,0.30598352867936,0.0030422877922750696
0.005,0.2939835286793596,0.0026797419016705015
0.005,0.2819835286793603,0.002339546559781685
0.005,0.26998352867936093,0.002024292408873464
0.005,0.2579835286793605,0.0017359627518824382
0.005,0.24598352867936002,0.001475770678995219
0.005,0.23398352867936068,0.0012440875227408181
0.005,0.22198352867936144,0.0010404627320126203
0.005,0.209983528679361,0.0008637200975799205
0.005,0.19798352867936053,0.0007121057278137609
0.005,0.1859835286793612,0.0005834603260708369
0.005,0.17398352867936184,0.00047539117728174476
0.005,0.1619835286793614,0.00038542562338161906
0.005,0.14998352867936093,0.0003111353274533966
0.005,0.1379835286793616,0.000250227458261699
0.005,0.12598352867936236,0.00020060405655820675
0.005,0.1139835286793619,0.0001603940042854232
0.005,0.10198352867936145,0.00012796343813069205
0.005,0.0899835286793621,0.00010191060113369433
0.005,0.07798352867936276,8.105049588673364e-5
0.005,0.0659835286793623,6.439370507462453e-5
0.005,0.05398352867936185,5.1122665525175405e-5
0.005,0.0419835286793625,4.0567690740120246e-5
0.005,0.03148764650952218,3.313376520885954e-5
0.005,0.023615734882141637,2.8467354750442987e-5
0.005,0.01574382325476109,2.445815020566909e-5
0.005,0.007871911627380546,2.1014610133591767e-5
0.005,0.0,1.8057546182109116e-5
0.01,-0.0011999999999999789,7.331956376803905e-15
0.01,-0.0025200000000000777,7.838524032625197e-15
0.01,-0.0039719999999999756,1.2906278307903809e-14
0.01,-0.00556919999999983,1.8007543708549186e-14
0.01,-0.0073261200000001026,-2.5701837036013858e-14
0.01,-0.009258732000000047,-4.746969238291323e-15
0.01,-0.01138460519999962,-1.341478037836055e-16
0.01,-0.01372306572000015,2.4042957901734457e-15
0.01,-0.01629537229199962,-1.1300520778918802e-14
0.01,-0.01912490952119983,2.626806086391641e-15
0.01,-0.022237400473320013,1.7300155585117808e-14
0.01,-0.025661140520651826,1.8915714745726987e-15
0.01,-0.029427254572717,-2.0368675821626136e-15
0.01,-0.03356998002998923,-1.677850879076991e-14
0.01,-0.03812697803298759,6.646596396279488e-15
0.01,-0.04313967583628653,1.1405186717133138e-14
0.01,-0.04865364341991496,6.564525244152534e-15
0.01,-0.05471900776190686,4.334472457048455e-15
0.01,-0.06139090853809759,-1.1559602429322956e-16
0.01,-0.06872999939190716,7.42531306223818e-15
0.01,-0.0768029993310978,-2.038625139819844e-15
0.01,-0.08568329926420803,-3.006386725269528e-15
0.01,-0.09545162919062877,1.3331226453306138e-14
0.01,-0.10619679210969135,2.44420917259001e-15
0.01,-0.11801647132066073,2.851647283749904e-15
0.01,-0.13001647132066063,-1.6514149064758432e-14
0.01,-0.14201647132066053,3.645953285540294e-15
0.01,-0.15401647132066043,-9.343588490841062e-15
0.01,-0.16601647132066089,2.2436995289084978e-14
0.01,-0.17801647132066023,-9.964895835408353e-15
0.01,-0.19001647132066068,1.9361658518608973e-15
0.01,-0.20201647132066047,-2.1784864183680394e-14
0.01,-0.21401647132066048,2.4268078755033624e-15
0.01,-0.22601647132066094,-5.244117672294783e-15
0.01,-0.23801647132066028,3.737787661243925e-15
0.01,-0.25001647132066074,6.744753016779555e-15
0.01,-0.2620164713206605,-1.106342593275294e-14
0.01,-0.27401647132066054,-1.5981823940699314e-14
0.01,-0.2860164713206603,-1.6189310312072285e-14
0.01,-0.2980164713206601,-4.34446299326123e-14
0.01,-0.31001647132066057,-9.721273479992978e-14
0.01,-0.3220164713206606,-1.988994184933788e-13
0.01,-0.33401647132066037,-4.241676752322373e-13
0.01,-0.3460164713206608,-9.173621431621443e-13
0.01,-0.35801647132066017,-1.8992442143271268e-12
0.01,-0.3700164713206606,-3.979561706362753e-12
0.01,-0.38201647132066063,-8.282059365541351e-12
0.01,-0.3940164713206604,-1.730455584513627e-11
0.01,-0.4060164713206609,-3.6179935982134514e-11
0.01,-0.4180164713206609,-7.568394929651432e-11
0.01,-0.4300164713206607,-1.5841751975233752e-10
0.01,-0.44201647132066113,-3.3164776916920205e-10
0.01,-0.4540164713206605,-6.946030740228801e-10
0.01,-0.46601647132066093,-1.4552662638244867e-9
0.01,-0.4780164713206607,-3.0498778684262343e-9
0.01,-0.49001647132066073,-6.3935265119194605e-9
0.01,-0.5020164713206612,-1.3406104567212676e-8
0.01,-0.514016471320661,-2.8115504812316553e-8
0.01,-0.526016471320661,-5.8971518187130614e-8
0.01,-0.5380164713206614,-1.2369432710476171e-7
0.01,-0.5500164713206606,-2.5942256812670075e-7
0.01,-0.562016471320661,-5.43908045351516e-7
0.01,-0.574016471320661,-1.1396366897761067e-6
0.01,-0.5860164713206608,-2.3851885249988805e-6
0.01,-0.5980164713206613,-4.982849693862255e-6
0.01,-0.6100164713206613,-1.0378878501359584e-5
0.01,-0.6220164713206611,-2.151862975157925e-5
0.01,-0.6340164713206615,-4.4298641833552576e-5
0.01,-0.6460164713206609,-9.022140800839137e-5
0.01,-0.6580164713206613,-0.00018087644017025344
0.01,-0.6700164713206613,-0.00035459492529326346
0.01,-0.6820164713206611,-0.0006744286270072048
0.01,-0.6940164713206616,-0.0012344953162896721
0.01,-0.7060164713206614,-0.0021608304229312654
0.01,-0.7180164713206614,-0.0036068461136696643
0.01,-0.7300164713206612,-0.00575113019284242
0.01,-0.7420164713206612,-0.008807544287670936
0.01,-0.7540164713206616,-0.013050315263577847
0.01,-0.7660164713206614,-0.018849239932596986
0.01,-0.7780164713206614,-0.0267099919880545
0.01,-0.7900164713206619,-0.037318498244836906
0.01,-0.8020164713206617,-0.05159071044875368
0.01,-0.8140164713206617,-0.07072841384132393
0.01,-0.8260164713206615,-0.09627917854582731
0.01,-0.8380164713206613,-0.13019548928771205
0.01,-0.8500164713206617,-0.17488507771337272
0.01,-0.8620164713206617,-0.2332401074635942
0.01,-0.8740164713206615,-0.3086218140602568
0.01,-0.886016471320662,-0.40475487503679064
0.01,-0.898016471320662,-0.5254659678970678
0.01,-0.9100164713206618,-0.6742206063013335
0.01,-0.9220164713206618,-0.8534873190519074
0.01,-0.9340164713206616,-1.064047283908314
0.01,-0.946016471320662,-1.3044111426951506
0.01,-0.958016471320662,-1.5704752441068743
0.01,-0.9700164713206618,-1.8554630244665231
0.01,-0.9820164713206623,-2.1501030634064806
0.01,-0.9940164713206621,-2.442945566945627
0.01,-1.006016471320662,-2.7207356372840494
0.01,-1.0180164713206619,-2.968833938299277
0.01,-1.0300164713206619,-3.1717831320080645
0.01,-1.0420164713206623,-3.314250283925263
0.01,-1.0540164713206621,-3.3827128969296476
0.01,-1.0660164713206621,-3.368295159295095
0.01,-1.0780164713206626,-3.2707530954379234
0.01,-1.0900164713206624,-3.102176357452219
0.01,-1.1020164713206622,-2.886882670143754
0.01,-1.1140164713206622,-2.6546023970766743
0.01,-1.126016471320662,-2.4301900064936124
0.01,-1.1380164713206624,-2.227669422226254
0.01,-1.1500164713206624,-2.05137731082351
0.01,-1.1620164713206622,-1.9001942110893353
0.01,-1.1740164713206627,-1.7709526251853185
0.01,-1.1860164713206627,-1.6601727215913458
0.01,-1.1980164713206625,-1.5647137299230083
0.01,-1.1899835286793377,-1.4686468173952079
0.01,-1.1779835286793376,-1.3864092961417507
0.01,-1.1659835286793372,-1.3141973979645196
0.01,-1.1539835286793374,-1.2482752398418484
0.01,-1.1419835286793374,-1.1864201142380542
0.01,-1.129983528679337,-1.126835242944005
0.01,-1.1179835286793376,-1.0679516287031967
0.01,-1.1059835286793371,-1.0083886532052477
0.01,-1.0939835286793378,-0.946990372131383
0.01,-1.0819835286793373,-0.8829107128822898
0.01,-1.0699835286793382,-0.8157213640743319
0.01,-1.0579835286793378,-0.7455066075159146
0.01,-1.0459835286793384,-0.6729050312163242
0.01,-1.033983528679338,-0.5990677261029508
0.01,-1.0219835286793386,-0.5255262755076471
0.01,-1.0099835286793382,-0.4539925016939279
0.01,-0.9979835286793388,-0.3861331051514917
0.01,-0.9859835286793384,-0.3233678774688
0.01,-0.973983528679339,-0.26672975755428313
0.01,-0.9619835286793386,-0.2168045929029011
0.01,-0.9499835286793392,-0.1737465147290812
0.01,-0.9379835286793388,-0.13734862115198246
0.01,-0.9259835286793394,-0.10714185772066212
0.01,-0.913983528679339,-0.08249706861505157
0.01,-0.9019835286793397,-0.06271277948808805
0.01,-0.8899835286793393,-0.04708035039883642
0.01,-0.8779835286793399,-0.03492578716892417
0.01,-0.8659835286793395,-0.02563240395246398
0.01,-0.8539835286793402,-0.018650555927783523
0.01,-0.8419835286793398,-0.013500281033975006
0.01,-0.8299835286793404,-0.009770687540279863
0.01,-0.81798352867934,-0.007117258342216955
0.01,-0.8059835286793406,-0.005255728625124729
0.01,-0.7939835286793402,-0.0039496981008193465
0.01,-0.7819835286793408,-0.002994414235758587
0.01,-0.7699835286793404,-0.0022244765911452963
0.01,-0.757983528679341,-0.0015643738431159152
0.01,-0.7459835286793406,-0.0010270885006108891
0.01,-0.7339835286793412,-0.0006335048375339731
0.01,-0.7219835286793408,-0.0003715878037185215
0.01,-0.7099835286793416,-0.00020953731969554107
0.01,-0.6979835286793411,-0.00011454898202410592
0.01,-0.6859835286793418,-6.107982305903719e-5
0.01,-0.6739835286793413,-3.188084297253769e-5
0.01,-0.661983528679342,-1.6284871648045268e-5
0.01,-0.6499835286793415,-8.078187405599024e-6
0.01,-0.6379835286793422,-3.7910998972900024e-6
0.01,-0.6259835286793417,-1.5437541022342945e-6
0.01,-0.6139835286793425,-3.391394346294983e-7
0.01,-0.601983528679342,3.440330627206752e-7
0.01,-0.5899835286793427,7.762916465613707e-7
0.01,-0.5779835286793422,1.0982418586541971e-6
0.01,-0.5659835286793429,1.3842235248653039e-6
0.01,-0.5539835286793424,1.6754149869346365e-6
0.01,-0.5419835286793431,1.996936282132056e-6
0.01,-0.5299835286793426,2.3666958504755875e-6
0.01,-0.5179835286793434,2.800042623777572e-6
0.01,-0.5059835286793429,3.3123206707614325e-6
0.01,-0.4939835286793436,3.920409902667662e-6
0.01,-0.48198352867934313,4.643811366572036e-6
0.01,-0.4699835286793438,5.505571346017826e-6
0.01,-0.45798352867934333,6.533204234190899e-6
0.01,-0.445983528679344,7.75971549671024e-6
0.01,-0.43398352867934353,9.224794077575376e-6
0.01,-0.4219835286793443,1.0976235581341886e-5
0.01,-0.40998352867934384,1.3071660151705062e-5
0.01,-0.3979835286793445,1.5580596293909882e-5
0.01,-0.38598352867934405,1.858701352667575e-5
0.01,-0.3739835286793447,2.219240698723015e-5
0.01,-0.36198352867934425,2.6519557324243435e-5
0.01,-0.3499835286793449,3.171711761695293e-5
0.01,-0.33798352867934445,3.796521446055609e-5
0.01,-0.3259835286793452,4.548229127314162e-5
0.01,-0.31398352867934476,5.453347632894314e-5
0.01,-0.3019835286793454,6.54408185088418e-5
0.01,-0.28998352867934496,7.859581480082408e-5
0.01,-0.2779835286793456,9.447474739766264e-5
0.01,-0.26598352867934516,0.00011365746141710957
0.01,-0.2539835286793458,0.00013685035485814972
0.01,-0.24198352867934536,0.00016491451481391426
0.01,-0.22998352867934602,0.00019890012798157313
0.01,-0.21798352867934556,0.00024008851727386774
0.01,-0.20598352867934633,0.00029004341043794446
0.01,-0.19398352867934587,0.0003506733206138986
0.01,-0.18198352867934653,0.0004243072075375442
0.01,-0.16998352867934607,0.0005137858535727089
0.01,-0.15798352867934673,0.00062257159572031
0.01,-0.14598352867934627,0.0007548791176642853
0.01,-0.13398352867934693,0.0009158298161105624
0.01,-0.12198352867934648,0.0011116316280611863
0.01,-0.10998352867934713,0.0013497848967531378
0.01,-0.09798352867934668,0.0016393125265208933
0.01,-0.08598352867934733,0.0019910089010655206
0.01,-0.07398352867934688,0.0024176963522370113
0.01,-0.061983528679347755,0.002934469934969668
0.01,-0.0499835286793473,0.0035589007045929997
0.01,-0.037983528679347955,0.004311155018063885
0.01,-0.0259835286793475,0.005213974056557694
0.01,-0.013983528679348156,0.00629244690324277
0.01,-0.0019835286793477014,0.0075735072022525655
0.01,0.010016471320651643,0.00908509446636012
0.01,0.022016471320652098,0.010854953399755424
0.01,0.03401647132065144,0.012909101907392235
0.01,0.0460164713206519,0.015270076929581412
0.01,0.05801647132065124,0.017955151953348
0.01,0.0700164713206517,0.020974785808887945
0.01,0.08201647132065104,0.024331581324302166
0.01,0.0940164713206515,0.028019987171701944
0.01,0.10601647132065084,0.03202687146847532
0.01,0.1180164713206513,0.03633296000504262
0.01,0.13001647132065042,0.04091500639310748
0.01,0.14201647132065087,0.04574848060998569
0.01,0.15401647132065022,0.050810539730761085
0.01,0.16601647132065067,0.0560830692590976
0.01,0.17801647132065002,0.06155562881257623
0.01,0.19001647132065047,0.06722817288998631
0.01,0.20201647132065093,0.07311342590742022
0.01,0.21401647132065027,0.07923876646001526
0.01,0.22601647132064961,0.08564743295828275
0.01,0.23801647132065007,0.09239883154716669
0.01,0.2500164713206505,0.09956774553155595
0.01,0.26201647132064987,0.10724234401592202
0.01,0.2740164713206492,0.11552106864354444
0.01,0.28601647132064967,0.12450869786900698
0.01,0.2980164713206501,0.13431206233323287
0.01,0.31001647132064947,0.14503592329824763
0.01,0.3220164713206488,0.1567793952895875
0.01,0.33401647132064927,0.16963304688644765
0.01,0.3460164713206497,0.183676555965778
0.01,0.35801647132064884,0.1989766170936544
0.01,0.3700164713206482,0.21558472693813263
0.01,0.38201647132064864,0.2335344810522325
0.01,0.3940164713206491,0.2528380544703511
0.01,0.40601647132064844,0.2734815705790971
0.01,0.4180164713206478,0.2954190682515858
0.01,0.43001647132064824,0.31856475366405423
0.01,0.4420164713206487,0.34278318006266706
0.01,0.45401647132064804,0.3678769574994536
0.01,0.4660164713206474,0.3935715963716145
0.01,0.47801647132064784,0.4194972130855355
0.01,0.4900164713206483,0.44516722612424237
0.01,0.5020164713206476,0.4699551285329897
0.01,0.514016471320647,0.4930724245857534
0.01,0.5260164713206474,0.5135546005367757
0.01,0.5380164713206479,0.5302683882150637
0.01,0.550016471320647,0.5419626400423141
0.01,0.5620164713206464,0.5473937122745512
0.01,0.5740164713206468,0.5455534017389988
0.01,0.5860164713206473,0.5359916444855443
0.01,0.5980164713206466,0.5191396255233005
0.01,0.610016471320646,0.49643715407944894
0.01,0.6220164713206464,0.4700790527095313
0.01,0.6340164713206469,0.4424225621222985
0.01,0.6460164713206462,0.41537952026821706
0.01,0.6580164713206456,0.39012139029817
0.01,0.670016471320646,0.3671409254884179
0.01,0.6820164713206465,0.3464849208049323
0.01,0.6940164713206458,0.3279772225282652
0.01,0.7060164713206452,0.3113630648266721
0.01,0.7180164713206456,0.296382455083035
0.01,0.7300164713206461,0.2828002373115283
0.01,0.7420164713206454,0.27041459986821387
0.01,0.7540164713206445,0.2590560532275263
0.01,0.766016471320645,0.24858432483976667
0.01,0.7780164713206454,0.23888331348683756
0.01,0.7900164713206448,0.22985612277971434
0.01,0.797983528679356,0.22136481818974457
0.01,0.7859835286793555,0.2131710529714988
0.01,0.773983528679355,0.205610759290781
0.01,0.7619835286793557,0.19850451274782216
0.01,0.7499835286793564,0.19178423075954462
0.01,0.7379835286793559,0.1854026200153519
0.01,0.7259835286793554,0.1793229596518427
0.01,0.7139835286793562,0.1735140676966456
0.01,0.7019835286793569,0.16794884392138731
0.01,0.6899835286793564,0.16260330700798678
0.01,0.677983528679356,0.15745583148194695
0.01,0.6659835286793566,0.15248662175297367
0.01,0.6539835286793574,0.1476773245980428
0.01,0.6419835286793569,0.14301074096705
0.01,0.6299835286793565,0.13847061740698843
0.01,0.6179835286793571,0.13404150721417
0.01,0.6059835286793578,0.12970869666380094
0.01,0.5939835286793573,0.1254581939274755
0.01,0.5819835286793569,0.12127677806070095
0.01,0.5699835286793575,0.11715210289982557
0.01,0.5579835286793582,0.11307284607668955
0.01,0.5459835286793577,0.10902888727624341
0.01,0.5339835286793573,0.10501149351992489
0.01,0.5219835286793579,0.10101348443953295
0.01,0.5099835286793587,0.09702934924580148
0.01,0.49798352867935824,0.09305529109533915
0.01,0.4859835286793578,0.08908918442490073
0.01,0.47398352867935845,0.08513044550621858
0.01,0.46198352867935916,0.0811798332148363
0.01,0.4499835286793587,0.07723921196593414
0.01,0.43798352867935825,0.07331131815773884
0.01,0.4259835286793589,0.06939957277135084
0.01,0.4139835286793596,0.06550797555961932
0.01,0.40198352867935916,0.06164110217785904
0.01,0.3899835286793587,0.05780420778336285
0.01,0.37798352867935936,0.054003422551290106
0.01,0.36598352867936,0.050246009098856764
0.01,0.35398352867935956,0.04654064063346822
0.01,0.3419835286793591,0.042897652125296684
0.01,0.3299835286793598,0.0393292145210364
0.01,0.31798352867936047,0.03584938337691465
0.01,0.30598352867936,0.03247397823946349
0.01,0.2939835286793596,0.02922025845919974
0.01,0.2819835286793603,0.026106376450422682
0.01,0.26998352867936093,0.023150612291727296
0.01,0.2579835286793605,0.02037042429266106
0.01,0.24598352867936002,0.017781386206208488
0.01,0.23398352867936068,0.01539611675626592
0.01,0.22198352867936144,0.013223331249934016
0.01,0.209983528679361,0.011267147662584062
0.01,0.19798352867936053,0.009526753896881145
0.01,0.1859835286793612,0.007996490392564644
0.01,0.17398352867936184,0.006666334227871239
0.01,0.1619835286793614,0.00552270533002166
0.01,0.14998352867936093,0.004549470083022142
0.01,0.1379835286793616,0.0037290027227066987
0.01,0.12598352867936236,0.0030431798829110737
0.01,0.1139835286793619,0.002474219058641631
0.01,0.10198352867936145,0.0020053144902083464
0.01,0.0899835286793621,0.0016210626656302685
0.01,0.07798352867936276,0.0013076976139572937
0.01,0.0659835286793623,0.0010531717321000387
0.01,0.05398352867936185,0.0008471228255703895
0.01,0.0419835286793625,0.0006807656774253722
0.01,0.03148764650952218,0.0005620147019514977
0.01,0.023615734882141637,0.0004866819647302454
0.01,0.01574382325476109,0.0004213965108847723
0.01,0.007871911627380546,0.0003648465745067838
0.01,0.0,0.00031588246118053524
0.05,-0.0012000000000000899,8.137882304398774e-15
0.05,-0.0025199999999998557,-7.26070821343511e-15
0.05,-0.003972000000000309,5.0102361790271655e-15
0.05,-0.005569200000000052,-1.0346451563804468e-14
0.05,-0.0073261199999997695,9.011188997071131e-15
0.05,-0.009258731999999936,1.968764624716899e-14
0.05,-0.011384605199999953,-2.328103074405168e-14
0.05,-0.013723065720000038,6.975386546480382e-15
0.05,-0.016295372292000065,2.410557597245602e-15
0.05,-0.01912490952120005,1.0261768367285347e-14
0.05,-0.022237400473320124,-9.81293126575882e-15
0.05,-0.025661140520652048,-3.247929878952963e-15
0.05,-0.02942725457271711,4.983645135220375e-15
0.05,-0.0335699800299889,-6.202538081117752e-16
0.05,-0.038126978032988035,-1.202948348767325e-15
0.05,-0.04313967583628653,-1.3424453017875556e-14
0.05,-0.04865364341991518,-7.134696575770297e-15
0.05,-0.05471900776190708,4.238954960421204e-16
0.05,-0.06139090853809748,4.79746976329491e-15
0.05,-0.06872999939190727,-1.48344536479835e-14
0.05,-0.07680299933109824,-7.423674625970922e-15
0.05,-0.08568329926420759,-3.216058252177272e-15
0.05,-0.09545162919062877,1.4979656774324472e-14
0.05,-0.10619679210969157,1.4369255138735028e-14
0.05,-0.11801647132066084,2.0361740960094304e-14
0.05,-0.13001647132066052,1.507563594990765e-14
0.05,-0.14201647132066064,-1.4992467363910707e-14
0.05,-0.15401647132066076,2.0865229154522482e-14
0.05,-0.16601647132066044,-5.519317352102819e-15
0.05,-0.17801647132066056,9.805200917005961e-15
0.05,-0.19001647132066068,-3.005990641250086e-14
0.05,-0.2020164713206607,5.204611743905268e-15
0.05,-0.21401647132066093,-1.2354510882182101e-15
0.05,-0.22601647132066072,1.2159917363081541e-14
0.05,-0.23801647132066073,-3.018998163226809e-15
0.05,-0.25001647132066074,5.835924701957305e-15
0.05,-0.2620164713206605,1.2638175494653425e-14
0.05,-0.27401647132066076,-8.687648997147518e-15
0.05,-0.28601647132066077,-1.4386602660167998e-14
0.05,-0.2980164713206608,-4.9672316568786305e-14
0.05,-0.310016471320661,-1.1403830027046553e-13
0.05,-0.3220164713206608,-2.0733711803447451e-13
0.05,-0.3340164713206608,-4.349830942704591e-13
0.05,-0.3460164713206608,-8.870201238752765e-13
0.05,-0.3580164713206606,-1.8926377711753396e-12
0.05,-0.37001647132066084,-3.957006538802686e-12
0.05,-0.38201647132066086,-8.266514716958631e-12
0.05,-0.39401647132066087,-1.7313892028182852e-11
0.05,-0.4060164713206611,-3.617218629621703e-11
0.05,-0.4180164713206609,-7.566728755085018e-11
0.05,-0.43001647132066134,-1.5834007954353107e-10
0.05,-0.44201647132066113,-3.315123664292331e-10
0.05,-0.4540164713206607,-6.943556931442912e-10
0.05,-0.46601647132066115,-1.4547114971131106e-9
0.05,-0.47801647132066094,-3.048695758952269e-9
0.05,-0.49001647132066073,-6.391071226224878e-9
0.05,-0.5020164713206612,-1.3400935711753212e-8
0.05,-0.514016471320661,-2.81047347260162e-8
0.05,-0.5260164713206608,-5.894893937311898e-8
0.05,-0.5380164713206612,-1.2364706224663734e-7
0.05,-0.5500164713206608,-2.593235052698937e-7
0.05,-0.5620164713206606,-5.437007338153371e-7
0.05,-0.574016471320661,-1.139203397531093e-6
0.05,-0.5860164713206615,-2.384285610711386e-6
0.05,-0.5980164713206613,-4.980977057498212e-6
0.05,-0.6100164713206611,-1.0375026814791816e-5
0.05,-0.6220164713206615,-2.1510823127736994e-5
0.05,-0.6340164713206613,-4.428323177179878e-5
0.05,-0.6460164713206609,-9.019242722830745e-5
0.05,-0.6580164713206613,-0.00018082677315878155
0.05,-0.6700164713206611,-0.0003545253017356696
0.05,-0.6820164713206609,-0.0006743792812684232
0.05,-0.6940164713206614,-0.0012346255277068817
0.05,-0.7060164713206611,-0.002161571087815916
0.05,-0.7180164713206609,-0.0036091404744933477
0.05,-0.7300164713206614,-0.005756806823167343
0.05,-0.742016471320661,-0.008819983791288217
0.05,-0.7540164713206607,-0.01307574923285842
0.05,-0.7660164713206612,-0.018899249180592704
0.05,-0.7780164713206617,-0.02680617584581789
0.05,-0.7900164713206614,-0.037501068687885844
0.05,-0.8020164713206612,-0.05193417430274359
0.05,-0.814016471320661,-0.07136989621316957
0.05,-0.8260164713206606,-0.09746866967571202
0.05,-0.838016471320661,-0.13238212284741782
0.05,-0.8500164713206608,-0.1788572148877371
0.05,-0.8620164713206606,-0.24033457606793507
0.05,-0.8740164713206611,-0.3210069222952552
0.05,-0.8860164713206609,-0.4257832823685386
0.05,-0.8980164713206606,-0.5601014077076637
0.05,-0.9100164713206602,-0.7295550965148625
0.05,-0.92201647132066,-0.9393537716112741
0.05,-0.9340164713206605,-1.1936970042361068
0.05,-0.9460164713206602,-1.4951995697937936
0.05,-0.95801647132066,-1.844507217697373
0.05,-0.9700164713206605,-2.240185353394041
0.05,-0.9820164713206603,-2.67886979645424
0.05,-0.9940164713206598,-3.155591112416924
0.05,-1.0060164713206596,-3.6641552039541434
0.05,-1.0180164713206594,-4.197480358805372
0.05,-1.0300164713206599,-4.747829764675781
0.05,-1.0420164713206597,-5.306914465711937
0.05,-1.0540164713206595,-5.865863261598894
0.05,-1.06601647132066,-6.415062568438907
0.05,-1.0780164713206595,-6.943865190040295
0.05,-1.0900164713206593,-7.440157711432606
0.05,-1.102016471320659,-7.889768348532384
0.05,-1.1140164713206588,-8.275703598516746
0.05,-1.1260164713206593,-8.577258241939296
0.05,-1.138016471320659,-8.769246906298484
0.05,-1.1500164713206587,-8.822200506706558
0.05,-1.162016471320659,-8.705800904739801
0.05,-1.174016471320659,-8.400027926313227
0.05,-1.1860164713206587,-7.91708940492763
0.05,-1.1980164713206585,-7.320220995701387
0.05,-1.1899835286793419,-6.37847567692743
0.05,-1.1779835286793414,-5.660933433075831
0.05,-1.1659835286793416,-5.10577745231161
0.05,-1.1539835286793418,-4.637425629578693
0.05,-1.1419835286793414,-4.2230915343863575
0.05,-1.1299835286793416,-3.84480483276573
0.05,-1.117983528679342,-3.4917087125811825
0.05,-1.1059835286793422,-3.1571303537224003
0.05,-1.0939835286793425,-2.8372127402376766
0.05,-1.081983528679342,-2.5301509042166916
0.05,-1.0699835286793422,-2.235679877872764
0.05,-1.0579835286793424,-1.9546673887166461
0.05,-1.045983528679342,-1.688747029865425
0.05,-1.0339835286793422,-1.4399660078303693
0.05,-1.0219835286793426,-1.2104434711392875
0.05,-1.0099835286793428,-1.0020516489150024
0.05,-0.997983528679343,-0.8161449809095139
0.05,-0.9859835286793426,-0.6533692012326446
0.05,-0.9739835286793429,-0.5135780824200267
0.05,-0.9619835286793431,-0.39586810297088093
0.05,-0.9499835286793427,-0.2987149785889439
0.05,-0.937983528679343,-0.22017097327048463
0.05,-0.9259835286793432,-0.1580690519311522
0.05,-0.9139835286793434,-0.11018536379412598
0.05,-0.9019835286793436,-0.07433482180603936
0.05,-0.8899835286793432,-0.04840866227140059
0.05,-0.8779835286793435,-0.03039240481124153
0.05,-0.8659835286793438,-0.018406299812496116
0.05,-0.8539835286793434,-0.010779599412374559
0.05,-0.8419835286793436,-0.006128966805485528
0.05,-0.8299835286793438,-0.0033989672262197874
0.05,-0.817983528679344,-0.0018470186189393047
0.05,-0.8059835286793443,-0.000987192032568168
0.05,-0.7939835286793439,-0.0005201445678097219
0.05,-0.7819835286793434,-0.0002700882041353977
0.05,-0.7699835286793437,-0.00013749605427214862
0.05,-0.7579835286793439,-6.753011342883578e-5
0.05,-0.7459835286793435,-3.056905579450146e-5
0.05,-0.733983528679343,-1.0838595194815077e-5
0.05,-0.7219835286793432,-2.1511599183693377e-8
0.05,-0.7099835286793434,6.238932881726288e-6
0.05,-0.6979835286793431,1.0216751823896594e-5
0.05,-0.6859835286793426,1.3098405979114186e-5
0.05,-0.6739835286793429,1.5505311898025488e-5
0.05,-0.6619835286793431,1.7766331237559797e-5
0.05,-0.6499835286793426,2.0059138304009333e-5
0.05,-0.6379835286793422,2.2483190497168842e-5
0.05,-0.6259835286793425,2.5097136158947876e-5
0.05,-0.6139835286793427,2.7937722229073134e-5
0.05,-0.6019835286793422,3.102904209589493e-5
0.05,-0.5899835286793418,3.438663884040584e-5
0.05,-0.577983528679342,3.801879707655143e-5
0.05,-0.5659835286793423,4.192615972261594e-5
0.05,-0.5539835286793419,4.6100238843138236e-5
0.05,-0.5419835286793414,5.0521072668840597e-5
0.05,-0.5299835286793416,5.515412218916205e-5
0.05,-0.5179835286793419,5.99464552593074e-5
0.05,-0.5059835286793415,6.482226805876684e-5
0.05,-0.49398352867934103,6.967788086614733e-5
0.05,-0.48198352867934124,7.437654246728406e-5
0.05,-0.46998352867934146,7.874374643541721e-5
0.05,-0.457983528679341,8.256446126362492e-5
0.05,-0.44598352867934055,8.55849257291547e-5
0.05,-0.43398352867934087,8.752388645849395e-5
0.05,-0.4219835286793411,8.810190708316587e-5
0.05,-0.4099835286793406,8.710295080264657e-5
0.05,-0.39798352867934017,8.448762870167199e-5
0.05,-0.3859835286793405,8.056980937159493e-5
0.05,-0.3739835286793407,7.621092222102103e-5
0.05,-0.36198352867934025,7.284421143607791e-5
0.05,-0.3499835286793398,7.207835330413948e-5
0.05,-0.33798352867934,7.504568604749932e-5
0.05,-0.32598352867934033,8.214340274461773e-5
0.05,-0.3139835286793399,9.334036984422026e-5
0.05,-0.3019835286793394,0.00010858820303563245
0.05,-0.28998352867933963,0.00012804128211054086
0.05,-0.27798352867933995,0.00015211820631226756
0.05,-0.2659835286793395,0.00018150443868653163
0.05,-0.25398352867933904,0.00021715109770496072
0.05,-0.24198352867933925,0.00026028828145811806
0.05,-0.22998352867933947,0.0003124565732914473
0.05,-0.217983528679339,0.0003755565939602479
0.05,-0.20598352867933856,0.0004519164021199013
0.05,-0.19398352867933877,0.0005443773755746507
0.05,-0.1819835286793392,0.000656400027854557
0.05,-0.16998352867933875,0.0007921917816418452
0.05,-0.1579835286793383,0.0009568589151352875
0.05,-0.1459835286793385,0.001156584601826399
0.05,-0.13398352867933871,0.0013988339845969673
0.05,-0.12198352867933826,0.0016925852581231944
0.05,-0.1099835286793378,0.0020485823888440192
0.05,-0.09798352867933802,0.0024795998821230936
0.05,-0.08598352867933823,0.0030007024089059287
0.05,-0.07398352867933777,0.0036294717687352716
0.05,-0.06198352867933732,0.004386160674439584
0.05,-0.04998352867933775,0.005293718223658907
0.05,-0.03798352867933796,0.0063776182653963835
0.05,-0.02598352867933751,0.00766541399127902
0.05,-0.013983528679337054,0.009185947173470169
0.05,-0.0019835286793372653,0.010968167095782012
0.05,0.010016471320662523,0.013039569243403227
0.05,0.022016471320662978,0.015424347123768537
0.05,0.03401647132066343,0.01814144919603
0.05,0.04601647132066322,0.021202818629546868
0.05,0.05801647132066301,0.02461212961581823
0.05,0.07001647132066346,0.02836429156733876
0.05,0.08201647132066392,0.03244587139861861
0.05,0.09401647132066349,0.0368364204965387
0.05,0.10601647132066327,0.04151054552954761
0.05,0.11801647132066373,0.046440480862735264
0.05,0.13001647132066418,0.051598920567251606
0.05,0.14201647132066397,0.05696192830406838
0.05,0.15401647132066376,0.06251182335772308
0.05,0.16601647132066422,0.06824000338241125
0.05,0.17801647132066467,0.0741496858955195
0.05,0.19001647132066446,0.08025852302625322
0.05,0.20201647132066403,0.08660097186629928
0.05,0.21401647132066448,0.09323020347252908
0.05,0.22601647132066494,0.10021924062430686
0.05,0.23801647132066472,0.10766097715766393
0.05,0.2500164713206645,0.11566680489312664
0.05,0.26201647132066497,0.12436379176466461
0.05,0.2740164713206654,0.13389068980431604
0.05,0.2860164713206652,0.1443933898034586
0.05,0.298016471320665,0.1560206137419792
0.05,0.31001647132066545,0.16892053419523484
0.05,0.3220164713206659,0.18323867236076163
0.05,0.3340164713206655,0.199117026327394
0.05,0.34601647132066526,0.21669409630312644
0.05,0.3580164713206657,0.2361053757669382
0.05,0.3700164713206662,0.25748392875287895
0.05,0.38201647132066596,0.2809607913241653
0.05,0.39401647132066575,0.3066650528201871
0.05,0.4060164713206662,0.3347235579024062
0.05,0.41801647132066666,0.3652602190512375
0.05,0.43001647132066645,0.3983949484891211
0.05,0.442016471320666,0.4342422180458767
0.05,0.45401647132066647,0.4729092422817379
0.05,0.4660164713206669,0.5144937579256198
0.05,0.4780164713206667,0.5590813421668583
0.05,0.4900164713206665,0.6067421721450842
0.05,0.502016471320667,0.6575270748275179
0.05,0.5140164713206674,0.7114626451426767
0.05,0.5260164713206672,0.7685451131079635
0.05,0.538016471320667,0.8287325066952462
0.05,0.5500164713206674,0.8919344704058428
0.05,0.5620164713206679,0.9579988372751519
0.05,0.5740164713206675,1.0266936827511104
0.05,0.5860164713206673,1.097683071286841
0.05,0.5980164713206677,1.170493993483811
0.05,0.6100164713206682,1.2444710499276743
0.05,0.622016471320668,1.318714310682192
0.05,0.6340164713206677,1.3919947613694323
0.05,0.6460164713206682,1.46264183312344
0.05,0.6580164713206686,1.5284014657884768
0.05,0.6700164713206684,1.5862777292992298
0.05,0.682016471320668,1.6324104674639175
0.05,0.6940164713206685,1.6621279437243919
0.05,0.7060164713206689,1.6704535238615923
0.05,0.7180164713206687,1.6534307557245336
0.05,0.7300164713206685,1.6102820517942158
0.05,0.742016471320669,1.5452572433277114
0.05,0.7540164713206694,1.4670651186272596
0.05,0.7660164713206692,1.385418914284435
0.05,0.778016471320669,1.3074588970439793
0.05,0.7900164713206694,1.2366478864268844
0.05,0.7979835286793311,1.1693246176680228
0.05,0.7859835286793313,1.0928760158060522
0.05,0.7739835286793316,1.035379127295574
0.05,0.7619835286793318,0.9862725700676663
0.05,0.7499835286793322,0.9424053883358448
0.05,0.7379835286793324,0.9021827049818022
0.05,0.7259835286793326,0.8646112901352514
0.05,0.7139835286793329,0.8289997167244801
0.05,0.7019835286793331,0.7948427065383006
0.05,0.6899835286793334,0.7617621450909646
0.05,0.6779835286793336,0.7294756075923177
0.05,0.6659835286793339,0.6977779781960214
0.05,0.6539835286793342,0.6665294861545119
0.05,0.6419835286793344,0.6356466892781545
0.05,0.6299835286793347,0.605094551613826
0.05,0.6179835286793349,0.5748787097981818
0.05,0.6059835286793351,0.5450376225500164
0.05,0.5939835286793355,0.5156346676822974
0.05,0.5819835286793357,0.4867504444222743
0.05,0.569983528679336,0.45847559681202504
0.05,0.5579835286793362,0.43090443884511914
0.05,0.5459835286793364,0.4041295753624679
0.05,0.5339835286793366,0.37823760960591446
0.05,0.521983528679337,0.3533059331336377
0.05,0.5099835286793373,0.3294005198175731
0.05,0.4979835286793375,0.30657459702398726
0.05,0.4859835286793377,0.28486804199623256
0.05,0.47398352867933796,0.26430734511498843
0.05,0.46198352867933823,0.2449059885865575
0.05,0.4499835286793385,0.22666510434874487
0.05,0.43798352867933876,0.20957429507797484
0.05,0.425983528679339,0.19361252515441038
0.05,0.41398352867933924,0.17874901377258717
0.05,0.4019835286793395,0.16494409063663282
0.05,0.3899835286793405,0.1521500068640242
0.05,0.37798352867934004,0.14031173010684866
0.05,0.3659835286793396,0.12936779127327525
0.05,0.3539835286793405,0.11925128400666934
0.05,0.3419835286793415,0.10989113543883972
0.05,0.32998352867934105,0.1012137529912204
0.05,0.3179835286793406,0.09314509640063068
0.05,0.30598352867934153,0.08561312926067537
0.05,0.2939835286793425,0.07855049160850198
0.05,0.28198352867934207,0.071897139453872
0.05,0.2699835286793416,0.06560265139499219
0.05,0.2579835286793426,0.059627920571734466
0.05,0.2459835286793436,0.05394602205170525
0.05,0.23398352867934313,0.048542145836436935
0.05,0.22198352867934268,0.04341258827574801
0.05,0.20998352867934356,0.03856288515580203
0.05,0.19798352867934454,0.03400524669277986
0.05,0.1859835286793441,0.029755523352225383
0.05,0.17398352867934364,0.025829993249466904
0.05,0.16198352867934462,0.02224230677294123
0.05,0.1499835286793456,0.019000931255529794
0.05,0.13798352867934516,0.016107387178722603
0.05,0.1259835286793447,0.013555451940339625
0.05,0.11398352867934558,0.011331347272553478
0.05,0.10198352867934657,0.009414763231340348
0.05,0.08998352867934611,0.007780451071351229
0.05,0.07798352867934566,0.006400068931389708
0.05,0.06598352867934665,0.005243990108196548
0.05,0.05398352867934764,0.004282861542275357
0.05,0.04198352867934718,0.0034887973231359664
0.05,0.03148764650950964,0.0029111193550371167
0.05,0.020991764339673535,0.0024261129561486696
0.05,0.010495882169837545,0.0020200437056994646
0.05,0.0,0.0016808217637168722
0.1,-0.0012000000000000899,-1.53121399470931e-14
0.1,-0.0025199999999998557,-9.198911553298556e-15
0.1,-0.003972000000000309,-4.43593961409746e-15
0.1,-0.005569200000000052,1.3396255037558822e-14
0.1,-0.0073261199999997695,7.451414751304743e-15
0.1,-0.009258731999999936,-3.3926848346282367e-15
0.1,-0.011384605199999953,-7.787911318056119e-15
0.1,-0.013723065720000038,9.20453789681915e-15
0.1,-0.016295372292000065,-1.9591370457981912e-14
0.1,-0.01912490952120005,5.049448520047735e-15
0.1,-0.022237400473320124,-9.100367472625044e-15
0.1,-0.025661140520652048,3.1964489407518076e-15
0.1,-0.02942725457271711,-1.5444821615920297e-14
0.1,-0.0335699800299889,-2.13314168596832e-14
0.1,-0.038126978032988035,-2.84994500458927e-14
0.1,-0.04313967583628653,1.0124550878599298e-14
0.1,-0.04865364341991518,9.439239117990606e-15
0.1,-0.05471900776190708,1.158688785104704e-16
0.1,-0.06139090853809748,-1.2245928260133585e-14
0.1,-0.06872999939190727,-1.757854308306705e-14
0.1,-0.07680299933109824,-1.1684282835701509e-14
0.1,-0.08568329926420759,-9.48464433700688e-15
0.1,-0.09545162919062877,7.398453447296215e-16
0.1,-0.10619679210969157,-2.2171754117581546e-14
0.1,-0.11801647132066084,-5.407366887692036e-15
0.1,-0.13001647132066052,1.0266553209834393e-14
0.1,-0.14201647132066064,-1.2035904521415124e-15
0.1,-0.15401647132066076,1.1494543318804706e-14
0.1,-0.16601647132066044,1.9887076267847e-15
0.1,-0.17801647132066056,-1.6136380124589564e-14
0.1,-0.19001647132066068,-2.2112426562923198e-15
0.1,-0.2020164713206607,-3.426896177683023e-15
0.1,-0.21401647132066093,1.3217480911305854e-15
0.1,-0.22601647132066072,1.3747806192965705e-15
0.1,-0.23801647132066073,-1.2607562484169208e-14
0.1,-0.25001647132066074,4.6798405454601684e-15
0.1,-0.2620164713206605,-7.754228232328953e-16
0.1,-0.27401647132066076,-2.3694217764836774e-14
0.1,-0.28601647132066077,-1.4834071449308414e-14
0.1,-0.2980164713206608,-4.057674619581627e-14
0.1,-0.310016471320661,-9.194034024568275e-14
0.1,-0.3220164713206608,-2.1447455704488278e-13
0.1,-0.3340164713206608,-4.244929769706341e-13
0.1,-0.3460164713206608,-9.236499862713807e-13
0.1,-0.3580164713206606,-1.8904303508742486e-12
0.1,-0.37001647132066084,-3.965413811558548e-12
0.1,-0.38201647132066086,-8.27806163844019e-12
0.1,-0.39401647132066087,-1.72893370228817e-11
0.1,-0.4060164713206611,-3.612076088687659e-11
0.1,-0.4180164713206609,-7.56091406511785e-11
0.1,-0.43001647132066134,-1.582531454395591e-10
0.1,-0.44201647132066113,-3.3136153796924287e-10
0.1,-0.4540164713206607,-6.939808427805557e-10
0.1,-0.46601647132066115,-1.4540133495325748e-9
0.1,-0.47801647132066094,-3.047214169795012e-9
0.1,-0.49001647132066073,-6.387957163480228e-9
0.1,-0.5020164713206612,-1.339444624616108e-8
0.1,-0.514016471320661,-2.8091082672669262e-8
0.1,-0.5260164713206608,-5.89203058696211e-8
0.1,-0.5380164713206612,-1.2358699784392346e-7
0.1,-0.5500164713206608,-2.5919765345407266e-7
0.1,-0.5620164713206606,-5.434372565700882e-7
0.1,-0.574016471320661,-1.1386525818115866e-6
0.1,-0.5860164713206615,-2.383136868332683e-6
0.1,-0.5980164713206613,-4.978591300115987e-6
0.1,-0.6100164713206611,-1.0370106641500317e-5
0.1,-0.6220164713206615,-2.15007968922701e-5
0.1,-0.6340164713206613,-4.426321422987153e-5
0.1,-0.6460164713206609,-9.015384605171067e-5
0.1,-0.6580164713206613,-0.00018075682641550465
0.1,-0.6700164713206611,-0.000354411566475062
0.1,-0.6820164713206609,-0.0006742296434281832
0.1,-0.6940164713206614,-0.0012345172936503498
0.1,-0.7060164713206611,-0.0021617318820453457
0.1,-0.7180164713206609,-0.003610039697944309
0.1,-0.7300164713206614,-0.005759247290327164
0.1,-0.742016471320661,-0.008825259655797594
0.1,-0.7540164713206607,-0.013086019078674297
0.1,-0.7660164713206612,-0.018918326856068556
0.1,-0.7780164713206617,-0.02684105047469333
0.1,-0.7900164713206614,-0.03756473465185657
0.1,-0.8020164713206612,-0.05205085086932559
0.1,-0.814016471320661,-0.07158448437452922
0.1,-0.8260164713206606,-0.09786318756309673
0.1,-0.838016471320661,-0.13310217946774092
0.1,-0.8500164713206608,-0.18015006431542313
0.1,-0.8620164713206606,-0.24259693658223985
0.1,-0.8740164713206611,-0.32483919966468866
0.1,-0.8860164713206609,-0.43205067740560454
0.1,-0.8980164713206606,-0.5700077584675397
0.1,-0.9100164713206602,-0.7447351746900381
0.1,-0.92201647132066,-0.9619837237885384
0.1,-0.9340164713206605,-1.226615781884739
0.1,-0.9460164713206602,-1.5420311891109326
0.1,-0.95801647132066,-1.9097764287900387
0.1,-0.9700164713206605,-2.3294265637319964
0.1,-0.9820164713206603,-2.7987374662454805
0.1,-0.9940164713206598,-3.3139861094428604
0.1,-1.0060164713206596,-3.8703848319732104
0.1,-1.0180164713206594,-4.462471263981995
0.1,-1.0300164713206599,-5.084414795831416
0.1,-1.0420164713206597,-5.730218560499762
0.1,-1.0540164713206595,-6.393820665004046
0.1,-1.06601647132066,-7.069108907502501
0.1,-1.0780164713206595,-7.749863630091892
0.1,-1.0900164713206593,-8.42963818945743
0.1,-1.102016471320659,-9.101578663687397
0.1,-1.1140164713206588,-9.758174945230879
0.1,-1.1260164713206593,-10.390924021310388
0.1,-1.138016471320659,-10.989871845947532
0.1,-1.1500164713206587,-11.542981315329314
0.1,-1.162016471320659,-12.035250499503412
0.1,-1.174016471320659,-12.447485335041932
0.1,-1.1860164713206587,-12.754652727130853
0.1,-1.1980164713206585,-12.92394730702113
0.1,-1.1899835286793419,-11.69926871957631
0.1,-1.1779835286793414,-10.404137492997082
0.1,-1.1659835286793416,-9.289684223005954
0.1,-1.1539835286793418,-8.31569354882019
0.1,-1.1419835286793414,-7.4519526221331915
0.1,-1.1299835286793416,-6.675223502647632
0.1,-1.117983528679342,-5.968054267927397
0.1,-1.1059835286793422,-5.31774774302827
0.1,-1.0939835286793425,-4.715411524087452
0.1,-1.081983528679342,-4.1551419254616135
0.1,-1.0699835286793422,-3.6333497091197047
0.1,-1.0579835286793424,-3.1482025085021856
0.1,-1.045983528679342,-2.699148318046717
0.1,-1.0339835286793422,-2.2864869810870014
0.1,-1.0219835286793426,-1.9109666505974277
0.1,-1.0099835286793428,-1.5733977824592653
0.1,-0.997983528679343,-1.2742966984643243
0.1,-0.9859835286793426,-1.0135896925296624
0.1,-0.9739835286793429,-0.7904188150120613
0.1,-0.9619835286793431,-0.6030827449058689
0.1,-0.9499835286793427,-0.4491173280528049
0.1,-0.937983528679343,-0.32547929800711506
0.1,-0.9259835286793432,-0.22876372143536083
0.1,-0.9139835286793434,-0.15538332511756844
0.1,-0.9019835286793436,-0.1016767174961935
0.1,-0.8899835286793432,-0.06397657254711685
0.1,-0.8779835286793435,-0.038710058587811735
0.1,-0.8659835286793438,-0.02257356822552035
0.1,-0.8539835286793434,-0.01273842199031289
0.1,-0.8419835286793436,-0.006991655938482333
0.1,-0.8299835286793438,-0.003751856897732621
0.1,-0.817983528679344,-0.001977269224513378
0.1,-0.8059835286793443,-0.0010265980291502478
0.1,-0.7939835286793439,-0.0005256056333798839
0.1,-0.7819835286793434,-0.000264579093699725
0.1,-0.7699835286793437,-0.00012947323612790104
0.1,-0.7579835286793439,-5.960510493720166e-5
0.1,-0.7459835286793435,-2.318471748423004e-5
0.1,-0.733983528679343,-3.7381972872045975e-6
0.1,-0.7219835286793432,7.211527890673631e-6
0.1,-0.7099835286793434,1.4012100462125815e-5
0.1,-0.6979835286793431,1.889669172155203e-5
0.1,-0.6859835286793426,2.302356961858384e-5
0.1,-0.6739835286793429,2.700889213111667e-5
0.1,-0.6619835286793431,3.119867939178876e-5
0.1,-0.6499835286793426,3.580743597166608e-5
0.1,-0.6379835286793422,4.09890202519722e-5
0.1,-0.6259835286793425,4.6873216719678366e-5
0.1,-0.6139835286793427,5.358506823109821e-5
0.1,-0.6019835286793422,6.125560276278159e-5
0.1,-0.5899835286793418,7.002834171418538e-5
0.1,-0.577983528679342,8.006380887799812e-5
0.1,-0.5659835286793423,9.154317641430137e-5
0.1,-0.5539835286793419,0.0001046716037064849
0.1,-0.5419835286793414,0.00011968158149514036
0.1,-0.5299835286793416,0.00013683643162322708
0.1,-0.5179835286793419,0.0001564340146366553
0.1,-0.5059835286793415,0.00017881068977228451
0.1,-0.49398352867934103,0.00020434551610954986
0.1,-0.48198352867934124,0.00023346464325306067
0.1,-0.46998352867934146,0.00026664583329815
0.1,-0.457983528679341,0.0003044229918469803
0.1,-0.44598352867934055,0.0003473905366894268
0.1,-0.43398352867934087,0.0003962073781574402
0.1,-0.4219835286793411,0.0004516001608867305
0.1,-0.4099835286793406,0.0005143653460778322
0.1,-0.39798352867934017,0.0005853695166053717
0.1,-0.3859835286793405,0.0006655471280054779
0.1,-0.3739835286793407,0.0007558946681200315
0.1,-0.36198352867934025,0.0008574598915860186
0.1,-0.3499835286793398,0.0009713244086691926
0.1,-0.33798352867934,0.00109857745215766
0.1,-0.32598352867934033,0.0012402780855118745
0.1,-0.3139835286793399,0.0013974024579206901
0.1,-0.3019835286793394,0.0015707719954387732
0.1,-0.28998352867933963,0.0017609576191809067
0.1,-0.27798352867933995,0.001968154395309055
0.1,-0.2659835286793395,0.0021920205370429048
0.1,-0.25398352867933904,0.0024314748493075976
0.1,-0.24198352867933925,0.002684448155974583
0.1,-0.22998352867933947,0.002947588225636152
0.1,-0.217983528679339,0.0032159263681387253
0.1,-0.20598352867933856,0.003482531097729282
0.1,-0.19398352867933877,0.0037382067472050053
0.1,-0.1819835286793392,0.003971354275112976
0.1,-0.16998352867933875,0.004168216265852762
0.1,-0.1579835286793383,0.004313903606398619
0.1,-0.1459835286793385,0.004394862873051092
0.1,-0.13398352867933871,0.00440371549203769
0.1,-0.12198352867933826,0.00434724796358111
0.1,-0.1099835286793378,0.004256450527757183
0.1,-0.09798352867933802,0.0041921948107299725
0.1,-0.08598352867933823,0.004235140334340922
0.1,-0.07398352867933777,0.004458655803163981
0.1,-0.06198352867933732,0.004906951843948804
0.1,-0.04998352867933775,0.005597058090295498
0.1,-0.03798352867933796,0.006534504601164686
0.1,-0.02598352867933751,0.007725754351969709
0.1,-0.013983528679337054,0.0091828449658985
0.1,-0.0019835286793372653,0.010923003386979335
0.1,0.010016471320662523,0.01296615086707642
0.1,0.022016471320662978,0.015331801753580725
0.1,0.03401647132066343,0.018036022627954566
0.1,0.04601647132066322,0.021088842235810513
0.1,0.05801647132066301,0.024492441505108882
0.1,0.07001647132066346,0.028240387431184455
0.1,0.08201647132066392,0.03231802482219436
0.1,0.09401647132066349,0.036703930820436284
0.1,0.10601647132066327,0.04137215413236191
0.1,0.11801647132066373,0.04629488529597897
0.1,0.13001647132066418,0.0514452562163371
0.1,0.14201647132066397,0.05680009690435174
0.1,0.15401647132066376,0.062342607156375456
0.1,0.16601647132066422,0.06806497513248393
0.1,0.17801647132066467,0.07397097807822976
0.1,0.19001647132066446,0.08007854443143836
0.1,0.20201647132066403,0.08642216111419163
0.1,0.21401647132066448,0.09305489730054825
0.1,0.22601647132066494,0.10004971698272445
0.1,0.23801647132066472,0.10749971150094834
0.1,0.2500164713206645,0.1155169517343485
0.1,0.26201647132066497,0.12422987315261652
0.1,0.2740164713206654,0.1337794437301609
0.1,0.2860164713206652,0.1443147156042737
0.1,0.298016471320665,0.15598855789337937
0.1,0.31001647132066545,0.16895428787566605
0.1,0.3220164713206659,0.18336358927170798
0.1,0.3340164713206655,0.19936569949392338
0.1,0.34601647132066526,0.2171075471765032
0.1,0.3580164713206657,0.23673440945229315
0.1,0.3700164713206662,0.2583907028362684
0.1,0.38201647132066596,0.28222063966989547
0.1,0.39401647132066575,0.30836860406269956
0.1,0.4060164713206662,0.33697919281806055
0.1,0.41801647132066666,0.3681969220418056
0.1,0.43001647132066645,0.40216562650538346
0.1,0.442016471320666,0.43902758650794776
0.1,0.45401647132066647,0.4789224138934177
0.1,0.4660164713206669,0.5219857197939352
0.1,0.4780164713206667,0.5683475737487388
0.1,0.4900164713206665,0.6181307474845432
0.1,0.502016471320667,0.6714487161397398
0.1,0.5140164713206674,0.7284033636117095
0.1,0.5260164713206672,0.7890823048466207
0.1,0.538016471320667,0.8535556932329197
0.1,0.5500164713206674,0.921872321433318
0.1,0.5620164713206679,0.9940547425554865
0.1,0.5740164713206675,1.0700930258362182
0.1,0.5860164713206673,1.149936602295114
0.1,0.5980164713206677,1.2334834286716398
0.1,0.6100164713206682,1.3205653681631053
0.1,0.622016471320668,1.4109282021527692
0.1,0.6340164713206677,1.5042039708162949
0.1,0.6460164713206682,1.5998722807883785
0.1,0.6580164713206686,1.6972056673707894
0.1,0.6700164713206684,1.7951919016073692
0.1,0.682016471320668,1.8924232583939748
0.1,0.6940164713206685,1.9869397552553538
0.1,0.7060164713206689,2.0760126913196677
0.1,0.7180164713206687,2.1558644328248944
0.1,0.7300164713206685,2.2213621114076165
0.1,0.742016471320669,2.265845621771122
0.1,0.7540164713206694,2.281523098678848
0.1,0.7660164713206692,2.2612299087335352
0.1,0.778016471320669,2.2021146946615104
0.1,0.7900164713206694,2.10971920656301
0.1,0.7979835286793311,1.9784971194414127
0.1,0.7859835286793313,1.7772320054310402
0.1,0.7739835286793316,1.6371386109914665
0.1,0.7619835286793318,1.5255701610016112
0.1,0.7499835286793322,1.4307150705250569
0.1,0.7379835286793324,1.346851231947726
0.1,0.7259835286793326,1.2707201733313431
0.1,0.7139835286793329,1.2002900226178512
0.1,0.7019835286793331,1.1342264586256279
0.1,0.6899835286793334,1.0716298965149942
0.1,0.6779835286793336,1.0118901749746703
0.1,0.6659835286793339,0.9545983592618899
0.1,0.6539835286793342,0.8994887950696401
0.1,0.6419835286793344,0.8463984932164724
0.1,0.6299835286793347,0.7952372730463796
0.1,0.6179835286793349,0.7459651550341894
0.1,0.6059835286793351,0.6985750186385101
0.1,0.5939835286793355,0.6530793120694744
0.1,0.5819835286793357,0.6094999939383944
0.1,0.569983528679336,0.5678610936032235
0.1,0.5579835286793362,0.5281833950292846
0.1,0.5459835286793364,0.4904808267874393
0.1,0.5339835286793366,0.4547582011632496
0.1,0.521983528679337,0.42100999766901626
0.1,0.5099835286793373,0.389219933623383
0.1,0.4979835286793375,0.3593611073421064
0.1,0.4859835286793377,0.3313965375646038
0.1,0.47398352867933796,0.3052799557592001
0.1,0.46198352867933823,0.28095673598521004
0.1,0.4499835286793385,0.25836487050817253
0.1,0.43798352867933876,0.2374359192473675
0.1,0.425983528679339,0.21809587867951374
0.1,0.41398352867933924,0.2002659328086844
0.1,0.4019835286793395,0.18386306753388745
0.1,0.3899835286793405,0.16880055282258977
0.1,0.37798352867934004,0.1549883268631257
0.1,0.3659835286793396,0.1423333534015578
0.1,0.3539835286793405,0.13074006424503706
0.1,0.3419835286793415,0.12011103326427242
0.1,0.32998352867934105,0.1103480387519979
0.1,0.3179835286793406,0.1013536377075311
0.1,0.30598352867934153,0.09303328713004133
0.1,0.2939835286793425,0.085297914121769
0.1,0.28198352867934207,0.07806669491214845
0.1,0.2699835286793416,0.07126970177533157
0.1,0.2579835286793426,0.06485005231663858
0.1,0.2459835286793436,0.058765251961348436
0.1,0.23398352867934313,0.052987531708913904
0.1,0.22198352867934268,0.047503112004403186
0.1,0.20998352867934356,0.04231044173931247
0.1,0.19798352867934454,0.037417559318350606
0.1,0.1859835286793441,0.03283880525813567
0.1,0.17398352867934364,0.028591189469287067
0.1,0.16198352867934462,0.02469077681074016
0.1,0.1499835286793456,0.021149482245859413
0.1,0.13798352867934516,0.017972636062209894
0.1,0.1259835286793447,0.015157575306334565
0.1,0.11398352867934558,0.012693351483093258
0.1,0.10198352867934657,0.01056145653111873
0.1,0.08998352867934611,0.0087373117321203
0.1,0.07798352867934566,0.007192179127578223
0.1,0.06598352867934665,0.0058951553151679915
0.1,0.05398352867934764,0.004814976360607949
0.1,0.04198352867934718,0.003921465880300185
0.1,0.03148764650950964,0.0032709799565362493
0.1,0.020991764339673535,0.0027246379130651645
0.1,0.010495882169837545,0.002267181377082795
0.1,0.0,0.0018850944346948354
0.5,-0.0012000000000000899,2.9794758578061793e-16
0.5,-0.0025199999999998557,-3.349819158403249e-15
0.5,-0.0039719999999998645,2.7645115063811757e-15
0.5,-0.00556919999999983,1.9891064141732176e-14
0.5,-0.0073261199999998805,2.6113401786804506e-15
0.5,-0.009258731999999936,7.374902966694506e-15
0.5,-0.011384605199999731,-7.663632526816809e-15
0.5,-0.013723065720000038,1.0273446544933149e-14
0.5,-0.016295372292000065,4.2126946412169175e-15
0.5,-0.01912490952120005,2.3697492263543247e-15
0.5,-0.022237400473320124,2.467894320416784e-14
0.5,-0.02566114052065216,-6.351445754692143e-15
0.5,-0.029427254572717443,1.0405324684934245e-14
0.5,-0.0335699800299889,-9.317991461228315e-15
0.5,-0.03812697803298781,3.946974483687899e-15
0.5,-0.04313967583628675,-1.4911263987700964e-14
0.5,-0.04865364341991518,1.849781168461853e-14
0.5,-0.05471900776190686,2.831681196481479e-15
0.5,-0.061390908538097255,-2.997273646588387e-15
0.5,-0.06872999939190705,-1.205924444076015e-14
0.5,-0.07680299933109791,2.027058567000088e-14
0.5,-0.08568329926420781,-6.345029729279884e-16
0.5,-0.09545162919062888,-7.543530192609473e-15
0.5,-0.10619679210969157,-1.4930184230522e-14
0.5,-0.1180164713206604,-1.3820892126979239e-14
0.5,-0.13001647132066085,1.3391274738600224e-15
0.5,-0.14201647132066042,-1.3590327853292819e-14
0.5,-0.15401647132066087,-8.099234258898408e-15
0.5,-0.16601647132066044,-2.3985620782218933e-14
0.5,-0.1780164713206609,-1.2625621672184886e-14
0.5,-0.19001647132066046,-2.6066972531801333e-14
0.5,-0.20201647132066092,-9.074719719304719e-15
0.5,-0.21401647132066048,-6.011527908112354e-16
0.5,-0.22601647132066094,2.0557915105975274e-15
0.5,-0.2380164713206605,7.450210703160775e-15
0.5,-0.25001647132066096,1.8419195273080905e-15
0.5,-0.2620164713206605,-1.3954204061551421e-14
0.5,-0.274016471320661,-2.080918667871335e-14
0.5,-0.28601647132066055,-3.2016793391814213e-14
0.5,-0.298016471320661,-4.2827194991248427e-14
0.5,-0.31001647132066057,-8.279853772325521e-14
0.5,-0.322016471320661,-2.0162720726381687e-13
0.5,-0.3340164713206606,-4.3232715176098675e-13
0.5,-0.34601647132066105,-8.98762318348758e-13
0.5,-0.3580164713206606,-1.9035348646751082e-12
0.5,-0.37001647132066107,-3.94191928181902e-12
0.5,-0.38201647132066063,-8.24264438536569e-12
0.5,-0.3940164713206611,-1.7209504381457906e-11
0.5,-0.40601647132066065,-3.5999671814970634e-11
0.5,-0.4180164713206611,-7.532487857327671e-11
0.5,-0.4300164713206607,-1.5765742946368295e-10
0.5,-0.44201647132066113,-3.300615883400605e-10
0.5,-0.4540164713206607,-6.912778080081743e-10
0.5,-0.46601647132066115,-1.4482971470961036e-9
0.5,-0.4780164713206607,-3.03526646470666e-9
0.5,-0.4900164713206612,-6.362875252485503e-9
0.5,-0.5020164713206607,-1.3341843215606052e-8
0.5,-0.5140164713206612,-2.7980785005468473e-8
0.5,-0.5260164713206608,-5.8689007774101044e-8
0.5,-0.5380164713206612,-1.2310209770639162e-7
0.5,-0.5500164713206608,-2.581813960164784e-7
0.5,-0.5620164713206612,-5.413092049955251e-7
0.5,-0.5740164713206608,-1.1342024614039136e-6
0.5,-0.5860164713206613,-2.3738524351473937e-6
0.5,-0.5980164713206608,-4.959294975716623e-6
0.5,-0.6100164713206613,-1.0330256874932435e-5
0.5,-0.6220164713206608,-2.1419369013030764e-5
0.5,-0.6340164713206613,-4.409974204092064e-5
0.5,-0.6460164713206609,-8.983519364950318e-5
0.5,-0.6580164713206613,-0.000180165357797755
0.5,-0.6700164713206609,-0.0003533991468414991
0.5,-0.6820164713206613,-0.0006727168754048061
0.5,-0.6940164713206609,-0.0012327560361228543
0.5,-0.7060164713206614,-0.002160722489134338
0.5,-0.7180164713206609,-0.003611899762061277
0.5,-0.7300164713206614,-0.0057673216598069085
0.5,-0.742016471320661,-0.008844167637741384
0.5,-0.7540164713206614,-0.013122241225747481
0.5,-0.766016471320661,-0.018981945273101552
0.5,-0.7780164713206614,-0.026949217759894447
0.5,-0.790016471320661,-0.03774778943184349
0.5,-0.8020164713206615,-0.05236266640522783
0.5,-0.814016471320661,-0.07211922911745604
0.5,-0.8260164713206615,-0.0987805295292662
0.5,-0.838016471320661,-0.13466138806579214
0.5,-0.8500164713206615,-0.18275093394685712
0.5,-0.8620164713206611,-0.24682467418553228
0.5,-0.8740164713206615,-0.3315137176931506
0.5,-0.8860164713206611,-0.4422856006813578
0.5,-0.8980164713206615,-0.5852855492208815
0.5,-0.9100164713206611,-0.7670004217275234
0.5,-0.9220164713206616,-0.9937495646303062
0.5,-0.9340164713206611,-1.2710724827228848
0.5,-0.9460164713206616,-1.6031443156987895
0.5,-0.9580164713206611,-1.9923662555950554
0.5,-0.9700164713206616,-2.439228769924241
0.5,-0.9820164713206612,-2.942453682299764
0.5,-0.9940164713206616,-3.4993378846294805
0.5,-1.0060164713206612,-4.106185285996143
0.5,-1.0180164713206616,-4.758726790950181
0.5,-1.0300164713206612,-5.452467061646524
0.5,-1.0420164713206617,-6.182936257833073
0.5,-1.0540164713206612,-6.945851680831478
0.5,-1.0660164713206617,-7.737206841876155
0.5,-1.0780164713206613,-8.553308115746145
0.5,-1.0900164713206617,-9.390776658050646
0.5,-1.1020164713206613,-10.246529061596526
0.5,-1.1140164713206617,-11.117746103982157
0.5,-1.1260164713206613,-12.001835590911526
0.5,-1.1380164713206617,-12.896392837216471
0.5,-1.1500164713206613,-13.799160616528694
0.5,-1.1620164713206618,-14.707989253683417
0.5,-1.1740164713206613,-15.620796746635358
0.5,-1.1860164713206618,-16.535528236352757
0.5,-1.1980164713206614,-17.450113675526218
0.5,-1.189983528679338,-16.650847462919735
0.5,-1.1779835286793385,-15.540739438613963
0.5,-1.165983528679338,-14.462144400756479
0.5,-1.1539835286793385,-13.41311833891169
0.5,-1.141983528679338,-12.392868280583683
0.5,-1.1299835286793385,-11.40135873156482
0.5,-1.117983528679338,-10.439047935851207
0.5,-1.1059835286793385,-9.506787680916144
0.5,-1.093983528679338,-8.605787784567026
0.5,-1.0819835286793384,-7.737608611894206
0.5,-1.069983528679338,-6.904163822658217
0.5,-1.0579835286793384,-6.107721482628683
0.5,-1.045983528679338,-5.350892699118141
0.5,-1.0339835286793384,-4.636595796963511
0.5,-1.021983528679338,-3.9679822784286607
0.5,-1.0099835286793384,-3.34831013388205
0.5,-0.9979835286793379,-2.7807529704906404
0.5,-0.9859835286793384,-2.2681429526529624
0.5,-0.9739835286793379,-1.8126637402243788
0.5,-0.9619835286793383,-1.4155340750853525
0.5,-0.9499835286793379,-1.07674274122757
0.5,-0.9379835286793383,-0.794893244096636
0.5,-0.9259835286793379,-0.5671786745788187
0.5,-0.9139835286793383,-0.3894487504031181
0.5,-0.9019835286793378,-0.25630690446851084
0.5,-0.8899835286793383,-0.16124296723066983
0.5,-0.8779835286793378,-0.09693005705582178
0.5,-0.8659835286793383,-0.05582041323897317
0.5,-0.8539835286793378,-0.030951951424836446
0.5,-0.8419835286793382,-0.016633129460917214
0.5,-0.8299835286793378,-0.00872072758041311
0.5,-0.8179835286793382,-0.0044872512499881615
0.5,-0.8059835286793378,-0.002276346250591339
0.5,-0.7939835286793382,-0.0011418260754038352
0.5,-0.7819835286793377,-0.0005667815378495035
0.5,-0.7699835286793382,-0.0002776575799164728
0.5,-0.7579835286793377,-0.00013288072884493814
0.5,-0.7459835286793381,-6.031115740561538e-5
0.5,-0.7339835286793377,-2.3579782397644782e-5
0.5,-0.7219835286793381,-4.480206132117176e-6
0.5,-0.7099835286793377,6.06575213380233e-6
0.5,-0.6979835286793381,1.2583078259493744e-5
0.5,-0.6859835286793377,1.7339704164430573e-5
0.5,-0.6739835286793381,2.1492053312230895e-5
0.5,-0.6619835286793376,2.5654563833221603e-5
0.5,-0.6499835286793381,3.0182624003276286e-5
0.5,-0.6379835286793376,3.531362205275945e-5
0.5,-0.625983528679338,4.123814177546653e-5
0.5,-0.6139835286793376,4.8137029179915906e-5
0.5,-0.601983528679338,5.6202017680718924e-5
0.5,-0.5899835286793376,6.564873336504171e-5
0.5,-0.577983528679338,7.672649830754654e-5
0.5,-0.5659835286793375,8.972720119928868e-5
0.5,-0.553983528679338,0.0001049944853604347
0.5,-0.5419835286793375,0.00012293400933693864
0.5,-0.529983528679338,0.00014402534128469364
0.5,-0.5179835286793375,0.00016883595647070002
0.5,-0.5059835286793379,0.00019803785745662082
0.5,-0.4939835286793375,0.00023242734880825791
0.5,-0.4819835286793379,0.0002729486366676651
0.5,-0.46998352867933746,0.00032072199910438434
0.5,-0.4579835286793379,0.0003770774662242018
0.5,-0.44598352867933744,0.00044359509201962475
0.5,-0.43398352867933787,0.0005221531731005857
0.5,-0.4219835286793374,0.0006149859961138329
0.5,-0.40998352867933785,0.0007247530565189932
0.5,-0.3979835286793374,0.0008546220733452811
0.5,-0.38598352867933783,0.0010083686164066798
0.5,-0.3739835286793374,0.0011904957322997336
0.5,-0.3619835286793378,0.0014063776537567559
0.5,-0.34998352867933735,0.001662432522327663
0.5,-0.3379835286793378,0.0019663300536647533
0.5,-0.32598352867933733,0.002327241260295263
0.5,-0.31398352867933776,0.0027561387886433915
0.5,-0.3019835286793373,0.003266158085394371
0.5,-0.28998352867933774,0.003873031569510136
0.5,-0.2779835286793373,0.004595610262619286
0.5,-0.2659835286793377,0.005456489864373969
0.5,-0.25398352867933727,0.006482761133158439
0.5,-0.2419835286793377,0.007706907458383573
0.5,-0.22998352867933725,0.009167875584735235
0.5,-0.21798352867933768,0.010912348252340498
0.5,-0.20598352867933722,0.012996249553948416
0.5,-0.19398352867933766,0.0154865142323772
0.5,-0.1819835286793372,0.01846314972345807
0.5,-0.16998352867933764,0.02202161252492872
0.5,-0.15798352867933718,0.02627550566209811
0.5,-0.14598352867933762,0.031359577590622446
0.5,-0.13398352867933716,0.03743295935460444
0.5,-0.1219835286793376,0.04468250894402769
0.5,-0.10998352867933714,0.053326030715768004
0.5,-0.09798352867933757,0.06361499339255339
0.5,-0.08598352867933712,0.07583617330367094
0.5,-0.07398352867933755,0.09031139497547648
0.5,-0.0619835286793371,0.10739423439510332
0.5,-0.04998352867933753,0.12746221664193802
0.5,-0.037983528679337075,0.15090273697440099
0.5,-0.02598352867933751,0.17809076538504046
0.5,-0.013983528679337054,0.20935651145469297
0.5,-0.0019835286793374873,0.2449418182044768
0.5,0.010016471320662967,0.28494530171519294
0.5,0.022016471320662534,0.3292582494987803
0.5,0.03401647132066299,0.37749593589805847
0.5,0.046016471320662555,0.42893194601785584
0.5,0.05801647132066301,0.4824457300456387
0.5,0.07001647132066258,0.5364953023103388
0.5,0.08201647132066303,0.589127366149234
0.5,0.0940164713206626,0.6380362589476268
0.5,0.10601647132066305,0.680681373828952
0.5,0.11801647132066262,0.714470187125078
0.5,0.13001647132066307,0.7370092902729206
0.5,0.14201647132066264,0.7464150092267573
0.5,0.1540164713206631,0.7416526533419807
0.5,0.16601647132066266,0.7228368388871439
0.5,0.17801647132066312,0.6913864411164452
0.5,0.19001647132066268,0.6499212014873614
0.5,0.20201647132066314,0.6018549628506009
0.5,0.2140164713206627,0.5507800049796904
0.5,0.22601647132066316,0.49986056092121367
0.5,0.23801647132066273,0.4514505898462997
0.5,0.2500164713206632,0.4070150283671923
0.5,0.26201647132066275,0.3672814466461337
0.5,0.2740164713206632,0.33248780199734423
0.5,0.28601647132066277,0.30262330439371576
0.5,0.2980164713206632,0.27761917029870403
0.5,0.3100164713206628,0.2574826247494817
0.5,0.32201647132066324,0.24236566004744609
0.5,0.3340164713206628,0.2325357305048754
0.5,0.34601647132066327,0.22822729918661164
0.5,0.35801647132066283,0.2294558794608574
0.5,0.3700164713206633,0.2359547316223862
0.5,0.38201647132066285,0.24727834553237918
0.5,0.3940164713206633,0.2629582858354334
0.5,0.4060164713206629,0.2826060230221514
0.5,0.41801647132066333,0.3059473561706957
0.5,0.4300164713206629,0.3328168028609262
0.5,0.44201647132066335,0.36313786431506884
0.5,0.4540164713206629,0.39690209807771365
0.5,0.4660164713206634,0.4341513085788147
0.5,0.47801647132066294,0.4749634232184648
0.5,0.4900164713206634,0.5194414483105397
0.5,0.502016471320663,0.5677047257617829
0.5,0.5140164713206634,0.619881832540658
0.5,0.526016471320663,0.6761046266372351
0.5,0.5380164713206634,0.7365030727263612
0.5,0.550016471320663,0.801200567120063
0.5,0.5620164713206635,0.8703095312174134
0.5,0.574016471320663,0.9439270646364959
0.5,0.5860164713206635,1.022130448962052
0.5,0.598016471320663,1.1049722689459387
0.5,0.6100164713206635,1.1924748636542915
0.5,0.6220164713206631,1.2846237289995537
0.5,0.6340164713206635,1.3813593588467248
0.5,0.6460164713206631,1.482566822642675
0.5,0.6580164713206635,1.5880621105330364
0.5,0.6700164713206631,1.6975738944339758
0.5,0.6820164713206636,1.810718798567323
0.5,0.6940164713206631,1.926967463926608
0.5,0.7060164713206636,2.045597517362667
0.5,0.7180164713206632,2.1656278851647106
0.5,0.7300164713206636,2.2857266203698012
0.5,0.7420164713206632,2.404081653827882
0.5,0.7540164713206636,2.518221515895485
0.5,0.7660164713206632,2.624774305394005
0.5,0.7780164713206636,2.719159502418173
0.5,0.7900164713206632,2.7952983123179878
0.5,0.7979835286793364,2.79046085558174
0.5,0.7859835286793369,2.512860681421012
0.5,0.7739835286793364,2.28404310488099
0.5,0.7619835286793368,2.0900985051909
0.5,0.7499835286793364,1.921826213708609
0.5,0.7379835286793368,1.7731028176845862
0.5,0.7259835286793364,1.6396826637819981
0.5,0.7139835286793368,1.5185645921477278
0.5,0.7019835286793363,1.407592949179941
0.5,0.6899835286793368,1.305197291165231
0.5,0.6779835286793363,1.210217661384197
0.5,0.6659835286793367,1.1217848649783095
0.5,0.6539835286793363,1.0392370367458312
0.5,0.6419835286793367,0.9620606910126078
0.5,0.6299835286793363,0.8898486188990337
0.5,0.6179835286793367,0.822269590786278
0.5,0.6059835286793362,0.7590464635963131
0.5,0.5939835286793367,0.6999403527327626
0.5,0.5819835286793362,0.6447392269069571
0.5,0.5699835286793367,0.5932497533539116
0.5,0.5579835286793362,0.5452915424563044
0.5,0.5459835286793366,0.5006931651688101
0.5,0.5339835286793362,0.45928947591375713
0.5,0.5219835286793366,0.4209198884748442
0.5,0.5099835286793362,0.3854273364191943
0.5,0.4979835286793366,0.35265771181346794
0.5,0.48598352867933614,0.3224596226726426
0.5,0.4739835286793366,0.294684345035347
0.5,0.4619835286793361,0.2691858729958884
0.5,0.44998352867933655,0.24582099198459215
0.5,0.4379835286793361,0.22444931938435186
0.5,0.42598352867933653,0.20493327460774446
0.5,0.4139835286793361,0.18713796073450495
0.5,0.4019835286793365,0.1709309646531296
0.5,0.38998352867933606,0.15618211485269012
0.5,0.3779835286793365,0.14276327603124198
0.5,0.36598352867933603,0.13054830331152972
0.5,0.35398352867933647,0.11941331439141303
0.5,0.341983528679336,0.10923744577028174
0.5,0.32998352867933645,0.09990421722615433
0.5,0.317983528679336,0.09130352532430636
0.5,0.3059835286793364,0.08333413519830452
0.5,0.29398352867933597,0.0759063819045536
0.5,0.2819835286793364,0.06894468240144327
0.5,0.26998352867933595,0.06238943504792588
0.5,0.2579835286793364,0.05619794951622299
0.5,0.24598352867933593,0.05034418028626852
0.5,0.23398352867933636,0.04481719619124958
0.5,0.2219835286793359,0.039618480487832605
0.5,0.20998352867933634,0.03475830731051988
0.5,0.19798352867933589,0.030251571884458518
0.5,0.18598352867933632,0.02611354677067509
0.5,0.17398352867933586,0.022356068134936704
0.5,0.1619835286793363,0.018984599971764136
0.5,0.14998352867933584,0.015996476796952562
0.5,0.13798352867933628,0.013380415484861491
0.5,0.12598352867933582,0.011117169305976948
0.5,0.11398352867933625,0.009181029645198398
0.5,0.1019835286793358,0.007541800193626317
0.5,0.08998352867933623,0.006166878713099556
0.5,0.07798352867933578,0.005023159024108122
0.5,0.06598352867933621,0.004078574331937187
0.5,0.05398352867933576,0.0033032090461559676
0.5,0.04198352867933619,0.00266998869008682
0.5,0.03148764650950242,0.0022139199832405076
0.5,0.023615734882126427,0.0019227891695056945
0.5,0.01574382325475132,0.0016692954037058356
0.5,0.007871911627375328,0.0014488349511733467
0.5,2.220446049250313e-16,0.0012572778431819312
1.0,-0.0012000000000000899,-3.0101115587618083e-16
1.0,-0.0025199999999998557,1.2476473637211097e-14
1.0,-0.0039719999999998645,-1.0597537644182564e-14
1.0,-0.00556919999999983,5.297265365759908e-15
1.0,-0.0073261199999998805,1.3130112060063456e-14
1.0,-0.009258731999999936,4.4744983153110076e-15
1.0,-0.011384605199999731,1.9865819432566952e-14
1.0,-0.013723065720000038,-1.0024928121453101e-14
1.0,-0.016295372292000065,-2.550205385728963e-14
1.0,-0.01912490952120005,1.8447026667490343e-14
1.0,-0.022237400473320124,8.221853860152889e-15
1.0,-0.02566114052065216,-2.8085826823869257e-15
1.0,-0.029427254572717443,-2.09036779824796e-15
1.0,-0.0335699800299889,3.683857466047153e-15
1.0,-0.03812697803298781,-1.2224365958213694e-14
1.0,-0.04313967583628675,-4.04252497911275e-15
1.0,-0.04865364341991518,-7.115877982872009e-16
1.0,-0.05471900776190686,1.3761586688226662e-15
1.0,-0.061390908538097255,5.9698859442297306e-15
1.0,-0.06872999939190705,-4.2369207977340255e-15
1.0,-0.07680299933109791,-7.959712106181932e-15
1.0,-0.08568329926420781,-5.106147344482695e-15
1.0,-0.09545162919062888,4.446980513906492e-15
1.0,-0.10619679210969157,1.745983561082424e-14
1.0,-0.1180164713206604,-1.309973080327175e-15
1.0,-0.13001647132066085,-3.600594565581869e-15
1.0,-0.14201647132066042,1.3573830046909678e-14
1.0,-0.15401647132066087,-4.739390374939391e-16
1.0,-0.16601647132066044,1.1955035566823564e-14
1.0,-0.1780164713206609,-5.866821622822983e-15
1.0,-0.19001647132066046,7.033775344520726e-17
1.0,-0.20201647132066092,-1.40743304515238e-15
1.0,-0.21401647132066048,1.4077757322711287e-15
1.0,-0.22601647132066094,3.1429330227697595e-15
1.0,-0.2380164713206605,2.3072560000688278e-14
1.0,-0.25001647132066096,-6.1701676604918925e-16
1.0,-0.2620164713206605,-2.3748712077798265e-14
1.0,-0.274016471320661,-9.68825041661278e-15
1.0,-0.28601647132066055,-2.4758042636645027e-14
1.0,-0.298016471320661,-4.433152233344018e-14
1.0,-0.31001647132066057,-1.039867082953603e-13
1.0,-0.322016471320661,-2.1231087904618394e-13
1.0,-0.3340164713206606,-4.4038285405266197e-13
1.0,-0.34601647132066105,-8.784190888796994e-13
1.0,-0.3580164713206606,-1.8869703896659674e-12
1.0,-0.37001647132066107,-3.9057488492731014e-12
1.0,-0.38201647132066063,-8.20397447979178e-12
1.0,-0.3940164713206611,-1.713654657799766e-11
1.0,-0.40601647132066065,-3.5860394603537445e-11
1.0,-0.4180164713206611,-7.495928118517735e-11
1.0,-0.4300164713206607,-1.5689123134782987e-10
1.0,-0.44201647132066113,-3.2845239028449113e-10
1.0,-0.4540164713206607,-6.878877512361753e-10
1.0,-0.46601647132066115,-1.4411649039961707e-9
1.0,-0.4780164713206607,-3.0202954357748503e-9
1.0,-0.4900164713206612,-6.33153521309394e-9
1.0,-0.5020164713206607,-1.3276068561223892e-8
1.0,-0.5140164713206612,-2.7842840016588824e-8
1.0,-0.5260164713206608,-5.8399763765456826e-8
1.0,-0.5380164713206612,-1.2249555584767456e-7
1.0,-0.5500164713206608,-2.5691016007118697e-7
1.0,-0.5620164713206612,-5.386468271546154e-7
1.0,-0.5740164713206608,-1.1286339522752525e-6
1.0,-0.5860164713206613,-2.3622308108966265e-6
1.0,-0.5980164713206608,-4.935126814723586e-6
1.0,-0.6100164713206613,-1.0280288302026903e-5
1.0,-0.6220164713206608,-2.131702939088573e-5
1.0,-0.6340164713206613,-4.3893337839544807e-5
1.0,-0.6460164713206609,-8.942912765568457e-5
1.0,-0.6580164713206613,-0.00017939767608543214
1.0,-0.6700164713206609,-0.0003520359632162003
1.0,-0.6820164713206613,-0.0006705187060014892
1.0,-0.6940164713206609,-0.0012296950926772522
1.0,-0.7060164713206614,-0.002157355351835383
1.0,-0.7180164713206609,-0.0036096951856100616
1.0,-0.7300164713206614,-0.005768664071045773
1.0,-0.742016471320661,-0.008852079213149648
1.0,-0.7540164713206614,-0.013140261818349942
1.0,-0.766016471320661,-0.019014587385587513
1.0,-0.7780164713206614,-0.027003143435011475
1.0,-0.790016471320661,-0.03783374110862503
1.0,-0.8020164713206615,-0.05249823500486264
1.0,-0.814016471320661,-0.07233254341674158
1.0,-0.8260164713206615,-0.09911479998033752
1.0,-0.838016471320661,-0.13518007637958382
1.0,-0.8500164713206615,-0.18354344802652836
1.0,-0.8620164713206611,-0.24801303899681498
1.0,-0.8740164713206615,-0.3332613325825306
1.0,-0.8860164713206611,-0.44480942477052476
1.0,-0.8980164713206615,-0.5888725365246313
1.0,-0.9100164713206611,-0.772027764065701
1.0,-0.9220164713206616,-1.0007065940707391
1.0,-0.9340164713206611,-1.2805806197179945
1.0,-0.9460164713206616,-1.615971170891002
1.0,-0.9580164713206611,-2.009431451611886
1.0,-0.9700164713206616,-2.461601706112461
1.0,-0.9820164713206612,-2.971345913686861
1.0,-0.9940164713206616,-3.5360938555469286
1.0,-1.0060164713206612,-4.152274732036572
1.0,-1.0180164713206616,-4.815740915241957
1.0,-1.0300164713206612,-5.522119394589763
1.0,-1.0420164713206617,-6.267068326858849
1.0,-1.0540164713206612,-7.04644327657782
1.0,-1.0660164713206617,-7.8563906314213
1.0,-1.0780164713206613,-8.693388477754116
1.0,-1.0900164713206617,-9.554252805944484
1.0,-1.1020164713206613,-10.43612273619114
1.0,-1.1140164713206617,-11.336434345402514
1.0,-1.1260164713206613,-12.252889347142531
1.0,-1.1380164713206617,-13.183422448246134
1.0,-1.1500164713206613,-14.126169549591589
1.0,-1.1620164713206618,-15.079437883838004
1.0,-1.1740164713206613,-16.04167851365706
1.0,-1.1860164713206618,-17.011461212774243
1.0,-1.1980164713206614,-17.987451520386767
1.0,-1.189983528679338,-17.231436684963853
1.0,-1.1779835286793385,-16.14979828857299
1.0,-1.165983528679338,-15.090794206644027
1.0,-1.1539835286793385,-14.054162001802741
1.0,-1.141983528679338,-13.039866883092936
1.0,-1.1299835286793385,-12.048429443780385
1.0,-1.117983528679338,-11.080768857573013
1.0,-1.1059835286793385,-10.13814431577157
1.0,-1.093983528679338,-9.222137431159918
1.0,-1.0819835286793384,-8.334653289410067
1.0,-1.069983528679338,-7.477928797027598
1.0,-1.0579835286793384,-6.654540061447903
1.0,-1.045983528679338,-5.8674004249860925
1.0,-1.0339835286793384,-5.119739030204055
1.0,-1.021983528679338,-4.415047327455679
1.0,-1.0099835286793384,-3.7569789199090415
1.0,-0.9979835286793379,-3.149188562303057
1.0,-0.9859835286793384,-2.5951019351765834
1.0,-0.9739835286793379,-2.097622081743563
1.0,-0.9619835286793383,-1.65880165110352
1.0,-0.9499835286793379,-1.2795359043182661
1.0,-0.9379835286793383,-0.9593434936242025
1.0,-0.9259835286793379,-0.6962800879725879
1.0,-0.9139835286793383,-0.48697055970844716
1.0,-0.9019835286793378,-0.3266879467145812
1.0,-0.8899835286793383,-0.2094286061129687
1.0,-0.8779835286793378,-0.12806665376909773
1.0,-0.8659835286793383,-0.07478893487991482
1.0,-0.8539835286793378,-0.04188686403706456
1.0,-0.8419835286793382,-0.022643586664827013
1.0,-0.8299835286793378,-0.011900467070673213
1.0,-0.8179835286793382,-0.006121451399757397
1.0,-0.8059835286793378,-0.0030989433641305073
1.0,-0.7939835286793382,-0.0015501825932529658
1.0,-0.7819835286793377,-0.0007679985278797123
1.0,-0.7699835286793382,-0.00037684429350802413
1.0,-0.7579835286793377,-0.00018241974073943937
1.0,-0.7459835286793381,-8.599292286252782e-5
1.0,-0.7339835286793377,-3.80094163705441e-5
1.0,-0.7219835286793381,-1.380304443321594e-5
1.0,-0.7099835286793377,-1.1596183815115179e-6
1.0,-0.6979835286793381,5.955563322782238e-6
1.0,-0.6859835286793377,1.052944242622255e-5
1.0,-0.6739835286793381,1.4054209401837671e-5
1.0,-0.6619835286793376,1.7294138660342744e-5
1.0,-0.6499835286793381,2.066348537824729e-5
1.0,-0.6379835286793376,2.4412962145574095e-5
1.0,-0.625983528679338,2.8722411252992517e-5
1.0,-0.6139835286793376,3.374779370656087e-5
1.0,-0.601983528679338,3.96461600148348e-5
1.0,-0.5899835286793376,4.659026358331817e-5
1.0,-0.577983528679338,5.477858258746984e-5
1.0,-0.5659835286793375,6.444369061782475e-5
1.0,-0.553983528679338,7.586049152091226e-5
1.0,-0.5419835286793375,8.935522161778498e-5
1.0,-0.529983528679338,0.00010531582142144875
1.0,-0.5179835286793375,0.00012420415871674623
1.0,-0.5059835286793379,0.00014657061259248168
1.0,-0.4939835286793375,0.00017307152786866448
1.0,-0.4819835286793379,0.00020449017931149977
1.0,-0.46998352867933746,0.0002417619798343153
1.0,-0.4579835286793379,0.00028600482130896704
1.0,-0.44598352867933744,0.00033855563814758863
1.0,-0.43398352867933787,0.00040101448791434184
1.0,-0.4219835286793374,0.00047529776233406297
1.0,-0.40998352867933785,0.0005637024585904711
1.0,-0.3979835286793374,0.0006689838756348957
1.0,-0.38598352867933783,0.000794449621365922
1.0,-0.3739835286793374,0.0009440734428247883
1.0,-0.3619835286793378,0.0011226331613108016
1.0,-0.34998352867933735,0.0013358779496365383
1.0,-0.3379835286793378,0.0015907313367490017
1.0,-0.32598352867933733,0.0018955377068157237
1.0,-0.31398352867933776,0.002260361809286758
1.0,-0.3019835286793373,0.0026973528283170184
1.0,-0.28998352867933774,0.0032211870853496895
1.0,-0.2779835286793373,0.0038496064379277303
1.0,-0.2659835286793377,0.004604073053649071
1.0,-0.25398352867933727,0.005510565479548923
1.0,-0.2419835286793377,0.006600545878902753
1.0,-0.22998352867933725,0.007912134067597009
1.0,-0.21798352867933768,0.009491530324561931
1.0,-0.20598352867933722,0.01139473593882092
1.0,-0.19398352867933766,0.013689627465733295
1.0,-0.1819835286793372,0.016458447191857503
1.0,-0.16998352867933764,0.019800776986755718
1.0,-0.15798352867933718,0.023837063583303272
1.0,-0.14598352867933762,0.028712757262073747
1.0,-0.13398352867933716,0.034603108108303464
1.0,-0.1219835286793376,0.04171862763773093
1.0,-0.10998352867933714,0.050311158946384216
1.0,-0.09798352867933757,0.06068039301380134
1.0,-0.08598352867933712,0.07318050658579815
1.0,-0.07398352867933755,0.08822636117190402
1.0,-0.0619835286793371,0.10629837812506791
1.0,-0.04998352867933753,0.12794478657376693
1.0,-0.037983528679337075,0.15377944659715925
1.0,-0.02598352867933751,0.18447293772886553
1.0,-0.013983528679337054,0.22073419210211176
1.0,-0.0019835286793374873,0.26327983734709876
1.0,0.010016471320662967,0.3127888573743391
1.0,0.022016471320662534,0.36984144948555503
1.0,0.03401647132066299,0.4348432144391077
1.0,0.046016471320662555,0.507938947759632
1.0,0.05801647132066301,0.5889237764529196
1.0,0.07001647132066258,0.6771622684329571
1.0,0.08201647132066303,0.77152734675991
1.0,0.0940164713206626,0.8703696158672749
1.0,0.10601647132066305,0.9715241207870653
1.0,0.11801647132066262,1.0723566683004517
1.0,0.13001647132066307,1.1698473537271765
1.0,0.14201647132066264,1.2607065415763934
1.0,0.1540164713206631,1.3415192169283539
1.0,0.16601647132066266,1.408917228120396
1.0,0.17801647132066312,1.459784063107701
1.0,0.19001647132066268,1.491500396354044
1.0,0.20201647132066314,1.502235341576585
1.0,0.2140164713206627,1.4912702951657204
1.0,0.22601647132066316,1.4593026185680669
1.0,0.23801647132066273,1.4086210381253967
1.0,0.2500164713206632,1.3430092515363437
1.0,0.26201647132066275,1.2672816044260824
1.0,0.2740164713206632,1.18651538846389
1.0,0.28601647132066277,1.1052334999553268
1.0,0.2980164713206632,1.0268413453858034
1.0,0.3100164713206628,0.95346865268808
1.0,0.32201647132066324,0.8861458205585138
1.0,0.3340164713206628,0.8251312052761888
1.0,0.34601647132066327,0.7702331249330154
1.0,0.35801647132066283,0.721054956926186
1.0,0.3700164713206633,0.6771578744669616
1.0,0.38201647132066285,0.6381643392708761
1.0,0.3940164713206633,0.603829009661994
1.0,0.4060164713206629,0.5740964482333049
1.0,0.41801647132066333,0.5491516779913311
1.0,0.4300164713206629,0.5294481843981366
1.0,0.44201647132066335,0.5156745193261963
1.0,0.4540164713206629,0.5086243864876273
1.0,0.4660164713206634,0.5089897615094671
1.0,0.47801647132066294,0.5171704261327879
1.0,0.4900164713206634,0.5332059155181463
1.0,0.502016471320663,0.5568488792610257
1.0,0.5140164713206634,0.5877042434008037
1.0,0.526016471320663,0.6253510523514679
1.0,0.5380164713206634,0.6694131886615383
1.0,0.550016471320663,0.7195850435230082
1.0,0.5620164713206635,0.7756302408527996
1.0,0.574016471320663,0.8373681942231136
1.0,0.5860164713206635,0.9046569153372586
1.0,0.598016471320663,0.9773758028996964
1.0,0.6100164713206635,1.0554095454257755
1.0,0.6220164713206631,1.138633043020016
1.0,0.6340164713206635,1.2268967164834976
1.0,0.6460164713206631,1.3200113171682821
1.0,0.6580164713206635,1.4177311635006085
1.0,0.6700164713206631,1.5197345007574317
1.0,0.6820164713206636,1.6255993457350009
1.0,0.6940164713206631,1.7347726885001813
1.0,0.7060164713206636,1.8465302351083972
1.0,0.7180164713206632,1.959922958869894
1.0,0.7300164713206636,2.073705617787137
1.0,0.7420164713206632,2.186241324550284
1.0,0.7540164713206636,2.2953759895682597
1.0,0.7660164713206632,2.398279081957817
1.0,0.7780164713206636,2.491246185746009
1.0,0.7900164713206632,2.569552170183419
1.0,0.7979835286793364,2.574156722910537
1.0,0.7859835286793369,2.3174928466501488
1.0,0.7739835286793364,2.1050707580251613
1.0,0.7619835286793368,1.9246458236634334
1.0,0.7499835286793364,1.7676178212798082
1.0,0.7379835286793368,1.6284271620113402
1.0,0.7259835286793364,1.5032786015629558
1.0,0.7139835286793368,1.389511335690701
1.0,0.7019835286793363,1.285219767320676
1.0,0.6899835286793368,1.1890142504426233
1.0,0.6779835286793363,1.0998637694976574
1.0,0.6659835286793367,1.0169895485968
1.0,0.6539835286793363,0.939791593340464
1.0,0.6419835286793367,0.8677971760954842
1.0,0.6299835286793363,0.8006243047197406
1.0,0.6179835286793367,0.7379556329887941
1.0,0.6059835286793362,0.6795197707332029
1.0,0.5939835286793367,0.6250779079949701
1.0,0.5819835286793362,0.5744142927374458
1.0,0.5699835286793367,0.5273295200166516
1.0,0.5579835286793362,0.48363587663716817
1.0,0.5459835286793366,0.44315418498871595
1.0,0.5339835286793362,0.4057117317247886
1.0,0.5219835286793366,0.37114096958356313
1.0,0.5099835286793362,0.3392787559795504
1.0,0.4979835286793366,0.30996594806461214
1.0,0.48598352867933614,0.28304721630327995
1.0,0.4739835286793366,0.2583709712608481
1.0,0.4619835286793361,0.23578932441582523
1.0,0.44998352867933655,0.2151580261639351
1.0,0.4379835286793361,0.19633634554104207
1.0,0.42598352867933653,0.17918687944491468
1.0,0.4139835286793361,0.16357530708754744
1.0,0.4019835286793365,0.1493701399106799
1.0,0.38998352867933606,0.13644255735491043
1.0,0.3779835286793365,0.12466645850722513
1.0,0.36598352867933603,0.11391888528666971
1.0,0.35398352867933647,0.10408096482733223
1.0,0.341983528679336,0.09503945856606917
1.0,0.32998352867933645,0.0866888885667501
1.0,0.317983528679336,0.07893405809789052
1.0,0.3059835286793364,0.07169263705946903
1.0,0.29398352867933597,0.06489739251094277
1.0,0.2819835286793364,0.058497641150530855
1.0,0.26998352867933595,0.052459585280371916
1.0,0.2579835286793364,0.046765344675571835
1.0,0.24598352867933593,0.04141068397928842
1.0,0.23398352867933636,0.03640163068475572
1.0,0.2219835286793359,0.031750355731571235
1.0,0.20998352867933634,0.027470817474790323
1.0,0.19798352867933589,0.02357471864365316
1.0,0.18598352867933632,0.020068272679283808
1.0,0.17398352867933586,0.016950123228544
1.0,0.1619835286793363,0.014210543306081846
1.0,0.14998352867933584,0.011831815896853403
1.0,0.13798352867933628,0.009789522865130998
1.0,0.12598352867933582,0.00805437946188506
1.0,0.11398352867933625,0.006594251546355571
1.0,0.1019835286793358,0.005376059860109937
1.0,0.08998352867933623,0.004367376370417166
1.0,0.07798352867933578,0.003537620127114319
1.0,0.06598352867933621,0.0028588431841617586
1.0,0.05398352867933576,0.002306152208341303
1.0,0.04198352867933619,0.001857839294828078
1.0,0.03148764650950242,0.0015366845239860446
1.0,0.023615734882126427,0.0013324521688189692
1.0,0.01574382325475132,0.0011551235505653618
1.0,0.007871911627375328,0.001001281532457956
1.0,2.220446049250313e-16,0.0008678981021861872
5.0,-0.001200000000000201,3.3179726491455734e-15
5.0,-0.0025199999999998557,4.8574199201337356e-15
5.0,-0.0039719999999999756,-2.183732060364698e-14
5.0,-0.005569199999999719,-1.0927110071115969e-14
5.0,-0.0073261199999997695,-1.0519415920993461e-14
5.0,-0.009258731999999936,-2.2335101980992467e-14
5.0,-0.011384605200000064,2.0514594315858302e-15
5.0,-0.013723065720000038,-5.5280279016128415e-15
5.0,-0.016295372292000176,2.7469557785216292e-15
5.0,-0.01912490952119994,-4.417523045159279e-15
5.0,-0.022237400473320124,-1.0910486265581794e-14
5.0,-0.025661140520652048,1.6530024470014926e-14
5.0,-0.02942725457271711,2.1969087814971318e-14
5.0,-0.0335699800299889,-1.7392599707088164e-15
5.0,-0.03812697803298748,1.2315650410705032e-14
5.0,-0.04313967583628686,1.3222475087461618e-14
5.0,-0.048653643419915404,-6.8563971790068624e-15
5.0,-0.054719007761906524,-1.0158162991160904e-14
5.0,-0.061390908538097144,2.98035638804844e-15
5.0,-0.06872999939190727,9.497104963784282e-15
5.0,-0.07680299933109824,1.8455988949818517e-14
5.0,-0.0856832992642077,2.4308499883603534e-15
5.0,-0.09545162919062833,-1.3072021643500211e-14
5.0,-0.10619679210969135,-2.408536759549057e-14
5.0,-0.11801647132066062,-1.968952905400804e-14
5.0,-0.1300164713206604,-1.5945783383040828e-14
5.0,-0.14201647132066075,-1.643976124595724e-14
5.0,-0.15401647132066054,-2.84388862090204e-15
5.0,-0.16601647132066033,-7.241616873936468e-15
5.0,-0.17801647132066067,-1.4419733702548763e-14
5.0,-0.19001647132066046,1.1253273284221125e-14
5.0,-0.20201647132066092,-9.165393181766135e-15
5.0,-0.21401647132066048,1.5909636652597147e-14
5.0,-0.2260164713206605,-1.764234674845651e-14
5.0,-0.23801647132066073,3.5012568915131506e-15
5.0,-0.2500164713206605,-1.2501528687106317e-14
5.0,-0.26201647132066097,-1.837336227448132e-15
5.0,-0.27401647132066054,-7.731125254329474e-15
5.0,-0.28601647132066055,-4.47856628893136e-14
5.0,-0.2980164713206601,-4.655878318262553e-14
5.0,-0.31001647132066057,-8.882278689210279e-14
5.0,-0.322016471320661,-1.8346105685765202e-13
5.0,-0.3340164713206606,-4.0201399571583916e-13
5.0,-0.3460164713206606,-8.351852313615532e-13
5.0,-0.35801647132066017,-1.8045249393951145e-12
5.0,-0.3700164713206606,-3.765949931791524e-12
5.0,-0.3820164713206604,-7.88969427909074e-12
5.0,-0.39401647132066064,-1.6477892962394666e-11
5.0,-0.40601647132066065,-3.443031520465986e-11
5.0,-0.4180164713206602,-7.203324349605036e-11
5.0,-0.4300164713206607,-1.5080100468064942e-10
5.0,-0.44201647132066046,-3.1569738185842484e-10
5.0,-0.4540164713206607,-6.611408768770295e-10
5.0,-0.4660164713206607,-1.3851508280477647e-9
5.0,-0.4780164713206603,-2.9028984453091335e-9
5.0,-0.4900164713206603,-6.0852943277439875e-9
5.0,-0.5020164713206605,-1.275967767595392e-8
5.0,-0.5140164713206608,-2.6759792889997177e-8
5.0,-0.5260164713206608,-5.612820752675425e-8
5.0,-0.5380164713206603,-1.1773226595448299e-7
5.0,-0.5500164713206603,-2.4692576310708904e-7
5.0,-0.5620164713206606,-5.177333169052686e-7
5.0,-0.5740164713206604,-1.08488143600548e-6
5.0,-0.5860164713206608,-2.2708799451323147e-6
5.0,-0.5980164713206604,-4.74500483476093e-6
5.0,-0.6100164713206604,-9.886606747051907e-6
5.0,-0.6220164713206606,-2.0508336229821543e-5
5.0,-0.6340164713206604,-4.225275047884777e-5
5.0,-0.6460164713206609,-8.616439372817892e-5
5.0,-0.6580164713206604,-0.00017308768631438915
5.0,-0.6700164713206609,-0.00034035138027572716
5.0,-0.6820164713206607,-0.0006501400116028163
5.0,-0.6940164713206609,-0.0011968257376294953
5.0,-0.7060164713206609,-0.0021090307824100925
5.0,-0.7180164713206612,-0.003545202849112932
5.0,-0.7300164713206609,-0.005689626669729993
5.0,-0.7420164713206614,-0.008760575867853247
5.0,-0.754016471320661,-0.01303613780466974
5.0,-0.7660164713206614,-0.01889356350524028
5.0,-0.7780164713206612,-0.02685627225387909
5.0,-0.7900164713206614,-0.0376477829915771
5.0,-0.8020164713206615,-0.052256367783622075
5.0,-0.8140164713206617,-0.07201509770093135
5.0,-0.8260164713206615,-0.09870007161404393
5.0,-0.8380164713206619,-0.13464575464685435
5.0,-0.8500164713206615,-0.18287000172597478
5.0,-0.862016471320662,-0.24719151562794953
5.0,-0.8740164713206617,-0.332309068478721
5.0,-0.886016471320662,-0.44379738314357886
5.0,-0.898016471320662,-0.587966395575435
5.0,-0.9100164713206622,-0.7715407043279224
5.0,-0.922016471320662,-1.0011554980857438
5.0,-0.9340164713206625,-1.2827319200014058
5.0,-0.946016471320662,-1.6208621868171413
5.0,-0.9580164713206625,-2.0183600503154877
5.0,-0.9700164713206623,-2.476088507188468
5.0,-0.9820164713206625,-2.993082253403676
5.0,-0.9940164713206625,-3.5668905264543853
5.0,-1.0060164713206627,-4.194021906038347
5.0,-1.0180164713206625,-4.870383004575924
5.0,-1.030016471320663,-5.591643622712855
5.0,-1.0420164713206626,-6.353503598435518
5.0,-1.054016471320663,-7.151865836481058
5.0,-1.0660164713206628,-7.982933843721348
5.0,-1.078016471320663,-8.843255042404213
5.0,-1.090016471320663,-9.729728518481963
5.0,-1.1020164713206633,-10.639591421646337
5.0,-1.114016471320663,-11.570393913946642
5.0,-1.1260164713206635,-12.519969099359514
5.0,-1.138016471320663,-13.48640186205552
5.0,-1.1500164713206635,-14.467998848713036
5.0,-1.1620164713206633,-15.46326074360795
5.0,-1.1740164713206636,-16.47085731825466
5.0,-1.1860164713206636,-17.48960534736035
5.0,-1.1980164713206638,-18.518449268702412
5.0,-1.1899835286793365,-17.812947246236096
5.0,-1.177983528679336,-16.75755187953508
5.0,-1.1659835286793363,-15.714212805348986
5.0,-1.153983528679336,-14.687292476059481
5.0,-1.141983528679336,-13.677605082082989
5.0,-1.1299835286793358,-12.68622676067438
5.0,-1.117983528679336,-11.71449949391179
5.0,-1.1059835286793356,-10.764024893185793
5.0,-1.093983528679336,-9.836673212859399
5.0,-1.0819835286793356,-8.934599803376157
5.0,-1.0699835286793358,-8.060263742397524
5.0,-1.0579835286793355,-7.216443557778695
5.0,-1.0459835286793355,-6.406243632989429
5.0,-1.0339835286793353,-5.633082513332267
5.0,-1.0219835286793355,-4.900651273663069
5.0,-1.009983528679335,-4.212827115338569
5.0,-0.9979835286793354,-3.5735260263999695
5.0,-0.985983528679335,-2.9864814591157303
5.0,-0.9739835286793352,-2.454947308983777
5.0,-0.9619835286793349,-1.9813459959213553
5.0,-0.9499835286793351,-1.566914391532994
5.0,-0.9379835286793348,-1.2114302889661266
5.0,-0.925983528679335,-0.9131082457414164
5.0,-0.9139835286793346,-0.668714114137997
5.0,-0.9019835286793348,-0.47386220726356715
5.0,-0.8899835286793345,-0.3233677299929546
5.0,-0.8779835286793347,-0.21150333998929619
5.0,-0.8659835286793344,-0.13211181075348497
5.0,-0.8539835286793346,-0.07871356443104022
5.0,-0.8419835286793342,-0.04482647109820942
5.0,-0.8299835286793344,-0.0245251404045069
5.0,-0.8179835286793341,-0.012980789159822285
5.0,-0.8059835286793343,-0.006695510844608042
5.0,-0.793983528679334,-0.0033877375058236057
5.0,-0.7819835286793342,-0.0016902817136577823
5.0,-0.7699835286793338,-0.0008347937538768051
5.0,-0.757983528679334,-0.0004090439391388026
5.0,-0.7459835286793337,-0.00019895738785457017
5.0,-0.7339835286793339,-9.583521184724513e-5
5.0,-0.7219835286793336,-4.53255380405364e-5
5.0,-0.7099835286793338,-2.0532425189551847e-5
5.0,-0.6979835286793334,-8.238185954990983e-6
5.0,-0.6859835286793337,-1.974870145446109e-6
5.0,-0.6739835286793333,1.4168565018140317e-6
5.0,-0.6619835286793335,3.482626506708783e-6
5.0,-0.6499835286793332,4.984619252325825e-6
5.0,-0.6379835286793334,6.306885932006133e-6
5.0,-0.625983528679333,7.652963420653733e-6
5.0,-0.6139835286793333,9.14236413678658e-6
5.0,-0.6019835286793329,1.0858025314557096e-5
5.0,-0.5899835286793331,1.2870098157934763e-5
5.0,-0.5779835286793328,1.5248437215964473e-5
5.0,-0.565983528679333,1.8069817729997034e-5
5.0,-0.5539835286793326,2.142284476109891e-5
5.0,-0.5419835286793329,2.54120399101734e-5
5.0,-0.5299835286793325,3.0161882203841797e-5
5.0,-0.5179835286793327,3.5821261014681055e-5
5.0,-0.5059835286793324,4.256864691620584e-5
5.0,-0.4939835286793326,5.061824643505542e-5
5.0,-0.48198352867933225,6.02274003177899e-5
5.0,-0.46998352867933246,7.170552455196185e-5
5.0,-0.4579835286793321,8.542493731778986e-5
5.0,-0.44598352867933233,0.000101833993133188
5.0,-0.433983528679332,0.00012147303378491957
5.0,-0.4219835286793322,0.00014499377748245344
5.0,-0.40998352867933185,0.00017318291502764916
5.0,-0.39798352867933207,0.0002069908512952596
5.0,-0.3859835286793317,0.0002475667484558369
5.0,-0.37398352867933193,0.00029630129803814636
5.0,-0.3619835286793316,0.00035487897683960865
5.0,-0.3499835286793318,0.0004253419562485262
5.0,-0.33798352867933146,0.0005101683425839452
5.0,-0.32598352867933167,0.0006123680656168085
5.0,-0.3139835286793313,0.0007356005113276625
5.0,-0.30198352867933154,0.0008843189799667983
5.0,-0.2899835286793312,0.0010639482680556782
5.0,-0.2779835286793314,0.0012811031772723958
5.0,-0.26598352867933106,0.0015438576405491823
5.0,-0.25398352867933127,0.0018620764809239327
5.0,-0.24198352867933093,0.0022478247117713413
5.0,-0.22998352867933114,0.002715872862220492
5.0,-0.2179835286793308,0.0032843212213993925
5.0,-0.205983528679331,0.00397537131189743
5.0,-0.19398352867933122,0.004816279521541656
5.0,-0.18198352867933032,0.005840535841650587
5.0,-0.16998352867933053,0.007089320282595656
5.0,-0.15798352867933074,0.008613300912415746
5.0,-0.14598352867932984,0.010474850643380771
5.0,-0.13398352867933117,0.012750774708298718
5.0,-0.12198352867933027,0.0155356566987395
5.0,-0.10998352867933048,0.01894594688167647
5.0,-0.09798352867933069,0.023124930084507774
5.0,-0.08598352867932979,0.02824871788329227
5.0,-0.07398352867933,0.03453340492225873
5.0,-0.06198352867933021,0.0422435021884797
5.0,-0.049983528679329314,0.0517016965241373
5.0,-0.037983528679330636,0.06329986520041878
5.0,-0.025983528679329737,0.07751107008824226
5.0,-0.013983528679329948,0.09490193553815225
5.0,-0.00198352867933016,0.11614434471611279
5.0,0.010016471320670739,0.14202474896682565
5.0,0.022016471320670528,0.17344858438379665
5.0,0.034016471320670316,0.21143640547953316
5.0,0.046016471320671215,0.25710756099582416
5.0,0.05801647132066989,0.3116468751015452
5.0,0.07001647132067079,0.3762503133587156
5.0,0.08201647132067058,0.4520474933344112
5.0,0.09401647132067037,0.540002436753923
5.0,0.10601647132067127,0.6407989319135688
5.0,0.11801647132066995,0.7547222878247546
5.0,0.13001647132067085,0.8815534074858594
5.0,0.14201647132066952,1.020492126631729
5.0,0.15401647132067042,1.1701235779052825
5.0,0.1660164713206691,1.3284344305627922
5.0,0.17801647132067,1.4928772786047562
5.0,0.19001647132066868,1.6604739327829123
5.0,0.20201647132066958,1.8279440256516724
5.0,0.21401647132066826,1.991844804015453
5.0,0.22601647132066915,2.1487104445937533
5.0,0.23801647132066783,2.2951830999352922
5.0,0.25001647132066873,2.4281316125565806
5.0,0.2620164713206674,2.544756424925611
5.0,0.2740164713206683,2.642680335612679
5.0,0.286016471320667,2.7200246376953725
5.0,0.2980164713206679,2.7754694155666266
5.0,0.31001647132066656,2.8082961368841772
5.0,0.32201647132066746,2.8184109002428346
5.0,0.33401647132066614,2.8063482209480126
5.0,0.34601647132066704,2.773257768538276
5.0,0.3580164713206657,2.7208785485533653
5.0,0.3700164713206666,2.6515039258474378
5.0,0.3820164713206653,2.5679337393006576
5.0,0.3940164713206662,2.47339670506339
5.0,0.4060164713206649,2.371414957429146
5.0,0.4180164713206658,2.2655883347493657
5.0,0.43001647132066445,2.1593102972853386
5.0,0.44201647132066535,2.055477333190328
5.0,0.45401647132066403,1.9562802478764831
5.0,0.4660164713206649,1.8631389942905938
5.0,0.4780164713206636,1.7767793728900008
5.0,0.4900164713206645,1.697397958986333
5.0,0.5020164713206632,1.6248502317077123
5.0,0.5140164713206641,1.5588170885056962
5.0,0.5260164713206628,1.498932216834474
5.0,0.5380164713206637,1.4448717209307016
5.0,0.5500164713206623,1.3964155202656023
5.0,0.5620164713206632,1.3534903880014975
5.0,0.5740164713206619,1.316199464126825
5.0,0.5860164713206628,1.28483390925962
5.0,0.5980164713206615,1.2598554157089934
5.0,0.6100164713206624,1.2418486793697472
5.0,0.6220164713206611,1.2314642359737271
5.0,0.634016471320662,1.2293575991883958
5.0,0.6460164713206606,1.2361007022969899
5.0,0.6580164713206615,1.2520684876186068
5.0,0.6700164713206602,1.2773397531596498
5.0,0.6820164713206611,1.3116433069791507
5.0,0.6940164713206598,1.354353284720684
5.0,0.7060164713206607,1.4045165829722464
5.0,0.7180164713206594,1.4608884537797995
5.0,0.7300164713206603,1.5219573199240348
5.0,0.742016471320659,1.5859498882671057
5.0,0.7540164713206599,1.6508171753640875
5.0,0.7660164713206585,1.7142039669123612
5.0,0.7780164713206594,1.7734302451618476
5.0,0.7900164713206581,1.8255326916556998
5.0,0.7979835286793412,1.830853959512155
5.0,0.7859835286793425,1.6597048899514495
5.0,0.7739835286793416,1.5179109797016013
5.0,0.7619835286793429,1.3990422226072499
5.0,0.749983528679342,1.2958074995538915
5.0,0.7379835286793434,1.2040118815125482
5.0,0.7259835286793425,1.1211142772138964
5.0,0.7139835286793438,1.0454836142848087
5.0,0.7019835286793429,0.9760334502083318
5.0,0.6899835286793442,0.9120167454035573
5.0,0.6779835286793433,0.8529048108143273
5.0,0.6659835286793446,0.7983120368045128
5.0,0.6539835286793437,0.7479472093938412
5.0,0.641983528679345,0.7015809568475835
5.0,0.6299835286793442,0.659023216488914
5.0,0.6179835286793455,0.620106923801651
5.0,0.6059835286793446,0.5846754412418484
5.0,0.5939835286793459,0.5525720742231749
5.0,0.581983528679345,0.5236306525693791
5.0,0.5699835286793463,0.4976667629315954
5.0,0.5579835286793454,0.4744698913678108
5.0,0.5459835286793467,0.45379745370067437
5.0,0.5339835286793458,0.4353722808305845
5.0,0.5219835286793472,0.41888526350384797
5.0,0.5099835286793463,0.40400417009451806
5.0,0.4979835286793476,0.390387959907548
5.0,0.4859835286793467,0.3777037061970616
5.0,0.473983528679348,0.36564185854330744
5.0,0.4619835286793471,0.3539262867451778
5.0,0.44998352867934843,0.34231806524860203
5.0,0.43798352867934753,0.3306145250379024
5.0,0.42598352867934886,0.3186462835598995
5.0,0.41398352867934796,0.30627468532262464
5.0,0.4019835286793493,0.2933910769082547
5.0,0.3899835286793484,0.2799182699461667
5.0,0.3779835286793497,0.26581372208742743
5.0,0.3659835286793488,0.25107344462719094
5.0,0.3539835286793501,0.23573539324462028
5.0,0.3419835286793492,0.21988108354127134
5.0,0.32998352867935055,0.20363438282236013
5.0,0.31798352867934965,0.18715684555978637
5.0,0.30598352867935097,0.17063952601049834
5.0,0.29398352867935007,0.15429181427654037
5.0,0.2819835286793514,0.13832837397581257
5.0,0.2699835286793505,0.12295559770434723
5.0,0.2579835286793518,0.10835907562004032
5.0,0.24598352867935092,0.094693389831818
5.0,0.23398352867935224,0.08207515670241687
5.0,0.22198352867935134,0.07057973286332843
5.0,0.20998352867935266,0.06024148458186797
5.0,0.19798352867935176,0.05105708879170459
5.0,0.18598352867935308,0.042991051321425014
5.0,0.17398352867935218,0.03598251654825306
5.0,0.1619835286793535,0.0299524868741499
5.0,0.1499835286793526,0.024810726841011793
5.0,0.13798352867935393,0.020461841206414717
5.0,0.12598352867935303,0.01681023871717015
5.0,0.11398352867935435,0.013763887156974616
5.0,0.10198352867935345,0.011236910871611862
5.0,0.08998352867935477,0.009151174735596318
5.0,0.07798352867935388,0.007437044128919601
5.0,0.0659835286793552,0.006033519950157893
5.0,0.0539835286793543,0.004887933223332329
5.0,0.04198352867935562,0.003955356299062874
5.0,0.031487646509516964,0.0032846267872048518
5.0,0.023615734882137418,0.0028565951004012762
5.0,0.017711801161602758,0.0025722866572724435
5.0,0.011807867441068098,0.002315958730188947
5.0,0.007871911627378325,0.002159381247154478
5.0,0.003935955813689662,0.002013290908501042
5.0,0.0019679779068447756,0.0019440080592708414
5.0,-1.1102230246251565e-16,0.0018770860559820025
