ScanRate,Voltage,Value
0.001,-0.0011999999999997568,1.2116357046225885e-14
0.001,-0.0025199999999999667,-1.3289343032062883e-14
0.001,-0.0039719999999997535,1.1329118263806233e-14
0.001,-0.00556919999999983,7.794818901589483e-15
0.001,-0.0073261199999996585,2.346450721390739e-14
0.001,-0.009258732000000158,1.1327391411947775e-14
0.001,-0.011384605199999842,-2.831038995725816e-14
0.001,-0.013723065719999816,-7.608772842330449e-16
0.001,-0.016295372292000065,-1.5136915612025776e-16
0.001,-0.019124909521200162,2.659830995195656e-15
0.001,-0.022237400473320124,-1.4553098922569868e-14
0.001,-0.02566114052065216,-1.2428079689299937e-14
0.001,-0.02942725457271711,-2.2445260602018397e-15
0.001,-0.03356998002998901,3.894434599156724e-15
0.001,-0.03812697803298759,6.004027150521241e-15
0.001,-0.04313967583628664,2.6616114626880394e-14
0.001,-0.04865364341991518,-6.870756009226364e-15
0.001,-0.05471900776190708,1.3243755860750553e-15
0.001,-0.061390908538097366,1.685924368769342e-14
0.001,-0.06872999939190727,1.4893028286237294e-14
0.001,-0.07680299933109791,-2.1776624063830956e-14
0.001,-0.08568329926420759,4.802249708223816e-15
0.001,-0.09545162919062833,1.7587807019447694e-14
0.001,-0.10619679210969157,-3.6813991762573764e-16
0.001,-0.1180164713206604,-1.589828489915158e-14
0.001,-0.1300164713206604,1.0704605904620523e-14
0.001,-0.14201647132066042,-7.282144463665195e-15
0.001,-0.15401647132066043,9.429804228065235e-15
0.001,-0.16601647132066044,-1.965823921969497e-14
0.001,-0.17801647132066045,-9.466420298989506e-15
0.001,-0.19001647132066046,-1.1308947968018348e-14
0.001,-0.20201647132066047,1.836419233356114e-15
0.001,-0.21401647132066048,-5.2153208147148074e-15
0.001,-0.2260164713206605,3.077576211554072e-15
0.001,-0.2380164713206605,1.102508324670415e-14
0.001,-0.2500164713206605,1.3961498144714341e-14
0.001,-0.2620164713206605,-5.2382787643341744e-15
0.001,-0.27401647132066054,-2.970205874592157e-14
0.001,-0.2860164713206603,-3.1336411010370547e-14
0.001,-0.29801647132066034,-3.428722548029498e-14
0.001,-0.31001647132066035,-7.770545882345289e-14
0.001,-0.32201647132066036,-1.8553718885638216e-13
0.001,-0.33401647132066037,-3.7977797506853065e-13
0.001,-0.3460164713206604,-7.968846509948705e-13
0.001,-0.3580164713206604,-1.6435899271367049e-12
0.001,-0.3700164713206604,-3.4896946041878754e-12
0.001,-0.3820164713206604,-7.249347732196144e-12
0.001,-0.3940164713206604,-1.518705552729839e-11
0.001,-0.40601647132066043,-3.176247907065343e-11
0.001,-0.41801647132066044,-6.640940097648681e-11
0.001,-0.43001647132066045,-1.3898586947233098e-10
0.001,-0.44201647132066046,-2.910270959103865e-10
0.001,-0.4540164713206605,-6.094330641879434e-10
0.001,-0.4660164713206605,-1.2767515138014587e-9
0.001,-0.4780164713206605,-2.6755290146018375e-9
0.001,-0.4900164713206605,-5.608436628791016e-9
0.001,-0.5020164713206605,-1.1759212762451792e-8
0.001,-0.5140164713206605,-2.4660269425061598e-8
0.001,-0.5260164713206605,-5.172148532154125e-8
0.001,-0.5380164713206605,-1.0848168838508549e-7
0.001,-0.5500164713206603,-2.275062412873837e-7
0.001,-0.5620164713206603,-4.769698324206837e-7
0.001,-0.5740164713206604,-9.99337765308303e-7
0.001,-0.5860164713206604,-2.0914593669453265e-6
0.001,-0.5980164713206604,-4.3690331604438665e-6
0.001,-0.6100164713206604,-9.099936382604058e-6
0.001,-0.6220164713206604,-1.8866094577830355e-5
0.001,-0.6340164713206604,-3.8836139622538485e-5
0.001,-0.6460164713206604,-7.909196918897142e-5
0.001,-0.6580164713206604,-0.00015855561979084332
0.001,-0.6700164713206604,-0.00031082067370454626
0.001,-0.6820164713206605,-0.0005911415888082976
0.001,-0.6940164713206605,-0.0010819729847504002
0.001,-0.7060164713206605,-0.001893619178451549
0.001,-0.7180164713206605,-0.0031599741481118052
0.001,-0.7300164713206605,-0.005036028321571982
0.001,-0.7420164713206605,-0.00770581860755865
0.001,-0.7540164713206605,-0.011403010879832346
0.001,-0.7660164713206605,-0.01643929344045552
0.001,-0.7780164713206605,-0.023235156882954074
0.001,-0.7900164713206606,-0.032350499875977046
0.001,-0.8020164713206603,-0.044513558986717244
0.001,-0.8140164713206604,-0.06064441766419848
0.001,-0.8260164713206604,-0.08186473212364034
0.001,-0.8380164713206604,-0.10947963551897216
0.001,-0.8500164713206604,-0.144912612903214
0.001,-0.8620164713206604,-0.18957145770249095
0.001,-0.8740164713206604,-0.24462479125478975
0.001,-0.8860164713206604,-0.3106747018689047
0.001,-0.8980164713206604,-0.38732646466775583
0.001,-0.9100164713206604,-0.4726995411639628
0.001,-0.9220164713206604,-0.5630159369936043
0.001,-0.9340164713206605,-0.6525128562372765
0.001,-0.9460164713206605,-0.7339552719881559
0.001,-0.9580164713206605,-0.7998748105297544
0.001,-0.9700164713206605,-0.8443255816030082
0.001,-0.9820164713206605,-0.8645430395675082
0.001,-0.9940164713206605,-0.8617025227066861
0.001,-1.0060164713206605,-0.8403127246649315
0.001,-1.0180164713206605,-0.8065602031168293
0.001,-1.0300164713206605,-0.7665126520714616
0.001,-1.0420164713206606,-0.7249684258245006
0.001,-1.0540164713206603,-0.6851337441438187
0.001,-1.0660164713206604,-0.648835077940398
0.001,-1.0780164713206604,-0.6169035794441867
0.001,-1.0900164713206604,-0.5895259925534211
0.001,-1.1020164713206604,-0.5665052784843155
0.001,-1.1140164713206604,-0.5474391028470654
0.001,-1.1260164713206604,-0.5318366906305367
0.001,-1.1380164713206604,-0.5191915450295304
0.001,-1.1500164713206604,-0.5090234253009205
0.001,-1.1620164713206604,-0.5008997760977975
0.001,-1.1740164713206604,-0.4944441254669003
0.001,-1.1860164713206605,-0.4893367146443585
0.001,-1.1980164713206605,-0.48531085489835846
0.001,-1.1899835286793394,-0.4806225868909139
0.001,-1.1779835286793394,-0.4767756838635137
0.001,-1.1659835286793394,-0.47353401443291876
0.001,-1.1539835286793394,-0.47050136060039627
0.001,-1.1419835286793396,-0.46737928300015325
0.001,-1.1299835286793396,-0.4638819427095022
0.001,-1.1179835286793396,-0.45971357143001523
0.001,-1.1059835286793396,-0.45455633385759475
0.001,-1.0939835286793396,-0.44806822521175005
0.001,-1.0819835286793396,-0.4398945996993943
0.001,-1.0699835286793395,-0.4296967272081781
0.001,-1.0579835286793395,-0.4171974322269664
0.001,-1.0459835286793395,-0.40223699468610097
0.001,-1.0339835286793395,-0.38482407649651584
0.001,-1.0219835286793395,-0.3651617280863153
0.001,-1.0099835286793395,-0.34363316416648737
0.001,-0.9979835286793395,-0.3207463376937094
0.001,-0.9859835286793395,-0.29705290785870714
0.001,-0.9739835286793395,-0.27306577284100325
0.001,-0.9619835286793395,-0.2491953845261239
0.001,-0.9499835286793394,-0.2257132941909454
0.001,-0.9379835286793394,-0.2027435947668507
0.001,-0.9259835286793394,-0.1802923327860179
0.001,-0.9139835286793395,-0.15834240861657464
0.001,-0.9019835286793395,-0.13700228261239125
0.001,-0.8899835286793395,-0.11658904816301119
0.001,-0.8779835286793395,-0.09754623611387261
0.001,-0.8659835286793395,-0.08027980258514263
0.001,-0.8539835286793395,-0.06504792029538194
0.001,-0.8419835286793396,-0.05193663174015176
0.001,-0.8299835286793396,-0.04088721799458239
0.001,-0.8179835286793395,-0.03174134480709664
0.001,-0.8059835286793395,-0.024285471766292685
0.001,-0.7939835286793395,-0.018286761851094468
0.001,-0.7819835286793395,-0.013518496105524939
0.001,-0.7699835286793395,-0.009775650676940572
0.001,-0.7579835286793395,-0.006882085299327501
0.001,-0.7459835286793395,-0.004690721676669329
0.001,-0.7339835286793395,-0.003078182729531408
0.001,-0.7219835286793395,-0.0019364421171134021
0.001,-0.7099835286793394,-0.0011656782371502296
0.001,-0.6979835286793394,-0.0006724044333225465
0.001,-0.6859835286793395,-0.00037329793050511266
0.001,-0.6739835286793395,-0.00020069255350972236
0.001,-0.6619835286793395,-0.00010517545420428824
0.001,-0.6499835286793395,-5.4048059099192975e-5
0.001,-0.6379835286793395,-2.7363533479613023e-5
0.001,-0.6259835286793395,-1.3692657258011847e-5
0.001,-0.6139835286793395,-6.7818443256369e-6
0.001,-0.6019835286793395,-3.320746494095022e-6
0.001,-0.5899835286793395,-1.5975900276249529e-6
0.001,-0.5779835286793394,-7.417201503959511e-7
0.001,-0.5659835286793394,-3.154340737250336e-7
0.001,-0.5539835286793395,-1.0049080994625263e-7
0.001,-0.5419835286793395,1.1309183396310322e-8
0.001,-0.5299835286793395,7.342365983915044e-8
0.001,-0.5179835286793395,1.1224153604829604e-7
0.001,-0.5059835286793395,1.4083433124210855e-7
0.001,-0.4939835286793395,1.6575479393067997e-7
0.001,-0.48198352867933947,1.903871165388108e-7
0.001,-0.46998352867933946,2.1659443954616099e-7
0.001,-0.45798352867933945,2.4552966405039264e-7
0.001,-0.44598352867933944,2.780367091599239e-7
0.001,-0.43398352867933954,3.1485183082238763e-7
0.001,-0.4219835286793395,3.567088250969796e-7
0.001,-0.4099835286793395,4.0439777515944333e-7
0.001,-0.3979835286793395,4.58803065725108e-7
0.001,-0.3859835286793395,5.209328269151229e-7
0.001,-0.3739835286793395,5.919457879935394e-7
0.001,-0.3619835286793395,6.731793573434775e-7
0.001,-0.34998352867933946,7.66180796969127e-7
0.001,-0.33798352867933945,8.727429585175732e-7
0.001,-0.32598352867933944,9.949459947350605e-7
0.001,-0.31398352867933943,1.135206108990175e-6
0.001,-0.30198352867933953,1.2963330247985063e-6
0.001,-0.2899835286793395,1.4815979956098383e-6
0.001,-0.2779835286793395,1.6948136607507385e-6
0.001,-0.2659835286793395,1.9404289487007623e-6
0.001,-0.2539835286793395,2.223641460530444e-6
0.001,-0.24198352867933948,2.5505305050629955e-6
0.001,-0.22998352867933947,2.9282154778641624e-6
0.001,-0.21798352867933946,3.3650437535502933e-6
0.001,-0.20598352867933944,3.870814618678953e-6
0.001,-0.19398352867933943,4.457045744113637e-6
0.001,-0.18198352867933942,5.137291116827552e-6
0.001,-0.1699835286793394,5.927519898150426e-6
0.001,-0.1579835286793394,6.846568873698443e-6
0.001,-0.1459835286793394,7.916682497517508e-6
0.001,-0.13398352867933938,9.164157141277091e-6
0.001,-0.12198352867933937,1.0620110044702697e-5
0.001,-0.10998352867933958,1.232139544307893e-5
0.001,-0.09798352867933957,1.4311694918583683e-5
0.001,-0.08598352867933956,1.6642812125808735e-5
0.001,-0.07398352867933955,1.9376204910466415e-5
0.001,-0.06198352867933954,2.2584790648183425e-5
0.001,-0.04998352867933953,2.63550608885438e-5
0.001,-0.03798352867933952,3.078953774332664e-5
0.001,-0.025983528679339507,3.600959657850336e-5
0.001,-0.013983528679339496,4.2158659818878454e-5
0.001,-0.0019835286793394857,4.940573522387804e-5
0.001,0.010016471320660525,5.7949215680288445e-5
0.001,0.022016471320660536,6.8020769186974e-5
0.001,0.034016471320660546,7.988901155955315e-5
0.001,0.04601647132066056,9.386245016129198e-5
0.001,0.05801647132066057,0.00011029089144396539
0.001,0.07001647132066058,0.0001295640882526365
0.001,0.08201647132066059,0.00015210584457214305
0.001,0.0940164713206606,0.0001783610755129675
0.001,0.10601647132066061,0.00020877247289460474
0.001,0.11801647132066062,0.00024374255109134267
0.001,0.13001647132066063,0.0002835761921348567
0.001,0.14201647132066042,0.00032839886245611687
0.001,0.15401647132066043,0.00037804724373207923
0.001,0.16601647132066044,0.00043193330403344253
0.001,0.17801647132066045,0.0004888912539925183
0.001,0.19001647132066046,0.0005470305023261209
0.001,0.20201647132066047,0.000603636238846999
0.001,0.21401647132066048,0.0006551787464431213
0.001,0.2260164713206605,0.0006975034752484928
0.001,0.2380164713206605,0.0007262607704817375
0.001,0.2500164713206605,0.0007375800735251689
0.001,0.2620164713206605,0.0007288932831700835
0.001,0.27401647132066054,0.0006996914457303625
0.001,0.28601647132066055,0.0006519245128501683
0.001,0.29801647132066056,0.0005898080206919007
0.001,0.31001647132066057,0.0005190124251948213
0.001,0.3220164713206606,0.00044549099001221765
0.001,0.3340164713206606,0.0003743718847839467
0.001,0.3460164713206606,0.00030927546945965254
0.001,0.3580164713206606,0.00025217191937004817
0.001,0.3700164713206606,0.00020364914095650263
0.001,0.38201647132066063,0.00016335715353216248
0.001,0.39401647132066064,0.00013043551956959856
0.001,0.40601647132066043,0.00010382970607558148
0.001,0.41801647132066044,8.24843142480852e-5
0.001,0.43001647132066045,6.544071774704993e-5
0.001,0.44201647132066046,5.187391481940948e-5
0.001,0.4540164713206605,4.109617469430613e-5
0.001,0.4660164713206605,3.254518462706787e-5
0.001,0.4780164713206605,2.5766623246578258e-5
0.001,0.4900164713206605,2.039612791552378e-5
0.001,0.5020164713206605,1.614283383498505e-5
0.001,0.5140164713206605,1.2775227979027345e-5
0.001,0.5260164713206605,1.0109383576330784e-5
0.001,0.5380164713206605,7.999357254729337e-6
0.001,0.5500164713206606,6.329438581234637e-6
0.001,0.5620164713206606,5.0079375885991635e-6
0.001,0.5740164713206606,3.962226252324136e-6
0.001,0.5860164713206606,3.1347914593607044e-6
0.001,0.5980164713206606,2.4800986298945216e-6
0.001,0.6100164713206606,1.962102582896029e-6
0.001,0.6220164713206606,1.5522732667463935e-6
0.001,0.6340164713206606,1.2280311969439295e-6
0.001,0.6460164713206606,9.715077098618002e-7
0.001,0.6580164713206604,7.68562942769368e-7
0.001,0.6700164713206604,6.080084035281458e-7
0.001,0.6820164713206605,4.809912808785217e-7
0.001,0.6940164713206605,3.805070098536774e-7
0.001,0.7060164713206605,3.0101377027380153e-7
0.001,0.7180164713206605,2.3812694226996195e-7
0.001,0.7300164713206605,1.883775965314496e-7
0.001,0.7420164713206605,1.4902154661602016e-7
0.001,0.7540164713206605,1.1788760734364286e-7
0.001,0.7660164713206605,9.325809510372054e-8
0.001,0.7780164713206605,7.377417581567368e-8
0.001,0.7900164713206606,5.836086628492977e-8
0.001,0.7979835286793396,4.6167316725715364e-8
0.001,0.7859835286793396,3.6519920708859334e-8
0.001,0.7739835286793396,2.888929402545666e-8
0.001,0.7619835286793396,2.2853194891314588e-8
0.001,0.7499835286793396,1.807833214226213e-8
0.001,0.7379835286793396,1.43010849336386e-8
0.001,0.7259835286793396,1.1313078362033583e-8
0.001,0.7139835286793396,8.949334687099738e-9
0.001,0.7019835286793396,7.079464022787601e-9
0.001,0.6899835286793395,5.600265340122771e-9
0.001,0.6779835286793396,4.430128137137374e-9
0.001,0.6659835286793396,3.5044629949030502e-9
0.001,0.6539835286793396,2.7721817833059658e-9
0.001,0.6419835286793396,2.1929246520943685e-9
0.001,0.6299835286793396,1.7346604980286146e-9
0.001,0.6179835286793396,1.3721749381202222e-9
0.001,0.6059835286793396,1.0854153870836386e-9
0.001,0.5939835286793396,8.585729711410133e-10
0.001,0.5819835286793396,6.791201098022051e-10
0.001,0.5699835286793395,5.371534566792076e-10
0.001,0.5579835286793395,4.2484860196458974e-10
0.001,0.5459835286793395,3.360220827312683e-10
0.001,0.5339835286793395,2.6575035383998974e-10
0.001,0.5219835286793395,2.1015285532362047e-10
0.001,0.5099835286793396,1.6614835665240135e-10
0.001,0.4979835286793396,1.3135620279514442e-10
0.001,0.4859835286793396,1.0387542046717694e-10
0.001,0.47398352867933957,8.20823271426546e-11
0.001,0.46198352867933956,6.487065551066689e-11
0.001,0.4499835286793396,5.125656248951184e-11
0.001,0.4379835286793396,4.0468061584586196e-11
0.001,0.4259835286793396,3.194395234527386e-11
0.001,0.4139835286793396,2.5202881794138305e-11
0.001,0.40198352867933956,1.989455180738419e-11
0.001,0.38998352867933955,1.5650371728876507e-11
0.001,0.3779835286793396,1.2330865546636084e-11
0.001,0.3659835286793396,9.721058390562751e-12
0.001,0.3539835286793396,7.577187455862558e-12
0.001,0.34198352867933957,5.926965769797389e-12
0.001,0.32998352867933956,4.652291638210626e-12
0.001,0.3179835286793396,3.629453505908027e-12
0.001,0.3059835286793396,2.8106392346877784e-12
0.001,0.2939835286793395,2.1999612727286107e-12
0.001,0.2819835286793396,1.6946500767985458e-12
0.001,0.2699835286793396,1.2839145763458262e-12
0.001,0.2579835286793396,1.0180057968949094e-12
0.001,0.2459835286793396,7.647781675606234e-13
0.001,0.23398352867933958,5.893376643614374e-13
0.001,0.22198352867933957,4.633290083426944e-13
0.001,0.20998352867933956,3.4206719852207273e-13
0.001,0.19798352867933955,2.5141058945083143e-13
0.001,0.18598352867933954,1.8452287951733546e-13
0.001,0.17398352867933953,1.400726705075674e-13
0.001,0.16198352867933963,1.0382648192816052e-13
0.001,0.14998352867933962,6.38736463221409e-14
0.001,0.1379835286793396,5.91381433996816e-14
0.001,0.1259835286793396,2.529715704033561e-14
0.001,0.11398352867933959,3.071259976834707e-15
0.001,0.10198352867933957,1.0716382029157194e-14
0.001,0.08998352867933956,2.3072406365233018e-14
0.001,0.07798352867933955,2.2711831538788698e-14
0.001,0.06598352867933954,-3.843929493893971e-15
0.001,0.05398352867933953,2.2440484683620997e-15
0.001,0.04198352867933952,-1.3909317887799414e-15
0.001,0.03148764650950486,1.442113903872886e-14
0.001,0.02361573488212887,2.7824008800598148e-14
0.001,0.017711801161596652,8.671712100158321e-15
0.001,0.011807867441064435,-1.2369547104085265e-15
0.001,0.005903933720532217,2.301279284120869e-14
0.001,0.0,3.363262264582108e-15
0.005,-0.0011999999999999789,5.3031626137741625e-15
0.005,-0.0025200000000000777,-7.946579091052201e-16
0.005,-0.0039719999999999756,8.510885607614085e-15
0.005,-0.00556919999999983,4.178209680492171e-15
0.005,-0.0073261200000001026,-1.7792278192750816e-14
0.005,-0.009258732000000047,-1.3112592205233992e-14
0.005,-0.01138460519999962,5.104372461564675e-15
0.005,-0.01372306572000015,-2.5873718968166617e-14
0.005,-0.01629537229199962,-2.1003787718026237e-14
0.005,-0.01912490952119983,1.394671070715716e-14
0.005,-0.022237400473320013,-6.37588642081222e-15
0.005,-0.025661140520651826,-1.892688776602447e-15
0.005,-0.029427254572717,-1.0198008266427937e-14
0.005,-0.03356998002998923,1.5695943882619277e-14
0.005,-0.03812697803298759,-2.2380673459810016e-15
0.005,-0.04313967583628653,1.3564229414280591e-14
0.005,-0.04865364341991496,5.393205994152484e-15
0.005,-0.05471900776190686,-2.0390488545994055e-15
0.005,-0.06139090853809759,-1.8760089153622004e-15
0.005,-0.06872999939190716,-6.793361060392241e-16
0.005,-0.0768029993310978,-7.898152685217437e-15
0.005,-0.08568329926420803,-2.1644661544168757e-14
0.005,-0.09545162919062877,5.665894214156991e-15
0.005,-0.10619679210969135,2.464939145919551e-14
0.005,-0.11801647132066073,-2.1377334447637076e-14
0.005,-0.13001647132066063,-1.861441360356027e-14
0.005,-0.14201647132066053,-1.531519603555446e-14
0.005,-0.15401647132066043,1.2520468246279414e-14
0.005,-0.16601647132066089,3.3083158740600486e-16
0.005,-0.17801647132066023,1.8914599757387997e-14
0.005,-0.19001647132066068,1.9236079556338494e-15
0.005,-0.20201647132066047,-6.2232115367554515e-15
0.005,-0.21401647132066048,-9.052944840033583e-15
0.005,-0.22601647132066094,-1.6012854586077084e-14
0.005,-0.23801647132066028,6.357000577440945e-16
0.005,-0.25001647132066074,-1.1916652643154099e-14
0.005,-0.2620164713206605,-2.6691652464042674e-16
0.005,-0.27401647132066054,-7.43794839793745e-15
0.005,-0.2860164713206603,-2.6940194049582003e-14
0.005,-0.2980164713206601,-3.2901493448019194e-14
0.005,-0.31001647132066057,-8.971740140037185e-14
0.005,-0.3220164713206606,-1.8173750393220606e-13
0.005,-0.33401647132066037,-3.737918603736004e-13
0.005,-0.3460164713206608,-8.046370802837415e-13
0.005,-0.35801647132066017,-1.67567264844442e-12
0.005,-0.3700164713206606,-3.446605289550239e-12
0.005,-0.38201647132066063,-7.2490083888289e-12
0.005,-0.3940164713206604,-1.5187082034708463e-11
0.005,-0.4060164713206609,-3.173837499198574e-11
0.005,-0.4180164713206609,-6.639588369001942e-11
0.005,-0.4300164713206607,-1.3900039418811425e-10
0.005,-0.44201647132066113,-2.9101761488259186e-10
0.005,-0.4540164713206605,-6.094102756880339e-10
0.005,-0.46601647132066093,-1.276697296600701e-9
0.005,-0.4780164713206607,-2.6754216693942197e-9
0.005,-0.49001647132066073,-5.608262606516602e-9
0.005,-0.5020164713206612,-1.1758796834599573e-8
0.005,-0.514016471320661,-2.4659425801474836e-8
0.005,-0.526016471320661,-5.171968458337484e-8
0.005,-0.5380164713206614,-1.0847790908362411e-7
0.005,-0.5500164713206606,-2.2749834616139914e-7
0.005,-0.562016471320661,-4.769533649263624e-7
0.005,-0.574016471320661,-9.993036878911333e-7
0.005,-0.5860164713206608,-2.0913897533723718e-6
0.005,-0.5980164713206613,-4.36889476148048e-6
0.005,-0.6100164713206613,-9.09967747370287e-6
0.005,-0.6220164713206611,-1.8865679448716172e-5
0.005,-0.6340164713206615,-3.883578342616527e-5
0.005,-0.6460164713206609,-7.909323052292454e-5
0.005,-0.6580164713206613,-0.00015856573110809363
0.005,-0.6700164713206613,-0.0003108676621561327
0.005,-0.6820164713206611,-0.0005913203648310506
0.005,-0.6940164713206616,-0.0010825654058722013
0.005,-0.7060164713206614,-0.0018953584141686531
0.005,-0.7180164713206614,-0.0031645485524303568
0.005,-0.7300164713206612,-0.005046974354326923
0.005,-0.7420164713206612,-0.007730114908050964
0.005,-0.7540164713206616,-0.011454011955816789
0.005,-0.7660164713206614,-0.016542168416948066
0.005,-0.7780164713206614,-0.023436860279121747
0.005,-0.7900164713206619,-0.03273776862290571
0.005,-0.8020164713206617,-0.04524487176923864
0.005,-0.8140164713206617,-0.062005706823944885
0.005,-0.8260164713206615,-0.0843643374014312
0.005,-0.8380164713206613,-0.11400572710140136
0.005,-0.8500164713206617,-0.15298551039624536
0.005,-0.8620164713206617,-0.20373141943244633
0.005,-0.8740164713206615,-0.26899630665361485
0.005,-0.886016471320662,-0.35172841961220036
0.005,-0.898016471320662,-0.4548049111376986
0.005,-0.9100164713206618,-0.5805776966092496
0.005,-0.9220164713206618,-0.7302414827301181
0.005,-0.9340164713206616,-0.9031329744171425
0.005,-0.946016471320662,-1.0961360317897222
0.005,-0.958016471320662,-1.3033533526461811
0.005,-0.9700164713206618,-1.516128871330152
0.005,-0.9820164713206623,-1.7234241441296998
0.005,-0.9940164713206621,-1.9125203518751352
0.005,-1.006016471320662,-2.0700485626590144
0.005,-1.0180164713206619,-2.183407713692629
0.005,-1.0300164713206619,-2.2426374764334303
0.005,-1.0420164713206623,-2.242669817773761
0.005,-1.0540164713206621,-2.1854832913360918
0.005,-1.0660164713206621,-2.0810646666220833
0.005,-1.0780164713206626,-1.9457963009839276
0.005,-1.0900164713206624,-1.7980105562278657
0.005,-1.1020164713206622,-1.652860101713328
0.005,-1.1140164713206622,-1.519561040766818
0.005,-1.126016471320662,-1.401833199453699
0.005,-1.1380164713206624,-1.299904507572758
0.005,-1.1500164713206624,-1.212361885045007
0.005,-1.1620164713206622,-1.1372712489640682
0.005,-1.1740164713206627,-1.0727061445898787
0.005,-1.1860164713206627,-1.0169483833247606
0.005,-1.1980164713206625,-0.9685377828141839
0.005,-1.1899835286793377,-0.9200646563173823
0.005,-1.1779835286793376,-0.8779420888648328
0.005,-1.1659835286793372,-0.8405555417959596
0.005,-1.1539835286793374,-0.8061656949518581
0.005,-1.1419835286793374,-0.7736558495274148
0.005,-1.129983528679337,-0.742062394173549
0.005,-1.1179835286793376,-0.7104879327020249
0.005,-1.1059835286793371,-0.678083189663923
0.005,-1.0939835286793378,-0.6440687123440664
0.005,-1.0819835286793373,-0.6077910282149968
0.005,-1.0699835286793382,-0.5688057763070374
0.005,-1.0579835286793378,-0.5269699576327883
0.005,-1.0459835286793384,-0.4825143850463103
0.005,-1.033983528679338,-0.4360643807708792
0.005,-1.0219835286793386,-0.38858807566992226
0.005,-1.0099835286793382,-0.34127519798338884
0.005,-0.9979835286793388,-0.2953739985703371
0.005,-0.9859835286793384,-0.25202736278473514
0.005,-0.973983528679339,-0.21214570904613927
0.005,-0.9619835286793386,-0.17633801310040495
0.005,-0.9499835286793392,-0.1449024684439497
0.005,-0.9379835286793388,-0.11786318985053013
0.005,-0.9259835286793394,-0.09503274882571529
0.005,-0.913983528679339,-0.07608138513477615
0.005,-0.9019835286793397,-0.06059914265863562
0.005,-0.8899835286793393,-0.04814330448905709
0.005,-0.8779835286793399,-0.038267588570815164
0.005,-0.8659835286793395,-0.030530161166478727
0.005,-0.8539835286793402,-0.024478772226591113
0.005,-0.8419835286793398,-0.019639884921280965
0.005,-0.8299835286793404,-0.015598483848296905
0.005,-0.81798352867934,-0.012134194140443429
0.005,-0.8059835286793406,-0.009195711462627059
0.005,-0.7939835286793402,-0.0067717342331173385
0.005,-0.7819835286793408,-0.004831846849092581
0.005,-0.7699835286793404,-0.0033277041268304415
0.005,-0.757983528679341,-0.002203089653355666
0.005,-0.7459835286793406,-0.0013979744838663452
0.005,-0.7339835286793412,-0.0008496882566822075
0.005,-0.7219835286793408,-0.000495716011480156
0.005,-0.7099835286793416,-0.0002788475206764262
0.005,-0.6979835286793411,-0.00015211198667134236
0.005,-0.6859835286793418,-8.093348331518729e-5
0.005,-0.6739835286793413,-4.2196994263988795e-5
0.005,-0.661983528679342,-2.1611251787822248e-5
0.005,-0.6499835286793415,-1.0855051477663683e-5
0.005,-0.6379835286793422,-5.293802717466139e-6
0.005,-0.6259835286793417,-2.4277703843851044e-6
0.005,-0.6139835286793425,-9.390619883721468e-7
0.005,-0.601983528679342,-1.4370895086299503e-7
0.005,-0.5899835286793427,3.097565307836148e-7
0.005,-0.5779835286793422,6.012353182441942e-7
0.005,-0.5659835286793429,8.232458605871498e-7
0.005,-0.5539835286793424,1.0243554154343513e-6
0.005,-0.5419835286793431,1.2313918500493342e-6
0.005,-0.5299835286793426,1.4607625255674544e-6
0.005,-0.5179835286793434,1.724244196439776e-6
0.005,-0.5059835286793429,2.031997296266623e-6
0.005,-0.4939835286793436,2.3942070229070987e-6
0.005,-0.48198352867934313,2.822064960374372e-6
0.005,-0.4699835286793438,3.3284542191761244e-6
0.005,-0.45798352867934333,3.92852809267854e-6
0.005,-0.445983528679344,4.640284516650522e-6
0.005,-0.43398352867934353,5.485197570355878e-6
0.005,-0.4219835286793443,6.488950469461389e-6
0.005,-0.40998352867934384,7.682306216587963e-6
0.005,-0.3979835286793445,9.102153006224925e-6
0.005,-0.38598352867934405,1.0792767043101689e-5
0.005,-0.3739835286793447,1.2807340920364972e-5
0.005,-0.36198352867934425,1.520983692356659e-5
0.005,-0.3499835286793449,1.807723773577654e-5
0.005,-0.33798352867934445,2.1502281091806547e-5
0.005,-0.3259835286793452,2.5596787818688395e-5
0.005,-0.31398352867934476,3.0495714244463353e-5
0.005,-0.3019835286793454,3.6362091145042795e-5
0.005,-0.28998352867934496,4.3393049038536194e-5
0.005,-0.2779835286793456,5.182717384140002e-5
0.005,-0.26598352867934516,6.195349233063361e-5
0.005,-0.2539835286793458,7.41224558384974e-5
0.005,-0.24198352867934536,8.875937162584656e-5
0.005,-0.22998352867934602,0.00010638083209610125
0.005,-0.21798352867934556,0.0001276148116270963
0.005,-0.20598352867934633,0.00015322524424498282
0.005,-0.19398352867934587,0.0001841420633377396
0.005,-0.18198352867934653,0.00022149788122933267
0.005,-0.16998352867934607,0.0002666727051745963
0.005,-0.15798352867934673,0.00032134832914676963
0.005,-0.14598352867934627,0.00038757429024920457
0.005,-0.13398352867934693,0.00046784751165500533
0.005,-0.12198352867934648,0.000565207934231344
0.005,-0.10998352867934713,0.0006833524949462906
0.005,-0.09798352867934668,0.0008267696420997525
0.005,-0.08598352867934733,0.0010008960302452445
0.005,-0.07398352867934688,0.0012122958921458498
0.005,-0.061983528679347755,0.0014688615493426858
0.005,-0.0499835286793473,0.0017800302257198882
0.005,-0.037983528679347955,0.0021570073633505244
0.005,-0.0259835286793475,0.0026129796345753364
0.005,-0.013983528679348156,0.003163291656767487
0.005,-0.0019835286793477014,0.0038255494064171574
0.005,0.010016471320651643,0.004619601805466265
0.005,0.022016471320652098,0.005567342641904529
0.005,0.03401647132065144,0.006692272329149554
0.005,0.0460164713206519,0.008018768923579668
0.005,0.05801647132065124,0.00957104627048138
0.005,0.0700164713206517,0.011371827343903872
0.005,0.08201647132065104,0.013440829387224983
0.005,0.0940164713206515,0.01579323133358203
0.005,0.10601647132065084,0.01843835121016064
0.005,0.1180164713206513,0.02137877732909279
0.005,0.13001647132065042,0.024610156215717608
0.005,0.14201647132065087,0.028121745383234694
0.005,0.15401647132065022,0.03189771392825223
0.005,0.16601647132065067,0.03591905364131252
0.005,0.17801647132065002,0.040165878685245515
0.005,0.19001647132065047,0.04461985655143626
0.005,0.20201647132065093,0.049266520845004165
0.005,0.21401647132065027,0.05409724903466526
0.005,0.22601647132064961,0.05911072650863091
0.005,0.23801647132065007,0.06431375150360094
0.005,0.2500164713206505,0.06972126467162158
0.005,0.26201647132064987,0.07535552142263643
0.005,0.2740164713206492,0.08124437475273055
0.005,0.28601647132064967,0.08741870373449454
0.005,0.2980164713206501,0.09390909844878181
0.005,0.31001647132064947,0.10074197474158098
0.005,0.3220164713206488,0.10793531780750215
0.005,0.33401647132064927,0.11549422835368323
0.005,0.3460164713206497,0.12340637543399646
0.005,0.35801647132064884,0.13163737275906826
0.005,0.3700164713206482,0.1401260271377863
0.005,0.38201647132064864,0.14877939274425508
0.005,0.3940164713206491,0.15746762951414273
0.005,0.40601647132064844,0.16601883272021223
0.005,0.4180164713206478,0.17421430842760427
0.005,0.43001647132064824,0.1817852708236447
0.005,0.4420164713206487,0.1884127035824269
0.005,0.45401647132064804,0.19373321006638014
0.005,0.4660164713206474,0.19735499979562265
0.005,0.47801647132064784,0.1988892725730933
0.005,0.4900164713206483,0.19800192865001287
0.005,0.5020164713206476,0.1944863394751888
0.005,0.514016471320647,0.1883468547030931
0.005,0.5260164713206474,0.17986470693269463
0.005,0.5380164713206479,0.16960286217081866
0.005,0.550016471320647,0.15831637894895362
0.005,0.5620164713206464,0.14678445511135693
0.005,0.5740164713206468,0.13563987073006986
0.005,0.5860164713206473,0.12527805318712884
0.005,0.5980164713206466,0.1158672467985704
0.005,0.610016471320646,0.10741767783516432
0.005,0.6220164713206464,0.09985614463354404
0.005,0.6340164713206469,0.09307865401945668
0.005,0.6460164713206462,0.08697901233713853
0.005,0.6580164713206456,0.08146113386837218
0.005,0.670016471320646,0.07644268267531046
0.005,0.6820164713206465,0.07185483957766815
0.005,0.6940164713206458,0.06764065406934619
0.005,0.7060164713206452,0.06375308857412933
0.005,0.7180164713206456,0.06015319349545889
0.005,0.7300164713206461,0.05680848414078095
0.005,0.7420164713206454,0.05369186485461981
0.005,0.7540164713206445,0.050780464522569284
0.005,0.766016471320645,0.0480547537226331
0.005,0.7780164713206454,0.045498009264400986
0.005,0.7900164713206448,0.0430957845822847
0.005,0.797983528679356,0.04083369598737319
0.005,0.7859835286793555,0.03869553371027538
0.005,0.773983528679355,0.036684025849024235
0.005,0.7619835286793557,0.03478624467350968
0.005,0.7499835286793564,0.0329935872955125
0.005,0.7379835286793559,0.031298727316060225
0.005,0.7259835286793554,0.029695165073483423
0.005,0.7139835286793562,0.028176989714470642
0.005,0.7019835286793569,0.026738924731498095
0.005,0.6899835286793564,0.025376081296270322
0.005,0.677983528679356,0.024083938301538807
0.005,0.6659835286793566,0.022858311294847295
0.005,0.6539835286793574,0.02169530510940447
0.005,0.6419835286793569,0.020591277654023955
0.005,0.6299835286793565,0.019542809132842308
0.005,0.6179835286793571,0.018546675178489288
0.005,0.6059835286793578,0.017599822963264202
0.005,0.5939835286793573,0.01669934960947209
0.005,0.5819835286793569,0.015842482387568118
0.005,0.5699835286793575,0.015026560329256634
0.005,0.5579835286793582,0.014249017011274076
0.005,0.5459835286793577,0.013507364405153769
0.005,0.5339835286793573,0.012799177855682348
0.005,0.5219835286793579,0.012122082457673733
0.005,0.5099835286793587,0.01147374136995227
0.005,0.49798352867935824,0.010851846945887438
0.005,0.4859835286793578,0.010254115983395441
0.005,0.47398352867935845,0.009678290886565858
0.005,0.46198352867935916,0.009122149055071908
0.005,0.4499835286793587,0.008583523271791767
0.005,0.43798352867935825,0.008060336086931446
0.005,0.4259835286793589,0.0075506509429032215
0.005,0.4139835286793596,0.007052741724295289
0.005,0.40198352867935916,0.006565180217248137
0.005,0.3899835286793587,0.006086937412088595
0.005,0.37798352867935936,0.005617489805701003
0.005,0.36598352867936,0.005156916535012537
0.005,0.35398352867935956,0.0047059686475309495
0.005,0.3419835286793591,0.0042660899425205736
0.005,0.3299835286793598,0.003839371420398441
0.005,0.31798352867936047,0.0034284294235563725
0.005,0.30598352867936,0.003036210350942264
0.005,0.2939835286793596,0.002665739770724272
0.005,0.2819835286793603,0.0023198468529842496
0.005,0.26998352867936093,0.0020009022682805975
0.005,0.2579835286793605,0.001710606542223
0.005,0.24598352867936002,0.0014498564095021841
0.005,0.23398352867936068,0.0012187016836542625
0.005,0.22198352867936144,0.0010163888191643967
0.005,0.209983528679361,0.0008414738981174989
0.005,0.19798352867936053,0.0006919799671032205
0.005,0.1859835286793612,0.0005655721279761164
0.005,0.17398352867936184,0.0004597273844734696
0.005,0.1619835286793614,0.0003718828165757122
0.005,0.14998352867936093,0.00029955299159169197
0.005,0.1379835286793616,0.0002404139729161235
0.005,0.12598352867936236,0.0001923559956763948
0.005,0.1139835286793619,0.00015350966943804503
0.005,0.10198352867936145,0.00012225171362908603
0.005,0.0899835286793621,9.7196201824346e-5
0.005,0.07798352867936276,7.717656265072103e-5
0.005,0.0659835286793623,6.122254255971553e-5
0.005,0.05398352867936185,4.853525022862013e-5
0.005,0.0419835286793625,3.846242511939352e-5
0.005,0.03148764650952218,3.137915865156125e-5
0.005,0.023615734882141637,2.693823152982061e-5
0.005,0.01574382325476109,2.3126618806353433e-5
0.005,0.007871911627380546,1.9855965520703206e-5
0.005,0.0,1.7049970125467124e-5
0.01,-0.0011999999999999789,2.2038200028436645e-15
0.01,-0.0025200000000000777,3.0242498383240214e-15
0.01,-0.0039719999999999756,-9.575479988178839e-15
0.01,-0.00556919999999983,-6.535272285889418e-15
0.01,-0.0073261200000001026,1.1091997274502372e-14
0.01,-0.009258732000000047,-1.6741536494158713e-14
0.01,-0.01138460519999962,1.5801978972489104e-15
0.01,-0.01372306572000015,1.0359597171845336e-15
0.01,-0.01629537229199962,1.4106276709236607e-14
0.01,-0.01912490952119983,1.849208809492e-14
0.01,-0.022237400473320013,2.2048073836870148e-14
0.01,-0.025661140520651826,1.488660612832985e-14
0.01,-0.029427254572717,-3.0177288754639974e-15
0.01,-0.03356998002998923,1.1367732040252593e-14
0.01,-0.03812697803298759,-3.1882502807860806e-15
0.01,-0.04313967583628653,-6.273781112419206e-15
0.01,-0.04865364341991496,-1.1103754201977301e-14
0.01,-0.05471900776190686,-6.2038252671999435e-15
0.01,-0.06139090853809759,1.6116534137302465e-16
0.01,-0.06872999939190716,5.355438948301596e-15
0.01,-0.0768029993310978,-8.898088306774361e-15
0.01,-0.08568329926420803,7.53237399534542e-15
0.01,-0.09545162919062877,-1.051889268215661e-14
0.01,-0.10619679210969135,-2.272237947957852e-14
0.01,-0.11801647132066073,1.9407132229650336e-14
0.01,-0.13001647132066063,-1.9327190397278252e-14
0.01,-0.14201647132066053,-6.292961641640968e-15
0.01,-0.15401647132066043,9.122043489303315e-15
0.01,-0.16601647132066089,5.852952958817867e-15
0.01,-0.17801647132066023,-1.818629115917216e-15
0.01,-0.19001647132066068,-9.054856724279545e-15
0.01,-0.20201647132066047,2.290499141500478e-15
0.01,-0.21401647132066048,-1.3270661505123368e-14
0.01,-0.22601647132066094,1.592642311080697e-16
0.01,-0.23801647132066028,2.298718294224055e-14
0.01,-0.25001647132066074,-4.663772927865937e-15
0.01,-0.2620164713206605,1.292792401755386e-15
0.01,-0.27401647132066054,-8.666183052171469e-15
0.01,-0.2860164713206603,-2.998406308588609e-14
0.01,-0.2980164713206601,-5.5566169526141786e-14
0.01,-0.31001647132066057,-9.477999153684745e-14
0.01,-0.3220164713206606,-1.8957771923571525e-13
0.01,-0.33401647132066037,-3.8582564246822537e-13
0.01,-0.3460164713206608,-7.963644670050387e-13
0.01,-0.35801647132066017,-1.686275087675981e-12
0.01,-0.3700164713206606,-3.4753844172057996e-12
0.01,-0.38201647132066063,-7.274349321966207e-12
0.01,-0.3940164713206604,-1.5179873339372244e-11
0.01,-0.4060164713206609,-3.174583291220405e-11
0.01,-0.4180164713206609,-6.641225859501718e-11
0.01,-0.4300164713206607,-1.3900448670911671e-10
0.01,-0.44201647132066113,-2.909804926779112e-10
0.01,-0.4540164713206605,-6.093648057781333e-10
0.01,-0.46601647132066093,-1.2766305909724895e-9
0.01,-0.4780164713206607,-2.6753096583257067e-9
0.01,-0.49001647132066073,-5.608006787033784e-9
0.01,-0.5020164713206612,-1.175826320174769e-8
0.01,-0.514016471320661,-2.4658265144464642e-8
0.01,-0.526016471320661,-5.171727346356464e-8
0.01,-0.5380164713206614,-1.0847287622915047e-7
0.01,-0.5500164713206606,-2.2748776538984583e-7
0.01,-0.562016471320661,-4.769312813338146e-7
0.01,-0.574016471320661,-9.992576370154434e-7
0.01,-0.5860164713206608,-2.0912940340626524e-6
0.01,-0.5980164713206613,-4.368697466978286e-6
0.01,-0.6100164713206613,-9.099276938210442e-6
0.01,-0.6220164713206611,-1.8864889968836373e-5
0.01,-0.6340164713206615,-3.883431921429849e-5
0.01,-0.6460164713206609,-7.909086955361545e-5
0.01,-0.6580164713206613,-0.00015856330047289103
0.01,-0.6700164713206613,-0.0003108709194044872
0.01,-0.6820164713206611,-0.0005913521950575622
0.01,-0.6940164713206616,-0.0010826972754531439
0.01,-0.7060164713206614,-0.001895777448039715
0.01,-0.7180164713206614,-0.0031656806515518695
0.01,-0.7300164713206612,-0.005049697570150467
0.01,-0.7420164713206612,-0.007736141447031242
0.01,-0.7540164713206616,-0.011466600478227404
0.01,-0.7660164713206614,-0.016567458598467436
0.01,-0.7780164713206614,-0.023486341054362224
0.01,-0.7900164713206619,-0.032832781591880654
0.01,-0.8020164713206617,-0.04542472874187035
0.01,-0.8140164713206617,-0.06234213188558771
0.01,-0.8260164713206615,-0.08498675273028519
0.01,-0.8380164713206613,-0.11514461217903736
0.01,-0.8500164713206617,-0.15504464180207092
0.01,-0.8620164713206617,-0.20740325657923622
0.01,-0.8740164713206615,-0.27543541377553454
0.01,-0.886016471320662,-0.36279280427165334
0.01,-0.898016471320662,-0.4733669736235667
0.01,-0.9100164713206618,-0.6109008748037568
0.01,-0.9220164713206618,-0.7784101747846363
0.01,-0.9340164713206616,-0.9775010906401331
0.01,-0.946016471320662,-1.2077325634823242
0.01,-0.958016471320662,-1.4661702472143157
0.01,-0.9700164713206618,-1.7472145055450732
0.01,-0.9820164713206623,-2.042688686413394
0.01,-0.9940164713206621,-2.342101412185659
0.01,-1.006016471320662,-2.632984396980193
0.01,-1.0180164713206619,-2.9012570515424323
0.01,-1.0300164713206619,-3.13166274648858
0.01,-1.0420164713206623,-3.3084459160089725
0.01,-1.0540164713206621,-3.416588953372507
0.01,-1.0660164713206621,-3.4440594695480544
0.01,-1.0780164713206626,-3.3854151511425643
0.01,-1.0900164713206624,-3.246218365700323
0.01,-1.1020164713206622,-3.045587633975501
0.01,-1.1140164713206622,-2.812713736315764
0.01,-1.126016471320662,-2.576928626388005
0.01,-1.1380164713206624,-2.3583109610534048
0.01,-1.1500164713206624,-2.165535895944072
0.01,-1.1620164713206622,-1.9994777870829978
0.01,-1.1740164713206627,-1.8574861443292066
0.01,-1.1860164713206627,-1.7359700675184362
0.01,-1.1980164713206625,-1.6314938781340347
0.01,-1.1899835286793377,-1.525191157777277
0.01,-1.1779835286793376,-1.4347161481148245
0.01,-1.1659835286793372,-1.3555738785045062
0.01,-1.1539835286793374,-1.2834075616353253
0.01,-1.1419835286793374,-1.2157023912675387
0.01,-1.129983528679337,-1.1504736105467186
0.01,-1.1179835286793376,-1.0860321177131735
0.01,-1.1059835286793371,-1.0209411781196704
0.01,-1.0939835286793378,-0.9540579695516801
0.01,-1.0819835286793373,-0.884622359963641
0.01,-1.0699835286793382,-0.8123583440333354
0.01,-1.0579835286793378,-0.73754742666898
0.01,-1.0459835286793384,-0.6610350377145566
0.01,-1.033983528679338,-0.5841473969647041
0.01,-1.0219835286793386,-0.508523530542737
0.01,-1.0099835286793382,-0.4358942984248466
0.01,-0.9979835286793388,-0.3678560611343187
0.01,-0.9859835286793384,-0.30568580794754924
0.01,-0.973983528679339,-0.25022945507352895
0.01,-0.9619835286793386,-0.20187279283621562
0.01,-0.9499835286793392,-0.16058363470334142
0.01,-0.9379835286793388,-0.12600043752035858
0.01,-0.9259835286793394,-0.097539282463879
0.01,-0.913983528679339,-0.07449583332776076
0.01,-0.9019835286793397,-0.056127718700711975
0.01,-0.8899835286793393,-0.041711836282630095
0.01,-0.8779835286793399,-0.030577998579898177
0.01,-0.8659835286793395,-0.022124386900797103
0.01,-0.8539835286793402,-0.015821648811808562
0.01,-0.8419835286793398,-0.011211691952952013
0.01,-0.8299835286793404,-0.007905020395527568
0.01,-0.81798352867934,-0.00557783073696954
0.01,-0.8059835286793406,-0.003968081624535892
0.01,-0.7939835286793402,-0.0028688549207698103
0.01,-0.7819835286793408,-0.002117384969362737
0.01,-0.7699835286793404,-0.0015812570596348387
0.01,-0.757983528679341,-0.0011572485820451745
0.01,-0.7459835286793406,-0.000797469096350039
0.01,-0.7339835286793412,-0.0005093339903236958
0.01,-0.7219835286793408,-0.000304554777943626
0.01,-0.7099835286793416,-0.00017340536117673935
0.01,-0.6979835286793411,-9.528994306293866e-5
0.01,-0.6859835286793418,-5.0977898491978847e-5
0.01,-0.6739835286793413,-2.6670041267692663e-5
0.01,-0.661983528679342,-1.3642769202907487e-5
0.01,-0.6499835286793415,-6.7671262470677635e-6
0.01,-0.6379835286793422,-3.1643960879248715e-6
0.01,-0.6259835286793417,-1.2690840850496775e-6
0.01,-0.6139835286793425,-2.482686830116239e-7
0.01,-0.601983528679342,3.348203364848245e-7
0.01,-0.5899835286793427,7.0750763159516e-7
0.01,-0.5779835286793422,9.883242911713241e-7
0.01,-0.5659835286793429,1.2402001059371302e-6
0.01,-0.5539835286793424,1.498206749949241e-6
0.01,-0.5419835286793431,1.7839325076953796e-6
0.01,-0.5299835286793426,2.112941253256175e-6
0.01,-0.5179835286793434,2.498709325103583e-6
0.01,-0.5059835286793429,2.9548014834744465e-6
0.01,-0.4939835286793436,3.496194059983589e-6
0.01,-0.48198352867934313,4.140218162304795e-6
0.01,-0.4699835286793438,4.907370648541183e-6
0.01,-0.45798352867934333,5.822131334263454e-6
0.01,-0.445983528679344,6.9138719516927124e-6
0.01,-0.43398352867934353,8.217917107870514e-6
0.01,-0.4219835286793443,9.776812563234901e-6
0.01,-0.40998352867934384,1.1641857678975498e-5
0.01,-0.3979835286793445,1.3874963364751451e-5
0.01,-0.38598352867934405,1.6550913271066166e-5
0.01,-0.3739835286793447,1.9760117433221066e-5
0.01,-0.36198352867934425,2.3611970856031732e-5
0.01,-0.3499835286793449,2.8238953039154464e-5
0.01,-0.33798352867934445,3.3801636296127736e-5
0.01,-0.3259835286793452,4.049480915179599e-5
0.01,-0.31398352867934476,4.8554967672413454e-5
0.01,-0.3019835286793454,5.826948690953909e-5
0.01,-0.28998352867934496,6.998785438014938e-5
0.01,-0.2779835286793456,8.413543468955142e-5
0.01,-0.26598352867934516,0.00010123033993555015
0.01,-0.2539835286793458,0.00012190410711011715
0.01,-0.24198352867934536,0.0001469270359796952
0.01,-0.22998352867934602,0.00017723922231012865
0.01,-0.21798352867934556,0.00021398852987698642
0.01,-0.20598352867934633,0.00025857698820211074
0.01,-0.19398352867934587,0.0003127173683891177
0.01,-0.18198352867934653,0.0003785019738371716
0.01,-0.16998352867934607,0.0004584859605431654
0.01,-0.15798352867934673,0.0005557877386694987
0.01,-0.14598352867934627,0.0006742091324085015
0.01,-0.13398352867934693,0.0008183778968523797
0.01,-0.12198352867934648,0.0009939147455642415
0.01,-0.10998352867934713,0.0012076260104194108
0.01,-0.09798352867934668,0.001467721128038807
0.01,-0.08598352867934733,0.0017840509208604347
0.01,-0.07398352867934688,0.002168357651231328
0.01,-0.061983528679347755,0.0026345206052282195
0.01,-0.0499835286793473,0.00319877121356816
0.01,-0.037983528679347955,0.0038798396140119307
0.01,-0.0259835286793475,0.004698981188391518
0.01,-0.013983528679348156,0.0056798195614534315
0.01,-0.0019835286793477014,0.00684793637380892
0.01,0.010016471320651643,0.008230144337404233
0.01,0.022016471320652098,0.009853405910321493
0.01,0.03401647132065144,0.011743410550263992
0.01,0.0460164713206519,0.01392289761763533
0.01,0.05801647132065124,0.016409897614244558
0.01,0.0700164713206517,0.01921613818484169
0.01,0.08201647132065104,0.02234589432421211
0.01,0.0940164713206515,0.025795532738434792
0.01,0.10601647132065084,0.02955390686450826
0.01,0.1180164713206513,0.033603625572274386
0.01,0.13001647132065042,0.037923085458171676
0.01,0.14201647132065087,0.042489062034481634
0.01,0.15401647132065022,0.047279617703318684
0.01,0.16601647132065067,0.05227709764131916
0.01,0.17801647132065002,0.057471023945233096
0.01,0.19001647132065047,0.06286073461390666
0.01,0.20201647132065093,0.06845762671938564
0.01,0.21401647132065027,0.074286848565114
0.01,0.22601647132064961,0.08038825846171598
0.01,0.23801647132065007,0.08681645747193034
0.01,0.2500164713206505,0.09363974404678077
0.01,0.26201647132064987,0.10093795201952478
0.01,0.2740164713206492,0.10879931162143726
0.01,0.28601647132064967,0.11731666634302658
0.01,0.2980164713206501,0.12658350732780574
0.01,0.31001647132064947,0.13669028335172984
0.01,0.3220164713206488,0.1477212987835915
0.01,0.33401647132064927,0.1597522860400276
0.01,0.3460164713206497,0.17284852660894667
0.01,0.35801647132064884,0.18706326320223385
0.01,0.3700164713206482,0.20243610763535394
0.01,0.38201647132064864,0.21899117543620764
0.01,0.3940164713206491,0.2367347283480993
0.01,0.40601647132064844,0.25565214945896403
0.01,0.4180164713206478,0.2757040983289069
0.01,0.43001647132064824,0.29682169318596846
0.01,0.4420164713206487,0.31890054908898974
0.01,0.45401647132064804,0.34179347455035114
0.01,0.4660164713206474,0.365301610064904
0.01,0.47801647132064784,0.3891638076527104
0.01,0.4900164713206483,0.413044151496878
0.01,0.5020164713206476,0.4365177995319407
0.01,0.514016471320647,0.45905595107436137
0.01,0.5260164713206474,0.48001199444418535
0.01,0.5380164713206479,0.4986131732617013
0.01,0.550016471320647,0.5139658979839904
0.01,0.5620164713206464,0.5250882352014491
0.01,0.5740164713206468,0.5309887243024398
0.01,0.5860164713206473,0.5308112717011626
0.01,0.5980164713206466,0.5240502215217414
0.01,0.610016471320646,0.5107947427043095
0.01,0.6220164713206464,0.4918938964027202
0.01,0.6340164713206469,0.46890020862967435
0.01,0.6460164713206462,0.4437354222101682
0.01,0.6580164713206456,0.4182137771329355
0.01,0.670016471320646,0.39367429626869843
0.01,0.6820164713206465,0.37087348534165154
0.01,0.6940164713206458,0.3500914785635651
0.01,0.7060164713206452,0.33131157642722087
0.01,0.7180164713206456,0.31437229093551383
0.01,0.7300164713206461,0.2990622533124571
0.01,0.7420164713206454,0.2851694382273609
0.01,0.7540164713206445,0.2725021579229572
0.01,0.766016471320645,0.26089335878795183
0.01,0.7780164713206454,0.25020152284843605
0.01,0.7900164713206448,0.24030775749724184
0.01,0.797983528679356,0.23099771744719366
0.01,0.7859835286793555,0.22184902458391018
0.01,0.773983528679355,0.21358027694307138
0.01,0.7619835286793557,0.2058725939283742
0.01,0.7499835286793564,0.19862207958909875
0.01,0.7379835286793559,0.19176335297006766
0.01,0.7259835286793554,0.18524729437013723
0.01,0.7139835286793562,0.17903361207984558
0.01,0.7019835286793569,0.17308939487415542
0.01,0.6899835286793564,0.1673853940478231
0.01,0.677983528679356,0.16189573507666752
0.01,0.6659835286793566,0.15659716281297192
0.01,0.6539835286793574,0.1514684926363653
0.01,0.6419835286793569,0.146490239032103
0.01,0.6299835286793565,0.14164436552127976
0.01,0.6179835286793571,0.1369141314674382
0.01,0.6059835286793578,0.13228402077515866
0.01,0.5939835286793573,0.12773974078764513
0.01,0.5819835286793569,0.12326827941071689
0.01,0.5699835286793575,0.1188580058075724
0.01,0.5579835286793582,0.1144987959321771
0.01,0.5459835286793577,0.11018215993016296
0.01,0.5339835286793573,0.10590134552522507
0.01,0.5219835286793579,0.10165139148172374
0.01,0.5099835286793587,0.09742910934403559
0.01,0.49798352867935824,0.09323298036779042
0.01,0.4859835286793578,0.08906296723066255
0.01,0.47398352867935845,0.08492025488197609
0.01,0.46198352867935916,0.08080694901838925
0.01,0.4499835286793587,0.07672577116115381
0.01,0.43798352867935825,0.07267979368807974
0.01,0.4259835286793589,0.06867225518012747
0.01,0.4139835286793596,0.0647064863646464
0.01,0.40198352867935916,0.06078596153018043
0.01,0.3899835286793587,0.05691447228131105
0.01,0.37798352867935936,0.05309640287049511
0.01,0.36598352867936,0.04933707156955213
0.01,0.35398352867935956,0.04564309209819006
0.01,0.3419835286793591,0.04202270339616174
0.01,0.3299835286793598,0.03848601458000167
0.01,0.31798352867936047,0.035045114153991926
0.01,0.30598352867936,0.03171399828149712
0.01,0.2939835286793596,0.028508282888193834
0.01,0.2819835286793603,0.025444680117689703
0.01,0.26998352867936093,0.022540242901300103
0.01,0.2579835286793605,0.019811412652712017
0.01,0.24598352867936002,0.017272942034746608
0.01,0.23398352867936068,0.014936801004916329
0.01,0.22198352867936144,0.01281119980708103
0.01,0.209983528679361,0.010899866094027641
0.01,0.19798352867936053,0.009201687527768706
0.01,0.1859835286793612,0.007710777228979316
0.01,0.17398352867936184,0.006416949020469626
0.01,0.1619835286793614,0.005306521396725711
0.01,0.14998352867936093,0.004363322182111384
0.01,0.1379835286793616,0.0035697506530935966
0.01,0.12598352867936236,0.002907769817744415
0.01,0.1139835286793619,0.0023597385178347617
0.01,0.10198352867936145,0.0019090372571951434
0.01,0.0899835286793621,0.0015404813227893705
0.01,0.07798352867936276,0.001240543057266095
0.01,0.0659835286793623,0.0009974205128807129
0.01,0.05398352867936185,0.0008009941887508015
0.01,0.0419835286793625,0.0006427106641294015
0.01,0.03148764650952218,0.0005299181321765717
0.01,0.023615734882141637,0.00045846230206205406
0.01,0.01574382325476109,0.00039660739559702497
0.01,0.007871911627380546,0.00034308814431251687
0.01,0.0,0.000296797589504801
0.05,-0.0012000000000000899,8.464055726395432e-15
0.05,-0.0025199999999998557,-1.083636034815771e-14
0.05,-0.003972000000000309,-1.2237255373413272e-15
0.05,-0.005569200000000052,-2.7608452179975594e-15
0.05,-0.0073261199999997695,-9.422406015719097e-16
0.05,-0.009258731999999936,-7.659426215814645e-15
0.05,-0.011384605199999953,-5.632134770694172e-15
0.05,-0.013723065720000038,-1.561325658054893e-14
0.05,-0.016295372292000065,2.757636156873547e-15
0.05,-0.01912490952120005,1.2610223359440218e-14
0.05,-0.022237400473320124,8.121553155986044e-15
0.05,-0.025661140520652048,-1.830993638231456e-14
0.05,-0.02942725457271711,-2.1052166190166313e-14
0.05,-0.0335699800299889,6.875489692876017e-16
0.05,-0.038126978032988035,-9.125863206965924e-15
0.05,-0.04313967583628653,-2.696738431533823e-14
0.05,-0.04865364341991518,-1.2251920652869924e-15
0.05,-0.05471900776190708,2.182589430315898e-16
0.05,-0.06139090853809748,2.4044629183993838e-15
0.05,-0.06872999939190727,1.8858563786543576e-15
0.05,-0.07680299933109824,1.7741437689572873e-14
0.05,-0.08568329926420759,-2.1037244388647012e-14
0.05,-0.09545162919062877,-1.1471047293550287e-14
0.05,-0.10619679210969157,8.667075834724539e-15
0.05,-0.11801647132066084,3.61565043528858e-15
0.05,-0.13001647132066052,6.300428606713798e-15
0.05,-0.14201647132066064,-5.2890589237361646e-15
0.05,-0.15401647132066076,7.938909209296877e-15
0.05,-0.16601647132066044,1.469844742546791e-14
0.05,-0.17801647132066056,1.1937286768438887e-14
0.05,-0.19001647132066068,3.265575613165052e-15
0.05,-0.2020164713206607,2.5685972875431904e-14
0.05,-0.21401647132066093,1.6293614708992243e-14
0.05,-0.22601647132066072,8.582151761395798e-15
0.05,-0.23801647132066073,-1.7584945490372518e-16
0.05,-0.25001647132066074,-1.4019440283875907e-14
0.05,-0.2620164713206605,1.0038349618592663e-15
0.05,-0.27401647132066076,1.3166796109178146e-14
0.05,-0.28601647132066077,-2.038980422303631e-14
0.05,-0.2980164713206608,-4.640700882060576e-14
0.05,-0.310016471320661,-8.957289863324435e-14
0.05,-0.3220164713206608,-1.9185568641947837e-13
0.05,-0.3340164713206608,-3.8133403826269764e-13
0.05,-0.3460164713206608,-7.917709342702129e-13
0.05,-0.3580164713206606,-1.6552287621396604e-12
0.05,-0.37001647132066084,-3.485406030625049e-12
0.05,-0.38201647132066086,-7.26975538244573e-12
0.05,-0.39401647132066087,-1.516652992479789e-11
0.05,-0.4060164713206611,-3.173571016225297e-11
0.05,-0.4180164713206609,-6.640879751733035e-11
0.05,-0.43001647132066134,-1.3895237794826702e-10
0.05,-0.44201647132066113,-2.908540260660893e-10
0.05,-0.4540164713206607,-6.091713398289664e-10
0.05,-0.46601647132066115,-1.276135593304367e-9
0.05,-0.47801647132066094,-2.674266954739128e-9
0.05,-0.49001647132066073,-5.605826272281644e-9
0.05,-0.5020164713206612,-1.1753729239166802e-8
0.05,-0.514016471320661,-2.464875509258774e-8
0.05,-0.5260164713206608,-5.169738684019055e-8
0.05,-0.5380164713206612,-1.0843115550406094e-7
0.05,-0.5500164713206608,-2.2740042569686734e-7
0.05,-0.5620164713206606,-4.767484351135425e-7
0.05,-0.574016471320661,-9.988755262739656e-7
0.05,-0.5860164713206615,-2.090497706005659e-6
0.05,-0.5980164713206613,-4.3670455557584655e-6
0.05,-0.6100164713206611,-9.095878113709843e-6
0.05,-0.6220164713206615,-1.8857997170209444e-5
0.05,-0.6340164713206613,-3.882069638515787e-5
0.05,-0.6460164713206609,-7.90651812507431e-5
0.05,-0.6580164713206613,-0.00015851899186138875
0.05,-0.6700164713206611,-0.0003108076195377258
0.05,-0.6820164713206609,-0.0005913019968637747
0.05,-0.6940164713206614,-0.001082790413322548
0.05,-0.7060164713206611,-0.0018963662671627139
0.05,-0.7180164713206609,-0.0031675297895724652
0.05,-0.7300164713206614,-0.005054270809526289
0.05,-0.742016471320661,-0.007746113526571919
0.05,-0.7540164713206607,-0.011486865729593197
0.05,-0.7660164713206612,-0.016607085269891395
0.05,-0.7780164713206617,-0.02356223648415568
0.05,-0.7900164713206614,-0.03297645816842147
0.05,-0.8020164713206612,-0.04569470186829458
0.05,-0.814016471320661,-0.06284644492570236
0.05,-0.8260164713206606,-0.08592326715646154
0.05,-0.838016471320661,-0.11687099225905051
0.05,-0.8500164713206608,-0.1581938368023352
0.05,-0.8620164713206606,-0.21305973871541634
0.05,-0.8740164713206611,-0.28537966025093103
0.05,-0.8860164713206609,-0.37981382007410436
0.05,-0.8980164713206606,-0.5016483500059433
0.05,-0.9100164713206602,-0.6564984491063258
0.05,-0.92201647132066,-0.8498321732008928
0.05,-0.9340164713206605,-1.0863687764181076
0.05,-0.9460164713206602,-1.3694677979901502
0.05,-0.95801647132066,-1.7006539017640918
0.05,-0.9700164713206605,-2.0793899886068643
0.05,-0.9820164713206603,-2.5031273503809963
0.05,-0.9940164713206598,-2.96757211160278
0.05,-1.0060164713206596,-3.467056590348927
0.05,-1.0180164713206594,-3.994904824274589
0.05,-1.0300164713206599,-4.543714787783429
0.05,-1.0420164713206597,-5.1055190336521274
0.05,-1.0540164713206595,-5.671813482649659
0.05,-1.06601647132066,-6.233456399649062
0.05,-1.0780164713206595,-6.780439191819045
0.05,-1.0900164713206593,-7.301522620936115
0.05,-1.102016471320659,-7.783721655606195
0.05,-1.1140164713206588,-8.21161756235099
0.05,-1.1260164713206593,-8.566496980721727
0.05,-1.138016471320659,-8.825421666124951
0.05,-1.1500164713206587,-8.96067406716791
0.05,-1.162016471320659,-8.940958530389992
0.05,-1.174016471320659,-8.737716988234558
0.05,-1.1860164713206587,-8.341686724889893
0.05,-1.1980164713206585,-7.787773969967792
0.05,-1.1899835286793419,-6.755330803020114
0.05,-1.1779835286793414,-5.954470559621912
0.05,-1.1659835286793416,-5.339342091365467
0.05,-1.1539835286793418,-4.824562292751896
0.05,-1.1419835286793414,-4.372213881668144
0.05,-1.1299835286793416,-3.961689046339163
0.05,-1.117983528679342,-3.5807388758771306
0.05,-1.1059835286793422,-3.221955215840896
0.05,-1.0939835286793425,-2.8811013944939763
0.05,-1.081983528679342,-2.5561792634667184
0.05,-1.0699835286793422,-2.2468151227152653
0.05,-1.0579835286793424,-1.9537880660416818
0.05,-1.045983528679342,-1.6786214607259549
0.05,-1.0339835286793422,-1.4232037754528424
0.05,-1.0219835286793426,-1.1894314288792571
0.05,-1.0099835286793428,-0.9788857080945551
0.05,-0.997983528679343,-0.7925701395756566
0.05,-0.9859835286793426,-0.6307404761402933
0.05,-0.9739835286793429,-0.49285207507304407
0.05,-0.9619835286793431,-0.3776283805394678
0.05,-0.9499835286793427,-0.2832261580131578
0.05,-0.937983528679343,-0.20744966607487583
0.05,-0.9259835286793432,-0.14795735013918998
0.05,-0.9139835286793434,-0.10241497867890044
0.05,-0.9019835286793436,-0.06857603010570854
0.05,-0.8899835286793432,-0.04430530203464894
0.05,-0.8779835286793435,-0.027588819455154436
0.05,-0.8659835286793438,-0.016571351033217756
0.05,-0.8539835286793434,-0.009627513992336023
0.05,-0.8419835286793436,-0.0054324658352126335
0.05,-0.8299835286793438,-0.00299136293712627
0.05,-0.817983528679344,-0.0016147596105766657
0.05,-0.8059835286793443,-0.0008576213936747935
0.05,-0.7939835286793439,-0.0004490551091623006
0.05,-0.7819835286793434,-0.00023160841866704494
0.05,-0.7699835286793437,-0.00011692014211834457
0.05,-0.7579835286793439,-5.667573168951264e-5
0.05,-0.7459835286793435,-2.4952654874059695e-5
0.05,-0.733983528679343,-8.029092383302248e-6
0.05,-0.7219835286793432,1.2909066258393728e-6
0.05,-0.7099835286793434,6.7586738814625585e-6
0.05,-0.6979835286793431,1.0324578021365397e-5
0.05,-0.6859835286793426,1.3003939403556314e-5
0.05,-0.6739835286793429,1.532923231940336e-5
0.05,-0.6619835286793431,1.758475157464353e-5
0.05,-0.6499835286793426,1.9927838871480747e-5
0.05,-0.6379835286793422,2.2451242712329993e-5
0.05,-0.6259835286793425,2.52150573259265e-5
0.05,-0.6139835286793427,2.826291752557995e-5
0.05,-0.6019835286793422,3.1630038796654535e-5
0.05,-0.5899835286793418,3.5346940590029966e-5
0.05,-0.577983528679342,3.944084494270989e-5
0.05,-0.5659835286793423,4.3935700843444984e-5
0.05,-0.5539835286793419,4.885129319736822e-5
0.05,-0.5419835286793414,5.4201632109991254e-5
0.05,-0.5299835286793416,5.9992650460847685e-5
0.05,-0.5179835286793419,6.621918612467285e-5
0.05,-0.5059835286793415,7.286115041686744e-5
0.05,-0.49398352867934103,7.987880278655455e-5
0.05,-0.48198352867934124,8.72070380553729e-5
0.05,-0.46998352867934146,9.474865627242439e-5
0.05,-0.457983528679341,0.00010236671837385533
0.05,-0.44598352867934055,0.00010987632913506855
0.05,-0.43398352867934087,0.00011703667577919258
0.05,-0.4219835286793411,0.0001235450252212497
0.05,-0.4099835286793406,0.00012903597390835584
0.05,-0.39798352867934017,0.0001330920828226379
0.05,-0.3859835286793405,0.00013527686997447078
0.05,-0.3739835286793407,0.00013520870272541174
0.05,-0.36198352867934025,0.0001327028690427215
0.05,-0.3499835286793398,0.00012800743116344202
0.05,-0.33798352867934,0.00012210608289786457
0.05,-0.32598352867934033,0.00011689278899789811
0.05,-0.3139835286793399,0.00011483453778907577
0.05,-0.3019835286793394,0.00011806157877235573
0.05,-0.28998352867933963,0.00012767412576010755
0.05,-0.27798352867933995,0.00014391883382148504
0.05,-0.2659835286793395,0.00016680726348720814
0.05,-0.25398352867933904,0.0001965666479651051
0.05,-0.24198352867933925,0.00023381802353983588
0.05,-0.22998352867933947,0.00027961582056522074
0.05,-0.217983528679339,0.00033545628907966687
0.05,-0.20598352867933856,0.00040329968111832047
0.05,-0.19398352867933877,0.00048561876805616885
0.05,-0.1819835286793392,0.0005854754769006804
0.05,-0.16998352867933875,0.0007066252688714907
0.05,-0.1579835286793383,0.0008536491755872839
0.05,-0.1459835286793385,0.0010321138846846555
0.05,-0.13398352867933871,0.0012487601332863022
0.05,-0.12198352867933826,0.0015117185362562024
0.05,-0.1099835286793378,0.0018307494728320543
0.05,-0.09798352867933802,0.002217499352384006
0.05,-0.08598352867933823,0.002685758978474985
0.05,-0.07398352867933777,0.003251700397845883
0.05,-0.06198352867933732,0.003934056443234764
0.05,-0.04998352867933775,0.004754192798977125
0.05,-0.03798352867933796,0.0057360078547501695
0.05,-0.02598352867933751,0.0069055849897887225
0.05,-0.013983528679337054,0.008290521900603035
0.05,-0.0019835286793372653,0.009918880817695238
0.05,0.010016471320662523,0.01181775020480942
0.05,0.022016471320662978,0.014011485730978088
0.05,0.03401647132066343,0.016519797084280557
0.05,0.04601647132066322,0.019355942513835114
0.05,0.05801647132066301,0.022525347156127182
0.05,0.07001647132066346,0.026024939178596797
0.05,0.08201647132066392,0.029843389555633506
0.05,0.09401647132066349,0.033962276351262886
0.05,0.10601647132066327,0.03835803262882785
0.05,0.11801647132066373,0.04300443716257173
0.05,0.13001647132066418,0.04787539374326495
0.05,0.14201647132066397,0.05294779991226672
0.05,0.15401647132066376,0.05820438619299739
0.05,0.16601647132066422,0.06363647023540354
0.05,0.17801647132066467,0.0692465914204549
0.05,0.19001647132066446,0.07505096347971217
0.05,0.20201647132066403,0.08108161345783772
0.05,0.21401647132066448,0.08738798627078181
0.05,0.22601647132066494,0.09403772094901419
0.05,0.23801647132066472,0.10111629482230998
0.05,0.2500164713206645,0.10872533141645141
0.05,0.26201647132066497,0.11697959456030183
0.05,0.2740164713206654,0.12600300169938614
0.05,0.2860164713206652,0.13592426741528146
0.05,0.298016471320665,0.14687289130658965
0.05,0.31001647132066545,0.15897606135390713
0.05,0.3220164713206659,0.17235672018794584
0.05,0.3340164713206655,0.1871326979652188
0.05,0.34601647132066526,0.20341659269449291
0.05,0.3580164713206657,0.2213160196430488
0.05,0.3700164713206662,0.24093391200476655
0.05,0.38201647132066596,0.26236866380408047
0.05,0.39401647132066575,0.2857140095705675
0.05,0.4060164713206662,0.31105861019486025
0.05,0.41801647132066666,0.33848535854955636
0.05,0.43001647132066645,0.36807043908234977
0.05,0.442016471320666,0.3998821809865817
0.05,0.45401647132066647,0.43397974093528857
0.05,0.4660164713206669,0.4704116423440685
0.05,0.4780164713206667,0.5092141852502181
0.05,0.4900164713206665,0.5504097243810638
0.05,0.502016471320667,0.5940047921964231
0.05,0.5140164713206674,0.6399880174066893
0.05,0.5260164713206672,0.6883277558799921
0.05,0.538016471320667,0.7389693073907748
0.05,0.5500164713206674,0.791831534605654
0.05,0.5620164713206679,0.8468026245855251
0.05,0.5740164713206675,0.9037346298515347
0.05,0.5860164713206673,0.9624362839255096
0.05,0.5980164713206677,1.0226633882821239
0.05,0.6100164713206682,1.0841057904072184
0.05,0.622016471320668,1.1463695859493248
0.05,0.6340164713206677,1.2089526489089981
0.05,0.6460164713206682,1.271210904160608
0.05,0.6580164713206686,1.3323119558666028
0.05,0.6700164713206684,1.3911720365054392
0.05,0.682016471320668,1.4463725898870257
0.05,0.6940164713206685,1.496056439647026
0.05,0.7060164713206689,1.5378159292966398
0.05,0.7180164713206687,1.568617974435405
0.05,0.7300164713206685,1.5848803051329436
0.05,0.742016471320669,1.5829177063160034
0.05,0.7540164713206694,1.560032323875735
0.05,0.7660164713206692,1.5161955297299112
0.05,0.778016471320669,1.4553312957677613
0.05,0.7900164713206694,1.3846460335430688
0.05,0.7979835286793311,1.3021436316214783
0.05,0.7859835286793313,1.1884305825648827
0.05,0.7739835286793316,1.1078613236765864
0.05,0.7619835286793318,1.0424166593526338
0.05,0.7499835286793322,0.9859759830380759
0.05,0.7379835286793324,0.9355714042569222
0.05,0.7259835286793326,0.8894794635239496
0.05,0.7139835286793329,0.8465960505369122
0.05,0.7019835286793331,0.8061712729824848
0.05,0.6899835286793334,0.7676751701338717
0.05,0.6779835286793336,0.7307301323317184
0.05,0.6659835286793339,0.6950682244421769
0.05,0.6539835286793342,0.6605036317678423
0.05,0.6419835286793344,0.6269134485396117
0.05,0.6299835286793347,0.5942233511877996
0.05,0.6179835286793349,0.5623963196525316
0.05,0.6059835286793351,0.531423418640108
0.05,0.5939835286793355,0.5013161061696249
0.05,0.5819835286793357,0.4720997784924832
0.05,0.569983528679336,0.4438083825974821
0.05,0.5579835286793362,0.4164799832705237
0.05,0.5459835286793364,0.39015319246124597
0.05,0.5339835286793366,0.36486437306673625
0.05,0.521983528679337,0.34064552768221606
0.05,0.5099835286793373,0.3175227808371818
0.05,0.4979835286793375,0.29551536308234166
0.05,0.4859835286793377,0.27463500762276655
0.05,0.47398352867933796,0.254885674778812
0.05,0.46198352867933823,0.23626352586847663
0.05,0.4499835286793385,0.21875707572353154
0.05,0.43798352867933876,0.2023474618009914
0.05,0.425983528679339,0.18700877798615878
0.05,0.41398352867933924,0.17270843340727926
0.05,0.4019835286793395,0.15940751201771788
0.05,0.3899835286793405,0.1470611286147888
0.05,0.37798352867934004,0.1356188021266708
0.05,0.3659835286793396,0.12502489650372406
0.05,0.3539835286793405,0.11521920924218057
0.05,0.3419835286793415,0.10613780879519741
0.05,0.32998352867934105,0.09771422233203263
0.05,0.3179835286793406,0.0898810421452329
0.05,0.30598352867934153,0.08257194786577043
0.05,0.2939835286793425,0.07572404289334621
0.05,0.28198352867934207,0.06928030305077341
0.05,0.2699835286793416,0.06319186547734812
0.05,0.2579835286793426,0.05741986913996168
0.05,0.2459835286793436,0.05193659836690935
0.05,0.23398352867934313,0.046725762373771865
0.05,0.22198352867934268,0.04178184410622249
0.05,0.20998352867934356,0.03710855261143028
0.05,0.19798352867934454,0.03271650663737476
0.05,0.1859835286793441,0.028620362880544283
0.05,0.17398352867934364,0.02483567874739769
0.05,0.16198352867934462,0.02137585590203802
0.05,0.1499835286793456,0.01824952644066568
0.05,0.13798352867934516,0.015458696903683861
0.05,0.1259835286793447,0.012997850008498915
0.05,0.11398352867934558,0.010854039453008418
0.05,0.10198352867934657,0.009007842097715303
0.05,0.08998352867934611,0.007434902761663923
0.05,0.07798352867934566,0.006107752070665532
0.05,0.06598352867934665,0.004997600636362351
0.05,0.05398352867934764,0.004075890797410608
0.05,0.04198352867934718,0.003315486228197169
0.05,0.03148764650950964,0.0027630739552957184
0.05,0.020991764339673535,0.0022999009227601453
0.05,0.010495882169837545,0.0019126375604024263
0.05,0.0,0.0015895645780106605
0.1,-0.0012000000000000899,-4.647766706348759e-15
0.1,-0.0025199999999998557,-1.0728102580868529e-14
0.1,-0.003972000000000309,6.5225464550480835e-15
0.1,-0.005569200000000052,-1.7330460986412637e-14
0.1,-0.0073261199999997695,1.1784019016038076e-14
0.1,-0.009258731999999936,1.7682769451175518e-14
0.1,-0.011384605199999953,4.810425530078383e-15
0.1,-0.013723065720000038,-1.1837529653508609e-14
0.1,-0.016295372292000065,-1.2997659175527766e-14
0.1,-0.01912490952120005,-1.7994600885347e-14
0.1,-0.022237400473320124,-1.2415404418590641e-14
0.1,-0.025661140520652048,-1.980955383683346e-14
0.1,-0.02942725457271711,-1.2762555500050438e-14
0.1,-0.0335699800299889,-3.1727806346154052e-15
0.1,-0.038126978032988035,-1.2775590864725339e-14
0.1,-0.04313967583628653,-1.0911109286599672e-14
0.1,-0.04865364341991518,1.01836688141035e-15
0.1,-0.05471900776190708,-1.2505629951787956e-14
0.1,-0.06139090853809748,-2.01309202073037e-14
0.1,-0.06872999939190727,-9.68753189061998e-15
0.1,-0.07680299933109824,-7.721413435539252e-15
0.1,-0.08568329926420759,7.791498236584372e-15
0.1,-0.09545162919062877,2.8182454875497756e-15
0.1,-0.10619679210969157,-5.75241591772283e-15
0.1,-0.11801647132066084,5.615807916190299e-15
0.1,-0.13001647132066052,-5.5846663903841216e-15
0.1,-0.14201647132066064,-2.949348308186536e-14
0.1,-0.15401647132066076,7.500018667403756e-15
0.1,-0.16601647132066044,-2.989490158186306e-15
0.1,-0.17801647132066056,7.232995520565935e-15
0.1,-0.19001647132066068,-4.957166933492556e-15
0.1,-0.2020164713206607,-2.640687341054936e-15
0.1,-0.21401647132066093,1.491805730618148e-14
0.1,-0.22601647132066072,-1.251178612026995e-14
0.1,-0.23801647132066073,-2.3015737166648457e-14
0.1,-0.25001647132066074,2.3068816791538376e-15
0.1,-0.2620164713206605,-1.8123739447737174e-14
0.1,-0.27401647132066076,-7.335697757235481e-15
0.1,-0.28601647132066077,-1.836673276937697e-14
0.1,-0.2980164713206608,-4.341418918047285e-14
0.1,-0.310016471320661,-1.0553929115649706e-13
0.1,-0.3220164713206608,-1.7729385732737304e-13
0.1,-0.3340164713206608,-4.1165766685586267e-13
0.1,-0.3460164713206608,-7.863590113646035e-13
0.1,-0.3580164713206606,-1.6684029109015172e-12
0.1,-0.37001647132066084,-3.466736091943943e-12
0.1,-0.38201647132066086,-7.25541157957203e-12
0.1,-0.39401647132066087,-1.516924360584604e-11
0.1,-0.4060164713206611,-3.1719223262921806e-11
0.1,-0.4180164713206609,-6.634379400806525e-11
0.1,-0.43001647132066134,-1.3886549644572017e-10
0.1,-0.44201647132066113,-2.9073072580722836e-10
0.1,-0.4540164713206607,-6.088648671627509e-10
0.1,-0.46601647132066115,-1.2755140400168456e-9
0.1,-0.47801647132066094,-2.6729915336148615e-9
0.1,-0.49001647132066073,-5.6030945940441236e-9
0.1,-0.5020164713206612,-1.1747999622368157e-8
0.1,-0.514016471320661,-2.4636745743777188e-8
0.1,-0.5260164713206608,-5.1672164154789554e-8
0.1,-0.5380164713206612,-1.0837834252877816e-7
0.1,-0.5500164713206608,-2.2728970614400601e-7
0.1,-0.5620164713206606,-4.7651665686405574e-7
0.1,-0.574016471320661,-9.983909261039106e-7
0.1,-0.5860164713206615,-2.0894870918315097e-6
0.1,-0.5980164713206613,-4.364946595716895e-6
0.1,-0.6100164713206611,-9.091549430266264e-6
0.1,-0.6220164713206615,-1.8849176296633157e-5
0.1,-0.6340164713206613,-3.880308597228682e-5
0.1,-0.6460164713206609,-7.903124190597885e-5
0.1,-0.6580164713206613,-0.00015845746780680973
0.1,-0.6700164713206611,-0.0003107075924927794
0.1,-0.6820164713206609,-0.0005911703708587239
0.1,-0.6940164713206614,-0.0010826947814077288
0.1,-0.7060164713206611,-0.0018965045129897167
0.1,-0.7180164713206609,-0.003168305325234563
0.1,-0.7300164713206614,-0.005056360461015959
0.1,-0.742016471320661,-0.00775058216487098
0.1,-0.7540164713206607,-0.011495452662467237
0.1,-0.7660164713206612,-0.016622825848727034
0.1,-0.7780164713206617,-0.023590661220994232
0.1,-0.7900164713206614,-0.03302782239858165
0.1,-0.8020164713206612,-0.04578809719146441
0.1,-0.814016471320661,-0.06301726707825227
0.1,-0.8260164713206606,-0.08623628154627037
0.1,-0.838016471320661,-0.11744165292329178
0.1,-0.8500164713206608,-0.1592195846356531
0.1,-0.8620164713206606,-0.21486049851835412
0.1,-0.8740164713206611,-0.2884452889759703
0.1,-0.8860164713206609,-0.38485905005417687
0.1,-0.8980164713206606,-0.5096804338872286
0.1,-0.9100164713206602,-0.668903254457653
0.1,-0.92201647132066,-0.868479539042951
0.1,-0.9340164713206605,-1.1137312515797
0.1,-0.9460164713206602,-1.4087427119774723
0.1,-0.95801647132066,-1.7558796788078561
0.1,-0.9700164713206605,-2.15555368886239
0.1,-0.9820164713206603,-2.606268870844138
0.1,-0.9940164713206598,-3.104897698227176
0.1,-1.0060164713206596,-3.647078397491901
0.1,-1.0180164713206594,-4.227624861364752
0.1,-1.0300164713206599,-4.840872786770861
0.1,-1.0420164713206597,-5.48092655993227
0.1,-1.0540164713206595,-6.141802334176618
0.1,-1.06601647132066,-6.817478837870077
0.1,-1.0780164713206595,-7.501871507355097
0.1,-1.0900164713206593,-8.18874232501274
0.1,-1.102016471320659,-8.87155091792835
0.1,-1.1140164713206588,-9.543243857848848
0.1,-1.1260164713206593,-10.195968958311182
0.1,-1.138016471320659,-10.820688854215042
0.1,-1.1500164713206587,-11.406651779951046
0.1,-1.162016471320659,-11.940655924422801
0.1,-1.174016471320659,-12.406018872515084
0.1,-1.1860164713206587,-12.781151370276586
0.1,-1.1980164713206585,-13.037703230271038
0.1,-1.1899835286793419,-11.86133648271687
0.1,-1.1779835286793414,-10.580564359563233
0.1,-1.1659835286793416,-9.46126538253641
0.1,-1.1539835286793418,-8.471215315944155
0.1,-1.1419835286793414,-7.585698311231782
0.1,-1.1299835286793416,-6.785047783493255
0.1,-1.117983528679342,-6.054001507977284
0.1,-1.1059835286793422,-5.38114872196618
0.1,-1.0939835286793425,-4.758327552813193
0.1,-1.081983528679342,-4.180033161210409
0.1,-1.0699835286793422,-3.642877375438112
0.1,-1.0579835286793424,-3.145105587161455
0.1,-1.045983528679342,-2.6861572676471694
0.1,-1.0339835286793422,-2.2662514947076646
0.1,-1.0219835286793426,-1.885984528005964
0.1,-1.0099835286793428,-1.5459402722257014
0.1,-0.997983528679343,-1.2463333942087889
0.1,-0.9859835286793426,-0.986722708051178
0.1,-0.9739835286793429,-0.7658394577643577
0.1,-0.9619835286793431,-0.5815620521666117
0.1,-0.9499835286793427,-0.43103441492498606
0.1,-0.937983528679343,-0.3108814951971218
0.1,-0.9259835286793432,-0.21744490655685844
0.1,-0.9139835286793434,-0.14696544274844212
0.1,-0.9019835286793436,-0.09568425705342977
0.1,-0.8899835286793432,-0.059900694004493674
0.1,-0.8779835286793435,-0.03606250863250057
0.1,-0.8659835286793438,-0.020928408459936765
0.1,-0.8539835286793434,-0.011756606282210627
0.1,-0.8419835286793436,-0.006425788251999718
0.1,-0.8299835286793438,-0.003434979590282849
0.1,-0.817983528679344,-0.001803904168521351
0.1,-0.8059835286793443,-0.0009335443100909748
0.1,-0.7939835286793439,-0.0004765111803608252
0.1,-0.7819835286793434,-0.00023916848120633804
0.1,-0.7699835286793437,-0.00011669363234490299
0.1,-0.7579835286793439,-5.353335340601634e-5
0.1,-0.7459835286793435,-2.0688408480309665e-5
0.1,-0.733983528679343,-3.179521372343499e-6
0.1,-0.7219835286793432,6.6786550641308655e-6
0.1,-0.7099835286793434,1.28173753214701e-5
0.1,-0.6979835286793431,1.7251625148013354e-5
0.1,-0.6859835286793426,2.102534273103818e-5
0.1,-0.6739835286793429,2.469444563668809e-5
0.1,-0.6619835286793431,2.8572762472765003e-5
0.1,-0.6499835286793426,3.285715081343244e-5
0.1,-0.6379835286793422,3.769138678170237e-5
0.1,-0.6259835286793425,4.31991978086944e-5
0.1,-0.6139835286793427,4.950183548705397e-5
0.1,-0.6019835286793422,5.67279976013263e-5
0.1,-0.5899835286793418,6.5020055823783e-5
0.1,-0.577983528679342,7.453858816782773e-5
0.1,-0.5659835286793423,8.546624601345262e-5
0.1,-0.5539835286793419,9.801149218298716e-5
0.1,-0.5419835286793414,0.00011241250540969083
0.1,-0.5299835286793416,0.00012894139969410684
0.1,-0.5179835286793419,0.00014790889057392736
0.1,-0.5059835286793415,0.00016966944986714804
0.1,-0.49398352867934103,0.00019462701504298493
0.1,-0.48198352867934124,0.00022324129868931547
0.1,-0.46998352867934146,0.00025603469252895186
0.1,-0.457983528679341,0.0002935997919684648
0.1,-0.44598352867934055,0.00033660750100371367
0.1,-0.43398352867934087,0.000385815655597922
0.1,-0.4219835286793411,0.00044207805556172736
0.1,-0.4099835286793406,0.0005063537060975502
0.1,-0.39798352867934017,0.000579715997147474
0.1,-0.3859835286793405,0.0006633614011013252
0.1,-0.3739835286793407,0.0007586171114314939
0.1,-0.36198352867934025,0.0008669468067486428
0.1,-0.3499835286793398,0.0009899534488827656
0.1,-0.33798352867934,0.0011293776238980875
0.1,-0.32598352867934033,0.001287089467225653
0.1,-0.3139835286793399,0.0014650715675351388
0.1,-0.3019835286793394,0.0016653894922727713
0.1,-0.28998352867933963,0.001890145572980363
0.1,-0.27798352867933995,0.002141410437124223
0.1,-0.2659835286793395,0.0024211253458223656
0.1,-0.25398352867933904,0.002730966801592876
0.1,-0.24198352867933925,0.0030721631739423815
0.1,-0.22998352867933947,0.0034452514462131514
0.1,-0.217983528679339,0.0038497610694850208
0.1,-0.20598352867933856,0.0042838120806089576
0.1,-0.19398352867933877,0.004743617618055429
0.1,-0.1819835286793392,0.005222889408481733
0.1,-0.16998352867933875,0.0057121634694373615
0.1,-0.1579835286793383,0.006198100558122834
0.1,-0.1459835286793385,0.0066628862765010614
0.1,-0.13398352867933871,0.007083983655251088
0.1,-0.12198352867933826,0.007434714743631804
0.1,-0.1099835286793378,0.0076865159579618605
0.1,-0.09798352867933802,0.007814239718218262
0.1,-0.08598352867933823,0.007806344409825478
0.1,-0.07398352867933777,0.00768115117784882
0.1,-0.06198352867933732,0.00750559853487058
0.1,-0.04998352867933775,0.007401370828237174
0.1,-0.03798352867933796,0.007516666006347251
0.1,-0.02598352867933751,0.007970732148719562
0.1,-0.013983528679337054,0.008820301359292576
0.1,-0.0019835286793372653,0.010072324962457455
0.1,0.010016471320662523,0.011713976516618808
0.1,0.022016471320662978,0.01373175497547021
0.1,0.03401647132066343,0.016116736785599828
0.1,0.04601647132066322,0.018862764272712242
0.1,0.05801647132066301,0.021962837313087166
0.1,0.07001647132066346,0.025406150712498122
0.1,0.08201647132066392,0.029176612013034578
0.1,0.09401647132066349,0.033252914972158494
0.1,0.10601647132066327,0.03760987009523542
0.1,0.11801647132066373,0.042220540293707344
0.1,0.13001647132066418,0.047058752724903806
0.1,0.14201647132066397,0.052101697264534536
0.1,0.15401647132066376,0.05733248578487546
0.1,0.16601647132066422,0.06274265622879903
0.1,0.17801647132066467,0.06833463111249914
0.1,0.19001647132066446,0.074124093157677
0.1,0.20201647132066403,0.0801421500871706
0.1,0.21401647132066448,0.08643705776513337
0.1,0.22601647132066494,0.09307519084045301
0.1,0.23801647132066472,0.10014093498869261
0.1,0.2500164713206645,0.10773526701024037
0.1,0.26201647132066497,0.11597300766424133
0.1,0.2740164713206654,0.12497904047801785
0.1,0.2860164713206652,0.13488407917429687
0.1,0.298016471320665,0.14582069478925974
0.1,0.31001647132066545,0.15792019870186527
0.1,0.3220164713206659,0.17131067000651334
0.1,0.3340164713206655,0.18611606880813975
0.1,0.34601647132066526,0.20245613796869244
0.1,0.3580164713206657,0.22044671893696188
0.1,0.3700164713206662,0.2402001565088479
0.1,0.38201647132066596,0.26182557255157163
0.1,0.39401647132066575,0.2854288939480411
0.1,0.4060164713206662,0.31111259893518023
0.1,0.41801647132066666,0.33897519479825383
0.1,0.43001647132066645,0.36911046509214807
0.1,0.442016471320666,0.4016065345886326
0.1,0.45401647132066647,0.43654480157993975
0.1,0.4660164713206669,0.47399878403278284
0.1,0.4780164713206667,0.5140329203929385
0.1,0.4900164713206665,0.5567013582990769
0.1,0.502016471320667,0.6020467551131757
0.1,0.5140164713206674,0.6500991027277234
0.1,0.5260164713206672,0.7008745751764219
0.1,0.538016471320667,0.7543743806863986
0.1,0.5500164713206674,0.8105835793852143
0.1,0.5620164713206679,0.869469803062427
0.1,0.5740164713206675,0.9309817828409521
0.1,0.5860164713206673,0.9950475521668601
0.1,0.5980164713206677,1.0615721426851539
0.1,0.6100164713206682,1.1304345238318358
0.1,0.622016471320668,1.2014834447435323
0.1,0.6340164713206677,1.2745317060765533
0.1,0.6460164713206682,1.3493481990510807
0.1,0.6580164713206686,1.4256467680265432
0.1,0.6700164713206684,1.5030705331149452
0.1,0.682016471320668,1.5811696785994407
0.1,0.6940164713206685,1.6593697670918797
0.1,0.7060164713206689,1.7369262419833604
0.1,0.7180164713206687,1.812858798205779
0.1,0.7300164713206685,1.8858567616161022
0.1,0.742016471320669,1.95414369462517
0.1,0.7540164713206694,2.015288869893852
0.1,0.7660164713206692,2.065986171157069
0.1,0.778016471320669,2.1018193013153854
0.1,0.7900164713206694,2.117253976672872
0.1,0.7979835286793311,2.0749127967764376
0.1,0.7859835286793313,1.8748207967410448
0.1,0.7739835286793316,1.7151539967110012
0.1,0.7619835286793318,1.5826632763406023
0.1,0.7499835286793322,1.4693363366332997
0.1,0.7379835286793324,1.3699862811381465
0.1,0.7259835286793326,1.2811352100898281
0.1,0.7139835286793329,1.200402757275044
0.1,0.7019835286793331,1.1261183804178387
0.1,0.6899835286793334,1.0570909845822765
0.1,0.6779835286793336,0.9924612956105374
0.1,0.6659835286793339,0.9316038087422434
0.1,0.6539835286793342,0.87406040244747
0.1,0.6419835286793344,0.8194941337733668
0.1,0.6299835286793347,0.7676562828993627
0.1,0.6179835286793349,0.718362358917039
0.1,0.6059835286793351,0.6714743457829965
0.1,0.5939835286793355,0.6268874141921394
0.1,0.5819835286793357,0.5845199091425017
0.1,0.569983528679336,0.5443057912611844
0.1,0.5579835286793362,0.5061889477700933
0.1,0.5459835286793364,0.4701189463923828
0.1,0.5339835286793366,0.4360479123981394
0.1,0.521983528679337,0.4039282834405092
0.1,0.5099835286793373,0.3737112499440717
0.1,0.4979835286793375,0.3453457275552869
0.1,0.4859835286793377,0.3187777370086083
0.1,0.47398352867933796,0.2939500886530085
0.1,0.46198352867933823,0.27080228584343263
0.1,0.4499835286793385,0.2492705749216873
0.1,0.43798352867933876,0.2292880808213051
0.1,0.425983528679339,0.21078497763598186
0.1,0.41398352867933924,0.19368865416556566
0.1,0.4019835286793395,0.17792384718538912
0.1,0.3899835286793405,0.16341273200603593
0.1,0.37798352867934004,0.15007498283234982
0.1,0.3659835286793396,0.1378278456243789
0.1,0.3539835286793405,0.12658630208824992
0.1,0.3419835286793415,0.11626343863071043
0.1,0.32998352867934105,0.10677115564213742
0.1,0.3179835286793406,0.09802134254684158
0.1,0.30598352867934153,0.08992758733209957
0.1,0.2939835286793425,0.08240738440926519
0.1,0.28198352867934207,0.07538467311588704
0.1,0.2699835286793416,0.06879242131849923
0.1,0.2579835286793426,0.06257490551912852
0.1,0.2459835286793436,0.05668935102187148
0.1,0.23398352867934313,0.05110667436361738
0.1,0.22198352867934268,0.04581118702212883
0.1,0.20998352867934356,0.04079924473910426
0.1,0.19798352867934454,0.03607694323656837
0.1,0.1859835286793441,0.031657065092197255
0.1,0.17398352867934364,0.027555575309104824
0.1,0.16198352867934462,0.02378803849386251
0.1,0.1499835286793456,0.020366369098839043
0.1,0.13798352867934516,0.017296301879255595
0.1,0.1259835286793447,0.014575867008678554
0.1,0.11398352867934558,0.012194984491482435
0.1,0.10198352867934657,0.010136096553633166
0.1,0.08998352867934611,0.008375589805846665
0.1,0.07798352867934566,0.006885665695046588
0.1,0.06598352867934665,0.005636313134737485
0.1,0.05398352867934764,0.0045971046921963145
0.1,0.04198352867934718,0.0037386421769258073
0.1,0.03148764650950964,0.0031145197298937544
0.1,0.020991764339673535,0.0025910051010446435
0.1,0.010495882169837545,0.0021532528953507506
0.1,0.0,0.0017881241847747373
0.5,-0.0012000000000000899,9.574683602612928e-15
0.5,-0.0025199999999998557,4.315757055523649e-15
0.5,-0.0039719999999998645,-2.724692697234099e-15
0.5,-0.00556919999999983,2.102384421330579e-14
0.5,-0.0073261199999998805,-1.5724262123391251e-15
0.5,-0.009258731999999936,-3.638042528634625e-15
0.5,-0.011384605199999731,-2.0710193605683163e-16
0.5,-0.013723065720000038,-8.528342727042795e-15
0.5,-0.016295372292000065,-1.6049085998908595e-15
0.5,-0.01912490952120005,8.587002400539495e-15
0.5,-0.022237400473320124,8.92361248784564e-15
0.5,-0.02566114052065216,-1.35737070664812e-16
0.5,-0.029427254572717443,1.3207009697345106e-15
0.5,-0.0335699800299889,1.0121223939818064e-16
0.5,-0.03812697803298781,-6.159217447794604e-16
0.5,-0.04313967583628675,9.997181127545123e-16
0.5,-0.04865364341991518,-7.037380030498796e-15
0.5,-0.05471900776190686,7.868183203412736e-15
0.5,-0.061390908538097255,-7.71024264943197e-15
0.5,-0.06872999939190705,-1.857077017709964e-15
0.5,-0.07680299933109791,-1.5676407531549828e-14
0.5,-0.08568329926420781,1.1834194053071233e-14
0.5,-0.09545162919062888,1.027865995161309e-15
0.5,-0.10619679210969157,-5.679342146708516e-16
0.5,-0.1180164713206604,1.3002394489648131e-14
0.5,-0.13001647132066085,-1.1447468001459422e-14
0.5,-0.14201647132066042,1.948600702283296e-14
0.5,-0.15401647132066087,-5.46464978354978e-15
0.5,-0.16601647132066044,1.882959069958453e-15
0.5,-0.1780164713206609,1.3193861987125305e-14
0.5,-0.19001647132066046,-1.4813998951148913e-14
0.5,-0.20201647132066092,-4.785785719122485e-15
0.5,-0.21401647132066048,-1.523627903720798e-14
0.5,-0.22601647132066094,-1.4512997313723393e-14
0.5,-0.2380164713206605,-1.756511641696793e-14
0.5,-0.25001647132066096,-1.7020940221048776e-14
0.5,-0.2620164713206605,-1.6416896949318957e-14
0.5,-0.274016471320661,7.781073757717067e-16
0.5,-0.28601647132066055,-2.1574682535055877e-14
0.5,-0.298016471320661,-3.6867134364442994e-14
0.5,-0.31001647132066057,-7.767154131350474e-14
0.5,-0.322016471320661,-1.9839988504823023e-13
0.5,-0.3340164713206606,-3.8452990138994073e-13
0.5,-0.34601647132066105,-8.117159827308016e-13
0.5,-0.3580164713206606,-1.653374636049993e-12
0.5,-0.37001647132066107,-3.4641922656454493e-12
0.5,-0.38201647132066063,-7.223204288160564e-12
0.5,-0.3940164713206611,-1.5115146116544114e-11
0.5,-0.40601647132066065,-3.160211974497548e-11
0.5,-0.4180164713206611,-6.609007083029723e-11
0.5,-0.4300164713206607,-1.383239600280057e-10
0.5,-0.44201647132066113,-2.8959594167823347e-10
0.5,-0.4540164713206607,-6.064730442626866e-10
0.5,-0.46601647132066115,-1.2705094066249977e-9
0.5,-0.4780164713206607,-2.6624780519214036e-9
0.5,-0.4900164713206612,-5.581067303114602e-9
0.5,-0.5020164713206607,-1.1701811303902083e-8
0.5,-0.5140164713206612,-2.4539900085447504e-8
0.5,-0.5260164713206608,-5.1469034194885916e-8
0.5,-0.5380164713206612,-1.0795245434622022e-7
0.5,-0.5500164713206608,-2.2639715506773375e-7
0.5,-0.5620164713206612,-4.7464757008424437e-7
0.5,-0.5740164713206608,-9.944823824927487e-7
0.5,-0.5860164713206613,-2.0813324347145587e-6
0.5,-0.5980164713206608,-4.347998216403389e-6
0.5,-0.6100164713206613,-9.056547859558587e-6
0.5,-0.6220164713206608,-1.8777652863095352e-5
0.5,-0.6340164713206613,-3.8659488564571236e-5
0.5,-0.6460164713206609,-7.875129461326342e-5
0.5,-0.6580164713206613,-0.0001579377099631484
0.5,-0.6700164713206609,-0.00030981750643929105
0.5,-0.6820164713206613,-0.0005898393137596691
0.5,-0.6940164713206609,-0.001081142602828514
0.5,-0.7060164713206614,-0.0018956078195818465
0.5,-0.7180164713206609,-0.003169914298509031
0.5,-0.7300164713206614,-0.005063364670587483
0.5,-0.742016471320661,-0.007766879871980742
0.5,-0.7540164713206614,-0.011526342917444385
0.5,-0.766016471320661,-0.016676338540796306
0.5,-0.7780164713206614,-0.023680259213799706
0.5,-0.790016471320661,-0.03317715222203075
0.5,-0.8020164713206615,-0.046039003490690206
0.5,-0.814016471320661,-0.06344281404235749
0.5,-0.8260164713206615,-0.08696056166098119
0.5,-0.838016471320661,-0.118667169939769
0.5,-0.8500164713206615,-0.1612611813385156
0.5,-0.8620164713206611,-0.21818405441884942
0.5,-0.8740164713206615,-0.2937117826127394
0.5,-0.8860164713206611,-0.39297864874359867
0.5,-0.8980164713206615,-0.5218827795289851
0.5,-0.9100164713206611,-0.6868269355384744
0.5,-0.9220164713206616,-0.8942773964114125
0.5,-0.9340164713206611,-1.1501816841418782
0.5,-0.9460164713206616,-1.459353769693024
0.5,-0.9580164713206611,-1.8249749074925727
0.5,-0.9700164713206616,-2.2483362161563494
0.5,-0.9820164713206612,-2.7288696219467665
0.5,-0.9940164713206616,-3.264420502393398
0.5,-1.0060164713206612,-3.8516569551103235
0.5,-1.0180164713206616,-4.486505082220574
0.5,-1.0300164713206612,-5.164531375075906
0.5,-1.0420164713206617,-5.881234990573387
0.5,-1.0540164713206612,-6.6322455183179345
0.5,-1.0660164713206617,-7.41344002713959
0.5,-1.0780164713206613,-8.220999354949772
0.5,-1.0900164713206617,-9.051422746039965
0.5,-1.1020164713206613,-9.901516147706806
0.5,-1.1140164713206617,-10.76836518248848
0.5,-1.1260164713206613,-11.649300101516971
0.5,-1.1380164713206617,-12.541857200367552
0.5,-1.1500164713206613,-13.44373917906217
0.5,-1.1620164713206618,-14.352775568002048
0.5,-1.1740164713206613,-15.266883427075001
0.5,-1.1860164713206618,-16.184027891215692
0.5,-1.1980164713206614,-17.10218165280418
0.5,-1.189983528679338,-16.312855049150944
0.5,-1.1779835286793385,-15.213345291447801
0.5,-1.165983528679338,-14.144924750413729
0.5,-1.1539835286793385,-13.10580283146603
0.5,-1.141983528679338,-12.095298219143377
0.5,-1.1299835286793385,-11.113482641330728
0.5,-1.117983528679338,-10.160927656533275
0.5,-1.1059835286793385,-9.23860838874448
0.5,-1.093983528679338,-8.347868976020981
0.5,-1.0819835286793384,-7.490414032477992
0.5,-1.069983528679338,-6.668308281389045
0.5,-1.0579835286793384,-5.883971892992912
0.5,-1.045983528679338,-5.140159695404772
0.5,-1.0339835286793384,-4.439911074241752
0.5,-1.021983528679338,-3.786455778983544
0.5,-1.0099835286793384,-3.1830611027961915
0.5,-0.9979835286793379,-2.6328109133216424
0.5,-0.9859835286793384,-2.1383200058978415
0.5,-0.9739835286793379,-1.7014095366995112
0.5,-0.9619835286793383,-1.3227962282339143
0.5,-0.9499835286793379,-1.0018656244529158
0.5,-0.9379835286793383,-0.7365879431835108
0.5,-0.9259835286793379,-0.5235839985613956
0.5,-0.9139835286793383,-0.3582810102876484
0.5,-0.9019835286793378,-0.23507472561986434
0.5,-0.8899835286793383,-0.1474892199666948
0.5,-0.8779835286793378,-0.08845454307078646
0.5,-0.8659835286793383,-0.050835011899889204
0.5,-0.8539835286793378,-0.028136089544439136
0.5,-0.8419835286793382,-0.015094702129081296
0.5,-0.8299835286793378,-0.007901780370733094
0.5,-0.8179835286793382,-0.0040598390133400955
0.5,-0.8059835286793378,-0.002056634184466125
0.5,-0.7939835286793382,-0.0010302868838720414
0.5,-0.7819835286793377,-0.0005108637461783927
0.5,-0.7699835286793382,-0.0002501064208861991
0.5,-0.7579835286793377,-0.00011974421647700253
0.5,-0.7459835286793381,-5.451849661041407e-5
0.5,-0.7339835286793377,-2.157944769500048e-5
0.5,-0.7219835286793381,-4.507062652169463e-6
0.5,-0.7099835286793377,4.873817445270414e-6
0.5,-0.6979835286793381,1.0631752364496886e-5
0.5,-0.6859835286793377,1.4802445098839127e-5
0.5,-0.6739835286793381,1.8421824519760324e-5
0.5,-0.6619835286793376,2.2038895705630046e-5
0.5,-0.6499835286793381,2.5970159027678054e-5
0.5,-0.6379835286793376,3.0426275813529215e-5
0.5,-0.625983528679338,3.557591084130633e-5
0.5,-0.6139835286793376,4.157892852641612e-5
0.5,-0.601983528679338,4.8604854597105414e-5
0.5,-0.5899835286793376,5.684452156615223e-5
0.5,-0.577983528679338,6.651885866067275e-5
0.5,-0.5659835286793375,7.788686598698085e-5
0.5,-0.553983528679338,9.125390399843576e-5
0.5,-0.5419835286793375,0.00010698095854754563
0.5,-0.529983528679338,0.00012549541287868303
0.5,-0.5179835286793375,0.00014730375213324826
0.5,-0.5059835286793379,0.00017300666533044356
0.5,-0.4939835286793375,0.00020331706037065062
0.5,-0.4819835286793379,0.00023908159111266713
0.5,-0.46998352867933746,0.0002813064127909224
0.5,-0.4579835286793379,0.0003311880314865797
0.5,-0.44598352867933744,0.0003901502681924527
0.5,-0.43398352867933787,0.00045988860509025295
0.5,-0.4219835286793374,0.0005424234163016888
0.5,-0.40998352867933785,0.0006401639080462476
0.5,-0.3979835286793374,0.0007559849876434446
0.5,-0.38598352867933783,0.0008933197280747402
0.5,-0.3739835286793374,0.0010562706826330378
0.5,-0.3619835286793378,0.0012497439502780036
0.5,-0.34998352867933735,0.0014796107606652336
0.5,-0.3379835286793378,0.0017529023093781966
0.5,-0.32598352867933733,0.0020780447720690214
0.5,-0.31398352867933776,0.0024651428788714843
0.5,-0.3019835286793373,0.002926322120151802
0.5,-0.28998352867933774,0.0034761416833503952
0.5,-0.2779835286793373,0.004132092584198106
0.5,-0.2659835286793377,0.004915198225844373
0.5,-0.25398352867933727,0.0058507377297175684
0.5,-0.2419835286793377,0.006969115877480354
0.5,-0.22998352867933725,0.008306907242419295
0.5,-0.21798352867933768,0.009908105855511704
0.5,-0.20598352867933722,0.011825615218089502
0.5,-0.19398352867933766,0.0141230159067319
0.5,-0.1819835286793372,0.016876648472877592
0.5,-0.16998352867933764,0.020178046078416428
0.5,-0.15798352867933718,0.02413674192143554
0.5,-0.14598352867933762,0.02888345733820127
0.5,-0.13398352867933716,0.03457364234858123
0.5,-0.1219835286793376,0.04139128433852829
0.5,-0.10998352867933714,0.04955281341680824
0.5,-0.09798352867933757,0.05931080378232957
0.5,-0.08598352867933712,0.07095698748105937
0.5,-0.07398352867933755,0.08482385054017735
0.5,-0.0619835286793371,0.10128376932980095
0.5,-0.04998352867933753,0.12074428114831248
0.5,-0.037983528679337075,0.1436377106460033
0.5,-0.02598352867933751,0.1704030800059721
0.5,-0.013983528679337054,0.20145815868160125
0.5,-0.0019835286793374873,0.23715985343916868
0.5,0.010016471320662967,0.2777521163699996
0.5,0.022016471320662534,0.3233023158932421
0.5,0.03401647132066299,0.3736295613100631
0.5,0.046016471320662555,0.4282315021682701
0.5,0.05801647132066301,0.48621903934723687
0.5,0.07001647132066258,0.5462704202715127
0.5,0.08201647132066303,0.6066167354147436
0.5,0.0940164713206626,0.665069791987902
0.5,0.10601647132066305,0.719101268657498
0.5,0.11801647132066262,0.7659798088889973
0.5,0.13001647132066307,0.8029705361599606
0.5,0.14201647132066264,0.8275977512230646
0.5,0.1540164713206631,0.8379618736393083
0.5,0.16601647132066266,0.8330796919927075
0.5,0.17801647132066312,0.8131798980470217
0.5,0.19001647132066268,0.7798458475267935
0.5,0.20201647132066314,0.7358909312342373
0.5,0.2140164713206627,0.6849230864794155
0.5,0.22601647132066316,0.6307001007857199
0.5,0.23801647132066273,0.5765036713133185
0.5,0.2500164713206632,0.5247525729435054
0.5,0.26201647132066275,0.4769309517069091
0.5,0.2740164713206632,0.43375070189672826
0.5,0.28601647132066277,0.39540694117390235
0.5,0.2980164713206632,0.36182076667991514
0.5,0.3100164713206628,0.3328272280928641
0.5,0.32201647132066324,0.30830939026915116
0.5,0.3340164713206628,0.2882894299238976
0.5,0.34601647132066327,0.2729703734340922
0.5,0.35801647132066283,0.2626941182773322
0.5,0.3700164713206633,0.25779120093383034
0.5,0.38201647132066285,0.2583893760755718
0.5,0.3940164713206633,0.2643249185178645
0.5,0.4060164713206629,0.27521429184379254
0.5,0.41801647132066333,0.290598558384129
0.5,0.4300164713206629,0.3100562933901843
0.5,0.44201647132066335,0.3332539236636089
0.5,0.4540164713206629,0.3599518261922916
0.5,0.4660164713206634,0.389990722209826
0.5,0.47801647132066294,0.423273205553647
0.5,0.4900164713206634,0.4597465973916749
0.5,0.502016471320663,0.4993888174689978
0.5,0.5140164713206634,0.5421972103727292
0.5,0.526016471320663,0.5881797839760637
0.5,0.5380164713206634,0.6373483019299001
0.5,0.550016471320663,0.6897127822322132
0.5,0.5620164713206635,0.7452770692346163
0.5,0.574016471320663,0.8040352341683583
0.5,0.5860164713206635,0.8659686164548323
0.5,0.598016471320663,0.9310433497484436
0.5,0.6100164713206635,0.9992082285081163
0.5,0.6220164713206631,1.0703927672420717
0.5,0.6340164713206635,1.1445052880935715
0.5,0.6460164713206631,1.221430844076501
0.5,0.6580164713206635,1.3010287437551273
0.5,0.6700164713206631,1.3831293841065884
0.5,0.6820164713206636,1.467530013166976
0.5,0.6940164713206631,1.5539889194487737
0.5,0.7060164713206636,1.6422173619153533
0.5,0.7180164713206632,1.731868284617624
0.5,0.7300164713206636,1.8225204614745536
0.5,0.7420164713206632,1.9136554863691781
0.5,0.7540164713206636,2.0046229290980047
0.5,0.7660164713206632,2.0946072277843877
0.5,0.7780164713206636,2.1825507839839418
0.5,0.7900164713206632,2.2670660259300495
0.5,0.7979835286793364,2.304082055869166
0.5,0.7859835286793369,2.1319079666382823
0.5,0.7739835286793364,1.975065336362806
0.5,0.7619835286793368,1.8319604505401874
0.5,0.7499835286793364,1.7008001741185241
0.5,0.7379835286793368,1.5801246498826298
0.5,0.7259835286793364,1.468687737202595
0.5,0.7139835286793368,1.3654404556703927
0.5,0.7019835286793363,1.2694916049343785
0.5,0.6899835286793368,1.1800940367952444
0.5,0.6779835286793363,1.0966240425444578
0.5,0.6659835286793367,1.0185612657053407
0.5,0.6539835286793363,0.9454703422610795
0.5,0.6419835286793367,0.8769847822813356
0.5,0.6299835286793363,0.812793222140432
0.5,0.6179835286793367,0.7526279454771392
0.5,0.6059835286793362,0.6962554565789105
0.5,0.5939835286793367,0.6434688477411321
0.5,0.5819835286793362,0.5940816999480204
0.5,0.5699835286793367,0.5479232736041858
0.5,0.5579835286793362,0.5048347713315402
0.5,0.5459835286793366,0.4646664818268148
0.5,0.5339835286793362,0.42727563943006386
0.5,0.5219835286793366,0.39252485715424357
0.5,0.5099835286793362,0.3602810111413881
0.5,0.4979835286793366,0.3304144719642102
0.5,0.48598352867933614,0.302798593194738
0.5,0.4739835286793366,0.27730938060894533
0.5,0.4619835286793361,0.2538252767662965
0.5,0.44998352867933655,0.2322270060932402
0.5,0.4379835286793361,0.21239743584561235
0.5,0.42598352867933653,0.19422141960903597
0.5,0.4139835286793361,0.17758560394696674
0.5,0.4019835286793365,0.1623781974137542
0.5,0.38998352867933606,0.14848872631971952
0.5,0.3779835286793365,0.13580783404416974
0.5,0.36598352867933603,0.12422721783000375
0.5,0.35398352867933647,0.11363983076740236
0.5,0.341983528679336,0.10394049222616622
0.5,0.32998352867933645,0.09502702842799157
0.5,0.317983528679336,0.08680199189103655
0.5,0.3059835286793364,0.07917488667544985
0.5,0.29398352867933597,0.07206468234416584
0.5,0.2819835286793364,0.06540227728251312
0.5,0.26998352867933595,0.059132512806451265
0.5,0.2579835286793364,0.05321536237578104
0.5,0.24598352867933593,0.04762601715018183
0.5,0.23398352867933636,0.04235373577761496
0.5,0.2219835286793359,0.03739949683340662
0.5,0.20998352867933634,0.0327726658768915
0.5,0.19798352867933589,0.028487045831246418
0.5,0.18598352867933632,0.024556793458791
0.5,0.17398352867933586,0.020992724617123898
0.5,0.1619835286793363,0.017799472325665474
0.5,0.14998352867933584,0.014973805267506003
0.5,0.13798352867933628,0.012504195274734993
0.5,0.12598352867933582,0.010371500092758836
0.5,0.11398352867933625,0.008550461585160225
0.5,0.1019835286793358,0.007011644483112353
0.5,0.08998352867933623,0.005723457442722773
0.5,0.07798352867933578,0.0046539798960557
0.5,0.06598352867933621,0.003772427467116247
0.5,0.05398352867933576,0.0030501927534724834
0.5,0.04198352867933619,0.0024614772148848817
0.5,0.03148764650950242,0.002038203843304682
0.5,0.023615734882126427,0.001768387164143126
0.5,0.01574382325475132,0.0015337247565268225
0.5,0.007871911627375328,0.0013298736561122657
0.5,2.220446049250313e-16,0.0011529460263860036
1.0,-0.0012000000000000899,-1.555224765110203e-14
1.0,-0.0025199999999998557,8.852860901490692e-15
1.0,-0.0039719999999998645,1.3004152590352397e-14
1.0,-0.00556919999999983,8.699012775657032e-15
1.0,-0.0073261199999998805,6.7354508668204725e-15
1.0,-0.009258731999999936,-2.0408702867492968e-16
1.0,-0.011384605199999731,5.821349031540694e-15
1.0,-0.013723065720000038,1.1943498876298875e-15
1.0,-0.016295372292000065,-5.4638119226610104e-15
1.0,-0.01912490952120005,1.1006432563905417e-14
1.0,-0.022237400473320124,-1.7080188801185316e-14
1.0,-0.02566114052065216,-4.674798585732188e-15
1.0,-0.029427254572717443,1.4090853612351082e-14
1.0,-0.0335699800299889,-1.2066246793964867e-14
1.0,-0.03812697803298781,-4.517864992738741e-15
1.0,-0.04313967583628675,-1.3972276601824632e-14
1.0,-0.04865364341991518,-7.868994402409999e-15
1.0,-0.05471900776190686,-5.013721178677983e-16
1.0,-0.061390908538097255,1.7072349729646898e-14
1.0,-0.06872999939190705,1.0600141288246703e-14
1.0,-0.07680299933109791,4.926819715513401e-15
1.0,-0.08568329926420781,2.53195713607436e-15
1.0,-0.09545162919062888,3.021081425062494e-15
1.0,-0.10619679210969157,5.224431549637977e-16
1.0,-0.1180164713206604,-2.9321026423654562e-15
1.0,-0.13001647132066085,-7.429098586448426e-15
1.0,-0.14201647132066042,1.096292460373456e-14
1.0,-0.15401647132066087,1.0065628449465551e-14
1.0,-0.16601647132066044,2.9696660290542046e-15
1.0,-0.1780164713206609,3.962607524214673e-15
1.0,-0.19001647132066046,-9.6733802097603e-15
1.0,-0.20201647132066092,7.541357462300174e-16
1.0,-0.21401647132066048,1.0514073923893385e-14
1.0,-0.22601647132066094,-9.027304374733727e-16
1.0,-0.2380164713206605,-3.711902983216468e-15
1.0,-0.25001647132066096,1.3255988498098362e-14
1.0,-0.2620164713206605,7.705650601998944e-15
1.0,-0.274016471320661,-3.8854425387896734e-15
1.0,-0.28601647132066055,-1.3431596858233831e-14
1.0,-0.298016471320661,-3.262327222292469e-14
1.0,-0.31001647132066057,-9.659205816849505e-14
1.0,-0.322016471320661,-2.0744322756904316e-13
1.0,-0.3340164713206606,-3.7834267350684884e-13
1.0,-0.34601647132066105,-7.946329518303396e-13
1.0,-0.3580164713206606,-1.6581883924602537e-12
1.0,-0.37001647132066107,-3.454028852717266e-12
1.0,-0.38201647132066063,-7.190002627097612e-12
1.0,-0.3940164713206611,-1.5029498522575126e-11
1.0,-0.40601647132066065,-3.1433416391152175e-11
1.0,-0.4180164713206611,-6.577235405357274e-11
1.0,-0.4300164713206607,-1.3763121519521008e-10
1.0,-0.44201647132066113,-2.8816166221218217e-10
1.0,-0.4540164713206607,-6.034655187201978e-10
1.0,-0.46601647132066115,-1.2642503997698883e-9
1.0,-0.4780164713206607,-2.6493439639720205e-9
1.0,-0.4900164713206612,-5.553542978731247e-9
1.0,-0.5020164713206607,-1.1644072761830814e-8
1.0,-0.5140164713206612,-2.4418819364869408e-8
1.0,-0.5260164713206608,-5.121515276045325e-8
1.0,-0.5380164713206612,-1.074200946657902e-7
1.0,-0.5500164713206608,-2.2528140853519694e-7
1.0,-0.5620164713206612,-4.7231088810005075e-7
1.0,-0.5740164713206608,-9.895950206895917e-7
1.0,-0.5860164713206613,-2.071132347738924e-6
1.0,-0.5980164713206608,-4.326785682354728e-6
1.0,-0.6100164713206613,-9.012687536362073e-6
1.0,-0.6220164713206608,-1.86878113216437e-5
1.0,-0.6340164713206613,-3.847823974321971e-5
1.0,-0.6460164713206609,-7.839451040676793e-5
1.0,-0.6580164713206613,-0.00015726241650943672
1.0,-0.6700164713206609,-0.0003086156873222293
1.0,-0.6820164713206613,-0.0005878930279899243
1.0,-0.6940164713206609,-0.0010784094094480965
1.0,-0.7060164713206614,-0.0018925423444316168
1.0,-0.7180164713206609,-0.0031677520837162815
1.0,-0.7300164713206614,-0.0050641150675439645
1.0,-0.742016471320661,-0.007773046970494489
1.0,-0.7540164713206614,-0.011540747414871174
1.0,-0.766016471320661,-0.01670240347508195
1.0,-0.7780164713206614,-0.023722876390275868
1.0,-0.790016471320661,-0.03324412994481426
1.0,-0.8020164713206615,-0.046143144021499424
1.0,-0.814016471320661,-0.06360470343232869
1.0,-0.8260164713206615,-0.08721207844839254
1.0,-0.838016471320661,-0.11905561740659808
1.0,-0.8500164713206615,-0.16185403774071336
1.0,-0.8620164713206611,-0.21907475274117544
1.0,-0.8740164713206615,-0.29502749992541555
1.0,-0.8860164713206611,-0.39489139911712157
1.0,-0.8980164713206615,-0.5246248309423293
1.0,-0.9100164713206611,-0.690710585571306
1.0,-0.9220164713206616,-0.8997175482063228
1.0,-0.9340164713206611,-1.1577179518908922
1.0,-0.9460164713206616,-1.4696679414458627
1.0,-0.9580164713206611,-1.838900376529393
1.0,-0.9700164713206616,-2.266858417978586
1.0,-0.9820164713206612,-2.7531193714129074
1.0,-0.9940164713206616,-3.2956639250828594
1.0,-1.0060164713206612,-3.8912858343632517
1.0,-1.0180164713206616,-4.5360303817232674
1.0,-1.0300164713206612,-5.225581340939288
1.0,-1.0420164713206617,-5.95555820474689
1.0,-1.0540164713206612,-6.7217187356700165
1.0,-1.0660164713206617,-7.5200804794306855
1.0,-1.0780164713206613,-8.346981281338316
1.0,-1.0900164713206617,-9.199098087477344
1.0,-1.1020164713206613,-10.073439555475144
1.0,-1.1140164713206617,-10.967323715423333
1.0,-1.1260164713206613,-11.878348221896049
1.0,-1.1380164713206617,-12.804357936694743
1.0,-1.1500164713206613,-13.743412623161177
1.0,-1.1620164713206618,-14.693756237436583
1.0,-1.1740164713206613,-15.653788482275028
1.0,-1.1860164713206618,-16.622038790167167
1.0,-1.1980164713206614,-17.597142610489897
1.0,-1.189983528679338,-16.847618049378884
1.0,-1.1779835286793385,-15.773820827194104
1.0,-1.165983528679338,-14.722742178837283
1.0,-1.1539835286793385,-13.694242766266795
1.0,-1.141983528679338,-12.688381523590177
1.0,-1.1299835286793385,-11.705771669392572
1.0,-1.117983528679338,-10.747430415910847
1.0,-1.1059835286793385,-9.814723514795878
1.0,-1.093983528679338,-8.909349056675834
1.0,-1.0819835286793384,-8.03333846801758
1.0,-1.069983528679338,-7.189063023381545
1.0,-1.0579835286793384,-6.37923685778436
1.0,-1.045983528679338,-5.60690697366514
1.0,-1.0339835286793384,-4.875418697700787
1.0,-1.021983528679338,-4.188342545015919
1.0,-1.0099835286793384,-3.5493470266441216
1.0,-0.9979835286793379,-2.9620040931757856
1.0,-0.9859835286793384,-2.429523046612431
1.0,-0.9739835286793379,-1.954427759008044
1.0,-0.9619835286793383,-1.5382197513191325
1.0,-0.9499835286793379,-1.1810961607796002
1.0,-0.9379835286793383,-0.88179689797703
1.0,-0.9259835286793379,-0.6376193762396838
1.0,-0.9139835286793383,-0.44456546242992867
1.0,-0.9019835286793378,-0.2975218424286402
1.0,-0.8899835286793383,-0.1903994254591524
1.0,-0.8779835286793378,-0.1162954069865549
1.0,-0.8659835286793383,-0.0678653898627075
1.0,-0.8539835286793378,-0.03799115108197015
1.0,-0.8419835286793382,-0.020529612333026078
1.0,-0.8299835286793378,-0.01078495609645869
1.0,-0.8179835286793382,-0.005544890767742125
1.0,-0.8059835286793378,-0.002805447639795825
1.0,-0.7939835286793382,-0.0014025101722349605
1.0,-0.7819835286793377,-0.0006944547373719284
1.0,-0.7699835286793382,-0.00034065600246750575
1.0,-0.7579835286793377,-0.00016496702713389043
1.0,-0.7459835286793381,-7.793648335579703e-5
1.0,-0.7339835286793377,-3.4701338485668366e-5
1.0,-0.7219835286793381,-1.2949294276272877e-5
1.0,-0.7099835286793377,-1.6420458263303434e-6
1.0,-0.6979835286793381,4.668292368190603e-6
1.0,-0.6859835286793377,8.674585599770686e-6
1.0,-0.6739835286793381,1.1719500415350624e-5
1.0,-0.6619835286793376,1.44885285054825e-5
1.0,-0.6499835286793381,1.735116029249759e-5
1.0,-0.6379835286793376,2.0529040492762293e-5
1.0,-0.625983528679338,2.4179405517688036e-5
1.0,-0.6139835286793376,2.843729806129304e-5
1.0,-0.601983528679338,3.343790856240452e-5
1.0,-0.5899835286793376,3.932957473477414e-5
1.0,-0.577983528679338,4.6282618923840335e-5
1.0,-0.5659835286793375,5.449668286829326e-5
1.0,-0.553983528679338,6.420790063539579e-5
1.0,-0.5419835286793375,7.569673675273448e-5
1.0,-0.529983528679338,8.929699985266608e-5
1.0,-0.5179835286793375,0.00010540648970558794
1.0,-0.5059835286793379,0.00012449968850488546
1.0,-0.4939835286793375,0.00014714298885764245
1.0,-0.4819835286793379,0.00017401298912608348
1.0,-0.46998352867933746,0.00020591852067581882
1.0,-0.4579835286793379,0.0002438271929522893
1.0,-0.44598352867933744,0.00028889741747176336
1.0,-0.43398352867933787,0.00034251706770930407
1.0,-0.4219835286793374,0.00040635020207339365
1.0,-0.40998352867933785,0.00048239357003574714
1.0,-0.3979835286793374,0.0005730450216880748
1.0,-0.38598352867933783,0.0006811863879731011
1.0,-0.3739835286793374,0.0008102839818148222
1.0,-0.3619835286793378,0.000964510578581657
1.0,-0.34998352867933735,0.0011488935698785814
1.0,-0.3379835286793378,0.001369495065346553
1.0,-0.32598352867933733,0.0016336309827155707
1.0,-0.31398352867933776,0.0019501377437341411
1.0,-0.3019835286793373,0.002329697126923286
1.0,-0.28998352867933774,0.0027852321401025046
1.0,-0.2779835286793373,0.003332389611177709
1.0,-0.2659835286793377,0.00399012860576443
1.0,-0.25398352867933727,0.004781437844785641
1.0,-0.2419835286793377,0.00573421013593493
1.0,-0.22998352867933725,0.006882307477427236
1.0,-0.21798352867933768,0.008266856977415788
1.0,-0.20598352867933722,0.009937825014085938
1.0,-0.19398352867933766,0.011955924852554301
1.0,-0.1819835286793372,0.014394920837365089
1.0,-0.16998352867933764,0.01734439933619032
1.0,-0.15798352867933718,0.020913081303565197
1.0,-0.14598352867933762,0.025232751200032863
1.0,-0.13398352867933716,0.030462868054877336
1.0,-0.1219835286793376,0.036795900936188224
1.0,-0.10998352867933714,0.044463384382779865
1.0,-0.09798352867933757,0.05374260786199389
1.0,-0.08598352867933712,0.06496372168157293
1.0,-0.07398352867933755,0.0785168417819724
1.0,-0.0619835286793371,0.09485844855682618
1.0,-0.04998352867933753,0.1145159862256562
1.0,-0.037983528679337075,0.13808908076129953
1.0,-0.02598352867933751,0.16624523945451686
1.0,-0.013983528679337054,0.1997073620474823
1.0,-0.0019835286793374873,0.23923004680310012
1.0,0.010016471320662967,0.2855617645712207
1.0,0.022016471320662534,0.33939080446097025
1.0,0.03401647132066299,0.4012747327484838
1.0,0.046016471320662555,0.47155601741184805
1.0,0.05801647132066301,0.5502701295913894
1.0,0.07001647132066258,0.6370560245265763
1.0,0.08201647132066303,0.7310812529332877
1.0,0.0940164713206626,0.8309939531443553
1.0,0.10601647132066305,0.9349111736656669
1.0,0.11801647132066262,1.0404479849013415
1.0,0.13001647132066307,1.1447862328530758
1.0,0.14201647132066264,1.244777487582358
1.0,0.1540164713206631,1.3370732113016237
1.0,0.16601647132066266,1.4182768851708951
1.0,0.17801647132066312,1.4851171486284946
1.0,0.19001647132066268,1.5346462298185906
1.0,0.20201647132066314,1.564471133310714
1.0,0.2140164713206627,1.5730213666401556
1.0,0.22601647132066316,1.5598395837221624
1.0,0.23801647132066273,1.5258448488700795
1.0,0.2500164713206632,1.4734686551090233
1.0,0.26201647132066275,1.4065346056464207
1.0,0.2740164713206632,1.329799856494188
1.0,0.28601647132066277,1.2482246414474507
1.0,0.2980164713206632,1.1662062157802733
1.0,0.3100164713206628,1.0870551928230778
1.0,0.32201647132066324,1.0128504682246953
1.0,0.3340164713206628,0.9446069279179634
1.0,0.34601647132066327,0.8825859197502756
1.0,0.35801647132066283,0.8266023566607524
1.0,0.3700164713206633,0.776259650547384
1.0,0.38201647132066285,0.7311052787311944
1.0,0.3940164713206633,0.6907270750466209
1.0,0.4060164713206629,0.6548143312050159
1.0,0.41801647132066333,0.62320219041297
1.0,0.4300164713206629,0.5959089410364564
1.0,0.44201647132066335,0.5731635697274834
1.0,0.4540164713206629,0.5554057351927068
1.0,0.4660164713206634,0.5432326357308959
1.0,0.47801647132066294,0.537281875204528
1.0,0.4900164713206634,0.5380754217583097
1.0,0.502016471320663,0.5458880190646586
1.0,0.5140164713206634,0.5607038865878956
1.0,0.526016471320663,0.582269616293303
1.0,0.5380164713206634,0.6101945205712669
1.0,0.550016471320663,0.6440437816820024
1.0,0.5620164713206635,0.6833984010535891
1.0,0.574016471320663,0.7278822750575766
1.0,0.5860164713206635,0.7771672546785351
1.0,0.598016471320663,0.8309668146399869
1.0,0.6100164713206635,0.8890253179265102
1.0,0.6220164713206631,0.9511065339031033
1.0,0.6340164713206635,1.016982939089008
1.0,0.6460164713206631,1.0864261867018672
1.0,0.6580164713206635,1.1591985811354428
1.0,0.6700164713206631,1.2350451419540514
1.0,0.6820164713206636,1.313685714394003
1.0,0.6940164713206631,1.3948064857297782
1.0,0.7060164713206636,1.478050147669168
1.0,0.7180164713206632,1.5630037707252042
1.0,0.7300164713206636,1.649183198218599
1.0,0.7420164713206632,1.7360108835502261
1.0,0.7540164713206636,1.822787104305575
1.0,0.7660164713206632,1.908662952945685
1.0,0.7780164713206636,1.9925765768561428
1.0,0.7900164713206632,2.0731887100505486
1.0,0.7979835286793364,2.107928095200928
1.0,0.7859835286793369,1.9414996332293477
1.0,0.7739835286793364,1.7917271393628802
1.0,0.7619835286793368,1.656783435813631
1.0,0.7499835286793364,1.5341726657439905
1.0,0.7379835286793368,1.4220384845853298
1.0,0.7259835286793364,1.318926636969014
1.0,0.7139835286793368,1.2236897890257241
1.0,0.7019835286793363,1.135403141967772
1.0,0.6899835286793368,1.0533190158730183
1.0,0.6779835286793363,0.9768298931761943
1.0,0.6659835286793367,0.9054382130557577
1.0,0.6539835286793363,0.8387323649408966
1.0,0.6419835286793367,0.776367629619309
1.0,0.6299835286793363,0.7180511037283249
1.0,0.6179835286793367,0.6635298321605214
1.0,0.6059835286793362,0.6125815195112785
1.0,0.5939835286793367,0.5650073106372178
1.0,0.5819835286793362,0.5206262271812705
1.0,0.5699835286793367,0.47927092513836966
1.0,0.5579835286793362,0.4407845013309172
1.0,0.5459835286793366,0.4050181269258392
1.0,0.5339835286793362,0.37182932637324473
1.0,0.5219835286793366,0.34108075247705394
1.0,0.5099835286793362,0.3126393344379683
1.0,0.4979835286793366,0.2863756970001825
1.0,0.48598352867933614,0.2621637664286632
1.0,0.4739835286793366,0.23988049397292147
1.0,0.4619835286793361,0.21940564078299496
1.0,0.44998352867933655,0.20062158114940895
1.0,0.4379835286793361,0.1834130949002003
1.0,0.42598352867933653,0.16766713655972543
1.0,0.4139835286793361,0.15327259026412068
1.0,0.4019835286793365,0.14012004667842826
1.0,0.38998352867933606,0.1281016706292221
1.0,0.3779835286793365,0.11711126142519238
1.0,0.36598352867933603,0.10704463194328749
1.0,0.35398352867933647,0.0978004322800514
1.0,0.341983528679336,0.08928150304361826
1.0,0.32998352867933645,0.08139675434593542
1.0,0.317983528679336,0.07406343927045604
1.0,0.3059835286793364,0.0672095554348784
1.0,0.29398352867933597,0.06077600642089871
1.0,0.2819835286793364,0.05471812103841594
1.0,0.26998352867933595,0.049006177623561575
1.0,0.2579835286793364,0.04362470631906709
1.0,0.24598352867933593,0.03857052309472887
1.0,0.23398352867933636,0.033849655280274345
1.0,0.2219835286793359,0.029473513596657626
1.0,0.20998352867933634,0.025454809393470574
1.0,0.19798352867933589,0.02180376957015905
1.0,0.18598352867933632,0.018525143401814083
1.0,0.17398352867933586,0.015616333712952946
1.0,0.1619835286793363,0.013066761563842795
1.0,0.14998352867933584,0.010858350419813754
1.0,0.13798352867933628,0.00896684958199053
1.0,0.12598352867933582,0.0073636389400594145
1.0,0.11398352867933625,0.006017667119245213
1.0,0.1019835286793358,0.004897247685330054
1.0,0.08998352867933623,0.003971538723599499
1.0,0.07798352867933578,0.0032116295027993257
1.0,0.06598352867933621,0.0025912351800258062
1.0,0.05398352867933576,0.0020870498009634268
1.0,0.04198352867933619,0.001678831225337314
1.0,0.03148764650950242,0.0013868820292132484
1.0,0.023615734882126427,0.001201464761490318
1.0,0.01574382325475132,0.001040645968400076
1.0,0.007871911627375328,0.0009012721484178404
1.0,2.220446049250313e-16,0.0007805547647971654
5.0,-0.001200000000000201,-1.882518529854447e-15
5.0,-0.0025199999999998557,-8.433306289331585e-15
5.0,-0.0039719999999999756,9.094457564400089e-15
5.0,-0.005569199999999719,-1.4344901591955556e-14
5.0,-0.0073261199999997695,-3.101542597341838e-15
5.0,-0.009258731999999936,3.4203754187463058e-15
5.0,-0.011384605200000064,1.1713172739975198e-14
5.0,-0.013723065720000038,-2.6808168445610453e-15
5.0,-0.016295372292000176,-6.16238506736732e-15
5.0,-0.01912490952119994,1.397058347501935e-14
5.0,-0.022237400473320124,-1.00461908369582e-14
5.0,-0.025661140520652048,-5.6714472709392446e-15
5.0,-0.02942725457271711,-9.039193825664847e-15
5.0,-0.0335699800299889,-1.8377060172103915e-14
5.0,-0.03812697803298748,1.1621457520597642e-14
5.0,-0.04313967583628686,1.5023392678280608e-14
5.0,-0.048653643419915404,1.1829657688087448e-14
5.0,-0.054719007761906524,1.0736854647982463e-14
5.0,-0.061390908538097144,3.0608778704782175e-15
5.0,-0.06872999939190727,8.610733985861992e-15
5.0,-0.07680299933109824,8.61859911379375e-15
5.0,-0.0856832992642077,-7.436052594058795e-15
5.0,-0.09545162919062833,1.498872102125908e-14
5.0,-0.10619679210969135,-2.1772288927572325e-16
5.0,-0.11801647132066062,8.204339555333833e-15
5.0,-0.1300164713206604,8.158146488944073e-16
5.0,-0.14201647132066075,2.003031374525629e-15
5.0,-0.15401647132066054,-5.091239057007801e-15
5.0,-0.16601647132066033,-1.2935064840376948e-14
5.0,-0.17801647132066067,-1.7460180472962549e-15
5.0,-0.19001647132066046,1.320123524449144e-15
5.0,-0.20201647132066092,-1.2551474910742164e-14
5.0,-0.21401647132066048,-1.1806598166759573e-15
5.0,-0.2260164713206605,-1.41324583193421e-14
5.0,-0.23801647132066073,-9.787573624487572e-15
5.0,-0.2500164713206605,-4.856904248083069e-15
5.0,-0.26201647132066097,-8.739228970133123e-15
5.0,-0.27401647132066054,-1.8022272037565092e-14
5.0,-0.28601647132066055,-2.4025884375315573e-14
5.0,-0.2980164713206601,-4.359365855641677e-14
5.0,-0.31001647132066057,-8.97980668825762e-14
5.0,-0.322016471320661,-1.7103655735388715e-13
5.0,-0.3340164713206606,-3.606395809376578e-13
5.0,-0.3460164713206606,-7.822253895492612e-13
5.0,-0.35801647132066017,-1.5894140298833982e-12
5.0,-0.3700164713206606,-3.3228647908889583e-12
5.0,-0.3820164713206604,-6.921316556190173e-12
5.0,-0.39401647132066064,-1.4464197152161814e-11
5.0,-0.40601647132066065,-3.0216023914312986e-11
5.0,-0.4180164713206602,-6.323742316943549e-11
5.0,-0.4300164713206607,-1.3230935711182537e-10
5.0,-0.44201647132066046,-2.7700458288084126e-10
5.0,-0.4540164713206607,-5.800450883176e-10
5.0,-0.4660164713206607,-1.2151196140800332e-9
5.0,-0.4780164713206603,-2.5463495640485723e-9
5.0,-0.4900164713206603,-5.337533544070707e-9
5.0,-0.5020164713206605,-1.1191058096280067e-8
5.0,-0.5140164713206608,-2.3468683369688977e-8
5.0,-0.5260164713206608,-4.9222444704610496e-8
5.0,-0.5380164713206603,-1.0324161902063789e-7
5.0,-0.5500164713206603,-2.165230137943001e-7
5.0,-0.5620164713206606,-4.539656290036617e-7
5.0,-0.5740164713206604,-9.512159131871622e-7
5.0,-0.5860164713206608,-1.9910008619587512e-6
5.0,-0.5980164713206604,-4.160012174647089e-6
5.0,-0.6100164713206604,-8.667340398742258e-6
5.0,-0.6220164713206606,-1.7978338998651073e-5
5.0,-0.6340164713206604,-3.7038635515905255e-5
5.0,-0.6460164713206609,-7.552844573416098e-5
5.0,-0.6580164713206604,-0.00015171797900690495
5.0,-0.6700164713206609,-0.0002983310683264087
5.0,-0.6820164713206607,-0.0005699002362397593
5.0,-0.6940164713206609,-0.0010492351224506884
5.0,-0.7060164713206609,-0.0018492886777816782
5.0,-0.7180164713206612,-0.003109294055369804
5.0,-0.7300164713206609,-0.004991175630319356
5.0,-0.7420164713206614,-0.007686560008157552
5.0,-0.754016471320661,-0.01143942972186903
5.0,-0.7660164713206614,-0.016580901435719827
5.0,-0.7780164713206612,-0.023570973982526902
5.0,-0.7900164713206614,-0.03304665596218447
5.0,-0.8020164713206615,-0.04588006139283129
5.0,-0.8140164713206617,-0.06325110328861684
5.0,-0.8260164713206615,-0.08673811704027314
5.0,-0.8380164713206619,-0.11842684105833419
5.0,-0.8500164713206615,-0.16103320641999186
5.0,-0.862016471320662,-0.21802725354467803
5.0,-0.8740164713206617,-0.29373351994284974
5.0,-0.886016471320662,-0.3933686419683362
5.0,-0.898016471320662,-0.522964814252383
5.0,-0.9100164713206622,-0.6891284649026667
5.0,-0.922016471320662,-0.8986097614578425
5.0,-0.9340164713206625,-1.157715584709506
5.0,-0.946016471320662,-1.4716706393900638
5.0,-0.9580164713206625,-1.8440796330674276
5.0,-0.9700164713206623,-2.2766295330958353
5.0,-0.9820164713206625,-2.7690924338248846
5.0,-0.9940164713206625,-3.3195893426074075
5.0,-1.0060164713206627,-3.9250075607049335
5.0,-1.0180164713206625,-4.58145350250765
5.0,-1.030016471320663,-5.284654585044539
5.0,-1.0420164713206626,-6.030268526771845
5.0,-1.054016471320663,-6.814094253267682
5.0,-1.0660164713206628,-7.632198621389695
5.0,-1.078016471320663,-8.480980007406611
5.0,-1.090016471320663,-9.357188947685461
5.0,-1.1020164713206633,-10.257922002989126
5.0,-1.114016471320663,-11.180600491311429
5.0,-1.1260164713206635,-12.12294186462777
5.0,-1.138016471320663,-13.082928601996253
5.0,-1.1500164713206635,-14.05877747983906
5.0,-1.1620164713206633,-15.04891076278315
5.0,-1.1740164713206636,-16.051930034754317
5.0,-1.1860164713206636,-17.066592898211834
5.0,-1.1980164713206638,-18.091792491445158
5.0,-1.1899835286793365,-17.390612852065928
5.0,-1.177983528679336,-16.34106257713939
5.0,-1.1659835286793363,-15.30387663745232
5.0,-1.153983528679336,-14.283556441155307
5.0,-1.141983528679336,-13.280996272617404
5.0,-1.1299835286793358,-12.297356586131533
5.0,-1.117983528679336,-11.334072277379734
5.0,-1.1059835286793356,-10.39284826392533
5.0,-1.093983528679336,-9.475669513257568
5.0,-1.0819835286793356,-8.584817593867738
5.0,-1.0699835286793358,-7.72288801294011
5.0,-1.0579835286793355,-6.89280246522109
5.0,-1.0459835286793355,-6.097808446522663
5.0,-1.0339835286793353,-5.341455978349572
5.0,-1.0219835286793355,-4.627537967428878
5.0,-1.009983528679335,-3.959978056266449
5.0,-0.9979835286793354,-3.3426498121461097
5.0,-0.985983528679335,-2.7791171140607265
5.0,-0.9739835286793352,-2.2723015395637325
5.0,-0.9619835286793349,-1.8241102641206368
5.0,-0.9499835286793351,-1.4350925101525198
5.0,-0.9379835286793348,-1.1042180814738778
5.0,-0.925983528679335,-0.8288642589175699
5.0,-0.9139835286793346,-0.6050408051772526
5.0,-0.9019835286793348,-0.4277885276491257
5.0,-0.8899835286793345,-0.2916023762606226
5.0,-0.8779835286793347,-0.1907215067006008
5.0,-0.8659835286793344,-0.11923774114581571
5.0,-0.8539835286793346,-0.07115283322893208
5.0,-0.8419835286793342,-0.040595588647971165
5.0,-0.8299835286793344,-0.022250896131865542
5.0,-0.8179835286793341,-0.011795592430120273
5.0,-0.8059835286793343,-0.006091589159294214
5.0,-0.793983528679334,-0.003084816726749307
5.0,-0.7819835286793342,-0.0015400055073735283
5.0,-0.7699835286793338,-0.0007608494440299344
5.0,-0.757983528679334,-0.00037292106154077076
5.0,-0.7459835286793337,-0.00018146849916807296
5.0,-0.7339835286793339,-8.7503252953679e-5
5.0,-0.7219835286793336,-4.149924771751818e-5
5.0,-0.7099835286793338,-1.8941517736474143e-5
5.0,-0.6979835286793334,-7.78181365029124e-6
5.0,-0.6859835286793337,-2.1253224135721264e-6
5.0,-0.6739835286793333,9.061747341635439e-7
5.0,-0.6619835286793335,2.719574694842767e-6
5.0,-0.6499835286793332,4.007375076393164e-6
5.0,-0.6379835286793334,5.117127304523103e-6
5.0,-0.625983528679333,6.2314898248369786e-6
5.0,-0.6139835286793333,7.456075838952274e-6
5.0,-0.6019835286793329,8.862583023610968e-6
5.0,-0.5899835286793331,1.051034423016523e-5
5.0,-0.5779835286793328,1.2457557737392904e-5
5.0,-0.565983528679333,1.4767688151915056e-5
5.0,-0.5539835286793326,1.751373166024418e-5
5.0,-0.5419835286793329,2.078169040737734e-5
5.0,-0.5299835286793325,2.4673957775108856e-5
5.0,-0.5179835286793327,2.931301755329276e-5
5.0,-0.5059835286793324,3.4845727159209984e-5
5.0,-0.4939835286793326,4.144840589707675e-5
5.0,-0.48198352867933225,4.933295508187114e-5
5.0,-0.46998352867933246,5.875425211802495e-5
5.0,-0.4579835286793321,7.001910880793519e-5
5.0,-0.44598352867933233,8.349714382146518e-5
5.0,-0.433983528679332,9.963399166569383e-5
5.0,-0.4219835286793322,0.00011896736967629809
5.0,-0.40998352867933185,0.00014214663896255038
5.0,-0.39798352867933207,0.0001699566464179864
5.0,-0.3859835286793317,0.0002033468095608218
5.0,-0.37398352867933193,0.00024346663887613766
5.0,-0.3619835286793316,0.00029170916408463143
5.0,-0.3499835286793318,0.0003497640793209746
5.0,-0.33798352867933146,0.0004196828561107629
5.0,-0.32598352867933167,0.0005039585970838007
5.0,-0.3139835286793313,0.0006056240822842686
5.0,-0.30198352867933154,0.0007283722755853414
5.0,-0.2899835286793312,0.0008767045963411668
5.0,-0.2779835286793314,0.0010561135470288086
5.0,-0.26598352867933106,0.0012733078847143157
5.0,-0.25398352867933127,0.0015364905187306424
5.0,-0.24198352867933093,0.0018557017998724907
5.0,-0.22998352867933114,0.0022432439398076313
5.0,-0.2179835286793308,0.0027142061259990097
5.0,-0.205983528679331,0.0032871146097713136
5.0,-0.19398352867933122,0.003984737854745398
5.0,-0.18198352867933032,0.004835083932304929
5.0,-0.16998352867933053,0.005872635962332248
5.0,-0.15798352867933074,0.007139881736304657
5.0,-0.14598352867932984,0.008689205856655854
5.0,-0.13398352867933117,0.010585226836145519
5.0,-0.12198352867933027,0.01290767736288441
5.0,-0.10998352867933048,0.015754942713024144
5.0,-0.09798352867933069,0.019248388628468487
5.0,-0.08598352867932979,0.023537623235930078
5.0,-0.07398352867933,0.02880684322938199
5.0,-0.06198352867933021,0.0352824051969636
5.0,-0.049983528679329314,0.043241727283947456
5.0,-0.037983528679330636,0.05302354759204029
5.0,-0.025983528679329737,0.06503942047132234
5.0,-0.013983528679329948,0.07978608996679785
5.0,-0.00198352867933016,0.09785800605427217
5.0,0.010016471320670739,0.11995871092839315
5.0,0.022016471320670528,0.14690910349252825
5.0,0.034016471320670316,0.1796497181050617
5.0,0.046016471320671215,0.2192332391146597
5.0,0.05801647132066989,0.26680275334001297
5.0,0.07001647132067079,0.3235511090113039
5.0,0.08201647132067058,0.39065771032877145
5.0,0.09401647132067037,0.469201609104088
5.0,0.10601647132067127,0.5600540209349926
5.0,0.11801647132066995,0.6637588954664291
5.0,0.13001647132067085,0.7804155620521896
5.0,0.14201647132066952,0.9095808009065446
5.0,0.15401647132067042,1.050207178730141
5.0,0.1660164713206691,1.20062954967137
5.0,0.17801647132067,1.3586034445893285
5.0,0.19001647132066868,1.521390237118176
5.0,0.20201647132066958,1.6858772474516563
5.0,0.21401647132066826,1.8487179856249414
5.0,0.22601647132066915,2.0064785478066725
5.0,0.23801647132066783,2.155779466195443
5.0,0.25001647132066873,2.2934263354550466
5.0,0.2620164713206674,2.416525876599289
5.0,0.2740164713206683,2.5225860206082986
5.0,0.286016471320667,2.6095990515120895
5.0,0.2980164713206679,2.6761062936663413
5.0,0.31001647132066656,2.7212419933805494
5.0,0.32201647132066746,2.7447537429700994
5.0,0.33401647132066614,2.7469976975114303
5.0,0.34601647132066704,2.7289091957546248
5.0,0.3580164713206657,2.6919527409010824
5.0,0.3700164713206666,2.638058205712925
5.0,0.3820164713206653,2.569550409460333
5.0,0.3940164713206662,2.4890748615572686
5.0,0.4060164713206649,2.399513631269321
5.0,0.4180164713206658,2.303876611424272
5.0,0.43001647132066445,2.20515391074528
5.0,0.44201647132066535,2.106132001540675
5.0,0.45401647132066403,2.0092045373430514
5.0,0.4660164713206649,1.9162283356991345
5.0,0.4780164713206636,1.8284665798430564
5.0,0.4900164713206645,1.7466276685408542
5.0,0.5020164713206632,1.6709733484370242
5.0,0.5140164713206641,1.6014549934287157
5.0,0.5260164713206628,1.5378436589971685
5.0,0.5380164713206637,1.4798357250001521
5.0,0.5500164713206623,1.4271301840832753
5.0,0.5620164713206632,1.3794816189258696
5.0,0.5740164713206619,1.3367352686237908
5.0,0.5860164713206628,1.298849086714622
5.0,0.5980164713206615,1.2659036007576765
5.0,0.6100164713206624,1.2380957363740677
5.0,0.6220164713206611,1.2157132952582819
5.0,0.634016471320662,1.1990974597088826
5.0,0.6460164713206606,1.188608033092268
5.0,0.6580164713206615,1.1845900437883208
5.0,0.6700164713206602,1.18732598440536
5.0,0.6820164713206611,1.1969747088032228
5.0,0.6940164713206598,1.213515888828292
5.0,0.7060164713206607,1.236715849841455
5.0,0.7180164713206594,1.2661190446572612
5.0,0.7300164713206603,1.3010597782973823
5.0,0.742016471320659,1.3406786405763549
5.0,0.7540164713206599,1.383952694694356
5.0,0.7660164713206585,1.4297144637707626
5.0,0.7780164713206594,1.4766421836369663
5.0,0.7900164713206581,1.5232629383177139
5.0,0.7979835286793412,1.539174289325369
5.0,0.7859835286793425,1.4160195412263934
5.0,0.7739835286793416,1.3086845928089368
5.0,0.7619835286793429,1.2160411152544857
5.0,0.749983528679342,1.134075404355654
5.0,0.7379835286793434,1.0603498476250488
5.0,0.7259835286793425,0.9933298019360195
5.0,0.7139835286793438,0.9319967371089466
5.0,0.7019835286793429,0.875643660147059
5.0,0.6899835286793442,0.8237558416717115
5.0,0.6779835286793433,0.7759505914248767
5.0,0.6659835286793446,0.7319342510790089
5.0,0.6539835286793437,0.6914731304430961
5.0,0.641983528679345,0.6543727558275076
5.0,0.6299835286793442,0.6204621958036053
5.0,0.6179835286793455,0.5895814905410834
5.0,0.6059835286793446,0.5615710109463391
5.0,0.5939835286793459,0.5362621878376617
5.0,0.581983528679345,0.513469603606945
5.0,0.5699835286793463,0.49298494964900635
5.0,0.5579835286793454,0.4745737500257565
5.0,0.5459835286793467,0.457975888462605
5.0,0.5339835286793458,0.44291066779741795
5.0,0.5219835286793472,0.42908623459302214
5.0,0.5099835286793463,0.41621182087246456
5.0,0.4979835286793476,0.40401001858410396
5.0,0.4859835286793467,0.39222615805138933
5.0,0.473983528679348,0.38063315065030384
5.0,0.4619835286793471,0.3690320838784238
5.0,0.44998352867934843,0.3572502535490708
5.0,0.43798352867934753,0.3451386708909282
5.0,0.42598352867934886,0.3325706444452758
5.0,0.41398352867934796,0.3194422916197277
5.0,0.4019835286793493,0.3056751108168641
5.0,0.3899835286793484,0.29122016996956535
5.0,0.3779835286793497,0.27606306297325756
5.0,0.3659835286793488,0.2602285469904437
5.0,0.3539835286793501,0.24378370391318516
5.0,0.3419835286793492,0.22683858172274524
5.0,0.32998352867935055,0.20954357084139838
5.0,0.31798352867934965,0.19208322840898134
5.0,0.30598352867935097,0.17466680764568743
5.0,0.29398352867935007,0.15751627742793597
5.0,0.2819835286793514,0.14085302468210323
5.0,0.2699835286793505,0.12488464200721852
5.0,0.2579835286793518,0.10979318191043706
5.0,0.24598352867935092,0.09572602127461878
5.0,0.23398352867935224,0.08279007963176266
5.0,0.22198352867935134,0.0710496538187607
5.0,0.20998352867935266,0.06052766009587643
5.0,0.19798352867935176,0.0512096929566369
5.0,0.18598352867935308,0.043050070807567196
5.0,0.17398352867935218,0.03597895961045543
5.0,0.1619835286793535,0.029909728971903395
5.0,0.1499835286793526,0.02474585930387965
5.0,0.13798352867935393,0.020386932429198316
5.0,0.12598352867935303,0.016733454562681552
5.0,0.11398352867935435,0.013690446332889733
5.0,0.10198352867935345,0.011169871836567882
5.0,0.08998352867935477,0.00909206415918702
5.0,0.07798352867935388,0.007386344564096899
5.0,0.0659835286793552,0.005991037732550253
5.0,0.0539835286793543,0.004853068055513009
5.0,0.04198352867935562,0.003927292618297904
5.0,0.031487646509516964,0.0032617524850316565
5.0,0.023615734882137418,0.0028371400425764894
5.0,0.017711801161602758,0.002555143856265044
5.0,0.011807867441068098,0.0023009330886059397
5.0,0.007871911627378325,0.002145655101855396
5.0,0.003935955813689662,0.002000784544087596
5.0,0.0019679779068447756,0.0019320794147161622
5.0,-1.1102230246251565e-16,0.0018657164606855473
