ScanRate,Voltage,Value
0.001,-0.0011999999999997568,7.309124669569123e-15
0.001,-0.0025199999999999667,-7.135445682849889e-15
0.001,-0.0039719999999997535,1.5330213765652692e-14
0.001,-0.00556919999999983,-1.7022143918847032e-15
0.001,-0.0073261199999996585,4.0839010976570734e-15
0.001,-0.009258732000000158,3.4103497131301945e-15
0.001,-0.011384605199999842,-1.346874301359758e-14
0.001,-0.013723065719999816,8.383954651836469e-15
0.001,-0.016295372292000065,1.432339683886943e-14
0.001,-0.019124909521200162,1.0093585418121417e-14
0.001,-0.022237400473320124,-1.7132378436231374e-14
0.001,-0.02566114052065216,-1.8077974548736655e-15
0.001,-0.02942725457271711,-1.7795965258503327e-14
0.001,-0.03356998002998901,1.425941002103423e-14
0.001,-0.03812697803298759,-4.580434031775958e-15
0.001,-0.04313967583628664,3.807354584546501e-15
0.001,-0.04865364341991518,8.740011047749846e-15
0.001,-0.05471900776190708,9.074320235963032e-15
0.001,-0.061390908538097366,-8.8319253004160255e-16
0.001,-0.06872999939190727,3.190673500869132e-15
0.001,-0.07680299933109791,5.813221585521798e-15
0.001,-0.08568329926420759,-8.725927880882087e-15
0.001,-0.09545162919062833,-1.2555664091980604e-14
0.001,-0.10619679210969157,2.1750123597752715e-15
0.001,-0.1180164713206604,-1.2806306478124783e-14
0.001,-0.1300164713206604,4.5315113494529635e-15
0.001,-0.14201647132066042,1.6801612005936697e-14
0.001,-0.15401647132066043,7.32139965314956e-15
0.001,-0.16601647132066044,-9.942928662002673e-15
0.001,-0.17801647132066045,-1.2942858945273579e-14
0.001,-0.19001647132066046,-2.5730492293568702e-14
0.001,-0.20201647132066047,1.5533939137768854e-14
0.001,-0.21401647132066048,-1.665359773006949e-14
0.001,-0.2260164713206605,1.3597801884779266e-14
0.001,-0.2380164713206605,1.8740862545065096e-14
0.001,-0.2500164713206605,2.4172487036680205e-16
0.001,-0.2620164713206605,-2.3153207314048244e-14
0.001,-0.27401647132066054,1.078866862091239e-14
0.001,-0.2860164713206603,-4.261572730819235e-14
0.001,-0.29801647132066034,-6.099784755751508e-14
0.001,-0.31001647132066035,-7.543719817049934e-14
0.001,-0.32201647132066036,-1.8943194519070027e-13
0.001,-0.33401647132066037,-4.073683194608801e-13
0.001,-0.3460164713206604,-8.688797938414203e-13
0.001,-0.3580164713206604,-1.7970332578369982e-12
0.001,-0.3700164713206604,-3.737616654802798e-12
0.001,-0.3820164713206604,-7.823315219945352e-12
0.001,-0.3940164713206604,-1.6316380253820348e-11
0.001,-0.40601647132066043,-3.4148615015485495e-11
0.001,-0.41801647132066044,-7.142035556686963e-11
0.001,-0.43001647132066045,-1.4944456888651338e-10
0.001,-0.44201647132066046,-3.128633700721197e-10
0.001,-0.4540164713206605,-6.552319572506333e-10
0.001,-0.4660164713206605,-1.3727052916961394e-9
0.001,-0.4780164713206605,-2.8765979699835036e-9
0.001,-0.4900164713206605,-6.029851814227759e-9
0.001,-0.5020164713206605,-1.264260741076143e-8
0.001,-0.5140164713206605,-2.6512577413798e-8
0.001,-0.5260164713206605,-5.560587108491494e-8
0.001,-0.5380164713206605,-1.1662771607945609e-7
0.001,-0.5500164713206603,-2.445876741982081e-7
0.001,-0.5620164713206603,-5.127765375589412e-7
0.001,-0.5740164713206604,-1.074349677670213e-6
0.001,-0.5860164713206604,-2.2484276684816534e-6
0.001,-0.5980164713206604,-4.6968941403589965e-6
0.001,-0.6100164713206604,-9.782709090338071e-6
0.001,-0.6220164713206604,-2.028134444733008e-5
0.001,-0.6340164713206604,-4.1748583285636304e-5
0.001,-0.6460164713206604,-8.502039570844826e-5
0.001,-0.6580164713206604,-0.0001704302266447982
0.001,-0.6700164713206604,-0.0003340652054872995
0.001,-0.6820164713206605,-0.0006352479574080747
0.001,-0.6940164713206605,-0.00116243106401859
0.001,-0.7060164713206605,-0.0020338218760151514
0.001,-0.7180164713206605,-0.003392766925424333
0.001,-0.7300164713206605,-0.005405088344261911
0.001,-0.7420164713206605,-0.008267588376499916
0.001,-0.7540164713206605,-0.012229902115081393
0.001,-0.7660164713206605,-0.01762440831869818
0.001,-0.7780164713206605,-0.024898284901020334
0.001,-0.7900164713206606,-0.03464476013333442
0.001,-0.8020164713206603,-0.04763157443911378
0.001,-0.8140164713206604,-0.06482212434055618
0.001,-0.8260164713206604,-0.08737979543247908
0.001,-0.8380164713206604,-0.11664015169686562
0.001,-0.8500164713206604,-0.15403076580676045
0.001,-0.8620164713206604,-0.20091670926040048
0.001,-0.8740164713206604,-0.258352621494353
0.001,-0.8860164713206604,-0.3267306554943778
0.001,-0.8980164713206604,-0.4053333769088971
0.001,-0.9100164713206604,-0.4918517780498426
0.001,-0.9220164713206604,-0.5820274611558076
0.001,-0.9340164713206605,-0.6696829350032976
0.001,-0.9460164713206605,-0.74740490482387
0.001,-0.9580164713206605,-0.8079505877409057
0.001,-0.9700164713206605,-0.8460665836902695
0.001,-0.9820164713206605,-0.8600077686654646
0.001,-0.9940164713206605,-0.8519585466692127
0.001,-1.0060164713206605,-0.8270636699044547
0.001,-1.0180164713206605,-0.7916115025933239
0.001,-1.0300164713206605,-0.7513489760567461
0.001,-1.0420164713206606,-0.7105810073515018
0.001,-1.0540164713206603,-0.6720554868187808
0.001,-1.0660164713206604,-0.637266081303632
0.001,-1.0780164713206604,-0.6068382755376849
0.001,-1.0900164713206604,-0.5808476467917334
0.001,-1.1020164713206604,-0.5590467677224141
0.001,-1.1140164713206604,-0.5410189726095046
0.001,-1.1260164713206604,-0.5262791885358825
0.001,-1.1380164713206604,-0.5143367886474154
0.001,-1.1500164713206604,-0.5047316860610384
0.001,-1.1620164713206604,-0.49705236970841904
0.001,-1.1740164713206604,-0.4909424358680086
0.001,-1.1860164713206605,-0.4861002730162846
0.001,-1.1980164713206605,-0.48227502312167875
0.001,-1.1899835286793394,-0.4778511921711891
0.001,-1.1779835286793394,-0.474218567817547
0.001,-1.1659835286793394,-0.47115754309740787
0.001,-1.1539835286793394,-0.4682974304906967
0.001,-1.1419835286793396,-0.46535824064109166
0.001,-1.1299835286793396,-0.46207205181496014
0.001,-1.1179835286793396,-0.45816107669036965
0.001,-1.1059835286793396,-0.45332510527259473
0.001,-1.0939835286793396,-0.4472380980343859
0.001,-1.0819835286793396,-0.4395573499358103
0.001,-1.0699835286793395,-0.42994874481149625
0.001,-1.0579835286793395,-0.4181289122560937
0.001,-1.0459835286793395,-0.403918918345445
0.001,-1.0339835286793395,-0.3872958744336983
0.001,-1.0219835286793395,-0.36842321958481977
0.001,-1.0099835286793395,-0.3476432402870779
0.001,-0.9979835286793395,-0.3254281930702596
0.001,-0.9859835286793395,-0.30230299862605725
0.001,-0.9739835286793395,-0.27876273437004667
0.001,-0.9619835286793395,-0.2552063608711982
0.001,-0.9499835286793394,-0.23189775459603712
0.001,-0.9379835286793394,-0.208957278722688
0.001,-0.9259835286793394,-0.18639410114670812
0.001,-0.9139835286793395,-0.16420234214188204
0.001,-0.9019835286793395,-0.14250575879786606
0.001,-0.8899835286793395,-0.12163838518905937
0.001,-0.8779835286793395,-0.10206674344514599
0.001,-0.8659835286793395,-0.08422805936777099
0.001,-0.8539835286793395,-0.06841491873640136
0.001,-0.8419835286793396,-0.05474387416386043
0.001,-0.8299835286793396,-0.04317859667200975
0.001,-0.8179835286793395,-0.03357411419990709
0.001,-0.8059835286793395,-0.025722408329925662
0.001,-0.7939835286793395,-0.019390390294460238
0.001,-0.7819835286793395,-0.014347453248374598
0.001,-0.7699835286793395,-0.010382830224740472
0.001,-0.7579835286793395,-0.007314035306931747
0.001,-0.7459835286793395,-0.004987740944870938
0.001,-0.7339835286793395,-0.0032746301044414834
0.001,-0.7219835286793395,-0.002060940766400852
0.001,-0.7099835286793394,-0.0012411688753203142
0.001,-0.6979835286793394,-0.0007162685914384073
0.001,-0.6859835286793395,-0.00039782893234540566
0.001,-0.6739835286793395,-0.00021397741110050096
0.001,-0.6619835286793395,-0.00011218748052407584
0.001,-0.6499835286793395,-5.767628090414057e-5
0.001,-0.6379835286793395,-2.9212315452217022e-5
0.001,-0.6259835286793395,-1.4623173767030311e-5
0.001,-0.6139835286793395,-7.244933534009669e-6
0.001,-0.6019835286793395,-3.5481713325248753e-6
0.001,-0.5899835286793395,-1.7069154250312998e-6
0.001,-0.5779835286793394,-7.919877338120933e-7
0.001,-0.5659835286793394,-3.360559748313129e-7
0.001,-0.5539835286793395,-1.0600833084139726e-7
0.001,-0.5419835286793395,1.3773777810545527e-8
0.001,-0.5299835286793395,8.043531426586938e-8
0.001,-0.5179835286793395,1.221968219228898e-7
0.001,-0.5059835286793395,1.5304326109562906e-7
0.001,-0.4939835286793395,1.7998966664617067e-7
0.001,-0.48198352867933947,2.0666220654022587e-7
0.001,-0.46998352867933946,2.350603232607763e-7
0.001,-0.45798352867933945,2.664241302807878e-7
0.001,-0.44598352867933944,3.0166378099749894e-7
0.001,-0.43398352867933954,3.415751740820549e-7
0.001,-0.4219835286793395,3.869525341325017e-7
0.001,-0.4099835286793395,4.386518236979922e-7
0.001,-0.3979835286793395,4.976314229902968e-7
0.001,-0.3859835286793395,5.649839625611577e-7
0.001,-0.3739835286793395,6.419653714919137e-7
0.001,-0.3619835286793395,7.300252760011524e-7
0.001,-0.34998352867933946,8.308409065778532e-7
0.001,-0.33798352867933945,9.463556124931089e-7
0.001,-0.32598352867933944,1.0788242119827007e-6
0.001,-0.31398352867933943,1.2308658295528383e-6
0.001,-0.30198352867933953,1.4055261334637808e-6
0.001,-0.2899835286793395,1.6063510588376774e-6
0.001,-0.2779835286793395,1.837473292689107e-6
0.001,-0.2659835286793395,2.1037152257827316e-6
0.001,-0.2539835286793395,2.410710673440584e-6
0.001,-0.24198352867933948,2.7650488073152435e-6
0.001,-0.22998352867933947,3.1744459220086207e-6
0.001,-0.21798352867933946,3.6479488567831e-6
0.001,-0.20598352867933944,4.196177200548573e-6
0.001,-0.19398352867933943,4.831611889595369e-6
0.001,-0.18198352867933942,5.568938969073743e-6
0.001,-0.1699835286793394,6.425459459047692e-6
0.001,-0.1579835286793394,7.421578154975557e-6
0.001,-0.1459835286793394,8.581387115586834e-6
0.001,-0.13398352867933938,9.933360922891046e-6
0.001,-0.12198352867933937,1.1511186142750335e-5
0.001,-0.10998352867933958,1.3354748273304422e-5
0.001,-0.09798352867933957,1.5511305257832315e-5
0.001,-0.08598352867933956,1.8036878914934544e-5
0.001,-0.07398352867933955,2.0997898388304733e-5
0.001,-0.06198352867933954,2.4473133325399184e-5
0.001,-0.04998352867933953,2.8555951572425857e-5
0.001,-0.03798352867933952,3.335693378780571e-5
0.001,-0.025983528679339507,3.900686464144218e-5
0.001,-0.013983528679339496,4.566009903931638e-5
0.001,-0.0019835286793394857,5.349826176313102e-5
0.001,0.010016471320660525,6.273417620012518e-5
0.001,0.022016471320660536,7.361581370376564e-5
0.001,0.034016471320660546,8.642990196881041e-5
0.001,0.04601647132066056,0.00010150459764785747
0.001,0.05801647132066057,0.00011921029650330644
0.001,0.07001647132066058,0.00013995719122942166
0.001,0.08201647132066059,0.00016418756744963065
0.001,0.0940164713206606,0.00019236004896277753
0.001,0.10601647132066061,0.0002249221014751871
0.001,0.11801647132066062,0.0002622662175444353
0.001,0.13001647132066063,0.00030466464305396035
0.001,0.14201647132066042,0.00035217783949616574
0.001,0.15401647132066043,0.00040453406101151833
0.001,0.16601647132066044,0.00046098278480456777
0.001,0.17801647132066045,0.0005201347747823843
0.001,0.19001647132066046,0.0005798172315000596
0.001,0.20201647132066047,0.0006369927129666178
0.001,0.21401647132066048,0.0006878099842830359
0.001,0.2260164713206605,0.0007278619781122585
0.001,0.2380164713206605,0.0007527030224467745
0.001,0.2500164713206605,0.000758607849157914
0.001,0.2620164713206605,0.0007434393298381621
0.001,0.27401647132066054,0.000707368674920883
0.001,0.28601647132066055,0.0006531409746065368
0.001,0.29801647132066056,0.0005856823451445011
0.001,0.31001647132066057,0.0005111045650922494
0.001,0.3220164713206606,0.000435448082620698
0.001,0.3340164713206606,0.0003636209533978167
0.001,0.3460164713206606,0.00029885270254651966
0.001,0.3580164713206606,0.00024269908492457353
0.001,0.3700164713206606,0.0001954078581303892
0.001,0.38201647132066063,0.0001563977221196454
0.001,0.39401647132066064,0.0001246760710578952
0.001,0.40601647132066043,9.91277548785374e-5
0.001,0.41801647132066044,7.868062763008434e-5
0.001,0.43001647132066045,6.238259154258576e-5
0.001,0.44201647132066046,4.9425498239256224e-5
0.001,0.4540164713206605,3.914157955799853e-5
0.001,0.4660164713206605,3.098799849334009e-5
0.001,0.4780164713206605,2.4527875873272708e-5
0.001,0.4900164713206605,1.9411777900408383e-5
0.001,0.5020164713206605,1.5361286808195873e-5
0.001,0.5140164713206605,1.215510213793029e-5
0.001,0.5260164713206605,9.61759131252876e-6
0.001,0.5380164713206605,7.609501655179078e-6
0.001,0.5500164713206606,6.020495155085401e-6
0.001,0.5620164713206606,4.763181908627035e-6
0.001,0.5740164713206606,3.768367449272088e-6
0.001,0.5860164713206606,2.981275381939988e-6
0.001,0.5980164713206606,2.358549713910195e-6
0.001,0.6100164713206606,1.8658774088421557e-6
0.001,0.6220164713206606,1.47610468079836e-6
0.001,0.6340164713206606,1.167744668443905e-6
0.001,0.6460164713206606,9.237955841755671e-7
0.001,0.6580164713206604,7.308051452880636e-7
0.001,0.6700164713206604,5.781298852834989e-7
0.001,0.6820164713206605,4.573489564369467e-7
0.001,0.6940164713206605,3.6180011304634584e-7
0.001,0.7060164713206605,2.862125025064059e-7
0.001,0.7180164713206605,2.2641627812798783e-7
0.001,0.7300164713206605,1.7911251081081064e-7
0.001,0.7420164713206605,1.4169136498570878e-7
0.001,0.7540164713206605,1.1208834199298335e-7
0.001,0.7660164713206605,8.867011770115032e-8
0.001,0.7780164713206605,7.014449616602721e-8
0.001,0.7900164713206606,5.548942893724135e-8
0.001,0.7979835286793396,4.389580939491646e-8
0.001,0.7859835286793396,3.472344916854424e-8
0.001,0.7739835286793396,2.7468282443967623e-8
0.001,0.7619835286793396,2.1729147926675484e-8
0.001,0.7499835286793396,1.718913283112302e-8
0.001,0.7379835286793396,1.3597724312132182e-8
0.001,0.7259835286793396,1.0756639359303259e-8
0.001,0.7139835286793396,8.509181810902474e-9
0.001,0.7019835286793396,6.731260315777164e-9
0.001,0.6899835286793395,5.32482692695449e-9
0.001,0.6779835286793396,4.212241618913869e-9
0.001,0.6659835286793396,3.332121121276701e-9
0.001,0.6539835286793396,2.6358373848448363e-9
0.001,0.6419835286793396,2.0850644146047873e-9
0.001,0.6299835286793396,1.6493538923378002e-9
0.001,0.6179835286793396,1.3047076549405883e-9
0.001,0.6059835286793396,1.0320044711162958e-9
0.001,0.5939835286793396,8.163254150478479e-10
0.001,0.5819835286793396,6.45704822203289e-10
0.001,0.5699835286793395,5.107196665807171e-10
0.001,0.5579835286793395,4.039626143065485e-10
0.001,0.5459835286793395,3.1948664996029266e-10
0.001,0.5339835286793395,2.526713945254191e-10
0.001,0.5219835286793395,1.99826478752655e-10
0.001,0.5099835286793396,1.5800814819685833e-10
0.001,0.4979835286793396,1.249488234196507e-10
0.001,0.4859835286793396,9.874637032927425e-11
0.001,0.47398352867933957,7.806584525194062e-11
0.001,0.46198352867933956,6.168883173741973e-11
0.001,0.4499835286793396,4.873532305483368e-11
0.001,0.4379835286793396,3.8490964612630294e-11
0.001,0.4259835286793396,3.040043890733808e-11
0.001,0.4139835286793396,2.3953794021161372e-11
0.001,0.40198352867933956,1.8896352387192764e-11
0.001,0.38998352867933955,1.489565323226385e-11
0.001,0.3779835286793396,1.1741079806299917e-11
0.001,0.3659835286793396,9.251951194934285e-12
0.001,0.3539835286793396,7.242492921296986e-12
0.001,0.34198352867933957,5.6644204540257625e-12
0.001,0.32998352867933956,4.427293802064471e-12
0.001,0.3179835286793396,3.4579994697952626e-12
0.001,0.3059835286793396,2.6976133936839197e-12
0.001,0.2939835286793395,2.0812831064801462e-12
0.001,0.2819835286793396,1.5971652977550133e-12
0.001,0.2699835286793396,1.2290189639932288e-12
0.001,0.2579835286793396,9.638503179828439e-13
0.001,0.2459835286793396,7.252666256328253e-13
0.001,0.23398352867933958,5.664488918719616e-13
0.001,0.22198352867933957,4.088620847585406e-13
0.001,0.20998352867933956,3.3613960135227106e-13
0.001,0.19798352867933955,2.5774316434977323e-13
0.001,0.18598352867933954,1.891434250058873e-13
0.001,0.17398352867933953,1.2630212006670512e-13
0.001,0.16198352867933963,8.479723882560483e-14
0.001,0.14998352867933962,5.6712476444449764e-14
0.001,0.1379835286793396,7.153776779172597e-14
0.001,0.1259835286793396,2.6619968153072713e-14
0.001,0.11398352867933959,3.3239864495301975e-14
0.001,0.10198352867933957,3.688751209753e-14
0.001,0.08998352867933956,1.2304527791622202e-14
0.001,0.07798352867933955,-1.9466847485168258e-15
0.001,0.06598352867933954,3.648733602698128e-14
0.001,0.05398352867933953,7.593794897971287e-15
0.001,0.04198352867933952,1.021559892152352e-14
0.001,0.03148764650950486,1.0845733495022154e-14
0.001,0.02361573488212887,7.138932765407228e-15
0.001,0.017711801161596652,-7.148872343867958e-15
0.001,0.011807867441064435,3.266431073951171e-15
0.001,0.005903933720532217,-1.1721330154260125e-14
0.001,0.0,-1.058498641121349e-14
0.005,-0.0011999999999999789,1.430838608471535e-14
0.005,-0.0025200000000000777,-7.11684452220999e-15
0.005,-0.0039719999999999756,6.9206812649369685e-15
0.005,-0.00556919999999983,-1.0603164679982139e-14
0.005,-0.0073261200000001026,8.515040365400844e-15
0.005,-0.009258732000000047,-7.328300310540317e-16
0.005,-0.01138460519999962,3.5570541859856175e-15
0.005,-0.01372306572000015,5.761826204378248e-16
0.005,-0.01629537229199962,1.3711571526571025e-15
0.005,-0.01912490952119983,-1.4717831982458102e-14
0.005,-0.022237400473320013,-1.0412034577668537e-14
0.005,-0.025661140520651826,2.6568990936443338e-14
0.005,-0.029427254572717,-6.881933652862306e-15
0.005,-0.03356998002998923,1.9006727016422054e-14
0.005,-0.03812697803298759,1.4584158934962166e-15
0.005,-0.04313967583628653,-9.486719643040246e-15
0.005,-0.04865364341991496,1.7363512300839215e-14
0.005,-0.05471900776190686,9.903712911094637e-15
0.005,-0.06139090853809759,8.153926282561228e-15
0.005,-0.06872999939190716,-1.1121861174547059e-14
0.005,-0.0768029993310978,1.3695764493179226e-15
0.005,-0.08568329926420803,1.1555247860927923e-14
0.005,-0.09545162919062877,4.564795237721723e-15
0.005,-0.10619679210969135,3.167646238903845e-14
0.005,-0.11801647132066073,-1.8496016586908425e-14
0.005,-0.13001647132066063,-2.1055239455585104e-15
0.005,-0.14201647132066053,-1.5940600168050504e-14
0.005,-0.15401647132066043,-2.4448443422612346e-14
0.005,-0.16601647132066089,-9.565967806180283e-15
0.005,-0.17801647132066023,2.3311944586068708e-15
0.005,-0.19001647132066068,4.491807806196637e-15
0.005,-0.20201647132066047,2.3562475663289703e-15
0.005,-0.21401647132066048,-1.1123102959105331e-14
0.005,-0.22601647132066094,7.374760985168502e-15
0.005,-0.23801647132066028,5.78859789746924e-15
0.005,-0.25001647132066074,-4.926288718464894e-15
0.005,-0.2620164713206605,-2.8493057371209876e-14
0.005,-0.27401647132066054,8.213752026766562e-15
0.005,-0.2860164713206603,-3.412287218859966e-14
0.005,-0.2980164713206601,-4.083650265288342e-14
0.005,-0.31001647132066057,-1.051155873621034e-13
0.005,-0.3220164713206606,-2.1367231870862793e-13
0.005,-0.33401647132066037,-4.084703899983922e-13
0.005,-0.3460164713206608,-8.539180539665429e-13
0.005,-0.35801647132066017,-1.80272176459936e-12
0.005,-0.3700164713206606,-3.7650286916508386e-12
0.005,-0.38201647132066063,-7.824086745923346e-12
0.005,-0.3940164713206604,-1.6352470665152217e-11
0.005,-0.4060164713206609,-3.4147508888813674e-11
0.005,-0.4180164713206609,-7.140294881544054e-11
0.005,-0.4300164713206607,-1.4944548579326035e-10
0.005,-0.44201647132066113,-3.128735305712472e-10
0.005,-0.4540164713206605,-6.552136223077095e-10
0.005,-0.46601647132066093,-1.3726581300964435e-9
0.005,-0.4780164713206607,-2.876502165398882e-9
0.005,-0.49001647132066073,-6.029628060212941e-9
0.005,-0.5020164713206612,-1.2642179380291968e-8
0.005,-0.514016471320661,-2.651164747409257e-8
0.005,-0.526016471320661,-5.5603986728517733e-8
0.005,-0.5380164713206614,-1.1662374822315293e-7
0.005,-0.5500164713206606,-2.4457936663748294e-7
0.005,-0.562016471320661,-5.127592631802014e-7
0.005,-0.574016471320661,-1.0743140293463048e-6
0.005,-0.5860164713206608,-2.2483549580190585e-6
0.005,-0.5980164713206613,-4.696750316525787e-6
0.005,-0.6100164713206613,-9.78244327309522e-6
0.005,-0.6220164713206611,-2.028093288043204e-5
0.005,-0.6340164713206615,-4.174830807380319e-5
0.005,-0.6460164713206609,-8.502211592153443e-5
0.005,-0.6580164713206613,-0.0001704423826524737
0.005,-0.6700164713206613,-0.000334120239500947
0.005,-0.6820164713206611,-0.0006354553337997657
0.005,-0.6940164713206616,-0.0011631152730066272
0.005,-0.7060164713206614,-0.0020358261402551726
0.005,-0.7180164713206614,-0.0033980319402452893
0.005,-0.7300164713206612,-0.005417677850219888
0.005,-0.7420164713206612,-0.008295519317428555
0.005,-0.7540164713206616,-0.012288508974821125
0.005,-0.7660164713206614,-0.017742569317027918
0.005,-0.7780164713206614,-0.025129810074124105
0.005,-0.7900164713206619,-0.035088884370022194
0.005,-0.8020164713206617,-0.048469204344875554
0.005,-0.8140164713206617,-0.06637869766015804
0.005,-0.8260164713206615,-0.09023171484950661
0.005,-0.8380164713206613,-0.12178981047238775
0.005,-0.8500164713206617,-0.16318432162307356
0.005,-0.8620164713206617,-0.21690592530528086
0.005,-0.8740164713206615,-0.2857397379773289
0.005,-0.886016471320662,-0.37260966481150304
0.005,-0.898016471320662,-0.480277339621843
0.005,-0.9100164713206618,-0.6108506508723353
0.005,-0.9220164713206618,-0.7651269247441608
0.005,-0.9340164713206616,-0.9418973324160901
0.005,-0.946016471320662,-1.1373947376158962
0.005,-0.958016471320662,-1.3450377651711238
0.005,-0.9700164713206618,-1.5555398907547182
0.005,-0.9820164713206623,-1.7573775302006358
0.005,-0.9940164713206621,-1.9375931196962395
0.005,-1.006016471320662,-2.082947677666289
0.005,-1.0180164713206619,-2.181482141643938
0.005,-1.0300164713206619,-2.2245143037108415
0.005,-1.0420164713206623,-2.208888179422592
0.005,-1.0540164713206621,-2.138834957327957
0.005,-1.0660164713206621,-2.026249919978712
0.005,-1.0780164713206626,-1.8882392301634496
0.005,-1.0900164713206624,-1.7423297818336847
0.005,-1.1020164713206622,-1.6019113688111464
0.005,-1.1140164713206622,-1.4744639018165717
0.005,-1.126016471320662,-1.36257301169936
0.005,-1.1380164713206624,-1.2659373506628038
0.005,-1.1500164713206624,-1.1829886325395824
0.005,-1.1620164713206622,-1.1118110021187482
0.005,-1.1740164713206627,-1.0505578086094154
0.005,-1.1860164713206627,-0.9976024058391767
0.005,-1.1980164713206625,-0.9515691754681161
0.005,-1.1899835286793377,-0.9056648126617279
0.005,-1.1779835286793376,-0.8656761586755863
0.005,-1.1659835286793372,-0.8301216316974867
0.005,-1.1539835286793374,-0.7973938120732929
0.005,-1.1419835286793374,-0.766446669586041
0.005,-1.129983528679337,-0.736369560979396
0.005,-1.1179835286793376,-0.7063065670554514
0.005,-1.1059835286793371,-0.6754377304300814
0.005,-1.0939835286793378,-0.6429969705682982
0.005,-1.0819835286793373,-0.6083232418156314
0.005,-1.0699835286793382,-0.5709398713558882
0.005,-1.0579835286793378,-0.5306471652011078
0.005,-1.0459835286793384,-0.48760162393985634
0.005,-1.033983528679338,-0.4423497157776237
0.005,-1.0219835286793386,-0.3957923422101304
0.005,-1.0099835286793382,-0.3490777454297679
0.005,-0.9979835286793388,-0.3034460170064724
0.005,-0.9859835286793384,-0.2600645488090107
0.005,-0.973983528679339,-0.21989345229121185
0.005,-0.9619835286793386,-0.18360560798727962
0.005,-0.9499835286793392,-0.1515663470223302
0.005,-0.9379835286793388,-0.1238615908414475
0.005,-0.9259835286793394,-0.10035517987649259
0.005,-0.913983528679339,-0.08075594596830571
0.005,-0.9019835286793397,-0.06467974202362904
0.005,-0.8899835286793393,-0.05169735540008516
0.005,-0.8779835286793399,-0.041362875956036216
0.005,-0.8659835286793395,-0.03321764418687272
0.005,-0.8539835286793402,-0.026772459356527473
0.005,-0.8419835286793398,-0.021520797522933177
0.005,-0.8299835286793404,-0.01706810631593084
0.005,-0.81798352867934,-0.013244423804145353
0.005,-0.8059835286793406,-0.010017934057369409
0.005,-0.7939835286793402,-0.007369519364266682
0.005,-0.7819835286793408,-0.0052562013616320276
0.005,-0.7699835286793404,-0.003619839201173731
0.005,-0.757983528679341,-0.0023969248686902325
0.005,-0.7459835286793406,-0.0015213721770834885
0.005,-0.7339835286793412,-0.0009249128894399623
0.005,-0.7219835286793408,-0.0005396822783227762
0.005,-0.7099835286793416,-0.00030358523599552183
0.005,-0.6979835286793411,-0.00016558958690393976
0.005,-0.6859835286793418,-8.80875797635169e-5
0.005,-0.6739835286793413,-4.5916356795215794e-5
0.005,-0.661983528679342,-2.3511383060220366e-5
0.005,-0.6499835286793415,-1.1808837210824804e-5
0.005,-0.6379835286793422,-5.761000150400486e-6
0.005,-0.6259835286793417,-2.645983804840442e-6
0.005,-0.6139835286793425,-1.0292623020489505e-6
0.005,-0.601983528679342,-1.6663404296567283e-7
0.005,-0.5899835286793427,3.241483231688091e-7
0.005,-0.5779835286793422,6.386369348379144e-7
0.005,-0.5659835286793429,8.773300438588635e-7
0.005,-0.5539835286793424,1.0929298985737206e-6
0.005,-0.5419835286793431,1.314498904427331e-6
0.005,-0.5299835286793426,1.5597649786873025e-6
0.005,-0.5179835286793434,1.8414104427967101e-6
0.005,-0.5059835286793429,2.170343815760472e-6
0.005,-0.4939835286793436,2.5574782582228444e-6
0.005,-0.48198352867934313,3.0147927568326714e-6
0.005,-0.4699835286793438,3.55607061238052e-6
0.005,-0.45798352867934333,4.197521225416067e-6
0.005,-0.445983528679344,4.958395415570728e-6
0.005,-0.43398352867934353,5.861662521115748e-6
0.005,-0.4219835286793443,6.934794093493071e-6
0.005,-0.40998352867934384,8.210695832905543e-6
0.005,-0.3979835286793445,9.72882617851552e-6
0.005,-0.38598352867934405,1.1536546988295167e-5
0.005,-0.3739835286793447,1.3690758846536863e-5
0.005,-0.36198352867934425,1.6259883587252926e-5
0.005,-0.3499835286793449,1.9326271574816838e-5
0.005,-0.33798352867934445,2.2989127189609843e-5
0.005,-0.3259835286793452,2.7368067946756456e-5
0.005,-0.31398352867934476,3.260745833095842e-5
0.005,-0.3019835286793454,3.888169136412719e-5
0.005,-0.28998352867934496,4.640163030022155e-5
0.005,-0.2779835286793456,5.542247210692415e-5
0.005,-0.26598352867934516,6.62533507463593e-5
0.005,-0.2539835286793458,7.926907386060457e-5
0.005,-0.24198352867934536,9.492447027691165e-5
0.005,-0.22998352867934602,0.00011377193439230918
0.005,-0.21798352867934556,0.00013648287800369744
0.005,-0.20598352867934633,0.00016387395292963498
0.005,-0.19398352867934587,0.0001969390824461897
0.005,-0.18198352867934653,0.00023688854517753093
0.005,-0.16998352867934607,0.0002851965837034802
0.005,-0.15798352867934673,0.000343659255742997
0.005,-0.14598352867934627,0.0004144645008169034
0.005,-0.13398352867934693,0.0005002766212498939
0.005,-0.12198352867934648,0.0006043375403428898
0.005,-0.10998352867934713,0.0007305872172017501
0.005,-0.09798352867934668,0.0008838053640243161
0.005,-0.08598352867934733,0.001069775949947225
0.005,-0.07398352867934688,0.0012954746586195823
0.005,-0.061983528679347755,0.0015692771789156752
0.005,-0.0499835286793473,0.001901182563412365
0.005,-0.037983528679347955,0.0023030404806042783
0.005,-0.0259835286793475,0.0027887636634304318
0.005,-0.013983528679348156,0.003374497146061314
0.005,-0.0019835286793477014,0.004078704497365271
0.005,0.010016471320651643,0.0049221197485700904
0.005,0.022016471320652098,0.005927505132612898
0.005,0.03401647132065144,0.007119153894037053
0.005,0.0460164713206519,0.008522090389509851
0.005,0.05801647132065124,0.010160952238188947
0.005,0.0700164713206517,0.01205859371378095
0.005,0.08201647132065104,0.014234520938441764
0.005,0.0940164713206515,0.01670334290193283
0.005,0.10601647132065084,0.019473474750750494
0.005,0.1180164713206513,0.022546337239770124
0.005,0.13001647132065042,0.025916245449677494
0.005,0.14201647132065087,0.029571077497476436
0.005,0.15401647132065022,0.03349368666262519
0.005,0.16601647132065067,0.03766390388608936
0.005,0.17801647132065002,0.0420609008308748
0.005,0.19001647132065047,0.046665656985652275
0.005,0.20201647132065093,0.051463288564999
0.005,0.21401647132065027,0.05644503212508232
0.005,0.22601647132064961,0.06160971250766646
0.005,0.23801647132065007,0.06696455298933843
0.005,0.2500164713206505,0.07252520741194446
0.005,0.26201647132064987,0.0783149202872972
0.005,0.2740164713206492,0.08436276333616996
0.005,0.28601647132064967,0.090700960490324
0.005,0.2980164713206501,0.09736138993099001
0.005,0.31001647132064947,0.10437142017504347
0.005,0.3220164713206488,0.11174927130967315
0.005,0.33401647132064927,0.11949907453814326
0.005,0.3460164713206497,0.12760573657737537
0.005,0.35801647132064884,0.136029627135305
0.005,0.3700164713206482,0.14470103908920007
0.005,0.38201647132064864,0.15351436460926204
0.005,0.3940164713206491,0.16232202411391983
0.005,0.40601647132064844,0.1709284179663727
0.005,0.4180164713206478,0.17908459795900622
0.005,0.43001647132064824,0.18648505668368254
0.005,0.4420164713206487,0.19276909993956404
0.005,0.45401647132064804,0.19753073408830207
0.005,0.4660164713206474,0.20034264584267492
0.005,0.47801647132064784,0.2008007891491663
0.005,0.4900164713206483,0.19859416429965393
0.005,0.5020164713206476,0.1935959461754464
0.005,0.514016471320647,0.18595420958159106
0.005,0.5260164713206474,0.17613782942682082
0.005,0.5380164713206479,0.16488675044037684
0.005,0.550016471320647,0.15305390935978772
0.005,0.5620164713206464,0.14140094381377738
0.005,0.5740164713206468,0.13045237821252262
0.005,0.5860164713206473,0.12046739514327294
0.005,0.5980164713206466,0.11150214107929113
0.005,0.610016471320646,0.10349700270533997
0.005,0.6220164713206464,0.09634472297980523
0.005,0.6340164713206469,0.08992953579392952
0.005,0.6460164713206462,0.08414480398890668
0.005,0.6580164713206456,0.07889876437149848
0.005,0.670016471320646,0.07411484602032056
0.005,0.6820164713206465,0.06972995459393824
0.005,0.6940164713206458,0.06569225746474702
0.005,0.7060164713206452,0.0619590786648191
0.005,0.7180164713206456,0.05849509894724313
0.005,0.7300164713206461,0.05527088720625165
0.005,0.7420164713206454,0.05226165647526537
0.005,0.7540164713206445,0.04944657930218472
0.005,0.766016471320645,0.04680780046883263
0.005,0.7780164713206454,0.04432992549009422
0.005,0.7900164713206448,0.041999609756455586
0.005,0.797983528679356,0.03980393546762163
0.005,0.7859835286793555,0.03772901246006007
0.005,0.773983528679355,0.03577436287644509
0.005,0.7619835286793557,0.03392890149935659
0.005,0.7499835286793564,0.032184734194169375
0.005,0.7379835286793559,0.03053501970279652
0.005,0.7259835286793554,0.028973600315756576
0.005,0.7139835286793562,0.027494954208032225
0.005,0.7019835286793569,0.026094028245609524
0.005,0.6899835286793564,0.024766142061649486
0.005,0.677983528679356,0.023506975807488187
0.005,0.6659835286793566,0.022312517944211924
0.005,0.6539835286793574,0.021179026891035693
0.005,0.6419835286793569,0.02010299879483704
0.005,0.6299835286793565,0.019081139659303692
0.005,0.6179835286793571,0.018110340786313985
0.005,0.6059835286793578,0.017187656771288883
0.005,0.5939835286793573,0.016310285469088803
0.005,0.5819835286793569,0.015475549479142554
0.005,0.5699835286793575,0.014680878807843337
0.005,0.5579835286793582,0.013923794474608356
0.005,0.5459835286793577,0.013201892948029592
0.005,0.5339835286793573,0.012512831440273726
0.005,0.5219835286793579,0.011854314275239891
0.005,0.5099835286793587,0.011224080787225206
0.005,0.49798352867935824,0.010619895524974046
0.005,0.4859835286793578,0.010039541938927756
0.005,0.47398352867935845,0.009480821216787226
0.005,0.46198352867935916,0.008941558476689595
0.005,0.4499835286793587,0.008419619052131181
0.005,0.43798352867935825,0.007912937965909254
0.005,0.4259835286793589,0.0074195656527834405
0.005,0.4139835286793596,0.006937732230631272
0.005,0.40198352867935916,0.006465930763294873
0.005,0.3899835286793587,0.006003016709291152
0.005,0.37798352867935936,0.005548316095366879
0.005,0.36598352867936,0.0051017294096483085
0.005,0.35398352867935956,0.004663813014075976
0.005,0.3419835286793591,0.004235816909649043
0.005,0.3299835286793598,0.0038196590029713168
0.005,0.31798352867936047,0.0034178229784533826
0.005,0.30598352867936,0.003033179216218404
0.005,0.2939835286793596,0.0026687435604238526
0.005,0.2819835286793603,0.0023274030972167416
0.005,0.26998352867936093,0.0020116470556027846
0.005,0.2579835286793605,0.0017233414605621672
0.005,0.24598352867936002,0.001463577866183419
0.005,0.23398352867936068,0.001232611823871888
0.005,0.22198352867936144,0.0010298900068319856
0.005,0.209983528679361,0.0008541505629607304
0.005,0.19798352867936053,0.0007035723971867165
0.005,0.1859835286793612,0.0005759466251428213
0.005,0.17398352867936184,0.00046884640899097957
0.005,0.1619835286793614,0.00037977767200942183
0.005,0.14998352867936093,0.0003063005219669764
0.005,0.1379835286793616,0.0002461178437623235
0.005,0.12598352867936236,0.00019713248111725854
0.005,0.1139835286793619,0.0001574774672006313
0.005,0.10198352867936145,0.00012552511783467716
0.005,0.0899835286793621,9.988091787035714e-5
0.005,0.07798352867936276,7.936749444869347e-5
0.005,0.0659835286793623,6.300297780319039e-5
0.005,0.05398352867936185,4.997697989935052e-5
0.005,0.0419835286793625,3.962644113158873e-5
0.005,0.03148764650952218,3.234267358846697e-5
0.005,0.023615734882141637,2.7773620048618765e-5
0.005,0.01574382325476109,2.3850335634943626e-5
0.005,0.007871911627380546,2.048250698786171e-5
0.005,0.0,1.7592067237773143e-5
0.01,-0.0011999999999999789,-2.739006260805194e-15
0.01,-0.0025200000000000777,-7.24491529693713e-15
0.01,-0.0039719999999999756,-1.0243007918773334e-14
0.01,-0.00556919999999983,2.0061715473000032e-14
0.01,-0.0073261200000001026,9.677932420845436e-17
0.01,-0.009258732000000047,-5.1343102525481355e-15
0.01,-0.01138460519999962,1.7967012742321133e-15
0.01,-0.01372306572000015,3.732125251772151e-15
0.01,-0.01629537229199962,-9.103008069994453e-16
0.01,-0.01912490952119983,1.6170595003246117e-14
0.01,-0.022237400473320013,1.381022096107885e-14
0.01,-0.025661140520651826,-1.612619739327039e-14
0.01,-0.029427254572717,-1.247285637326297e-14
0.01,-0.03356998002998923,-2.1130394265144353e-14
0.01,-0.03812697803298759,-3.156078099370903e-15
0.01,-0.04313967583628653,-4.5066774928665785e-17
0.01,-0.04865364341991496,-6.276771550534216e-16
0.01,-0.05471900776190686,2.945620912941969e-15
0.01,-0.06139090853809759,1.1989851743353138e-14
0.01,-0.06872999939190716,-8.083049771420226e-16
0.01,-0.0768029993310978,2.7188627776673143e-15
0.01,-0.08568329926420803,-2.7321131432921197e-15
0.01,-0.09545162919062877,5.9256570033902685e-15
0.01,-0.10619679210969135,-1.9977532946262618e-14
0.01,-0.11801647132066073,-3.1681197122682965e-15
0.01,-0.13001647132066063,7.666003050676987e-15
0.01,-0.14201647132066053,5.480082447865006e-15
0.01,-0.15401647132066043,2.369609972005702e-15
0.01,-0.16601647132066089,-7.436710707071815e-15
0.01,-0.17801647132066023,2.2784080636096807e-14
0.01,-0.19001647132066068,-1.205025882563868e-14
0.01,-0.20201647132066047,1.0061582208699097e-14
0.01,-0.21401647132066048,1.5744762348646195e-14
0.01,-0.22601647132066094,6.2773632866327655e-15
0.01,-0.23801647132066028,-5.434907957665268e-15
0.01,-0.25001647132066074,-3.4277300342706636e-15
0.01,-0.2620164713206605,-1.756035370770898e-14
0.01,-0.27401647132066054,-4.129816545956581e-15
0.01,-0.2860164713206603,-2.0870550871879014e-14
0.01,-0.2980164713206601,-5.082274795939293e-14
0.01,-0.31001647132066057,-9.268252270373133e-14
0.01,-0.3220164713206606,-2.0110915837888654e-13
0.01,-0.33401647132066037,-3.94719035966128e-13
0.01,-0.3460164713206608,-8.683393556173924e-13
0.01,-0.35801647132066017,-1.8064865034519506e-12
0.01,-0.3700164713206606,-3.749533839102246e-12
0.01,-0.38201647132066063,-7.793388184874036e-12
0.01,-0.3940164713206604,-1.6317878751149985e-11
0.01,-0.4060164713206609,-3.413700957789212e-11
0.01,-0.4180164713206609,-7.141811548133982e-11
0.01,-0.4300164713206607,-1.4945284425604957e-10
0.01,-0.44201647132066113,-3.128562637615645e-10
0.01,-0.4540164713206605,-6.551857197950271e-10
0.01,-0.46601647132066093,-1.3726163960855566e-9
0.01,-0.4780164713206607,-2.8763647159911892e-9
0.01,-0.49001647132066073,-6.029342971775553e-9
0.01,-0.5020164713206612,-1.264158638923292e-8
0.01,-0.514016471320661,-2.6510451783809934e-8
0.01,-0.526016471320661,-5.560142528826167e-8
0.01,-0.5380164713206614,-1.1661840452651476e-7
0.01,-0.5500164713206606,-2.4456816279197393e-7
0.01,-0.562016471320661,-5.127358292556036e-7
0.01,-0.574016471320661,-1.0742651388123815e-6
0.01,-0.5860164713206608,-2.2482534857468144e-6
0.01,-0.5980164713206613,-4.6965413322954776e-6
0.01,-0.6100164713206613,-9.782019557110201e-6
0.01,-0.6220164713206611,-2.0280100360005587e-5
0.01,-0.6340164713206615,-4.1746775099220074e-5
0.01,-0.6460164713206609,-8.501969254778224e-5
0.01,-0.6580164713206613,-0.0001704401191097885
0.01,-0.6700164713206613,-0.0003341248584785503
0.01,-0.6820164713206611,-0.0006354931176092612
0.01,-0.6940164713206616,-0.001163267894173862
0.01,-0.7060164713206614,-0.0020363072774413657
0.01,-0.7180164713206614,-0.003399328430290295
0.01,-0.7300164713206612,-0.005420794987802171
0.01,-0.7420164713206612,-0.008302419972416283
0.01,-0.7540164713206616,-0.012302930879220048
0.01,-0.7660164713206614,-0.01777155332121395
0.01,-0.7780164713206614,-0.02518652101701518
0.01,-0.7900164713206619,-0.035197745210559205
0.01,-0.8020164713206617,-0.048675120378127344
0.01,-0.8140164713206617,-0.06676339735690841
0.01,-0.8260164713206615,-0.09094220474591314
0.01,-0.8380164713206613,-0.1230868403589208
0.01,-0.8500164713206617,-0.16552247171332832
0.01,-0.8620164713206617,-0.2210602792831589
0.01,-0.8740164713206615,-0.2929941145710255
0.01,-0.886016471320662,-0.38501525991204677
0.01,-0.898016471320662,-0.500981348467841
0.01,-0.9100164713206618,-0.644487837416448
0.01,-0.9220164713206618,-0.8182572540127823
0.01,-0.9340164713206616,-1.023449877943555
0.01,-0.946016471320662,-1.2590524520246973
0.01,-0.958016471320662,-1.521485743314177
0.01,-0.9700164713206618,-1.8044941379149169
0.01,-0.9820164713206623,-2.099284229221713
0.01,-0.9940164713206621,-2.3948184987344066
0.01,-1.006016471320662,-2.678173861509991
0.01,-1.0180164713206619,-2.9349376030937298
0.01,-1.0300164713206619,-3.149715386703523
0.01,-1.0420164713206623,-3.3069552917397966
0.01,-1.0540164713206621,-3.3924365034430823
0.01,-1.0660164713206621,-3.3958559752978035
0.01,-1.0780164713206626,-3.31468090001382
0.01,-1.0900164713206624,-3.1582317015817214
0.01,-1.1020164713206622,-2.9487820027764595
0.01,-1.1140164713206622,-2.71608176598957
0.01,-1.126016471320662,-2.4870013519440457
0.01,-1.1380164713206624,-2.2780448891961673
0.01,-1.1500164713206624,-2.0952365342289125
0.01,-1.1620164713206622,-1.9382034017932595
0.01,-1.1740164713206627,-1.8039609120544602
0.01,-1.1860164713206627,-1.688978385414024
0.01,-1.1980164713206625,-1.5899970576379436
0.01,-1.1899835286793377,-1.4899069628102222
0.01,-1.1779835286793376,-1.404430376447618
0.01,-1.1659835286793372,-1.329492122309146
0.01,-1.1539835286793374,-1.2611072680453412
0.01,-1.1419835286793374,-1.1969338744246574
0.01,-1.129983528679337,-1.1350973064258276
0.01,-1.1179835286793376,-1.0739782286653416
0.01,-1.1059835286793371,-1.0121723777176328
0.01,-1.0939835286793378,-0.948529874727473
0.01,-1.0819835286793373,-0.8822427983358825
0.01,-1.0699835286793382,-0.812951076273829
0.01,-1.0579835286793378,-0.7408284908340986
0.01,-1.0459835286793384,-0.6666089199203316
0.01,-1.033983528679338,-0.5915257269173887
0.01,-1.0219835286793386,-0.5171628200194641
0.01,-1.0099835286793382,-0.44524413483271363
0.01,-0.9979835286793388,-0.3774070845233991
0.01,-0.9859835286793384,-0.31500806632640743
0.01,-0.973983528679339,-0.25899537007808676
0.01,-0.9619835286793386,-0.20986343472437463
0.01,-0.9499835286793392,-0.16768083557143604
0.01,-0.9379835286793388,-0.1321695167444241
0.01,-0.9259835286793394,-0.10280760853229681
0.01,-0.913983528679339,-0.07893154188846259
0.01,-0.9019835286793397,-0.059821385674579244
0.01,-0.8899835286793393,-0.04476241389291062
0.01,-0.8779835286793399,-0.033083203779235425
0.01,-0.8659835286793395,-0.024175034280732796
0.01,-0.8539835286793402,-0.017499042464806262
0.01,-0.8419835286793398,-0.012587027966356842
0.01,-0.8299835286793404,-0.009039739133801164
0.01,-0.81798352867934,-0.006523883846598371
0.01,-0.8059835286793406,-0.004766840879531448
0.01,-0.7939835286793402,-0.003546591233614
0.01,-0.7819835286793408,-0.002676265829188212
0.01,-0.7699835286793404,-0.001999159456615754
0.01,-0.757983528679341,-0.0014237417017358416
0.01,-0.7459835286793406,-0.000945651264369239
0.01,-0.7339835286793412,-0.0005874662266843108
0.01,-0.7219835286793408,-0.0003458503154384466
0.01,-0.7099835286793416,-0.0001953825447116489
0.01,-0.6979835286793411,-0.000106922167621716
0.01,-0.6859835286793418,-5.705357360877874e-5
0.01,-0.6739835286793413,-2.9795479135811693e-5
0.01,-0.661983528679342,-1.5225699608438658e-5
0.01,-0.6499835286793415,-7.554129042564137e-6
0.01,-0.6379835286793422,-3.544119952738921e-6
0.01,-0.6259835286793417,-1.440640191969591e-6
0.01,-0.6139835286793425,-3.1223209896778414e-7
0.01,-0.601983528679342,3.2842396572186684e-7
0.01,-0.5899835286793427,7.343790943776198e-7
0.01,-0.5779835286793422,1.0372380368365409e-6
0.01,-0.5659835286793429,1.3066342890480756e-6
0.01,-0.5539835286793424,1.5811804795193337e-6
0.01,-0.5419835286793431,1.8844663982154765e-6
0.01,-0.5299835286793426,2.2333416456315766e-6
0.01,-0.5179835286793434,2.6422725524346427e-6
0.01,-0.5059835286793429,3.1257389590190375e-6
0.01,-0.4939835286793436,3.699681584475344e-6
0.01,-0.48198352867934313,4.382524515419481e-6
0.01,-0.4699835286793438,5.196046895080858e-6
0.01,-0.45798352867934333,6.166256641283704e-6
0.01,-0.445983528679344,7.3243585906995125e-6
0.01,-0.43398352867934353,8.707884108391726e-6
0.01,-0.4219835286793443,1.0362040079824481e-5
0.01,-0.40998352867934384,1.2341338473023043e-5
0.01,-0.3979835286793445,1.471157239994875e-5
0.01,-0.38598352867934405,1.755222045981837e-5
0.01,-0.3739835286793447,2.095937501406616e-5
0.01,-0.36198352867934425,2.5049313367143415e-5
0.01,-0.3499835286793449,2.996285714364693e-5
0.01,-0.33798352867934445,3.5870697419407375e-5
0.01,-0.3259835286793452,4.297990506793955e-5
0.01,-0.31398352867934476,5.154189513454784e-5
0.01,-0.3019835286793454,6.18621760217899e-5
0.01,-0.28998352867934496,7.431228885656165e-5
0.01,-0.2779835286793456,8.934443472444818e-5
0.01,-0.26598352867934516,0.00010750939827561925
0.01,-0.2539835286793458,0.00012947850953712192
0.01,-0.24198352867934536,0.00015607054726436806
0.01,-0.22998352867934602,0.00018828467551787497
0.01,-0.21798352867934556,0.00022734072512807843
0.01,-0.20598352867934633,0.0002747283828005898
0.01,-0.19398352867934587,0.00033226712629101565
0.01,-0.18198352867934653,0.000402179034268678
0.01,-0.16998352867934607,0.000487176877047243
0.01,-0.15798352867934673,0.0005905701214163458
0.01,-0.14598352867934627,0.0007163915831537564
0.01,-0.13398352867934693,0.0008695473274704839
0.01,-0.12198352867934648,0.0010559918815333921
0.01,-0.10998352867934713,0.0012829296423135061
0.01,-0.09798352867934668,0.0015590412107770448
0.01,-0.08598352867934733,0.001894729838409698
0.01,-0.07398352867934688,0.002302377755051928
0.01,-0.061983528679347755,0.00279659440106737
0.01,-0.0499835286793473,0.0033944282644142038
0.01,-0.037983528679347955,0.004115501414015347
0.01,-0.0259835286793475,0.004982012230669741
0.01,-0.013983528679348156,0.0060185401714545755
0.01,-0.0019835286793477014,0.007251581584316273
0.01,0.010016471320651643,0.008708754416678595
0.01,0.022016471320652098,0.010417639365510318
0.01,0.03401647132065144,0.012404280118102844
0.01,0.0460164713206519,0.014691443139244892
0.01,0.05801647132065124,0.017296824099380926
0.01,0.0700164713206517,0.02023145860376198
0.01,0.08201647132065104,0.023498620437185928
0.01,0.0940164713206515,0.027093451299799606
0.01,0.10601647132065084,0.031003464062938177
0.01,0.1180164713206513,0.03520992415212269
0.01,0.13001647132065042,0.039689982481869904
0.01,0.14201647132065087,0.0444193453376501
0.01,0.15401647132065022,0.04937523761020945
0.01,0.16601647132065067,0.054539436543021604
0.01,0.17801647132065002,0.05990119737861021
0.01,0.19001647132065047,0.06545993047208058
0.01,0.20201647132065093,0.07122750113344743
0.01,0.21401647132065027,0.07723000462444878
0.01,0.22601647132064961,0.08350883383181719
0.01,0.23801647132065007,0.09012083598268272
0.01,0.2500164713206505,0.09713738329958593
0.01,0.26201647132064987,0.10464228718751632
0.01,0.2740164713206492,0.1127286638652927
0.01,0.28601647132064967,0.12149506543442988
0.01,0.2980164713206501,0.13104134225352998
0.01,0.31001647132064947,0.1414647214118443
0.01,0.3220164713206488,0.15285644986568725
0.01,0.33401647132064927,0.1652991157166489
0.01,0.3460164713206497,0.17886452644551423
0.01,0.35801647132064884,0.19361186739227632
0.01,0.3700164713206482,0.20958580830190632
0.01,0.38201647132064864,0.22681424263935332
0.01,0.3940164713206491,0.24530538972398028
0.01,0.40601647132064844,0.2650440289635933
0.01,0.4180164713206478,0.28598665149702107
0.01,0.43001647132064824,0.3080553047691451
0.01,0.4420164713206487,0.33112987675288297
0.01,0.45401647132064804,0.35503853314890943
0.01,0.4660164713206474,0.37954600885102996
0.01,0.47801647132064784,0.40433951250731487
0.01,0.4900164713206483,0.4290122214287526
0.01,0.5020164713206476,0.45304489230896006
0.01,0.514016471320647,0.4757872876380949
0.01,0.5260164713206474,0.4964433919633699
0.01,0.5380164713206479,0.5140683929035972
0.01,0.550016471320647,0.5275915854895468
0.01,0.5620164713206464,0.5358868828657848
0.01,0.5740164713206468,0.5379167316928164
0.01,0.5860164713206473,0.5329637453939501
0.01,0.5980164713206466,0.5209192224631036
0.01,0.610016471320646,0.5025161986689631
0.01,0.6220164713206464,0.4793324493942868
0.01,0.6340164713206469,0.4534580388049041
0.01,0.6460164713206462,0.42694750074985965
0.01,0.6580164713206456,0.40135664214852246
0.01,0.670016471320646,0.3775795873508012
0.01,0.6820164713206465,0.3559550655041087
0.01,0.6940164713206458,0.3364741243316789
0.01,0.7060164713206452,0.31895975782783514
0.01,0.7180164713206456,0.303178856499438
0.01,0.7300164713206461,0.2888983886972177
0.01,0.7420164713206454,0.2759079157108803
0.01,0.7540164713206445,0.2640270270545999
0.01,0.766016471320645,0.2531038460143179
0.01,0.7780164713206454,0.24301104518575875
0.01,0.7900164713206448,0.23364259318602085
0.01,0.797983528679356,0.22482968569201323
0.01,0.7859835286793555,0.21625982362269808
0.01,0.773983528679355,0.20842257852303572
0.01,0.7619835286793557,0.20108230036371866
0.01,0.7499835286793564,0.19415655103577956
0.01,0.7379835286793559,0.18759099347964725
0.01,0.7259835286793554,0.18134325811219992
0.01,0.7139835286793562,0.17537910022661302
0.01,0.7019835286793569,0.1696689036195546
0.01,0.6899835286793564,0.16418654147828976
0.01,0.677983528679356,0.15890868859350898
0.01,0.6659835286793566,0.15381416668198955
0.01,0.6539835286793574,0.14888349797016928
0.01,0.6419835286793569,0.14409858466859146
0.01,0.6299835286793565,0.13944248450282706
0.01,0.6179835286793571,0.1348992668618779
0.01,0.6059835286793578,0.13045394070333247
0.01,0.5939835286793573,0.1260924478997089
0.01,0.5819835286793569,0.12180171535803684
0.01,0.5699835286793575,0.11756975656324119
0.01,0.5579835286793582,0.11338580876573388
0.01,0.5459835286793577,0.10924048677084107
0.01,0.5339835286793573,0.10512592955576533
0.01,0.5219835286793579,0.10103591342622663
0.01,0.5099835286793587,0.09696590678634898
0.01,0.49798352867935824,0.0929130479104314
0.01,0.4859835286793578,0.08887603830120896
0.01,0.47398352867935845,0.08485495879828986
0.01,0.46198352867935916,0.08085103077839435
0.01,0.4499835286793587,0.07686635717283552
0.01,0.43798352867935825,0.07290368458513062
0.01,0.4259835286793589,0.06896622674843013
0.01,0.4139835286793596,0.06505758094792617
0.01,0.40198352867935916,0.06118175459705658
0.01,0.3899835286793587,0.057343301778874804
0.01,0.37798352867935936,0.05354755236736908
0.01,0.36598352867936,0.04980090186086079
0.01,0.35398352867935956,0.046111119719362825
0.01,0.3419835286793591,0.042487628101405744
0.01,0.3299835286793598,0.03894170099351199
0.01,0.31798352867936047,0.035486535262459304
0.01,0.30598352867936,0.032137150086444716
0.01,0.2939835286793596,0.028910080376487603
0.01,0.2819835286793603,0.025822844787119683
0.01,0.26998352867936093,0.022893191417066056
0.01,0.2579835286793605,0.02013815475962587
0.01,0.24598352867936002,0.017572993540737155
0.01,0.23398352867936068,0.015210114526596652
0.01,0.22198352867936144,0.013058112362685677
0.01,0.209983528679361,0.01112105922683502
0.01,0.19798352867936053,0.00939815333721025
0.01,0.1859835286793612,0.007883783234262276
0.01,0.17398352867936184,0.0065679963749570806
0.01,0.1619835286793614,0.005437294081524249
0.01,0.14998352867936093,0.004475628343899081
0.01,0.1379835286793616,0.0036654600633647515
0.01,0.12598352867936236,0.0029887527818452343
0.01,0.1139835286793619,0.002427811341940818
0.01,0.10198352867936145,0.0019659180120603407
0.01,0.0899835286793621,0.001587757772698864
0.01,0.07798352867936276,0.0012796528333781736
0.01,0.0659835286793623,0.00102964226747162
0.01,0.05398352867936185,0.0008274476874728493
0.01,0.0419835286793625,0.0006643635060891947
0.01,0.03148764650952218,0.0005480559324941056
0.01,0.023615734882141637,0.00047432806248399887
0.01,0.01574382325476109,0.00041047409913389757
0.01,0.007871911627380546,0.00035519882872437887
0.01,0.0,0.0003073679554658698
0.05,-0.0012000000000000899,-6.872579983097845e-15
0.05,-0.0025199999999998557,-7.213983511891648e-15
0.05,-0.003972000000000309,2.797046363296146e-15
0.05,-0.005569200000000052,1.5025761525938702e-14
0.05,-0.0073261199999997695,1.1886551140877901e-14
0.05,-0.009258731999999936,-1.8330585912097747e-15
0.05,-0.011384605199999953,2.595660822323874e-15
0.05,-0.013723065720000038,-9.776052355381312e-15
0.05,-0.016295372292000065,2.60544281228686e-15
0.05,-0.01912490952120005,2.5395410122542152e-14
0.05,-0.022237400473320124,6.875402092714976e-15
0.05,-0.025661140520652048,7.973271329189124e-15
0.05,-0.02942725457271711,-7.981471342361661e-15
0.05,-0.0335699800299889,1.0127342116639108e-14
0.05,-0.038126978032988035,-9.003521416234718e-15
0.05,-0.04313967583628653,3.993484401258228e-15
0.05,-0.04865364341991518,3.4129476006613393e-17
0.05,-0.05471900776190708,2.683461649500314e-15
0.05,-0.06139090853809748,-3.2704216746598e-15
0.05,-0.06872999939190727,8.345505573798436e-15
0.05,-0.07680299933109824,-5.8067123095367616e-15
0.05,-0.08568329926420759,-1.285652412390415e-15
0.05,-0.09545162919062877,-1.106119473777173e-14
0.05,-0.10619679210969157,3.240834263686133e-16
0.05,-0.11801647132066084,1.4898269786397716e-14
0.05,-0.13001647132066052,6.032348798169441e-15
0.05,-0.14201647132066064,-8.693782207421229e-15
0.05,-0.15401647132066076,5.984773499451061e-15
0.05,-0.16601647132066044,9.080199395569181e-15
0.05,-0.17801647132066056,9.7575705821029e-15
0.05,-0.19001647132066068,-6.992223266822641e-15
0.05,-0.2020164713206607,7.709520302967383e-15
0.05,-0.21401647132066093,6.335454489113635e-15
0.05,-0.22601647132066072,1.0098778446118818e-15
0.05,-0.23801647132066073,4.3465863262481225e-15
0.05,-0.25001647132066074,-7.453477126345999e-15
0.05,-0.2620164713206605,7.889915564674477e-15
0.05,-0.27401647132066076,-7.466055474078138e-15
0.05,-0.28601647132066077,-2.7738048736271056e-14
0.05,-0.2980164713206608,-4.479747397262156e-14
0.05,-0.310016471320661,-1.0000692374162278e-13
0.05,-0.3220164713206608,-1.88664920957277e-13
0.05,-0.3340164713206608,-4.308256062407112e-13
0.05,-0.3460164713206608,-8.801976235040038e-13
0.05,-0.3580164713206606,-1.7700376057176944e-12
0.05,-0.37001647132066084,-3.734227225553899e-12
0.05,-0.38201647132066086,-7.82204348337748e-12
0.05,-0.39401647132066087,-1.6327461558452193e-11
0.05,-0.4060164713206611,-3.413965596962668e-11
0.05,-0.4180164713206609,-7.137560635074425e-11
0.05,-0.43001647132066134,-1.4938935212141983e-10
0.05,-0.44201647132066113,-3.1273571689993164e-10
0.05,-0.4540164713206607,-6.549368537306349e-10
0.05,-0.46601647132066115,-1.3720688483846462e-9
0.05,-0.47801647132066094,-2.8752827711654716e-9
0.05,-0.49001647132066073,-6.027045538934877e-9
0.05,-0.5020164713206612,-1.2636766020993529e-8
0.05,-0.514016471320661,-2.6500286838443214e-8
0.05,-0.5260164713206608,-5.558015706480766e-8
0.05,-0.5380164713206612,-1.1657383609070071e-7
0.05,-0.5500164713206608,-2.4447487193182275e-7
0.05,-0.5620164713206606,-5.125405777054746e-7
0.05,-0.574016471320661,-1.073857117880699e-6
0.05,-0.5860164713206615,-2.247403195508946e-6
0.05,-0.5980164713206613,-4.694777781010568e-6
0.05,-0.6100164713206611,-9.778391939527314e-6
0.05,-0.6220164713206615,-2.027274615453276e-5
0.05,-0.6340164713206613,-4.173224977316061e-5
0.05,-0.6460164713206609,-8.499233865044998e-5
0.05,-0.6580164713206613,-0.00017039308234846972
0.05,-0.6700164713206611,-0.0003340582570836167
0.05,-0.6820164713206609,-0.0006354429371585627
0.05,-0.6940164713206614,-0.0011633784644263054
0.05,-0.7060164713206611,-0.002036969454302677
0.05,-0.7180164713206609,-0.0034013953200623804
0.05,-0.7300164713206614,-0.005425912873794596
0.05,-0.742016471320661,-0.008313619499879719
0.05,-0.7540164713206607,-0.012325783894279116
0.05,-0.7660164713206612,-0.017816404120869305
0.05,-0.7780164713206617,-0.02527266229906024
0.05,-0.7900164713206614,-0.0353611135189149
0.05,-0.8020164713206612,-0.04898236293088785
0.05,-0.814016471320661,-0.06733734300984964
0.05,-0.8260164713206606,-0.09200722154410823
0.05,-0.838016471320661,-0.12504716646632727
0.05,-0.8500164713206608,-0.1690904942159624
0.05,-0.8620164713206606,-0.2274504242676883
0.05,-0.8740164713206611,-0.30418877804077815
0.05,-0.8860164713206609,-0.4041007089490132
0.05,-0.8980164713206606,-0.5325578527535793
0.05,-0.9100164713206602,-0.6951709109978004
0.05,-0.92201647132066,-0.897277672438725
0.05,-0.9340164713206605,-1.1433258819351275
0.05,-0.9460164713206602,-1.4362784491391216
0.05,-0.95801647132066,-1.7771847840542936
0.05,-0.9700164713206605,-2.1650154682084337
0.05,-0.9820164713206603,-2.5967676814163934
0.05,-0.9940164713206598,-3.06776479043223
0.05,-1.0060164713206596,-3.5720344905596875
0.05,-1.0180164713206594,-4.10266003449638
0.05,-1.0300164713206599,-4.652035844027309
0.05,-1.0420164713206597,-5.211996530748393
0.05,-1.0540164713206595,-5.773812893615489
0.05,-1.06601647132066,-6.3280575632006375
0.05,-1.0780164713206595,-6.864340475131563
0.05,-1.0900164713206593,-7.370905565386123
0.05,-1.102016471320659,-7.834070953919775
0.05,-1.1140164713206588,-8.237496104220671
0.05,-1.1260164713206593,-8.56129918157237
0.05,-1.138016471320659,-8.781205040816195
0.05,-1.1500164713206587,-8.868383475701853
0.05,-1.162016471320659,-8.79185477727418
0.05,-1.174016471320659,-8.527525890774848
0.05,-1.1860164713206587,-8.078183417915993
0.05,-1.1980164713206585,-7.495958978180116
0.05,-1.1899835286793419,-6.517337239504136
0.05,-1.1779835286793414,-5.767224765986833
0.05,-1.1659835286793416,-5.188880524269134
0.05,-1.1539835286793418,-4.7026196545184575
0.05,-1.1419835286793414,-4.273617077236895
0.05,-1.1299835286793416,-3.8828787806712124
0.05,-1.117983528679342,-3.519019485600206
0.05,-1.1059835286793422,-3.17509750261621
0.05,-1.0939835286793425,-2.8471272141966115
0.05,-1.081983528679342,-2.5332477566611065
0.05,-1.0699835286793422,-2.2331694742536614
0.05,-1.0579835286793424,-1.9477397875471247
0.05,-1.045983528679342,-1.6785585055310481
0.05,-1.0339835286793422,-1.4276137450587099
0.05,-1.0219835286793426,-1.1969333331173682
0.05,-1.0099835286793428,-0.9882640867170608
0.05,-0.997983528679343,-0.802804867908292
0.05,-0.9859835286793426,-0.6410255734253814
0.05,-0.9739835286793429,-0.5025984571967739
0.05,-0.9619835286793431,-0.3864490070485151
0.05,-0.9499835286793427,-0.29090643879405803
0.05,-0.937983528679343,-0.2139096015130619
0.05,-0.9259835286793432,-0.15321325960824156
0.05,-0.9139835286793434,-0.10654736581656332
0.05,-0.9019835286793436,-0.07170660142699732
0.05,-0.8899835286793432,-0.0465816699873246
0.05,-0.8779835286793435,-0.029172251646642916
0.05,-0.8659835286793438,-0.017623510387191104
0.05,-0.8539835286793434,-0.01029628908995811
0.05,-0.8419835286793436,-0.005840723076351861
0.05,-0.8299835286793438,-0.003232099382575501
0.05,-0.817983528679344,-0.0017527572029121252
0.05,-0.8059835286793443,-0.0009349882283734824
0.05,-0.7939835286793439,-0.0004916979163098656
0.05,-0.7819835286793434,-0.00025481027302054336
0.05,-0.7699835286793437,-0.00012941950227671534
0.05,-0.7579835286793439,-6.335680894141012e-5
0.05,-0.7459835286793435,-2.850190111793544e-5
0.05,-0.733983528679343,-9.90841557561806e-6
0.05,-0.7219835286793432,2.9055177793150617e-7
0.05,-0.7099835286793434,6.209318597674062e-6
0.05,-0.6979835286793431,9.992457062615122e-6
0.05,-0.6859835286793426,1.2757876836232062e-5
0.05,-0.6739835286793429,1.5091113606916565e-5
0.05,-0.6619835286793431,1.7302700647221324e-5
0.05,-0.6499835286793426,1.9561492496255442e-5
0.05,-0.6379835286793422,2.1963410883468708e-5
0.05,-0.6259835286793425,2.4566665543410952e-5
0.05,-0.6139835286793427,2.7409583123867885e-5
0.05,-0.6019835286793422,3.051935012126458e-5
0.05,-0.5899835286793418,3.391595501301357e-5
0.05,-0.577983528679342,3.7613496070550036e-5
0.05,-0.5659835286793423,4.161993387134161e-5
0.05,-0.5539835286793419,4.5935810335955394e-5
0.05,-0.5419835286793414,5.05521518602162e-5
0.05,-0.5299835286793416,5.5447634988488954e-5
0.05,-0.5179835286793419,6.0585018904869515e-5
0.05,-0.5059835286793415,6.590682728061714e-5
0.05,-0.49398352867934103,7.133031651366618e-5
0.05,-0.48198352867934124,7.674185617277995e-5
0.05,-0.46998352867934146,8.199108234450847e-5
0.05,-0.457983528679341,8.688560295736755e-5
0.05,-0.44598352867934055,9.118780492116152e-5
0.05,-0.43398352867934087,9.461671811232208e-5
0.05,-0.4219835286793411,9.686036864765708e-5
0.05,-0.4099835286793406,9.760823589314338e-5
0.05,-0.39798352867934017,9.661961880932704e-5
0.05,-0.3859835286793405,9.384941818219638e-5
0.05,-0.3739835286793407,8.964413272785855e-5
0.05,-0.36198352867934025,8.495712425180927e-5
0.05,-0.3499835286793398,8.13758281326628e-5
0.05,-0.33798352867934,8.068628186850215e-5
0.05,-0.32598352867934033,8.415713434961974e-5
0.05,-0.3139835286793399,9.225249960708788e-5
0.05,-0.3019835286793394,0.00010496497671881255
0.05,-0.28998352867933963,0.0001222672135252251
0.05,-0.27798352867933995,0.00014435699991376084
0.05,-0.2659835286793395,0.00017172860133266458
0.05,-0.25398352867933904,0.00020517883103188307
0.05,-0.24198352867933925,0.0002458084849813237
0.05,-0.22998352867933947,0.00029503979218271177
0.05,-0.217983528679339,0.00035465421192065673
0.05,-0.20598352867933856,0.0004268506176997309
0.05,-0.19398352867933877,0.0005143237422778999
0.05,-0.1819835286793392,0.0006203635780846078
0.05,-0.16998352867933875,0.0007489772149344265
0.05,-0.1579835286793383,0.000905035038212587
0.05,-0.1459835286793385,0.0010944431452511913
0.05,-0.13398352867933871,0.0013243430863610977
0.05,-0.12198352867933826,0.0016033383236934075
0.05,-0.1099835286793378,0.0019417437483648895
0.05,-0.09798352867933802,0.002351849716557145
0.05,-0.08598352867933823,0.0028481848414290316
0.05,-0.07398352867933777,0.003447751780251817
0.05,-0.06198352867933732,0.0041701974673384904
0.05,-0.04998352867933775,0.005037864475416938
0.05,-0.03798352867933796,0.006075655784501789
0.05,-0.02598352867933751,0.007310635727511544
0.05,-0.013983528679337054,0.008771292307661691
0.05,-0.0019835286793372653,0.010486409240890606
0.05,0.010016471320662523,0.012483547682837014
0.05,0.022016471320662978,0.014787219125147225
0.05,0.03401647132066343,0.017416931254534966
0.05,0.04601647132066322,0.0203853805498294
0.05,0.05801647132066301,0.023697111085858587
0.05,0.07001647132066346,0.02734792610809511
0.05,0.08201647132066392,0.03132522237206394
0.05,0.09401647132066349,0.03560925057413293
0.05,0.10601647132066327,0.04017514852561247
0.05,0.11801647132066373,0.04499550179695434
0.05,0.13001647132066418,0.05004317956244008
0.05,0.14201647132066397,0.05529425129381269
0.05,0.15401647132066376,0.06073087084011047
0.05,0.16601647132066422,0.06634407840353068
0.05,0.17801647132066467,0.07213649355447609
0.05,0.19001647132066446,0.0781248459367014
0.05,0.20201647132066403,0.0843422206454311
0.05,0.21401647132066448,0.09083980174822343
0.05,0.22601647132066494,0.09768781457937409
0.05,0.23801647132066472,0.10497534348385101
0.05,0.2500164713206645,0.11280878688471485
0.05,0.26201647132066497,0.12130893196872519
0.05,0.2740164713206654,0.13060695241036155
0.05,0.2860164713206652,0.14083994015845155
0.05,0.298016471320665,0.1521467223326024
0.05,0.31001647132066545,0.16466459433751604
0.05,0.3220164713206659,0.17852727182732542
0.05,0.3340164713206655,0.1938639928093216
0.05,0.34601647132066526,0.2107994462008491
0.05,0.3580164713206657,0.2294541230010368
0.05,0.3700164713206662,0.24994474092710983
0.05,0.38201647132066596,0.27238450635643624
0.05,0.39401647132066575,0.2968830883552303
0.05,0.4060164713206662,0.3235462605286162
0.05,0.41801647132066666,0.3524752137478122
0.05,0.43001647132066645,0.3837655637411722
0.05,0.442016471320666,0.41750608100624675
0.05,0.45401647132066647,0.45377716325998546
0.05,0.4660164713206669,0.49264905647774315
0.05,0.4780164713206667,0.5341798108876513
0.05,0.4900164713206665,0.5784129327573845
0.05,0.502016471320667,0.6253746598903441
0.05,0.5140164713206674,0.6750707457936311
0.05,0.5260164713206672,0.7274825805895841
0.05,0.538016471320667,0.782562400294844
0.05,0.5500164713206674,0.8402272319265208
0.05,0.5620164713206679,0.900351078191677
0.05,0.5740164713206675,0.962754645220212
0.05,0.5860164713206673,1.027191635928281
0.05,0.5980164713206677,1.0933302379754029
0.05,0.6100164713206682,1.1607278901897775
0.05,0.622016471320668,1.2287966805836907
0.05,0.6340164713206677,1.2967558209222005
0.05,0.6460164713206682,1.3635667168597871
0.05,0.6580164713206686,1.4278458055012277
0.05,0.6700164713206684,1.4877522923646798
0.05,0.682016471320668,1.540856574092909
0.05,0.6940164713206685,1.5840202457705048
0.05,0.7060164713206689,1.6133775132376167
0.05,0.7180164713206687,1.6246156444147257
0.05,0.7300164713206685,1.6138636754276208
0.05,0.742016471320669,1.5793737248902957
0.05,0.7540164713206694,1.5234055409187626
0.05,0.7660164713206692,1.4526369921335063
0.05,0.778016471320669,1.3758674019085282
0.05,0.7900164713206694,1.3005537198769608
0.05,0.7979835286793311,1.2244644747869384
0.05,0.7859835286793313,1.131901963280815
0.05,0.7739835286793316,1.0647491516159886
0.05,0.7619835286793318,1.0087813416125002
0.05,0.7499835286793322,0.9595860913669372
0.05,0.7379835286793324,0.9150052908558397
0.05,0.7259835286793326,0.8737486256054539
0.05,0.7139835286793329,0.8349637711544352
0.05,0.7019835286793331,0.7980482530906343
0.05,0.6899835286793334,0.7625671178833191
0.05,0.6779835286793336,0.7282048121939935
0.05,0.6659835286793339,0.694736484284299
0.05,0.6539835286793342,0.662009090367516
0.05,0.6419835286793344,0.6299276377877255
0.05,0.6299835286793347,0.5984441722761799
0.05,0.6179835286793349,0.5675483030760166
0.05,0.6059835286793351,0.5372587156255445
0.05,0.5939835286793355,0.5076154811788065
0.05,0.5819835286793357,0.4786731517507751
0.05,0.569983528679336,0.45049469545094417
0.05,0.5579835286793362,0.4231463280943295
0.05,0.5459835286793364,0.39669326493242274
0.05,0.5339835286793366,0.3711963737787356
0.05,0.521983528679337,0.34670967123303864
0.05,0.5099835286793373,0.3232785737903515
0.05,0.4979835286793375,0.3009387972406689
0.05,0.4859835286793377,0.27971579000739943
0.05,0.47398352867933796,0.2596245867306549
0.05,0.46198352867933823,0.24066997503409843
0.05,0.4499835286793385,0.2228468789710647
0.05,0.43798352867933876,0.20614087578031956
0.05,0.425983528679339,0.19052877777916233
0.05,0.41398352867933924,0.1759792287882221
0.05,0.4019835286793395,0.16245328536896456
0.05,0.3899835286793405,0.14990497852114446
0.05,0.37798352867934004,0.13828188180726197
0.05,0.3659835286793396,0.1275257454862813
0.05,0.3539835286793405,0.11757328762001573
0.05,0.3419835286793415,0.10835725188184749
0.05,0.32998352867934105,0.09980783422524694
0.05,0.3179835286793406,0.09185453518342834
0.05,0.30598352867934153,0.08442841065320791
0.05,0.2939835286793425,0.07746458791931851
0.05,0.28198352867934207,0.07090481626859797
0.05,0.2699835286793416,0.06469976519142982
0.05,0.2579835286793426,0.058810785800807765
0.05,0.2459835286793436,0.053210908526089035
0.05,0.23398352867934313,0.047884941444514495
0.05,0.22198352867934268,0.042828634443148286
0.05,0.20998352867934356,0.038046968654213774
0.05,0.19798352867934454,0.033551714231070374
0.05,0.1859835286793441,0.02935847557472115
0.05,0.17398352867934364,0.02548351198637433
0.05,0.16198352867934462,0.021940673122366083
0.05,0.1499835286793456,0.018738801582959954
0.05,0.13798352867934516,0.015879907831875498
0.05,0.1259835286793447,0.013358308627598889
0.05,0.11398352867934558,0.01116075819554172
0.05,0.10198352867934657,0.009267433294988294
0.05,0.08998352867934611,0.00765350667541639
0.05,0.07798352867934566,0.00629098991436549
0.05,0.06598352867934665,0.00515054968058595
0.05,0.05398352867934764,0.004203078999244356
0.05,0.04198352867934718,0.003420903671211449
0.05,0.03148764650950964,0.002852319873761214
0.05,0.020991764339673535,0.0023753133962470963
0.05,0.010495882169837545,0.0019762572784576865
0.05,0.0,0.0016431619452312075
0.1,-0.0012000000000000899,5.162891731071519e-15
0.1,-0.0025199999999998557,-2.143881871238612e-14
0.1,-0.003972000000000309,2.0768167799114147e-15
0.1,-0.005569200000000052,1.3253173269142213e-14
0.1,-0.0073261199999997695,-4.656476521576563e-15
0.1,-0.009258731999999936,-6.585405234520646e-15
0.1,-0.011384605199999953,4.211575199689783e-15
0.1,-0.013723065720000038,-7.369128373731098e-15
0.1,-0.016295372292000065,2.0529482379913645e-14
0.1,-0.01912490952120005,1.0071234348959207e-14
0.1,-0.022237400473320124,1.1775969364732166e-16
0.1,-0.025661140520652048,7.827474593398314e-15
0.1,-0.02942725457271711,1.105391031345321e-14
0.1,-0.0335699800299889,-5.0685442435930115e-15
0.1,-0.038126978032988035,2.069193099293495e-14
0.1,-0.04313967583628653,2.0579559458742234e-17
0.1,-0.04865364341991518,1.737137640400917e-14
0.1,-0.05471900776190708,4.1242472340656325e-15
0.1,-0.06139090853809748,2.6696876883403193e-15
0.1,-0.06872999939190727,2.0157603729599278e-15
0.1,-0.07680299933109824,-1.364797522245138e-14
0.1,-0.08568329926420759,7.691349002253244e-15
0.1,-0.09545162919062877,-3.280522252043772e-16
0.1,-0.10619679210969157,2.343209197138099e-15
0.1,-0.11801647132066084,6.532255407038307e-15
0.1,-0.13001647132066052,-3.843845900378354e-15
0.1,-0.14201647132066064,3.73946111077451e-15
0.1,-0.15401647132066076,6.157300829996397e-15
0.1,-0.16601647132066044,-4.74945310135062e-15
0.1,-0.17801647132066056,-1.7976172029192357e-14
0.1,-0.19001647132066068,-1.5568615515350053e-14
0.1,-0.2020164713206607,-7.8452620893206e-15
0.1,-0.21401647132066093,6.944751639023279e-15
0.1,-0.22601647132066072,-2.0259855869109386e-15
0.1,-0.23801647132066073,-2.5971932837771647e-15
0.1,-0.25001647132066074,-1.5998606072723985e-14
0.1,-0.2620164713206605,-5.943256671500969e-15
0.1,-0.27401647132066076,-3.514778505679888e-15
0.1,-0.28601647132066077,-2.193730288738587e-14
0.1,-0.2980164713206608,-5.74601034120927e-14
0.1,-0.310016471320661,-7.479052745374e-14
0.1,-0.3220164713206608,-1.8786317528640693e-13
0.1,-0.3340164713206608,-4.197590404182104e-13
0.1,-0.3460164713206608,-8.497763772036943e-13
0.1,-0.3580164713206606,-1.7748043923938347e-12
0.1,-0.37001647132066084,-3.7181122027151455e-12
0.1,-0.38201647132066086,-7.807755754155802e-12
0.1,-0.39401647132066087,-1.630979391018622e-11
0.1,-0.4060164713206611,-3.411285393475765e-11
0.1,-0.4180164713206609,-7.133508808166928e-11
0.1,-0.43001647132066134,-1.493360964396906e-10
0.1,-0.44201647132066113,-3.125974297865672e-10
0.1,-0.4540164713206607,-6.546064486285128e-10
0.1,-0.46601647132066115,-1.3713989353559757e-9
0.1,-0.47801647132066094,-2.8738720993220556e-9
0.1,-0.49001647132066073,-6.024117793965541e-9
0.1,-0.5020164713206612,-1.2630619545652388e-8
0.1,-0.514016471320661,-2.6487432678300007e-8
0.1,-0.5260164713206608,-5.555319398014283e-8
0.1,-0.5380164713206612,-1.1651726033671712e-7
0.1,-0.5500164713206608,-2.4435629316232666e-7
0.1,-0.5620164713206606,-5.122923759924505e-7
0.1,-0.574016471320661,-1.0733381960865632e-6
0.1,-0.5860164713206615,-2.246321094934881e-6
0.1,-0.5980164713206613,-4.69253050918039e-6
0.1,-0.6100164713206611,-9.773757468716585e-6
0.1,-0.6220164713206615,-2.026330209689192e-5
0.1,-0.6340164713206613,-4.171339358343963e-5
0.1,-0.6460164713206609,-8.495598918342006e-5
0.1,-0.6580164713206613,-0.0001703271496188598
0.1,-0.6700164713206611,-0.000333950912205661
0.1,-0.6820164713206609,-0.000635301164565881
0.1,-0.6940164713206614,-0.0011632737315565916
0.1,-0.7060164713206611,-0.002037112495562951
0.1,-0.7180164713206609,-0.003402219101598615
0.1,-0.7300164713206614,-0.005428152313865765
0.1,-0.742016471320661,-0.008318447874922036
0.1,-0.7540164713206607,-0.012335142235463607
0.1,-0.7660164713206612,-0.017833705958388523
0.1,-0.7780164713206617,-0.02530414999259118
0.1,-0.7900164713206614,-0.035418382048559835
0.1,-0.8020164713206612,-0.04908701524708218
0.1,-0.814016471320661,-0.06752943934020528
0.1,-0.8260164713206606,-0.09236002867834996
0.1,-0.838016471320661,-0.12569111482362308
0.1,-0.8500164713206608,-0.17024807253888774
0.1,-0.8620164713206606,-0.22948079544739813
0.1,-0.8740164713206611,-0.3076392686299384
0.1,-0.8860164713206609,-0.40976553979266667
0.1,-0.8980164713206606,-0.5415495631883003
0.1,-0.9100164713206602,-0.7090102477981501
0.1,-0.92201647132066,-0.9180022307623696
0.1,-0.9340164713206605,-1.1736109408403255
0.1,-0.9460164713206602,-1.4795598294221781
0.1,-0.95801647132066,-1.83777546339259
0.1,-0.9700164713206605,-2.248214454533126
0.1,-0.9820164713206603,-2.7089681127371836
0.1,-0.9940164713206598,-3.2165749634274934
0.1,-1.0060164713206596,-3.7664291398968572
0.1,-1.0180164713206594,-4.35318072617974
0.1,-1.0300164713206599,-4.971060925188438
0.1,-1.0420164713206597,-5.6141045588897684
0.1,-1.0540164713206595,-6.276270056009225
0.1,-1.06601647132066,-6.9514700803661675
0.1,-1.0780164713206595,-7.633527942388982
0.1,-1.0900164713206593,-8.316070585662999
0.1,-1.102016471320659,-8.992361494765168
0.1,-1.1140164713206588,-9.655067743298346
0.1,-1.1260164713206593,-10.29594454539814
0.1,-1.138016471320659,-10.905407055612569
0.1,-1.1500164713206587,-11.47194128593519
0.1,-1.162016471320659,-11.981283234520795
0.1,-1.174016471320659,-12.415272614845996
0.1,-1.1860164713206587,-12.750292571422627
0.1,-1.1980164713206585,-12.955347690891177
0.1,-1.1899835286793419,-11.750537050516616
0.1,-1.1779835286793414,-10.461227932548677
0.1,-1.1659835286793416,-9.344766374461647
0.1,-1.1539835286793418,-8.36432654633871
0.1,-1.1419835286793414,-7.491966340313884
0.1,-1.1299835286793416,-6.705884454529718
0.1,-1.117983528679342,-5.9894891772582755
0.1,-1.1059835286793422,-5.330579314866821
0.1,-1.0939835286793425,-4.720540981540824
0.1,-1.081983528679342,-4.1536224627432965
0.1,-1.0699835286793422,-3.6263121035062245
0.1,-1.0579835286793424,-3.1368082954196415
0.1,-1.045983528679342,-2.6845554101500384
0.1,-1.0339835286793422,-2.269818620559073
0.1,-1.0219835286793426,-1.8932787512104299
0.1,-1.0099835286793428,-1.5556432627172039
0.1,-0.997983528679343,-1.2572888547154835
0.1,-0.9859835286793426,-0.9979696954542906
0.1,-0.9739835286793429,-0.7766340087581582
0.1,-0.9619835286793431,-0.5913815108593904
0.1,-0.9499835286793427,-0.4395627477432516
0.1,-0.937983528679343,-0.317979150478718
0.1,-0.9259835286793432,-0.22311076423671905
0.1,-0.9139835286793434,-0.1512988758879753
0.1,-0.9019835286793436,-0.09885197156742742
0.1,-0.8899835286793432,-0.06210811479860937
0.1,-0.8779835286793435,-0.037527105757025246
0.1,-0.8659835286793438,-0.02185480341474385
0.1,-0.8539835286793434,-0.012317448863175803
0.1,-0.8419835286793436,-0.006752691858959315
0.1,-0.8299835286793438,-0.0036196585800454973
0.1,-0.817983528679344,-0.0019056558490834208
0.1,-0.8059835286793443,-0.0009884922099911925
0.1,-0.7939835286793439,-0.000505681760716798
0.1,-0.7819835286793434,-0.0002543915214833704
0.1,-0.7699835286793437,-0.00012446021876453907
0.1,-0.7579835286793439,-5.7340285879712274e-5
0.1,-0.7459835286793435,-2.2393735761001994e-5
0.1,-0.733983528679343,-3.7598959457104487e-6
0.1,-0.7219835286793432,6.714812141325528e-6
0.1,-0.7099835286793434,1.3208209649608291e-5
0.1,-0.6979835286793431,1.7864325481787996e-5
0.1,-0.6859835286793426,2.1794315072116057e-5
0.1,-0.6739835286793429,2.5588953547316668e-5
0.1,-0.6619835286793431,2.957999703299846e-5
0.1,-0.6499835286793426,3.397332855322925e-5
0.1,-0.6379835286793422,3.8916969076981e-5
0.1,-0.6259835286793425,4.4536189049667964e-5
0.1,-0.6139835286793427,5.095208785291187e-5
0.1,-0.6019835286793422,5.829194612843015e-5
0.1,-0.5899835286793418,6.669555992225035e-5
0.1,-0.577983528679342,7.631968474892262e-5
0.1,-0.5659835286793423,8.734168779286081e-5
0.1,-0.5539835286793419,9.996294959054282e-5
0.1,-0.5419835286793414,0.0001144123192254028
0.1,-0.5299835286793416,0.0001309497658472728
0.1,-0.5179835286793419,0.0001498703199895921
0.1,-0.5059835286793415,0.00017150832879741685
0.1,-0.49398352867934103,0.00019624205730099818
0.1,-0.48198352867934124,0.00022449859535112696
0.1,-0.46998352867934146,0.00025675905770426564
0.1,-0.457983528679341,0.00029356397257915306
0.1,-0.44598352867934055,0.0003355187706340578
0.1,-0.43398352867934087,0.00038329916007273315
0.1,-0.4219835286793411,0.00043765616779475934
0.1,-0.4099835286793406,0.0004994204627869262
0.1,-0.39798352867934017,0.0005695054955785575
0.1,-0.3859835286793405,0.000648908777314189
0.1,-0.3739835286793407,0.0007387104392662192
0.1,-0.36198352867934025,0.0008400679079041293
0.1,-0.3499835286793398,0.0009542051952085769
0.1,-0.33798352867934,0.0010823948588748428
0.1,-0.32598352867934033,0.0012259301446780639
0.1,-0.3139835286793399,0.0013860841772924824
0.1,-0.3019835286793394,0.0015640522640816277
0.1,-0.28998352867933963,0.0017608725260261525
0.1,-0.27798352867933995,0.001977319079396645
0.1,-0.2659835286793395,0.002213761089269072
0.1,-0.25398352867933904,0.002469980317199104
0.1,-0.24198352867933925,0.002744939743344109
0.1,-0.22998352867933947,0.003036497163352173
0.1,-0.217983528679339,0.003341061710594113
0.1,-0.20598352867933856,0.0036532004155559136
0.1,-0.19398352867933877,0.003965220456642823
0.1,-0.1819835286793392,0.004266788158462656
0.1,-0.16998352867933875,0.004544710904576118
0.1,-0.1579835286793383,0.004783123891460687
0.1,-0.1459835286793385,0.004964519659050828
0.1,-0.13398352867933871,0.0050723576618081955
0.1,-0.12198352867933826,0.005096330255089884
0.1,-0.1099835286793378,0.005041310601164528
0.1,-0.09798352867933802,0.004939169780829163
0.1,-0.08598352867933823,0.004856851863055193
0.1,-0.07398352867933777,0.004887294361453059
0.1,-0.06198352867933732,0.0051187932074060844
0.1,-0.04998352867933775,0.005606550160741925
0.1,-0.03798352867933796,0.0063716224997034795
0.1,-0.02598352867933751,0.007418597264456649
0.1,-0.013983528679337054,0.0087509773161816
0.1,-0.0019835286793372653,0.01037729774705199
0.1,0.010016471320662523,0.01231091465800928
0.1,0.022016471320662978,0.014567161410394986
0.1,0.03401647132066343,0.017159897790646684
0.1,0.04601647132066322,0.020098379249424737
0.1,0.05801647132066301,0.02338493773897255
0.1,0.07001647132066346,0.027013782474274453
0.1,0.08201647132066392,0.03097105510401973
0.1,0.09401647132066349,0.03523605683754047
0.1,0.10601647132066327,0.03978336604615931
0.1,0.11801647132066373,0.04458546871817398
0.1,0.13001647132066418,0.04961556353477625
0.1,0.14201647132066397,0.05485033467746783
0.1,0.15401647132066376,0.06027262639959757
0.1,0.16601647132066422,0.06587403904548277
0.1,0.17801647132066467,0.07165747580902748
0.1,0.19001647132066446,0.07763961539490818
0.1,0.20201647132066403,0.08385319168491401
0.1,0.21401647132066448,0.09034885357605521
0.1,0.22601647132066494,0.09719628854749918
0.1,0.23801647132066472,0.10448426506050226
0.1,0.2500164713206645,0.11231932849831955
0.1,0.26201647132066497,0.12082310023716523
0.1,0.2740164713206654,0.13012845073862606
0.1,0.2860164713206652,0.1403751369537631
0.1,0.298016471320665,0.15170565719197227
0.1,0.31001647132066545,0.16426198044100637
0.1,0.3220164713206659,0.17818349043035508
0.1,0.3340164713206655,0.19360610833781128
0.1,0.34601647132066526,0.21066228757551692
0.1,0.3580164713206657,0.22948147854368442
0.1,0.3700164713206662,0.25019070716349046
0.1,0.38201647132066596,0.2729150224092342
0.1,0.39401647132066575,0.29777768200107424
0.1,0.4060164713206662,0.3249000312768075
0.1,0.41801647132066666,0.35440108294333394
0.1,0.43001647132066645,0.386396831825791
0.1,0.442016471320666,0.420999348149709
0.1,0.45401647132066647,0.4583156926136213
0.1,0.4660164713206669,0.498446691015129
0.1,0.4780164713206667,0.5414855976566313
0.1,0.4900164713206665,0.5875166658640834
0.1,0.502016471320667,0.6366136305175141
0.1,0.5140164713206674,0.6888380908771574
0.1,0.5260164713206672,0.7442377612205126
0.1,0.538016471320667,0.8028445305791371
0.1,0.5500164713206674,0.8646722393627013
0.1,0.5620164713206679,0.9297140372155837
0.1,0.5740164713206675,0.9979391290370233
0.1,0.5860164713206673,1.069288638534202
0.1,0.5980164713206677,1.143670211447018
0.1,0.6100164713206682,1.2209508290295292
0.1,0.622016471320668,1.3009470839785566
0.1,0.6340164713206677,1.3834118512562734
0.1,0.6460164713206682,1.4680158127520386
0.1,0.6580164713206686,1.55432158930345
0.1,0.6700164713206684,1.6417471845784442
0.1,0.682016471320668,1.7295139085872582
0.1,0.6940164713206685,1.8165717874997247
0.1,0.7060164713206689,1.9014927230007315
0.1,0.7180164713206687,1.9823191269006433
0.1,0.7300164713206685,2.0563566301940526
0.1,0.742016471320669,2.1199137809737922
0.1,0.7540164713206694,2.168045192720716
0.1,0.7660164713206692,2.194500827906221
0.1,0.778016471320669,2.192415363077445
0.1,0.7900164713206694,2.1564535703015606
0.1,0.7979835286793311,2.059998706028782
0.1,0.7859835286793313,1.842106794875833
0.1,0.7739835286793316,1.6837376296337112
0.1,0.7619835286793318,1.5576044330315986
0.1,0.7499835286793322,1.4514488687326859
0.1,0.7379835286793324,1.3587417578186374
0.1,0.7259835286793326,1.2756335248749373
0.1,0.7139835286793329,1.1996883364346977
0.1,0.7019835286793331,1.129291861498557
0.1,0.6899835286793334,1.0633438835569247
0.1,0.6779835286793336,1.0010819841876821
0.1,0.6659835286793339,0.9419743120965749
0.1,0.6539835286793342,0.8856504048722352
0.1,0.6419835286793344,0.8318543098187838
0.1,0.6299835286793347,0.780411544986407
0.1,0.6179835286793349,0.7312051285857326
0.1,0.6059835286793351,0.6841578524327245
0.1,0.5939835286793355,0.6392190421495382
0.1,0.5819835286793357,0.5963546521316728
0.1,0.569983528679336,0.5555398997629921
0.1,0.5579835286793362,0.5167538627545265
0.1,0.5459835286793364,0.47997560556680885
0.1,0.5339835286793366,0.445181498018673
0.1,0.521983528679337,0.41234345906933384
0.1,0.5099835286793373,0.38142791119270775
0.1,0.4979835286793375,0.35239527131140047
0.1,0.4859835286793377,0.3251998362329718
0.1,0.47398352867933796,0.299789946053236
0.1,0.46198352867933823,0.2761083295610068
0.1,0.4499835286793385,0.25409255250422935
0.1,0.43798352867933876,0.23367550381976132
0.1,0.425983528679339,0.21478586784844766
0.1,0.41398352867933924,0.1973485437202325
0.1,0.4019835286793395,0.18128498844820676
0.1,0.3899835286793405,0.16651348010104955
0.1,0.37798352867934004,0.15294932385356153
0.1,0.3659835286793396,0.14050505752997294
0.1,0.3539835286793405,0.12909075182116078
0.1,0.3419835286793415,0.11861453521189003
0.1,0.32998352867934105,0.10898348944971498
0.1,0.3179835286793406,0.10010503911897495
0.1,0.30598352867934153,0.09188888526538214
0.1,0.2939835286793425,0.0842494129678274
0.1,0.28198352867934207,0.07710836579841109
0.1,0.2699835286793416,0.07039747138504088
0.1,0.2579835286793426,0.0640606602825216
0.1,0.2459835286793436,0.058055556630943285
0.1,0.23398352867934313,0.05235401533171
0.1,0.22198352867934268,0.04694160329302907
0.1,0.20998352867934356,0.04181604282912141
0.1,0.19798352867934454,0.036984740621948314
0.1,0.1859835286793441,0.03246161720047618
0.1,0.17398352867934364,0.028263534291016308
0.1,0.16198352867934462,0.0244066857985228
0.1,0.1499835286793456,0.020903353127028814
0.1,0.13798352867934516,0.017759400507014023
0.1,0.1259835286793447,0.014972784774671842
0.1,0.11398352867934558,0.012533187098776478
0.1,0.10198352867934657,0.01042268135864632
0.1,0.08998352867934611,0.00861718948683987
0.1,0.07798352867934566,0.00708838213193962
0.1,0.06598352867934665,0.0058056786466487605
0.1,0.05398352867934764,0.004738067612923794
0.1,0.04198352867934718,0.0038555732820110635
0.1,0.03148764650950964,0.0032135798701860407
0.1,0.020991764339673535,0.0026747653777891714
0.1,0.010495882169837545,0.002223959842838201
0.1,0.0,0.0018477286942257171
0.5,-0.0012000000000000899,-1.878541841829384e-14
0.5,-0.0025199999999998557,-8.05910044773318e-15
0.5,-0.0039719999999998645,3.5111189097742205e-15
0.5,-0.00556919999999983,1.2992324519788503e-14
0.5,-0.0073261199999998805,3.903137982793709e-15
0.5,-0.009258731999999936,-2.2006184507737433e-15
0.5,-0.011384605199999731,-1.5903550315578117e-16
0.5,-0.013723065720000038,7.983847479623386e-15
0.5,-0.016295372292000065,8.253983348954286e-15
0.5,-0.01912490952120005,2.65201474525462e-15
0.5,-0.022237400473320124,-1.1876224250881983e-14
0.5,-0.02566114052065216,1.408082132902858e-14
0.5,-0.029427254572717443,5.242639220490924e-16
0.5,-0.0335699800299889,1.5575424589143733e-14
0.5,-0.03812697803298781,-2.233635174869303e-15
0.5,-0.04313967583628675,-9.406410698101068e-16
0.5,-0.04865364341991518,1.859880565069599e-15
0.5,-0.05471900776190686,-1.4845053991735134e-14
0.5,-0.061390908538097255,-1.4159073915569791e-14
0.5,-0.06872999939190705,1.2276037059069137e-15
0.5,-0.07680299933109791,1.871059326776322e-15
0.5,-0.08568329926420781,2.9380078173045634e-15
0.5,-0.09545162919062888,4.4929396529237805e-15
0.5,-0.10619679210969157,-8.860901176708643e-15
0.5,-0.1180164713206604,7.994884907195145e-15
0.5,-0.13001647132066085,-7.459776941656626e-15
0.5,-0.14201647132066042,1.819383369513824e-15
0.5,-0.15401647132066087,-9.608452090677968e-15
0.5,-0.16601647132066044,-5.055932295005437e-15
0.5,-0.1780164713206609,-2.1698058054494127e-14
0.5,-0.19001647132066046,1.1673351509566144e-15
0.5,-0.20201647132066092,3.4218678479964303e-15
0.5,-0.21401647132066048,5.238069427185801e-15
0.5,-0.22601647132066094,1.9250951797743055e-15
0.5,-0.2380164713206605,4.805810580578395e-15
0.5,-0.25001647132066096,1.747425539962274e-15
0.5,-0.2620164713206605,-1.0057154039856296e-14
0.5,-0.274016471320661,-1.1060725667646315e-14
0.5,-0.28601647132066055,-2.2097276977365646e-14
0.5,-0.298016471320661,-3.0572040735337256e-14
0.5,-0.31001647132066057,-8.327663556815502e-14
0.5,-0.322016471320661,-1.897858737316913e-13
0.5,-0.3340164713206606,-4.4070416392078823e-13
0.5,-0.34601647132066105,-8.630225173407303e-13
0.5,-0.3580164713206606,-1.7736066765984046e-12
0.5,-0.37001647132066107,-3.735024344526571e-12
0.5,-0.38201647132066063,-7.7633056555094e-12
0.5,-0.3940164713206611,-1.6247491100410726e-11
0.5,-0.40601647132066065,-3.398851786860521e-11
0.5,-0.4180164713206611,-7.108047447047844e-11
0.5,-0.4300164713206607,-1.487411997015176e-10
0.5,-0.44201647132066113,-3.113454524942691e-10
0.5,-0.4540164713206607,-6.520457668480334e-10
0.5,-0.46601647132066115,-1.3660343180962247e-9
0.5,-0.4780164713206607,-2.862614289588587e-9
0.5,-0.4900164713206612,-6.0004814839890395e-9
0.5,-0.5020164713206607,-1.2581067639247464e-8
0.5,-0.5140164713206612,-2.638349350338256e-8
0.5,-0.5260164713206608,-5.533518962297117e-8
0.5,-0.5380164713206612,-1.1606030642336764e-7
0.5,-0.5500164713206608,-2.4339866843386606e-7
0.5,-0.5620164713206612,-5.102871394144921e-7
0.5,-0.5740164713206608,-1.069145138673813e-6
0.5,-0.5860164713206613,-2.2375731801958947e-6
0.5,-0.5980164713206608,-4.674349876207256e-6
0.5,-0.6100164713206613,-9.736212475942583e-6
0.5,-0.6220164713206608,-2.018658318031599e-5
0.5,-0.6340164713206613,-4.155936475674865e-5
0.5,-0.6460164713206609,-8.46556870122111e-5
0.5,-0.6580164713206613,-0.00016976948830713456
0.5,-0.6700164713206609,-0.0003329953902348617
0.5,-0.6820164713206613,-0.0006338700892973947
0.5,-0.6940164713206609,-0.001161596960377104
0.5,-0.7060164713206614,-0.0020361162020805517
0.5,-0.7180164713206609,-0.0034038653573384182
0.5,-0.7300164713206614,-0.005435525308767768
0.5,-0.742016471320661,-0.00833576187284042
0.5,-0.7540164713206614,-0.012368228877352694
0.5,-0.766016471320661,-0.0178915415992117
0.5,-0.7780164713206614,-0.025401925791209548
0.5,-0.790016471320661,-0.03558291468987471
0.5,-0.8020164713206615,-0.0493659051741317
0.5,-0.814016471320661,-0.06800595858802168
0.5,-0.8260164713206615,-0.09317569414045478
0.5,-0.838016471320661,-0.12707664251312997
0.5,-0.8500164713206615,-0.17256121078082653
0.5,-0.8620164713206611,-0.23324867665897192
0.5,-0.8740164713206615,-0.31360568086754087
0.5,-0.8860164713206611,-0.41894803197552843
0.5,-0.8980164713206615,-0.5553126875476496
0.5,-0.9100164713206611,-0.7291574805662302
0.5,-0.9220164713206616,-0.9468823338315211
0.5,-0.9340164713206611,-1.2142282697791047
0.5,-0.9460164713206616,-1.535675658327544
0.5,-0.9580164713206611,-1.9139907265224299
0.5,-0.9700164713206616,-2.3500323897093818
0.5,-0.9820164713206612,-2.8428442594837944
0.5,-0.9940164713206616,-3.389967802545494
0.5,-1.0060164713206612,-3.9878659796717066
0.5,-1.0180164713206616,-4.632351694651097
0.5,-1.0300164713206612,-5.318951564733646
0.5,-1.0420164713206617,-6.043176339625407
0.5,-1.0540164713206612,-6.800698890602174
0.5,-1.0660164713206617,-7.587455786463207
0.5,-1.0780164713206613,-8.399692640802213
0.5,-1.0900164713206617,-9.233971605903314
0.5,-1.1020164713206613,-10.087155334570204
0.5,-1.1140164713206617,-10.956377512302637
0.5,-1.1260164713206613,-11.839006543793822
0.5,-1.1380164713206617,-12.732606350375027
0.5,-1.1500164713206613,-13.634896393812973
0.5,-1.1620164713206618,-14.543711793752955
0.5,-1.1740164713206613,-15.45696356101807
0.5,-1.1860164713206618,-16.372598369849875
0.5,-1.1980164713206614,-17.288556815185558
0.5,-1.189983528679338,-16.493647257095137
0.5,-1.1779835286793385,-15.38822482538121
0.5,-1.165983528679338,-14.314137537763152
0.5,-1.1539835286793385,-13.269516219519861
0.5,-1.141983528679338,-12.253622126628308
0.5,-1.1299835286793385,-11.26647074459649
0.5,-1.117983528679338,-10.30857317765607
0.5,-1.1059835286793385,-9.380838036994536
0.5,-1.093983528679338,-8.484536616994388
0.5,-1.0819835286793384,-7.6212951465232734
0.5,-1.069983528679338,-6.793096298210724
0.5,-1.0579835286793384,-6.002277812500334
0.5,-1.045983528679338,-5.251516932871264
0.5,-1.0339835286793384,-4.54378809516288
0.5,-1.021983528679338,-3.882279599235435
0.5,-1.0099835286793384,-3.2702547087098406
0.5,-0.9979835286793379,-2.710846465367711
0.5,-0.9859835286793384,-2.206786627987983
0.5,-0.9739835286793379,-1.7600893099715167
0.5,-0.9619835286793383,-1.3717357215611021
0.5,-0.9499835286793379,-1.0414257015119213
0.5,-0.9379835286793383,-0.7674553294751703
0.5,-0.9259835286793379,-0.5467358736307342
0.5,-0.9139835286793383,-0.3749059344327203
0.5,-0.9019835286793378,-0.24646361392435467
0.5,-0.8899835286793383,-0.15491528293587195
0.5,-0.8779835286793378,-0.0930630914903738
0.5,-0.8659835286793383,-0.05356472036497766
0.5,-0.8539835286793378,-0.029687704707518393
0.5,-0.8419835286793382,-0.015947045638335832
0.5,-0.8299835286793378,-0.008357540246787488
0.5,-0.8179835286793382,-0.0042985607038838435
0.5,-0.8059835286793378,-0.0021797116818906073
0.5,-0.7939835286793382,-0.0010929310071575182
0.5,-0.7819835286793377,-0.000542354725230317
0.5,-0.7699835286793382,-0.00026568097735200897
0.5,-0.7579835286793377,-0.00012722280382684105
0.5,-0.7459835286793381,-5.787330956620635e-5
0.5,-0.7339835286793377,-2.2809971695791292e-5
0.5,-0.7219835286793381,-4.609731174629964e-6
0.5,-0.7099835286793377,5.410157167690328e-6
0.5,-0.6979835286793381,1.157486677935329e-5
0.5,-0.6859835286793377,1.6050491158979035e-5
0.5,-0.6739835286793381,1.9940305957805155e-5
0.5,-0.6619835286793376,2.382949750229443e-5
0.5,-0.6499835286793381,2.8055616455045862e-5
0.5,-0.6379835286793376,3.2843340110639485e-5
0.5,-0.625983528679338,3.837243328909097e-5
0.5,-0.6139835286793376,4.481309401931147e-5
0.5,-0.601983528679338,5.234559771192228e-5
0.5,-0.5899835286793376,6.117266107070919e-5
0.5,-0.577983528679338,7.152874609919809e-5
0.5,-0.5659835286793375,8.368847428398387e-5
0.5,-0.553983528679338,9.797533724462479e-5
0.5,-0.5419835286793375,0.00011477142356828357
0.5,-0.529983528679338,0.00013452871444208383
0.5,-0.5179835286793375,0.00015778237875181862
0.5,-0.5059835286793379,0.00018516656367640908
0.5,-0.4939835286793375,0.00021743321435312214
0.5,-0.4819835286793379,0.0002554745384559333
0.5,-0.46998352867933746,0.00030034985112839394
0.5,-0.4579835286793379,0.0003533176996725668
0.5,-0.44598352867933744,0.0004158743082354787
0.5,-0.43398352867933787,0.0004897996543040563
0.5,-0.4219835286793374,0.0005772127063923739
0.5,-0.40998352867933785,0.0006806377021165732
0.5,-0.3979835286793374,0.0008030837223776285
0.5,-0.38598352867933783,0.0009481402990035958
0.5,-0.3739835286793374,0.001120092344606059
0.5,-0.3619835286793378,0.0013240583990839058
0.5,-0.34998352867933735,0.0015661570030731785
0.5,-0.3379835286793378,0.001853707000850375
0.5,-0.32598352867933733,0.0021954687748452803
0.5,-0.31398352867933776,0.0026019348219688595
0.5,-0.3019835286793373,0.003085679775292789
0.5,-0.28998352867933774,0.003661781951449901
0.5,-0.2779835286793373,0.004348330801700386
0.5,-0.2659835286793377,0.005167037293407208
0.5,-0.25398352867933727,0.006143967219186602
0.5,-0.2419835286793377,0.007310420660586303
0.5,-0.22998352867933725,0.008703984217893819
0.5,-0.21798352867933768,0.01036978586542499
0.5,-0.20598352867933722,0.01236198498260656
0.5,-0.19398352867933766,0.0147455314800463
0.5,-0.1819835286793372,0.017598226875392673
0.5,-0.16998352867933764,0.021013114788562146
0.5,-0.15798352867933718,0.02510121605986207
0.5,-0.14598352867933762,0.029994600645029502
0.5,-0.13398352867933716,0.0358497492586368
0.5,-0.1219835286793376,0.04285109524154369
0.5,-0.10998352867933714,0.051214542311669914
0.5,-0.09798352867933757,0.06119061607860245
0.5,-0.08598352867933712,0.07306671603353383
0.5,-0.07398352867933755,0.08716768268250925
0.5,-0.0619835286793371,0.10385358337045172
0.5,-0.04998352867933753,0.12351327026826592
0.5,-0.037983528679337075,0.14655192636802813
0.5,-0.02598352867933751,0.1733705864684064
0.5,-0.013983528679337054,0.20433564970421847
0.5,-0.0019835286793374873,0.23973688262317971
0.5,0.010016471320662967,0.2797335467484987
0.5,0.022016471320662534,0.32429019620423294
0.5,0.03401647132066299,0.3731063193546411
0.5,0.046016471320662555,0.4255470087016974
0.5,0.05801647132066301,0.48058463238018617
0.5,0.07001647132066258,0.5367633476309515
0.5,0.08201647132066303,0.5921987539320361
0.5,0.0940164713206626,0.644624042262205
0.5,0.10601647132066305,0.6914921532351953
0.5,0.11801647132066262,0.7301411464340691
0.5,0.13001647132066307,0.7580265011248155
0.5,0.14201647132066264,0.7730163725523851
0.5,0.1540164713206631,0.7737284047510435
0.5,0.16601647132066266,0.759854830866471
0.5,0.17801647132066312,0.7323814620702324
0.5,0.19001647132066268,0.6935825116320241
0.5,0.20201647132066314,0.6467115659214613
0.5,0.2140164713206627,0.5954302136040805
0.5,0.22601647132066316,0.5431610863141532
0.5,0.23801647132066273,0.49260261053588394
0.5,0.2500164713206632,0.4455432294034095
0.5,0.26201647132066275,0.4029477964713344
0.5,0.2740164713206632,0.3651883502178162
0.5,0.28601647132066277,0.3322964759197113
0.5,0.2980164713206632,0.3041732374955602
0.5,0.3100164713206628,0.2807434522568561
0.5,0.32201647132066324,0.2620573599620595
0.5,0.3340164713206628,0.24832597252405622
0.5,0.34601647132066327,0.23985304796819099
0.5,0.35801647132066283,0.23686098996146138
0.5,0.3700164713206633,0.2393206508290734
0.5,0.38201647132066285,0.24692887956913687
0.5,0.3940164713206633,0.2592315507170405
0.5,0.4060164713206629,0.2757696912415934
0.5,0.41801647132066333,0.2961659833985234
0.5,0.4300164713206629,0.3201497375066416
0.5,0.44201647132066335,0.34754854647304523
0.5,0.4540164713206629,0.3782689537989969
0.5,0.4660164713206634,0.41227676196777097
0.5,0.47801647132066294,0.449580401866623
0.5,0.4900164713206634,0.4902177329426336
0.5,0.502016471320663,0.5342457053478796
0.5,0.5140164713206634,0.5817321923659285
0.5,0.526016471320663,0.6327494175355969
0.5,0.5380164713206634,0.6873685476150238
0.5,0.550016471320663,0.7456551400312447
0.5,0.5620164713206635,0.8076652128244508
0.5,0.574016471320663,0.8734417515226884
0.5,0.5860164713206635,0.9430114883728615
0.5,0.598016471320663,1.0163817914252125
0.5,0.6100164713206635,1.0935374877717048
0.5,0.6220164713206631,1.174437415693863
0.5,0.6340164713206635,1.2590104493497876
0.5,0.6460164713206631,1.3471506601675767
0.5,0.6580164713206635,1.4387111637659098
0.5,0.6700164713206631,1.5334960383007044
0.5,0.6820164713206636,1.6312494689124755
0.5,0.6940164713206631,1.731640939267977
0.5,0.7060164713206636,1.8342448028943867
0.5,0.7180164713206632,1.9385118482669963
0.5,0.7300164713206636,2.043729417902021
0.5,0.7420164713206632,2.1489651249788824
0.5,0.7540164713206636,2.252986997313172
0.5,0.7660164713206632,2.3541432434639167
0.5,0.7780164713206636,2.4502257638758893
0.5,0.7900164713206632,2.5382368326918816
0.5,0.7979835286793364,2.5643954559850015
0.5,0.7859835286793369,2.343968515157626
0.5,0.7739835286793364,2.1512917839410473
0.5,0.7619835286793368,1.9811064860813556
0.5,0.7499835286793364,1.8291006384527986
0.5,0.7379835286793368,1.6920350603836054
0.5,0.7259835286793364,1.5674251521404337
0.5,0.7139835286793368,1.4533329126093806
0.5,0.7019835286793363,1.3482495550858036
0.5,0.6899835286793368,1.2509970232878291
0.5,0.6779835286793363,1.1606511035873994
0.5,0.6659835286793367,1.0764816242267479
0.5,0.6539835286793363,0.9979062161628236
0.5,0.6419835286793367,0.9244547148853178
0.5,0.6299835286793363,0.8557418340403381
0.5,0.6179835286793367,0.7914462368593518
0.5,0.6059835286793362,0.7312945479206507
0.5,0.5939835286793367,0.6750491816257664
0.5,0.5819835286793362,0.6224991234576389
0.5,0.5699835286793367,0.5734529986741599
0.5,0.5579835286793362,0.5277339137013247
0.5,0.5459835286793366,0.485175669439885
0.5,0.5339835286793362,0.445620032063254
0.5,0.5219835286793366,0.40891481264812035
0.5,0.5099835286793362,0.37491255740393586
0.5,0.4979835286793366,0.3434696892587024
0.5,0.48598352867933614,0.3144459720193972
0.5,0.4739835286793366,0.28770419243535056
0.5,0.4619835286793361,0.26310997497981
0.5,0.44998352867933655,0.2405316605398313
0.5,0.4379835286793361,0.21984019499006136
0.5,0.42598352867933653,0.20090898859539782
0.5,0.4139835286793361,0.1836137244769187
0.5,0.4019835286793365,0.1678321164441705
0.5,0.38998352867933606,0.15344364554933534
0.5,0.3779835286793365,0.1403293413596321
0.5,0.36598352867933603,0.12837171487137652
0.5,0.35398352867933647,0.11745498537531485
0.5,0.341983528679336,0.10746575617837249
0.5,0.32998352867933645,0.09829426325248647
0.5,0.317983528679336,0.08983623332747454
0.5,0.3059835286793364,0.08199525122501011
0.5,0.29398352867933597,0.07468538448379862
0.5,0.2819835286793364,0.0678336959570747
0.5,0.26998352867933595,0.0613822324785979
0.5,0.2579835286793364,0.0552891216235957
0.5,0.24598352867933593,0.04952852167047807
0.5,0.23398352867933636,0.044089321713184706
0.5,0.2219835286793359,0.03897265321957191
0.5,0.20998352867933634,0.03418843477676771
0.5,0.19798352867933589,0.029751315181872875
0.5,0.18598352867933632,0.025676486549901362
0.5,0.17398352867933586,0.02197588007742709
0.5,0.1619835286793363,0.01865520669442158
0.5,0.14998352867933584,0.01571215900237653
0.5,0.13798352867933628,0.013135878976555472
0.5,0.12598352867933582,0.010907573859246353
0.5,0.11398352867933625,0.009001990070461294
0.5,0.1019835286793358,0.007389370175176893
0.5,0.08998352867933623,0.0060375258371346795
0.5,0.07798352867933578,0.004913736475432264
0.5,0.06598352867933621,0.00398629214775787
0.5,0.05398352867933576,0.003225606055508261
0.5,0.04198352867933619,0.002604905337524076
0.5,0.03148764650950242,0.002158232186486015
0.5,0.023615734882126427,0.0018733027894036773
0.5,0.01574382325475132,0.001625360989758569
0.5,0.007871911627375328,0.0014098629395153444
0.5,2.220446049250313e-16,0.001222735030358052
1.0,-0.0012000000000000899,1.6629215199469895e-14
1.0,-0.0025199999999998557,7.010201185311617e-15
1.0,-0.0039719999999998645,-8.706096348671108e-15
1.0,-0.00556919999999983,6.707835391206104e-15
1.0,-0.0073261199999998805,4.115635291125471e-15
1.0,-0.009258731999999936,2.7719231207165577e-14
1.0,-0.011384605199999731,-1.7390160913431502e-15
1.0,-0.013723065720000038,-2.3097100736154223e-14
1.0,-0.016295372292000065,1.0962418682493865e-14
1.0,-0.01912490952120005,7.0263341953682245e-15
1.0,-0.022237400473320124,6.442913691395153e-15
1.0,-0.02566114052065216,1.5466142334727676e-14
1.0,-0.029427254572717443,-2.4562688919924463e-15
1.0,-0.0335699800299889,5.36416026832185e-15
1.0,-0.03812697803298781,-5.616299047419766e-15
1.0,-0.04313967583628675,-1.4484159841974002e-14
1.0,-0.04865364341991518,9.257811294396522e-15
1.0,-0.05471900776190686,6.949991644024728e-15
1.0,-0.061390908538097255,-3.4126510114137572e-15
1.0,-0.06872999939190705,2.6820941582388917e-14
1.0,-0.07680299933109791,-1.12503338941029e-14
1.0,-0.08568329926420781,-2.852349523469333e-15
1.0,-0.09545162919062888,1.449110591185901e-16
1.0,-0.10619679210969157,-9.603348628922935e-15
1.0,-0.1180164713206604,9.794142542570993e-15
1.0,-0.13001647132066085,1.5200120423314763e-14
1.0,-0.14201647132066042,2.0456416973530123e-14
1.0,-0.15401647132066087,-1.1880606848559085e-15
1.0,-0.16601647132066044,-4.267189465478501e-15
1.0,-0.1780164713206609,-9.020651230540117e-15
1.0,-0.19001647132066046,-2.5514202959279204e-15
1.0,-0.20201647132066092,1.9931671214745844e-14
1.0,-0.21401647132066048,-2.224244250695299e-14
1.0,-0.22601647132066094,-6.379799279718167e-15
1.0,-0.2380164713206605,-4.093418416703649e-15
1.0,-0.25001647132066096,-3.0654846266941366e-15
1.0,-0.2620164713206605,-9.9574048442928e-15
1.0,-0.274016471320661,-1.1787416517763514e-14
1.0,-0.28601647132066055,-1.0504924364343507e-14
1.0,-0.298016471320661,-4.0083724646742176e-14
1.0,-0.31001647132066057,-8.291812006825378e-14
1.0,-0.322016471320661,-2.0389597155614867e-13
1.0,-0.3340164713206606,-4.039616047734621e-13
1.0,-0.34601647132066105,-8.450081579234894e-13
1.0,-0.3580164713206606,-1.7757534624759927e-12
1.0,-0.37001647132066107,-3.704602833520657e-12
1.0,-0.38201647132066063,-7.750784700542296e-12
1.0,-0.3940164713206611,-1.6166898556370275e-11
1.0,-0.40601647132066065,-3.3805853944437866e-11
1.0,-0.4180164713206611,-7.07102801849542e-11
1.0,-0.4300164713206607,-1.4799619504985378e-10
1.0,-0.44201647132066113,-3.098280510212448e-10
1.0,-0.4540164713206607,-6.488491249922243e-10
1.0,-0.46601647132066115,-1.3592979726987126e-9
1.0,-0.4780164713206607,-2.848494510308439e-9
1.0,-0.4900164713206612,-5.970921645888684e-9
1.0,-0.5020164713206607,-1.2519069108716737e-8
1.0,-0.5140164713206612,-2.6253457915762554e-8
1.0,-0.5260164713206608,-5.506257560958361e-8
1.0,-0.5380164713206612,-1.154886648681624e-7
1.0,-0.5500164713206608,-2.4220061652109207e-7
1.0,-0.5620164713206612,-5.077781720650934e-7
1.0,-0.5740164713206608,-1.0638976610644992e-6
1.0,-0.5860164713206613,-2.226622021918478e-6
1.0,-0.5980164713206608,-4.651576483116487e-6
1.0,-0.6100164713206613,-9.689127893990864e-6
1.0,-0.6220164713206608,-2.009014677406901e-5
1.0,-0.6340164713206613,-4.13648432727194e-5
1.0,-0.6460164713206609,-8.427288587392494e-5
1.0,-0.6580164713206613,-0.00016904532454758807
1.0,-0.6700164713206609,-0.0003317077733296747
1.0,-0.6820164713206613,-0.0006317881830560624
1.0,-0.6940164713206609,-0.0011586815590909295
1.0,-0.7060164713206614,-0.0020328650042634616
1.0,-0.7180164713206609,-0.003401616286107396
1.0,-0.7300164713206614,-0.0054364527536065075
1.0,-0.742016471320661,-0.00834259783693418
1.0,-0.7540164713206614,-0.012384114223078297
1.0,-0.766016471320661,-0.01792039537484535
1.0,-0.7780164713206614,-0.025449463757783758
1.0,-0.790016471320661,-0.03565833536940378
1.0,-0.8020164713206615,-0.04948431413747614
1.0,-0.814016471320661,-0.06819162174878406
1.0,-0.8260164713206615,-0.0934660973944317
1.0,-0.838016471320661,-0.12752719770362067
1.0,-0.8500164713206615,-0.17325054764247572
1.0,-0.8620164713206611,-0.23428494073077333
1.0,-0.8740164713206615,-0.31513487844050997
1.0,-0.8860164713206611,-0.421165743926377
1.0,-0.8980164713206615,-0.5584800747061436
1.0,-0.9100164713206611,-0.7336213639958327
1.0,-0.9220164713206616,-0.953097466113473
1.0,-0.9340164713206611,-1.2227783200546345
1.0,-0.9460164713206616,-1.5472888672791136
1.0,-0.9580164713206611,-1.92954735586632
1.0,-0.9700164713206616,-2.370563672982182
1.0,-0.9820164713206612,-2.8695252136830156
1.0,-0.9940164713206616,-3.4241076518555746
1.0,-1.0060164713206612,-4.030899740946125
1.0,-1.0180164713206616,-4.685835311032137
1.0,-1.0300164713206612,-5.384561698195132
1.0,-1.0420164713206617,-6.122715042858484
1.0,-1.0540164713206612,-6.8961029574404495
1.0,-1.0660164713206617,-7.7008105008402055
1.0,-1.0780164713206613,-8.533249751859803
1.0,-1.0900164713206617,-9.390171544706282
1.0,-1.1020164713206613,-10.268653903588126
1.0,-1.1140164713206617,-11.166077506414952
1.0,-1.1260164713206613,-12.080095004914744
1.0,-1.1380164713206617,-13.008598430636546
1.0,-1.1500164713206613,-13.949687124609056
1.0,-1.1620164713206618,-14.901637455549974
1.0,-1.1740164713206613,-15.862874855589784
1.0,-1.1860164713206618,-16.83194825808604
1.0,-1.1980164713206614,-17.807506763645456
1.0,-1.189983528679338,-17.0544527595605
1.0,-1.1779835286793385,-15.976386816415706
1.0,-1.165983528679338,-14.920985424025147
1.0,-1.1539835286793385,-13.888046539547014
1.0,-1.141983528679338,-12.877580895299019
1.0,-1.1299835286793385,-11.89015332375287
1.0,-1.117983528679338,-10.926729226538
1.0,-1.1059835286793385,-9.988617621272047
1.0,-1.093983528679338,-9.077454326409597
1.0,-1.0819835286793384,-8.19520311407831
1.0,-1.069983528679338,-7.344163345815125
1.0,-1.0579835286793384,-6.52697549471406
1.0,-1.045983528679338,-5.746615665351477
1.0,-1.0339835286793384,-5.006368332234241
1.0,-1.021983528679338,-4.309764013573787
1.0,-1.0099835286793384,-3.660466813081225
1.0,-0.9979835286793379,-3.062097920558499
1.0,-0.9859835286793384,-2.517988439241376
1.0,-0.9739835286793379,-2.0308713499948046
1.0,-0.9619835286793383,-1.6025478776068658
1.0,-0.9499835286793379,-1.2335900091808174
1.0,-0.9379835286793383,-0.9231503416796099
1.0,-0.9259835286793379,-0.6689223476437052
1.0,-0.9139835286793383,-0.4672278389322053
1.0,-0.9019835286793378,-0.313147110156482
1.0,-0.8899835286793383,-0.20062854229250987
1.0,-0.8779835286793378,-0.12264920567779368
1.0,-0.8659835286793383,-0.07161945747484946
1.0,-0.8539835286793378,-0.04011298052949909
1.0,-0.8419835286793382,-0.02168574500936578
1.0,-0.8299835286793378,-0.011397186148531508
1.0,-0.8179835286793382,-0.005862249492127577
1.0,-0.8059835286793378,-0.0029673817194052175
1.0,-0.7939835286793382,-0.0014841498695701422
1.0,-0.7819835286793377,-0.0007351881354218554
1.0,-0.7699835286793382,-0.0003607417474090439
1.0,-0.7579835286793377,-0.000174685231613312
1.0,-0.7459835286793381,-8.245249435093062e-5
1.0,-0.7339835286793377,-3.658984556255449e-5
1.0,-0.7219835286793381,-1.3483195478779418e-5
1.0,-0.7099835286793377,-1.4432227511879533e-6
1.0,-0.6979835286793381,5.303041893846766e-6
1.0,-0.6859835286793377,9.61135227063318e-6
1.0,-0.6739835286793381,1.2907060556168778e-5
1.0,-0.6619835286793376,1.5919014680280674e-5
1.0,-0.6499835286793381,1.9041094247265865e-5
1.0,-0.6379835286793376,2.2510513044663495e-5
1.0,-0.625983528679338,2.649637179402698e-5
1.0,-0.6139835286793376,3.114450680650788e-5
1.0,-0.601983528679338,3.660127033056666e-5
1.0,-0.5899835286793376,4.3027395649190805e-5
1.0,-0.577983528679338,5.0607469918684326e-5
1.0,-0.5659835286793375,5.955779329315269e-5
1.0,-0.553983528679338,7.013410271769918e-5
1.0,-0.5419835286793375,8.264000207162058e-5
1.0,-0.529983528679338,9.743665970147463e-5
1.0,-0.5179835286793375,0.00011495425730521984
1.0,-0.5059835286793379,0.00013570564047650944
1.0,-0.4939835286793375,0.0001603026712806911
1.0,-0.4819835286793379,0.0001894758814926181
1.0,-0.46998352867933746,0.00022409810792438104
1.0,-0.4579835286793379,0.0002652129734769905
1.0,-0.44598352867933744,0.00031406920982558366
1.0,-0.43398352867933787,0.0003721620836663945
1.0,-0.4219835286793374,0.0004412834203915827
1.0,-0.40998352867933785,0.0005235820755314455
1.0,-0.3979835286793374,0.0006216370865617256
1.0,-0.38598352867933783,0.0007385462492855405
1.0,-0.3739835286793374,0.000878033451479782
1.0,-0.3619835286793378,0.0010445788457327516
1.0,-0.34998352867933735,0.0012435768489766786
1.0,-0.3379835286793378,0.0014815280531546957
1.0,-0.32598352867933733,0.0017662724894015722
1.0,-0.31398352867933776,0.0021072733367307017
1.0,-0.3019835286793373,0.0025159621616688975
1.0,-0.28998352867933774,0.0030061592133889987
1.0,-0.2779835286793373,0.0035945852243833565
1.0,-0.2659835286793377,0.004301484684336657
1.0,-0.25398352867933727,0.005151384741702178
1.0,-0.2419835286793377,0.006174018817975666
1.0,-0.22998352867933725,0.007405449725803598
1.0,-0.21798352867933768,0.008889433566517679
1.0,-0.20598352867933722,0.010679072821151036
1.0,-0.19398352867933766,0.012838814518817047
1.0,-0.1819835286793372,0.015446856579754104
1.0,-0.16998352867933764,0.018598031318138485
1.0,-0.15798352867933718,0.02240723782527594
1.0,-0.14598352867933762,0.027013491704191345
1.0,-0.13398352867933716,0.03258464698839283
1.0,-0.1219835286793376,0.03932281458325903
1.0,-0.10998352867933714,0.04747044499385084
1.0,-0.09798352867933757,0.05731694810586076
1.0,-0.08598352867933712,0.0692055735858423
1.0,-0.07398352867933755,0.08354005417659206
1.0,-0.0619835286793371,0.10079020366570074
1.0,-0.04998352867933753,0.12149525210755341
1.0,-0.037983528679337075,0.14626320307260263
1.0,-0.02598352867933751,0.1757639586514716
1.0,-0.013983528679337054,0.21071348453978198
1.0,-0.0019835286793374873,0.2518460643106182
1.0,0.010016471320662967,0.29987197979945535
1.0,0.022016471320662534,0.35541904509489236
1.0,0.03401647132066299,0.4189585275171071
1.0,0.046016471320662555,0.4907190742415325
1.0,0.05801647132066301,0.5705958771711692
1.0,0.07001647132066258,0.6580655446876834
1.0,0.08201647132066303,0.7521188554251834
1.0,0.0940164713206626,0.8512228247462474
1.0,0.10601647132066305,0.9533201713177436
1.0,0.11801647132066262,1.0558692268801741
1.0,0.13001647132066307,1.1559222847904542
1.0,0.14201647132066264,1.2502371486918167
1.0,0.1540164713206631,1.3354164137863707
1.0,0.16601647132066266,1.4080719097096097
1.0,0.17801647132066312,1.4650166735734862
1.0,0.19001647132066268,1.5034913662231109
1.0,0.20201647132066314,1.52143187477797
1.0,0.2140164713206627,1.517773233217179
1.0,0.22601647132066316,1.4927544495239982
1.0,0.23801647132066273,1.4481391337339753
1.0,0.2500164713206632,1.3872207849630858
1.0,0.26201647132066275,1.3144931202785957
1.0,0.2740164713206632,1.2349843187116223
1.0,0.28601647132066277,1.1534424615879786
1.0,0.2980164713206632,1.0736710080394358
1.0,0.3100164713206628,0.9982299538712003
1.0,0.32201647132066324,0.9285070396946719
1.0,0.3340164713206628,0.8650041222047495
1.0,0.34601647132066327,0.8076661833686674
1.0,0.35801647132066283,0.7561521878016838
1.0,0.3700164713206633,0.7100222381786079
1.0,0.38201647132066285,0.6688561352366776
1.0,0.3940164713206633,0.6323291642307722
1.0,0.4060164713206629,0.6002670799230323
1.0,0.41801647132066333,0.5726928281419923
1.0,0.4300164713206629,0.549863132809083
1.0,0.44201647132066335,0.5322732062534372
1.0,0.4540164713206629,0.5205952005474223
1.0,0.4660164713206634,0.5155350733035572
1.0,0.47801647132066294,0.5176458244182865
1.0,0.4900164713206634,0.5271847329807485
1.0,0.502016471320663,0.5440882840176355
1.0,0.5140164713206634,0.5680563875315692
1.0,0.526016471320663,0.5986750438319121
1.0,0.5380164713206634,0.6355155641101459
1.0,0.550016471320663,0.678189866126168
1.0,0.5620164713206635,0.7263695984700593
1.0,0.574016471320663,0.7797840690110678
1.0,0.5860164713206635,0.8382086999839125
1.0,0.598016471320663,0.9014506946953134
1.0,0.6100164713206635,0.9693349431524194
1.0,0.6220164713206631,1.0416911463063965
1.0,0.6340164713206635,1.1183421504662696
1.0,0.6460164713206631,1.1990930474616264
1.0,0.6580164713206635,1.283720398424893
1.0,0.6700164713206631,1.3719608124481324
1.0,0.6820164713206636,1.4634979699746473
1.0,0.6940164713206631,1.5579469754719601
1.0,0.7060164713206636,1.6548346175608242
1.0,0.7180164713206632,1.753573670664132
1.0,0.7300164713206636,1.8534287534681964
1.0,0.7420164713206632,1.953470444243661
1.0,0.7540164713206636,2.052512046747621
1.0,0.7660164713206632,2.1490222308197344
1.0,0.7780164713206636,2.2410346129894982
1.0,0.7900164713206632,2.32599030478243
1.0,0.7979835286793364,2.352835287127444
1.0,0.7859835286793369,2.144801346681434
1.0,0.7739835286793364,1.9640725722675332
1.0,0.7619835286793368,1.8054552583529337
1.0,0.7499835286793364,1.6642246255192217
1.0,0.7379835286793368,1.5370466678535373
1.0,0.7259835286793364,1.4214843350814181
1.0,0.7139835286793368,1.3157025181400077
1.0,0.7019835286793363,1.2183042087847566
1.0,0.6899835286793368,1.128214897258636
1.0,0.6779835286793363,1.0445987649550301
1.0,0.6659835286793367,0.9667974745243267
1.0,0.6539835286793363,0.8942849599241008
1.0,0.6419835286793367,0.8266338020569161
1.0,0.6299835286793363,0.7634901129133558
1.0,0.6179835286793367,0.7045547351551281
1.0,0.6059835286793362,0.64956917008339
1.0,0.5939835286793367,0.5983050707171416
1.0,0.5819835286793362,0.5505564370451658
1.0,0.5699835286793367,0.5061338657628187
1.0,0.5579835286793362,0.464860362749994
1.0,0.5459835286793366,0.42656834080294764
1.0,0.5339835286793362,0.39109750986279324
1.0,0.5219835286793366,0.35829343064160474
1.0,0.5099835286793362,0.3280065510266555
1.0,0.4979835286793366,0.30009158209174364
1.0,0.48598352867933614,0.27440709994063867
1.0,0.4739835286793366,0.250815283223919
1.0,0.4619835286793361,0.2291817159297722
1.0,0.44998352867933655,0.20937520282346564
1.0,0.4379835286793361,0.19126756273745715
1.0,0.42598352867933653,0.17473338508756622
1.0,0.4139835286793361,0.15964975981810067
1.0,0.4019835286793365,0.1458960220450086
1.0,0.38998352867933606,0.13335358924420423
1.0,0.3779835286793365,0.12190600569744639
1.0,0.36598352867933603,0.11143933440481918
1.0,0.35398352867933647,0.10184303338866324
1.0,0.341983528679336,0.09301140382494537
1.0,0.32998352867933645,0.08484559521472713
1.0,0.317983528679336,0.07725601267316244
1.0,0.3059835286793364,0.07016483023309782
1.0,0.29398352867933597,0.06350821702921104
1.0,0.2819835286793364,0.05723786333491722
1.0,0.26998352867933595,0.05132145872813326
1.0,0.2579835286793364,0.04574191076528737
1.0,0.24598352867933593,0.04049527386638437
1.0,0.23398352867933636,0.03558755648082849
1.0,0.2219835286793359,0.031030760135383313
1.0,0.20998352867933634,0.026838642807416536
1.0,0.19798352867933589,0.023022756379988695
1.0,0.18598352867933632,0.019589259970602485
1.0,0.17398352867933586,0.016536860410237535
1.0,0.1619835286793363,0.0138560137381733
1.0,0.14998352867933584,0.011529295624540529
1.0,0.13798352867933628,0.009532672329608517
1.0,0.12598352867933582,0.007837313098931124
1.0,0.11398352867933625,0.0064115839049922775
1.0,0.1019835286793358,0.00522292904249499
1.0,0.08998352867933623,0.004239447199350003
1.0,0.07798352867933578,0.003431070482533917
1.0,0.06598352867933621,0.0027703374360343613
1.0,0.05398352867933576,0.0022328056826246057
1.0,0.04198352867933619,0.0017971773605069312
1.0,0.03148764650950242,0.0014853756057944332
1.0,0.023615734882126427,0.0012872310264988695
1.0,0.01574382325475132,0.0011152917467385816
1.0,0.007871911627375328,0.0009662148058694593
1.0,2.220446049250313e-16,0.0008370401825679816
5.0,-0.001200000000000201,-2.879548388578993e-17
5.0,-0.0025199999999998557,6.60026883191979e-15
5.0,-0.0039719999999999756,1.4617525341943913e-14
5.0,-0.005569199999999719,3.94590943774373e-15
5.0,-0.0073261199999997695,1.2989264246808258e-14
5.0,-0.009258731999999936,1.1610742028801797e-14
5.0,-0.011384605200000064,-6.29588901305596e-15
5.0,-0.013723065720000038,8.272849661032763e-15
5.0,-0.016295372292000176,6.577891848779269e-15
5.0,-0.01912490952119994,-2.935646064399521e-18
5.0,-0.022237400473320124,3.892306613116467e-15
5.0,-0.025661140520652048,4.943314582575598e-15
5.0,-0.02942725457271711,-6.691286720054223e-15
5.0,-0.0335699800299889,-8.390088692567046e-15
5.0,-0.03812697803298748,6.919969396984563e-16
5.0,-0.04313967583628686,-3.977409812001706e-15
5.0,-0.048653643419915404,7.323973677328224e-15
5.0,-0.054719007761906524,1.526989783862453e-14
5.0,-0.061390908538097144,-9.28783648514177e-15
5.0,-0.06872999939190727,2.3754201083325656e-15
5.0,-0.07680299933109824,1.5055754342747797e-14
5.0,-0.0856832992642077,7.581034372732741e-15
5.0,-0.09545162919062833,8.080007140546075e-15
5.0,-0.10619679210969135,-1.806840876875618e-15
5.0,-0.11801647132066062,-3.2746731800658078e-15
5.0,-0.1300164713206604,-4.334242092762337e-15
5.0,-0.14201647132066075,-5.406782469435226e-15
5.0,-0.15401647132066054,1.4454465112448078e-14
5.0,-0.16601647132066033,1.168307113175661e-14
5.0,-0.17801647132066067,-8.255149306063512e-15
5.0,-0.19001647132066046,-7.479179363175611e-15
5.0,-0.20201647132066092,-2.3288855904689875e-14
5.0,-0.21401647132066048,1.4547144557697392e-15
5.0,-0.2260164713206605,1.3619590480231825e-14
5.0,-0.23801647132066073,-6.108293428892852e-15
5.0,-0.2500164713206605,9.043692025266214e-15
5.0,-0.26201647132066097,-1.0408742130225096e-14
5.0,-0.27401647132066054,-1.8466787202448217e-14
5.0,-0.28601647132066055,-2.4357272393615836e-14
5.0,-0.2980164713206601,-2.229845048233638e-14
5.0,-0.31001647132066057,-7.533995304109999e-14
5.0,-0.322016471320661,-1.8141445547960922e-13
5.0,-0.3340164713206606,-3.885074620489261e-13
5.0,-0.3460164713206606,-8.245984200399358e-13
5.0,-0.35801647132066017,-1.7085605982510464e-12
5.0,-0.3700164713206606,-3.5600356329946313e-12
5.0,-0.3820164713206604,-7.449684344391898e-12
5.0,-0.39401647132066064,-1.554974100632432e-11
5.0,-0.40601647132066065,-3.250688228316634e-11
5.0,-0.4180164713206602,-6.798700139233307e-11
5.0,-0.4300164713206607,-1.422703395876315e-10
5.0,-0.44201647132066046,-2.9780996129335133e-10
5.0,-0.4540164713206607,-6.236597372000875e-10
5.0,-0.4660164713206607,-1.3064953311640628e-9
5.0,-0.4780164713206603,-2.737822597373378e-9
5.0,-0.4900164713206603,-5.7388196343916525e-9
5.0,-0.5020164713206605,-1.2032282476284435e-8
5.0,-0.5140164713206608,-2.5232565673864832e-8
5.0,-0.5260164713206608,-5.292149617086444e-8
5.0,-0.5380164713206603,-1.1099916816158243e-7
5.0,-0.5500164713206603,-2.3279049863026384e-7
5.0,-0.5620164713206606,-4.880683284530866e-7
5.0,-0.5740164713206604,-1.0226649004933284e-6
5.0,-0.5860164713206608,-2.140535102327851e-6
5.0,-0.5980164713206604,-4.472415390286241e-6
5.0,-0.6100164713206604,-9.318150119853695e-6
5.0,-0.6220164713206606,-1.9328088505460067e-5
5.0,-0.6340164713206604,-3.981877976300035e-5
5.0,-0.6460164713206609,-8.119576064089104e-5
5.0,-0.6580164713206604,-0.0001630957418747439
5.0,-0.6700164713206609,-0.0003206821859825877
5.0,-0.6820164713206607,-0.0006125310265581607
5.0,-0.6940164713206609,-0.001127541937446186
5.0,-0.7060164713206609,-0.0019868907111102317
5.0,-0.7180164713206612,-0.0033398588502614873
5.0,-0.7300164713206609,-0.005360039536409789
5.0,-0.7420164713206614,-0.008252967066677212
5.0,-0.754016471320661,-0.012280452195867294
5.0,-0.7660164713206614,-0.017797763378273594
5.0,-0.7780164713206612,-0.025298128941501387
5.0,-0.7900164713206614,-0.03546391092278471
5.0,-0.8020164713206615,-0.049228160804444476
5.0,-0.8140164713206617,-0.06785122343632169
5.0,-0.8260164713206615,-0.09301545984156143
5.0,-0.8380164713206619,-0.12693776293074152
5.0,-0.8500164713206615,-0.17249384985656147
5.0,-0.862016471320662,-0.23333928128227355
5.0,-0.8740164713206617,-0.3139993683057122
5.0,-0.886016471320662,-0.4198854853913432
5.0,-0.898016471320662,-0.5571850699956375
5.0,-0.9100164713206622,-0.7325780614715317
5.0,-0.922016471320662,-0.9527658407361566
5.0,-0.9340164713206625,-1.2238614021048715
5.0,-0.946016471320662,-1.5507599513081514
5.0,-0.9580164713206625,-1.9366457956580991
5.0,-0.9700164713206623,-2.382761277517506
5.0,-0.9820164713206625,-2.8884753147962425
5.0,-0.9940164713206625,-3.4515922437659627
5.0,-1.0060164713206627,-4.068786397695301
5.0,-1.0180164713206625,-4.73604891469753
5.0,-1.030016471320663,-5.449070488380059
5.0,-1.0420164713206626,-6.203527769450268
5.0,-1.054016471320663,-6.9952735038288125
5.0,-1.0660164713206628,-7.820447087287626
5.0,-1.078016471320663,-8.675526835545183
5.0,-1.090016471320663,-9.55734337822565
5.0,-1.1020164713206633,-10.463069293873522
5.0,-1.114016471320663,-11.39019567083809
5.0,-1.1260164713206635,-12.33650262478911
5.0,-1.138016471320663,-13.300028118486416
5.0,-1.1500164713206635,-14.279037594440195
5.0,-1.1620164713206633,-15.27199574211474
5.0,-1.1740164713206636,-16.277540985297176
5.0,-1.1860164713206636,-17.29446284048074
5.0,-1.1980164713206638,-18.32168205499833
5.0,-1.1899835286793365,-17.618212089138254
5.0,-1.177983528679336,-16.565535373797033
5.0,-1.1659835286793363,-15.525045402161574
5.0,-1.153983528679336,-14.501170582636048
5.0,-1.141983528679336,-13.494762972599663
5.0,-1.1299835286793358,-12.506938098940548
5.0,-1.117983528679336,-11.53908102874818
5.0,-1.1059835286793356,-10.592841075864307
5.0,-1.093983528679336,-9.670141356747429
5.0,-1.0819835286793356,-8.77319536738812
5.0,-1.0699835286793358,-7.904525119521023
5.0,-1.0579835286793355,-7.0669754042285255
5.0,-1.0459835286793355,-6.263717267242214
5.0,-1.0339835286793353,-5.4982312488457605
5.0,-1.0219835286793355,-4.774257790919427
5.0,-1.009983528679335,-4.095699332274928
5.0,-0.9979835286793354,-3.4664578218316047
5.0,-0.985983528679335,-2.8901957389831527
5.0,-0.9739835286793352,-2.3700220911752434
5.0,-0.9619835286793349,-1.908129808999126
5.0,-0.9499835286793351,-1.505444363773582
5.0,-0.9379835286793348,-1.1613718434343232
5.0,-0.925983528679335,-0.8737351752569107
5.0,-0.9139835286793346,-0.6389398417241049
5.0,-0.9019835286793348,-0.4523202562811025
5.0,-0.8899835286793345,-0.3085287572580598
5.0,-0.8779835286793347,-0.20181168176680184
5.0,-0.8659835286793344,-0.12612264801707235
5.0,-0.8539835286793346,-0.07520679892942961
5.0,-0.8419835286793342,-0.04287053546960061
5.0,-0.8299835286793344,-0.023477117614136487
5.0,-0.8179835286793341,-0.012436195446828367
5.0,-0.8059835286793343,-0.006418686390108264
5.0,-0.793983528679334,-0.0032491605069103224
5.0,-0.7819835286793342,-0.0016216449839093355
5.0,-0.7699835286793338,-0.0008010657360202564
5.0,-0.757983528679334,-0.00039258759373773553
5.0,-0.7459835286793337,-0.00019100112198701134
5.0,-0.7339835286793339,-9.205269508200731e-5
5.0,-0.7219835286793336,-4.35959082721904e-5
5.0,-0.7099835286793338,-1.982157319087596e-5
5.0,-0.6979835286793334,-8.045248653576472e-6
5.0,-0.6859835286793337,-2.060136294715772e-6
5.0,-0.6739835286793333,1.16506303735332e-6
5.0,-0.6619835286793335,3.112790155888123e-6
5.0,-0.6499835286793332,4.51345080466316e-6
5.0,-0.6379835286793334,5.7344002329582455e-6
5.0,-0.625983528679333,6.969560837301429e-6
5.0,-0.6139835286793333,8.331976763059836e-6
5.0,-0.6019835286793329,9.89929602023197e-6
5.0,-0.5899835286793331,1.1736537188397886e-5
5.0,-0.5779835286793328,1.390800063972885e-5
5.0,-0.565983528679333,1.6484107826302408e-5
5.0,-0.5539835286793326,1.9546010573667076e-5
5.0,-0.5419835286793329,2.3189387876221065e-5
5.0,-0.5299835286793325,2.752817959084577e-5
5.0,-0.5179835286793327,3.269868155882359e-5
5.0,-0.5059835286793324,3.8864297092488386e-5
5.0,-0.4939835286793326,4.622118915262156e-5
5.0,-0.48198352867933225,5.500507578845935e-5
5.0,-0.46998352867933246,6.549944178860204e-5
5.0,-0.4579835286793321,7.804548819356663e-5
5.0,-0.44598352867933233,9.305420409824809e-5
5.0,-0.433983528679332,0.00011102103142093018
5.0,-0.4219835286793322,0.00013254370041690475
5.0,-0.40998352867933185,0.0001583439409087533
5.0,-0.39798352867933207,0.000189293937581948
5.0,-0.3859835286793317,0.00022644860262921413
5.0,-0.37398352867933193,0.0002710849796868609
5.0,-0.3619835286793316,0.0003247504088609727
5.0,-0.3499835286793318,0.00038932146013718555
5.0,-0.33798352867933146,0.0004670761200478166
5.0,-0.32598352867933167,0.0005607823045049586
5.0,-0.3139835286793313,0.0006738065085664782
5.0,-0.30198352867933154,0.0008102473093478873
5.0,-0.2899835286793312,0.0009750995835262273
5.0,-0.2779835286793314,0.001174456709275871
5.0,-0.26598352867933106,0.0014157597846438154
5.0,-0.25398352867933127,0.00170810507957836
5.0,-0.24198352867933093,0.0020626236615973407
5.0,-0.22998352867933114,0.0024929504992207254
5.0,-0.2179835286793308,0.0030158045189836572
5.0,-0.205983528679331,0.0036517062203069136
5.0,-0.19398352867933122,0.0044258657537301965
5.0,-0.18198352867933032,0.005369282020633526
5.0,-0.16998352867933053,0.006520102604185393
5.0,-0.15798352867933074,0.007925305335349913
5.0,-0.14598352867932984,0.009642775163022482
5.0,-0.13398352867933117,0.011743864649032399
5.0,-0.12198352867933027,0.014316542450151508
5.0,-0.10998352867933048,0.01746925063655197
5.0,-0.09798352867933069,0.021335606757326174
5.0,-0.08598352867932979,0.0260800968683502
5.0,-0.07398352867933,0.031904905771070406
5.0,-0.06198352867933021,0.0390580116879628
5.0,-0.049983528679329314,0.04784262130720904
5.0,-0.037983528679330636,0.058627918530535464
5.0,-0.025983528679329737,0.07186092063196649
5.0,-0.013983528679329948,0.08807894695055492
5.0,-0.00198352867933016,0.10792177314044515
5.0,0.010016471320670739,0.13214194083972383
5.0,0.022016471320670528,0.1616109167590979
5.0,0.034016471320670316,0.1973179020634717
5.0,0.046016471320671215,0.24035723644921214
5.0,0.05801647132066989,0.291899813418959
5.0,0.07001647132067079,0.35314416090688217
5.0,0.08201647132067058,0.4252443536217449
5.0,0.09401647132067037,0.5092150927830903
5.0,0.10601647132067127,0.6058190562616119
5.0,0.11801647132066995,0.7154471804765836
5.0,0.13001647132067085,0.8380072813175001
5.0,0.14201647132066952,0.9728384007674986
5.0,0.15401647132067042,1.1186660809452158
5.0,0.1660164713206691,1.2736074841137008
5.0,0.17801647132067,1.4352266717885402
5.0,0.19001647132066868,1.600632182259104
5.0,0.20201647132066958,1.7666037240391974
5.0,0.21401647132066826,1.9297333693509366
5.0,0.22601647132066915,2.086568544592878
5.0,0.23801647132066783,2.2337478476091124
5.0,0.25001647132066873,2.3681246182088795
5.0,0.2620164713206674,2.4868760799481144
5.0,0.2740164713206683,2.5875972867336587
5.0,0.286016471320667,2.6683791874000953
5.0,0.2980164713206679,2.727869416019441
5.0,0.31001647132066656,2.765313686416627
5.0,0.32201647132066746,2.7805756905695644
5.0,0.33401647132066614,2.7741347124473066
5.0,0.34601647132066704,2.7470627366845797
5.0,0.3580164713206657,2.7009856689238187
5.0,0.3700164713206666,2.638034290962409
5.0,0.3820164713206653,2.560787108305647
5.0,0.3940164713206662,2.4721981020351604
5.0,0.4060164713206649,2.375491099189014
5.0,0.4180164713206658,2.273999275948801
5.0,0.43001647132066445,2.1709451454468125
5.0,0.44201647132066535,2.0691927809505373
5.0,0.45401647132066403,1.9710370341665162
5.0,0.4660164713206649,1.8780936093103702
5.0,0.4780164713206636,1.7913137889535442
5.0,0.4900164713206645,1.71109767282507
5.0,0.5020164713206632,1.6374535670016888
5.0,0.5140164713206641,1.5701561614257376
5.0,0.5260164713206628,1.5088770016548958
5.0,0.5380164713206637,1.4532804795048686
5.0,0.5500164713206623,1.4030899889874116
5.0,0.5620164713206632,1.3581326026398586
5.0,0.5740164713206619,1.318369149219442
5.0,0.5860164713206628,1.2839114454429923
5.0,0.5980164713206615,1.2550215394348392
5.0,0.6100164713206624,1.2320862579973064
5.0,0.6220164713206611,1.2155730243097356
5.0,0.634016471320662,1.2059844107939433
5.0,0.6460164713206606,1.2038096574608013
5.0,0.6580164713206615,1.2094545706269941
5.0,0.6700164713206602,1.2231562367452533
5.0,0.6820164713206611,1.244911110630043
5.0,0.6940164713206598,1.2744369160976186
5.0,0.7060164713206607,1.3111704569121927
5.0,0.7180164713206594,1.3542897116528279
5.0,0.7300164713206603,1.4027436559683393
5.0,0.742016471320659,1.4552760084013012
5.0,0.7540164713206599,1.510428129866537
5.0,0.7660164713206585,1.566548023019587
5.0,0.7780164713206594,1.6217785059329604
5.0,0.7900164713206581,1.6740267473189165
5.0,0.7979835286793412,1.6879959872186587
5.0,0.7859835286793425,1.5422084318643703
5.0,0.7739835286793416,1.4175242683816243
5.0,0.7619835286793429,1.3111934742046154
5.0,0.749983528679342,1.2179041120185323
5.0,0.7379835286793434,1.1344550785590097
5.0,0.7259835286793425,1.0588571509034959
5.0,0.7139835286793438,0.9898060622617737
5.0,0.7019835286793429,0.9264006091785323
5.0,0.6899835286793442,0.8680026149016327
5.0,0.6779835286793433,0.8141470215088662
5.0,0.6659835286793446,0.7644849149074637
5.0,0.6539835286793437,0.7187457335242292
5.0,0.641983528679345,0.6767111738260598
5.0,0.6299835286793442,0.6381963604490964
5.0,0.6179835286793455,0.6030354984898053
5.0,0.6059835286793446,0.5710702064889648
5.0,0.5939835286793459,0.5421394062423668
5.0,0.581983528679345,0.5160702221678024
5.0,0.5699835286793463,0.4926699237747638
5.0,0.5579835286793454,0.4717195413119528
5.0,0.5459835286793467,0.4529702969537893
5.0,0.5339835286793458,0.4361442115694166
5.0,0.5219835286793472,0.4209398993613134
5.0,0.5099835286793463,0.40704344987597757
5.0,0.4979835286793476,0.3941425780951278
5.0,0.4859835286793467,0.38194072736289875
5.0,0.473983528679348,0.37016770356935913
5.0,0.4619835286793471,0.358585039685622
5.0,0.44998352867934843,0.3469865811785182
5.0,0.43798352867934753,0.33519632994831905
5.0,0.42598352867934886,0.3230658561377868
5.0,0.41398352867934796,0.3104729662825567
5.0,0.4019835286793493,0.2973224058864963
5.0,0.3899835286793484,0.2835485528374743
5.0,0.3779835286793497,0.26911945477581556
5.0,0.3659835286793488,0.25404118553154825
5.0,0.3539835286793501,0.23836132431760026
5.0,0.3419835286793492,0.22217039087111248
5.0,0.32998352867935055,0.20560030330304546
5.0,0.31798352867934965,0.18881934731251102
5.0,0.30598352867935097,0.17202369664287276
5.0,0.29398352867935007,0.15542610311530683
5.0,0.2819835286793514,0.13924286124111335
5.0,0.2699835286793505,0.12368044718466163
5.0,0.2579835286793518,0.10892328070617059
5.0,0.24598352867935092,0.09512386375028313
5.0,0.23398352867935224,0.08239616294987051
5.0,0.22198352867935134,0.07081261195324029
5.0,0.20998352867935266,0.06040461209949621
5.0,0.19798352867935176,0.05116599553654786
5.0,0.18598352867935308,0.04305864385958327
5.0,0.17398352867935218,0.03601934991373085
5.0,0.1619835286793535,0.029967055562590633
5.0,0.1499835286793526,0.024809752610144568
5.0,0.13798352867935393,0.020450545298417035
5.0,0.12598352867935303,0.016792592037996917
5.0,0.11398352867935435,0.01374283542534276
5.0,0.10198352867935345,0.01121457367006212
5.0,0.08998352867935477,0.00912901848865455
5.0,0.07798352867935388,0.007416029752163166
5.0,0.0659835286793552,0.006014226485380157
5.0,0.0539835286793543,0.0048706592615558215
5.0,0.04198352867935562,0.0039402013791584485
5.0,0.031487646509516964,0.0032712900709820692
5.0,0.023615734882137418,0.0028445594744847236
5.0,0.017711801161602758,0.0025611824734728898
5.0,0.011807867441068098,0.002305747619680799
5.0,0.007871911627378325,0.002149739052854507
5.0,0.003935955813689662,0.002004198283385284
5.0,0.0019679779068447756,0.0019351814265119412
5.0,-1.1102230246251565e-16,0.001868520436676518
