Ar,sat,pCO2(atm),0.1,pCO2(atm),0.2,pCO2(atm),0.3,pCO2(atm),0.5,pCO2(atm),0.6,pCO2(atm),1
pH,9.3,pH,7.76,pH,7.41,pH,7.29,pH,7.08,pH,7,pH,6.81
E(V vs. SHE),j (mA/cm2),E(V vs. SHE),j (mA/cm2),E(V vs. SHE),j (mA/cm2),E(V vs. SHE),j (mA/cm2),E(V vs. SHE),j (mA/cm2),E(V vs. SHE),j (mA/cm2),E(V vs. SHE),j (mA/cm2)
-0.471,-0.00204,-0.38102,-0.00131,-0.36093,-0.00172,-0.35103,-0.00172,-0.34099,-0.00219,-0.33103,-0.00161,-0.31098,-0.00139
-0.47303,-0.00213,-0.38307,-0.00136,-0.36295,-0.00173,-0.35308,-0.00179,-0.34306,-0.00215,-0.33308,-0.00165,-0.3115,-0.00139
-0.47701,-0.00217,-0.3871,-0.00136,-0.36698,-0.00174,-0.35706,-0.00179,-0.34707,-0.00216,-0.33707,-0.00165,-0.31251,-0.00139
-0.481,-0.00221,-0.39109,-0.00137,-0.37097,-0.00174,-0.36104,-0.0018,-0.35108,-0.00218,-0.34109,-0.00165,-0.31352,-0.00139
-0.48503,-0.00226,-0.39507,-0.00137,-0.37497,-0.00175,-0.36504,-0.0018,-0.35508,-0.00219,-0.34508,-0.00165,-0.3145,-0.00139
-0.48902,-0.00234,-0.39905,-0.00138,-0.37897,-0.00176,-0.36906,-0.0018,-0.35905,-0.0022,-0.3491,-0.00166,-0.3155,-0.00138
-0.49303,-0.00238,-0.40305,-0.00138,-0.38297,-0.00177,-0.37306,-0.00181,-0.36305,-0.00221,-0.35309,-0.00167,-0.31648,-0.00143
-0.49702,-0.00245,-0.40708,-0.00139,-0.38699,-0.00177,-0.37706,-0.00182,-0.36706,-0.00222,-0.35707,-0.00168,-0.31755,-0.00151
-0.50102,-0.00251,-0.41107,-0.00139,-0.39099,-0.00178,-0.38106,-0.00184,-0.37107,-0.00224,-0.36106,-0.00169,-0.31849,-0.00127
-0.50504,-0.00258,-0.41507,-0.0014,-0.39498,-0.00179,-0.38506,-0.00184,-0.37506,-0.00225,-0.36507,-0.0017,-0.31951,-0.00144
-0.50905,-0.00266,-0.41909,-0.00141,-0.39895,-0.0018,-0.38907,-0.00185,-0.37906,-0.00226,-0.36908,-0.00171,-0.32054,-0.00139
-0.51302,-0.00274,-0.42308,-0.00142,-0.40295,-0.00181,-0.39307,-0.00186,-0.38306,-0.00228,-0.37307,-0.00171,-0.3215,-0.00135
-0.517,-0.0028,-0.4271,-0.00142,-0.40698,-0.00181,-0.39704,-0.00187,-0.38708,-0.00229,-0.37707,-0.00172,-0.32252,-0.00141
-0.521,-0.00288,-0.43109,-0.00144,-0.41097,-0.00182,-0.40103,-0.00188,-0.39108,-0.0023,-0.38107,-0.00174,-0.32352,-0.00136
-0.52503,-0.00296,-0.43507,-0.00145,-0.41498,-0.00184,-0.40505,-0.00189,-0.39507,-0.00232,-0.38508,-0.00175,-0.3245,-0.00137
-0.52902,-0.00304,-0.43905,-0.00146,-0.41899,-0.00185,-0.40906,-0.0019,-0.39905,-0.00235,-0.38909,-0.00176,-0.32552,-0.00138
-0.53302,-0.00314,-0.44306,-0.00148,-0.42299,-0.00186,-0.41306,-0.00191,-0.40304,-0.00237,-0.39308,-0.00178,-0.3265,-0.00137
-0.53702,-0.00325,-0.44707,-0.00149,-0.427,-0.00187,-0.41706,-0.00192,-0.40706,-0.00239,-0.39706,-0.00179,-0.32753,-0.00138
-0.54103,-0.00331,-0.45106,-0.0015,-0.431,-0.00189,-0.42106,-0.00193,-0.41107,-0.00243,-0.40105,-0.00181,-0.3285,-0.00136
-0.54504,-0.00342,-0.45506,-0.00152,-0.43497,-0.0019,-0.42507,-0.00194,-0.41507,-0.00247,-0.40507,-0.00182,-0.32951,-0.00138
-0.54903,-0.00353,-0.45907,-0.00154,-0.43895,-0.00191,-0.42909,-0.00196,-0.41907,-0.0025,-0.40908,-0.00184,-0.3305,-0.00136
-0.55301,-0.00361,-0.46307,-0.00156,-0.44295,-0.00192,-0.43307,-0.00197,-0.42308,-0.00254,-0.41307,-0.00185,-0.3315,-0.00137
-0.557,-0.00372,-0.46709,-0.00159,-0.44697,-0.00194,-0.43704,-0.00198,-0.4271,-0.0026,-0.41709,-0.00188,-0.33252,-0.00137
-0.56101,-0.00381,-0.47108,-0.00161,-0.45096,-0.00195,-0.44104,-0.002,-0.43109,-0.00261,-0.42109,-0.00188,-0.33351,-0.00136
-0.56503,-0.00392,-0.47505,-0.00164,-0.45496,-0.00197,-0.44506,-0.00201,-0.43506,-0.00265,-0.4251,-0.00189,-0.3345,-0.00139
-0.56902,-0.00402,-0.47904,-0.00167,-0.45896,-0.00198,-0.44907,-0.00202,-0.43905,-0.00269,-0.4291,-0.00191,-0.3355,-0.00135
-0.57302,-0.00412,-0.48305,-0.00171,-0.46297,-0.002,-0.45306,-0.00204,-0.44305,-0.00273,-0.4331,-0.00193,-0.33649,-0.00138
-0.57701,-0.00422,-0.48707,-0.00174,-0.46699,-0.00202,-0.45706,-0.00206,-0.44707,-0.00279,-0.43706,-0.00195,-0.33752,-0.00137
-0.58102,-0.00429,-0.49105,-0.00178,-0.47097,-0.00204,-0.46106,-0.00207,-0.45105,-0.00284,-0.44105,-0.00197,-0.3385,-0.00134
-0.58502,-0.00443,-0.49507,-0.00182,-0.47494,-0.00206,-0.46508,-0.00209,-0.45505,-0.00291,-0.44507,-0.002,-0.33951,-0.00139
-0.58902,-0.0045,-0.49905,-0.00187,-0.47894,-0.00208,-0.46908,-0.00211,-0.45906,-0.00297,-0.44907,-0.00202,-0.34051,-0.00136
-0.59301,-0.00461,-0.50306,-0.00193,-0.48294,-0.00213,-0.47306,-0.00213,-0.46306,-0.00303,-0.45307,-0.00205,-0.3415,-0.00135
-0.59701,-0.00472,-0.50708,-0.00198,-0.48697,-0.00213,-0.47705,-0.00215,-0.46708,-0.00308,-0.45707,-0.00212,-0.34251,-0.00138
-0.60102,-0.00481,-0.51107,-0.00204,-0.49095,-0.00215,-0.48104,-0.00217,-0.47107,-0.00315,-0.46106,-0.00215,-0.34349,-0.00134
-0.60502,-0.00481,-0.51504,-0.0021,-0.49496,-0.00219,-0.48506,-0.00222,-0.47505,-0.00321,-0.46509,-0.0022,-0.34449,-0.00137
-0.60902,-0.00491,-0.51903,-0.00216,-0.49895,-0.00222,-0.48905,-0.00222,-0.47903,-0.00328,-0.46909,-0.00224,-0.34553,-0.00136
-0.61303,-0.00501,-0.52305,-0.00225,-0.50296,-0.00225,-0.49306,-0.00225,-0.48306,-0.00336,-0.47307,-0.00228,-0.34649,-0.00137
-0.61702,-0.0051,-0.52705,-0.0023,-0.50697,-0.00228,-0.49706,-0.00228,-0.48707,-0.00344,-0.47706,-0.00233,-0.34753,-0.00137
-0.62104,-0.00515,-0.53105,-0.00238,-0.51097,-0.00231,-0.50105,-0.00231,-0.49106,-0.00352,-0.48105,-0.0024,-0.34849,-0.00134
-0.62507,-0.00522,-0.53505,-0.00246,-0.51494,-0.00235,-0.50507,-0.00235,-0.49507,-0.0036,-0.48509,-0.00246,-0.34952,-0.00137
-0.62905,-0.00534,-0.53904,-0.00255,-0.51893,-0.00239,-0.50907,-0.00238,-0.49905,-0.00367,-0.48907,-0.00252,-0.35049,-0.00136
-0.63304,-0.00542,-0.54307,-0.00265,-0.52296,-0.00244,-0.51305,-0.00242,-0.50307,-0.00374,-0.49307,-0.00258,-0.35153,-0.00136
-0.63703,-0.00542,-0.54707,-0.00276,-0.52696,-0.00248,-0.51702,-0.00246,-0.50708,-0.00381,-0.49708,-0.00264,-0.35253,-0.00135
-0.64105,-0.00548,-0.55105,-0.00284,-0.53095,-0.00254,-0.52103,-0.00251,-0.51108,-0.00389,-0.50108,-0.00271,-0.35351,-0.00136
-0.64505,-0.00553,-0.55504,-0.00296,-0.53496,-0.0026,-0.52506,-0.00255,-0.51505,-0.00396,-0.50509,-0.00279,-0.35452,-0.00135
-0.64905,-0.00562,-0.55903,-0.00309,-0.53894,-0.00265,-0.52905,-0.00261,-0.51903,-0.00404,-0.50908,-0.00288,-0.3555,-0.00135
-0.65305,-0.0056,-0.56306,-0.00317,-0.54296,-0.00271,-0.53305,-0.00266,-0.52306,-0.00414,-0.51306,-0.00297,-0.3565,-0.00135
-0.65704,-0.00564,-0.56706,-0.00327,-0.54697,-0.00277,-0.53705,-0.00272,-0.52706,-0.00419,-0.51704,-0.00306,-0.35751,-0.00135
-0.66107,-0.00573,-0.57105,-0.00336,-0.55095,-0.00284,-0.54106,-0.00277,-0.53106,-0.00428,-0.52106,-0.00315,-0.35851,-0.00135
-0.66507,-0.00581,-0.57506,-0.00351,-0.55493,-0.00291,-0.54508,-0.00283,-0.53506,-0.00436,-0.52508,-0.00323,-0.35951,-0.00135
-0.66905,-0.00587,-0.57905,-0.0036,-0.55893,-0.00299,-0.54907,-0.00291,-0.53905,-0.00443,-0.52907,-0.00333,-0.3605,-0.00135
-0.67303,-0.00589,-0.58306,-0.00374,-0.56296,-0.00306,-0.55305,-0.00298,-0.54307,-0.00453,-0.53308,-0.00342,-0.36149,-0.00135
-0.67703,-0.00593,-0.58707,-0.00382,-0.56695,-0.00315,-0.55703,-0.00306,-0.54706,-0.00461,-0.53708,-0.0035,-0.36251,-0.00135
-0.68105,-0.00603,-0.59107,-0.00395,-0.57095,-0.00325,-0.56105,-0.00315,-0.55106,-0.0047,-0.54108,-0.00361,-0.3635,-0.00135
-0.68504,-0.00604,-0.59507,-0.00405,-0.57495,-0.00333,-0.56508,-0.00323,-0.55504,-0.00479,-0.54509,-0.00367,-0.36451,-0.00135
-0.68905,-0.00597,-0.59906,-0.00418,-0.57894,-0.00345,-0.56905,-0.00332,-0.55903,-0.00487,-0.54908,-0.00377,-0.3655,-0.00134
-0.69305,-0.00607,-0.60308,-0.00429,-0.58297,-0.00353,-0.57306,-0.00341,-0.56306,-0.00496,-0.55307,-0.00386,-0.36652,-0.00136
-0.69705,-0.00608,-0.60707,-0.00438,-0.58697,-0.00364,-0.57706,-0.00351,-0.56705,-0.00505,-0.55707,-0.00397,-0.36753,-0.00134
-0.70107,-0.00634,-0.61108,-0.00451,-0.59095,-0.00379,-0.58107,-0.00365,-0.57105,-0.00516,-0.56107,-0.00407,-0.36852,-0.00134
-0.70505,-0.00633,-0.61508,-0.00463,-0.59494,-0.00385,-0.58507,-0.00373,-0.57506,-0.00526,-0.56509,-0.00417,-0.36951,-0.00135
-0.70904,-0.0064,-0.61909,-0.00474,-0.59895,-0.00393,-0.58907,-0.00385,-0.57905,-0.00535,-0.56907,-0.00428,-0.37051,-0.00133
-0.71303,-0.00647,-0.62312,-0.00487,-0.60298,-0.00405,-0.59306,-0.00397,-0.58307,-0.00545,-0.57307,-0.00438,-0.37149,-0.00136
-0.71705,-0.00655,-0.62712,-0.00502,-0.60696,-0.0042,-0.59705,-0.00408,-0.58707,-0.00551,-0.57707,-0.0045,-0.37252,-0.00134
-0.72105,-0.00659,-0.6311,-0.00514,-0.61098,-0.0043,-0.60107,-0.00417,-0.59106,-0.00558,-0.58108,-0.00464,-0.37352,-0.00134
-0.72505,-0.00663,-0.63508,-0.00526,-0.61497,-0.00443,-0.60506,-0.00429,-0.59505,-0.00567,-0.5851,-0.00479,-0.37451,-0.00134
-0.72906,-0.00664,-0.6391,-0.00541,-0.61897,-0.0046,-0.60906,-0.00441,-0.59905,-0.00581,-0.58909,-0.00494,-0.37554,-0.00135
-0.73305,-0.00669,-0.64311,-0.00554,-0.62299,-0.00474,-0.61306,-0.00455,-0.60307,-0.00591,-0.59309,-0.00506,-0.37649,-0.00133
-0.73706,-0.00675,-0.6471,-0.00567,-0.62701,-0.00489,-0.61706,-0.00468,-0.60706,-0.00603,-0.59707,-0.00519,-0.3775,-0.00136
-0.74107,-0.00679,-0.6511,-0.00577,-0.63101,-0.00498,-0.62109,-0.00483,-0.61107,-0.00616,-0.60109,-0.00533,-0.37853,-0.00134
-0.74507,-0.00679,-0.65509,-0.00594,-0.63503,-0.00514,-0.6251,-0.00496,-0.61507,-0.00628,-0.60509,-0.00539,-0.37951,-0.00132
-0.74903,-0.0069,-0.65911,-0.00607,-0.63906,-0.00534,-0.62909,-0.00511,-0.61906,-0.00644,-0.60909,-0.00551,-0.38049,-0.00136
-0.75302,-0.0069,-0.66311,-0.0062,-0.64309,-0.00548,-0.63307,-0.00529,-0.62309,-0.0066,-0.61311,-0.00565,-0.38152,-0.00134
-0.75703,-0.00693,-0.6671,-0.00634,-0.64711,-0.00563,-0.63707,-0.00544,-0.6271,-0.00674,-0.61709,-0.00579,-0.38251,-0.00133
-0.76104,-0.00699,-0.67107,-0.00648,-0.65113,-0.00577,-0.64109,-0.00563,-0.63107,-0.00688,-0.62111,-0.00593,-0.38349,-0.00135
-0.76504,-0.00702,-0.67507,-0.00669,-0.65513,-0.00597,-0.64508,-0.00582,-0.63506,-0.00708,-0.62512,-0.00607,-0.3845,-0.00133
-0.76904,-0.00712,-0.67909,-0.00683,-0.65916,-0.00611,-0.64909,-0.00603,-0.63908,-0.00726,-0.62912,-0.00621,-0.3855,-0.00134
-0.77302,-0.0071,-0.68309,-0.00703,-0.66319,-0.00628,-0.65308,-0.00623,-0.64309,-0.0074,-0.6331,-0.00636,-0.38651,-0.00133
-0.77705,-0.00717,-0.68709,-0.00714,-0.66721,-0.00649,-0.65708,-0.0064,-0.64709,-0.00761,-0.63709,-0.00653,-0.38751,-0.00134
-0.78105,-0.00725,-0.69109,-0.00727,-0.67119,-0.00667,-0.6611,-0.00661,-0.65108,-0.00781,-0.64111,-0.00669,-0.38851,-0.00133
-0.78504,-0.00726,-0.69508,-0.00744,-0.67521,-0.00688,-0.6651,-0.0068,-0.65507,-0.00803,-0.64511,-0.00685,-0.38949,-0.00133
-0.78902,-0.00731,-0.69909,-0.00761,-0.67925,-0.00708,-0.66907,-0.00705,-0.65909,-0.00827,-0.64912,-0.00704,-0.3905,-0.00133
-0.79302,-0.0074,-0.70309,-0.00778,-0.68325,-0.00733,-0.67306,-0.0072,-0.66311,-0.00847,-0.65312,-0.00717,-0.39151,-0.00134
-0.79704,-0.00753,-0.70708,-0.00794,-0.68727,-0.00749,-0.67706,-0.00746,-0.66709,-0.00867,-0.65711,-0.00729,-0.3925,-0.00132
-0.80104,-0.00761,-0.71107,-0.00809,-0.69131,-0.00774,-0.68108,-0.0077,-0.67106,-0.00889,-0.66113,-0.00747,-0.3935,-0.00135
-0.80505,-0.00772,-0.71506,-0.00831,-0.69517,-0.008,-0.68507,-0.00797,-0.67505,-0.00909,-0.66512,-0.00769,-0.39452,-0.00131
-0.80907,-0.0077,-0.71909,-0.00858,-0.69906,-0.00817,-0.68908,-0.00822,-0.67905,-0.00934,-0.66911,-0.00795,-0.3955,-0.00134
-0.81309,-0.00775,-0.72309,-0.00879,-0.70307,-0.00839,-0.69308,-0.0085,-0.68307,-0.00959,-0.6731,-0.00821,-0.3965,-0.00135
-0.81715,-0.00792,-0.7271,-0.00905,-0.70708,-0.00872,-0.69708,-0.00887,-0.68706,-0.00982,-0.6771,-0.00849,-0.39752,-0.00132
-0.82116,-0.00798,-0.7311,-0.00935,-0.71108,-0.00901,-0.7011,-0.00916,-0.69108,-0.01015,-0.68111,-0.00881,-0.39852,-0.00134
-0.82516,-0.00812,-0.73509,-0.00959,-0.71509,-0.00929,-0.70508,-0.00952,-0.69507,-0.01048,-0.6851,-0.00905,-0.39952,-0.00133
-0.82917,-0.00826,-0.73912,-0.00987,-0.71912,-0.00964,-0.70906,-0.00989,-0.69909,-0.01087,-0.6891,-0.00943,-0.4005,-0.00133
-0.83318,-0.00837,-0.74311,-0.0103,-0.72313,-0.00999,-0.71307,-0.0103,-0.70309,-0.01131,-0.6931,-0.00988,-0.40151,-0.00134
-0.83721,-0.00842,-0.74709,-0.01064,-0.72717,-0.01041,-0.71708,-0.01079,-0.70707,-0.01186,-0.69709,-0.01036,-0.40252,-0.00132
-0.84122,-0.0086,-0.75107,-0.01106,-0.73118,-0.01079,-0.72109,-0.01127,-0.71105,-0.0124,-0.70112,-0.01092,-0.40349,-0.00133
-0.84524,-0.00879,-0.75507,-0.01149,-0.7352,-0.01131,-0.72508,-0.01184,-0.71506,-0.01304,-0.70511,-0.01147,-0.40452,-0.00134
-0.84927,-0.00898,-0.75908,-0.01191,-0.73923,-0.01181,-0.72909,-0.0125,-0.71908,-0.01376,-0.70909,-0.01207,-0.40552,-0.00132
-0.85328,-0.00921,-0.76307,-0.0125,-0.74323,-0.01235,-0.73308,-0.01318,-0.72308,-0.01459,-0.71309,-0.01277,-0.40651,-0.00136
-0.85732,-0.00936,-0.76709,-0.01307,-0.74722,-0.01307,-0.7371,-0.01399,-0.72709,-0.01562,-0.71709,-0.01355,-0.40752,-0.00132
-0.86132,-0.00958,-0.77108,-0.01382,-0.75122,-0.01384,-0.74111,-0.01496,-0.73109,-0.01671,-0.7211,-0.01452,-0.4085,-0.00133
-0.86533,-0.00974,-0.77509,-0.01472,-0.75523,-0.01475,-0.74511,-0.01601,-0.73509,-0.01794,-0.7251,-0.01553,-0.4095,-0.00134
-0.86935,-0.00992,-0.7791,-0.01565,-0.7592,-0.0157,-0.74907,-0.01719,-0.73911,-0.01928,-0.72911,-0.01671,-0.41052,-0.00134
-0.87336,-0.01027,-0.78309,-0.01669,-0.76315,-0.01682,-0.75306,-0.01858,-0.74382,-0.02098,-0.7331,-0.018,-0.41153,-0.00133
-0.87738,-0.01061,-0.78707,-0.01796,-0.76717,-0.01817,-0.75781,-0.0204,-0.74853,-0.02323,-0.73787,-0.0198,-0.41251,-0.00133
-0.88139,-0.01087,-0.79181,-0.01951,-0.77192,-0.02,-0.76254,-0.02257,-0.75253,-0.02548,-0.74259,-0.02188,-0.41353,-0.00134
-0.88542,-0.01126,-0.79655,-0.02151,-0.77668,-0.02203,-0.76655,-0.02471,-0.75655,-0.02799,-0.74656,-0.02394,-0.41452,-0.00133
-0.88944,-0.01162,-0.80056,-0.02349,-0.78069,-0.02408,-0.77055,-0.02705,-0.76055,-0.03086,-0.75054,-0.02632,-0.4155,-0.00133
-0.89347,-0.01208,-0.80458,-0.02575,-0.78468,-0.02644,-0.77456,-0.02982,-0.76454,-0.03404,-0.75454,-0.02902,-0.41653,-0.00133
-0.89748,-0.01267,-0.80854,-0.02821,-0.78869,-0.02916,-0.77857,-0.03293,-0.76854,-0.03764,-0.75857,-0.03207,-0.41751,-0.00132
-0.90149,-0.01314,-0.81246,-0.03114,-0.79269,-0.03222,-0.78255,-0.03637,-0.77254,-0.04162,-0.76257,-0.03545,-0.41851,-0.00134
-0.90548,-0.01377,-0.81642,-0.03427,-0.79668,-0.03565,-0.78653,-0.04028,-0.77657,-0.04604,-0.76657,-0.03919,-0.41951,-0.00134
-0.90949,-0.01437,-0.82033,-0.03781,-0.80063,-0.03945,-0.79053,-0.04457,-0.78055,-0.05094,-0.77057,-0.04332,-0.42051,-0.00132
-0.91351,-0.01498,-0.82423,-0.04182,-0.80453,-0.04368,-0.79455,-0.04938,-0.78453,-0.05635,-0.77458,-0.04789,-0.42152,-0.00134
-0.91753,-0.01572,-0.82814,-0.04626,-0.80829,-0.04814,-0.79855,-0.05469,-0.78854,-0.06227,-0.77858,-0.05298,-0.42251,-0.00133
-0.92154,-0.01651,-0.83206,-0.05114,-0.81206,-0.05309,-0.80255,-0.06058,-0.79253,-0.06873,-0.78258,-0.05857,-0.42352,-0.00135
-0.92554,-0.01738,-0.83605,-0.05669,-0.81583,-0.05854,-0.80657,-0.06712,-0.79655,-0.07591,-0.78656,-0.06483,-0.42452,-0.00132
-0.92955,-0.01832,-0.84002,-0.06277,-0.81952,-0.06444,-0.8106,-0.07432,-0.80054,-0.0839,-0.79055,-0.07171,-0.42552,-0.00135
-0.93358,-0.01929,-0.84396,-0.0694,-0.82326,-0.07097,-0.81462,-0.08211,-0.80441,-0.09224,-0.79458,-0.07928,-0.42653,-0.00135
-0.93831,-0.0204,-0.84787,-0.07657,-0.82712,-0.07826,-0.81864,-0.09081,-0.80816,-0.1011,-0.79857,-0.08746,-0.42753,-0.00131
-0.94305,-0.0216,-0.85186,-0.08436,-0.83095,-0.08619,-0.82264,-0.10031,-0.81199,-0.11091,-0.80258,-0.09641,-0.42852,-0.00135
-0.94706,-0.02267,-0.85582,-0.09279,-0.83462,-0.09441,-0.82669,-0.11067,-0.81587,-0.12164,-0.80662,-0.10628,-0.42952,-0.00133
-0.95109,-0.02377,-0.85967,-0.10168,-0.83825,-0.10321,-0.83074,-0.12195,-0.81961,-0.1331,-0.81067,-0.11702,-0.43053,-0.00134
-0.9551,-0.02488,-0.86353,-0.1112,-0.84193,-0.11271,-0.83478,-0.1343,-0.82342,-0.14558,-0.8147,-0.12885,-0.43152,-0.00133
-0.9591,-0.02605,-0.86751,-0.12151,-0.84559,-0.12297,-0.83881,-0.14752,-0.82726,-0.15923,-0.81873,-0.14179,-0.43252,-0.00133
-0.96312,-0.02727,-0.87141,-0.13229,-0.84918,-0.13363,-0.84283,-0.16189,-0.8311,-0.17395,-0.82275,-0.1559,-0.43352,-0.00134
-0.96714,-0.02857,-0.87513,-0.14327,-0.85284,-0.14536,-0.84688,-0.17743,-0.83491,-0.18985,-0.82678,-0.17108,-0.43452,-0.00133
-0.97117,-0.02989,-0.87891,-0.15484,-0.85644,-0.15787,-0.85165,-0.19714,-0.83928,-0.20944,-0.8308,-0.18754,-0.43552,-0.00134
-0.97518,-0.03131,-0.88269,-0.167,-0.85999,-0.17075,-0.85638,-0.21896,-0.84359,-0.23067,-0.83558,-0.20894,-0.4365,-0.00133
-0.97917,-0.03258,-0.88648,-0.17965,-0.86355,-0.18444,-0.8604,-0.23854,-0.84721,-0.24976,-0.84035,-0.23263,-0.43751,-0.00133
-0.98316,-0.03395,-0.89024,-0.19268,-0.86785,-0.20179,-0.86444,-0.25945,-0.85097,-0.27068,-0.84441,-0.25398,-0.43852,-0.00136
-0.98718,-0.03536,-0.89476,-0.20905,-0.872,-0.22034,-0.86846,-0.2816,-0.85467,-0.29282,-0.84842,-0.27686,-0.43952,-0.00133
-0.99121,-0.03674,-0.89923,-0.22567,-0.87536,-0.23567,-0.87248,-0.30544,-0.85805,-0.31478,-0.85242,-0.3015,-0.44052,-0.00134
-0.99523,-0.03832,-0.90296,-0.23979,-0.8787,-0.25166,-0.87651,-0.33039,-0.86157,-0.33824,-0.85645,-0.32802,-0.44151,-0.00133
-0.99923,-0.03983,-0.90672,-0.25459,-0.8821,-0.26848,-0.88054,-0.35657,-0.86529,-0.36467,-0.86049,-0.3562,-0.44252,-0.00135
-1.00324,-0.04139,-0.9104,-0.26895,-0.88547,-0.28619,-0.88453,-0.38471,-0.86883,-0.39108,-0.86451,-0.38621,-0.4435,-0.00133
-1.00726,-0.04299,-0.91414,-0.28351,-0.88892,-0.30464,-0.88854,-0.41377,-0.87229,-0.41917,-0.86851,-0.41834,-0.44452,-0.00134
-1.01129,-0.04471,-0.91782,-0.29847,-0.89248,-0.32482,-0.89259,-0.44402,-0.87582,-0.44842,-0.87255,-0.45205,-0.44552,-0.00134
-1.01528,-0.04651,-0.92144,-0.31298,-0.89596,-0.34505,-0.8966,-0.47512,-0.87925,-0.47823,-0.87657,-0.48809,-0.44653,-0.00135
-1.0193,-0.04835,-0.9252,-0.32807,-0.89945,-0.36563,-0.90063,-0.50824,-0.88267,-0.50974,-0.8806,-0.5262,-0.44751,-0.00133
-1.02332,-0.05021,-0.92899,-0.34309,-0.90277,-0.3857,-0.90466,-0.54212,-0.88604,-0.54273,-0.88464,-0.56598,-0.44851,-0.00136
-1.02733,-0.05206,-0.93276,-0.35787,-0.90604,-0.40659,-0.90868,-0.57686,-0.88955,-0.57719,-0.88868,-0.6083,-0.44953,-0.00133
-1.03136,-0.05425,-0.93658,-0.37236,-0.90948,-0.42847,-0.91268,-0.61316,-0.89288,-0.6114,-0.89271,-0.65245,-0.45053,-0.00135
-1.03537,-0.05633,-0.94036,-0.38687,-0.91282,-0.45061,-0.91668,-0.64995,-0.89621,-0.6473,-0.89676,-0.69856,-0.45153,-0.00134
-1.03937,-0.05866,-0.94403,-0.40038,-0.91618,-0.47227,-0.92074,-0.68718,-0.89964,-0.68597,-0.90079,-0.74631,-0.45251,-0.00135
-1.04338,-0.06093,-0.94784,-0.41407,-0.91949,-0.49506,-0.92475,-0.72641,-0.90305,-0.72447,-0.90479,-0.7968,-0.45353,-0.00135
-1.04741,-0.06336,-0.95174,-0.42753,-0.92282,-0.51801,-0.92876,-0.7645,-0.90612,-0.76089,-0.90882,-0.84786,-0.45451,-0.00135
-1.05142,-0.06588,-0.95549,-0.44071,-0.92622,-0.54067,-0.9328,-0.80276,-0.90889,-0.79497,-0.91286,-0.90107,-0.45553,-0.00135
-1.05544,-0.06855,-0.95935,-0.45309,-0.92971,-0.56522,-0.9368,-0.84214,-0.91197,-0.83321,-0.91687,-0.95688,-0.45654,-0.00135
-1.05942,-0.07126,-0.9631,-0.46498,-0.93318,-0.58882,-0.94078,-0.8813,-0.91534,-0.87538,-0.9209,-1.01374,-0.45753,-0.00135
-1.06343,-0.07416,-0.96684,-0.47611,-0.93647,-0.61168,-0.9448,-0.91977,-0.91861,-0.91743,-0.92496,-1.07144,-0.45853,-0.00135
-1.06746,-0.07712,-0.97055,-0.48705,-0.9398,-0.63401,-0.94883,-0.95966,-0.92156,-0.95608,-0.92896,-1.13261,-0.45954,-0.00135
-1.07146,-0.08025,-0.97418,-0.49732,-0.94325,-0.65699,-0.95285,-0.99827,-0.92456,-0.99775,-0.933,-1.19174,-0.46052,-0.00134
-1.07548,-0.08349,-0.97786,-0.50712,-0.94679,-0.68205,-0.95687,-1.03619,-0.92798,-1.04436,-0.93705,-1.25759,-0.46154,-0.00137
-1.07949,-0.08687,-0.98152,-0.51631,-0.95026,-0.70374,-0.96091,-1.07217,-0.9311,-1.08639,-0.94107,-1.31565,-0.46252,-0.00134
-1.08352,-0.0904,-0.9853,-0.52545,-0.95361,-0.72584,-0.9649,-1.10975,-0.93411,-1.12918,-0.94511,-1.38248,-0.46352,-0.00135
-1.08754,-0.09403,-0.98921,-0.53494,-0.9571,-0.74875,-0.96892,-1.14429,-0.93712,-1.1727,-0.94912,-1.4465,-0.46453,-0.00137
-1.09157,-0.09782,-0.99307,-0.54354,-0.96049,-0.76934,-0.97298,-1.17681,-0.94018,-1.21644,-0.95313,-1.5058,-0.46551,-0.00134
-1.09558,-0.10174,-0.99679,-0.55164,-0.96389,-0.79026,-0.977,-1.21185,-0.94312,-1.2572,-0.95718,-1.57231,-0.4665,-0.00136
-1.0996,-0.10576,-1.00054,-0.55959,-0.96721,-0.80917,-0.98102,-1.2433,-0.94607,-1.29782,-0.96119,-1.63817,-0.46751,-0.00136
-1.10363,-0.10992,-1.00432,-0.56743,-0.97056,-0.82811,-0.98504,-1.27101,-0.94903,-1.3406,-0.96523,-1.69809,-0.46851,-0.00135
-1.10767,-0.11434,-1.00803,-0.57466,-0.97393,-0.84744,-0.98908,-1.30232,-0.9521,-1.3851,-0.96925,-1.75977,-0.46951,-0.00137
-1.11169,-0.11895,-1.01186,-0.58176,-0.97725,-0.8642,-0.9931,-1.3286,-0.95538,-1.43171,-0.97324,-1.82665,-0.4705,-0.00135
-1.11569,-0.12351,-1.01573,-0.58911,-0.98062,-0.88215,-0.99709,-1.35314,-0.95857,-1.4759,-0.97729,-1.88162,-0.47151,-0.00136
-1.11971,-0.12839,-1.01961,-0.59612,-0.98397,-0.89797,-1.00113,-1.37683,-0.96156,-1.51751,-0.9813,-1.93831,-0.47253,-0.00136
-1.12376,-0.13327,-1.02352,-0.60314,-0.98752,-0.91499,-1.00515,-1.40113,-0.96452,-1.55936,-0.98609,-2.00965,-0.4735,-0.00136
-1.12775,-0.13832,-1.02748,-0.60994,-0.99123,-0.93106,-1.00918,-1.42109,-0.96757,-1.60126,-0.99088,-2.0795,-0.47452,-0.00138
-1.13176,-0.14364,-1.03138,-0.6165,-0.99479,-0.94622,-1.01321,-1.44061,-0.97096,-1.6466,-0.99489,-2.12939,-0.47552,-0.00135
-1.13576,-0.14908,-1.0352,-0.62334,-0.99822,-0.96055,-1.01725,-1.46115,-0.97441,-1.68952,-0.99888,-2.18141,-0.47653,-0.00136
-1.13979,-0.1547,-1.03909,-0.6295,-1.00167,-0.97311,-1.02126,-1.47975,-0.97745,-1.73007,-1.00293,-2.23094,-0.47753,-0.00137
-1.1438,-0.16044,-1.04298,-0.63604,-1.00529,-0.98594,-1.02527,-1.49484,-0.98033,-1.7661,-1.00694,-2.27222,-0.47852,-0.00135
-1.14782,-0.16642,-1.04681,-0.64234,-1.00874,-0.99811,-1.02927,-1.51064,-0.98349,-1.80362,-1.01096,-2.31732,-0.47951,-0.00137
-1.15185,-0.17256,-1.05065,-0.64878,-1.01224,-1.0104,-1.0333,-1.52692,-0.98685,-1.84262,-1.015,-2.36096,-0.48054,-0.00137
-1.15584,-0.17887,-1.05459,-0.65515,-1.01585,-1.0215,-1.03732,-1.53958,-0.99005,-1.87769,-1.01898,-2.39359,-0.48154,-0.00137
-1.15988,-0.18519,-1.05856,-0.6614,-1.01946,-1.03274,-1.04133,-1.55428,-0.99318,-1.91402,-1.02298,-2.42816,-0.48252,-0.00136
-1.16389,-0.19201,-1.06246,-0.66794,-1.02298,-1.04272,-1.04535,-1.56626,-0.99632,-1.94653,-1.02702,-2.46486,-0.48351,-0.00138
-1.16865,-0.20033,-1.06643,-0.67455,-1.02655,-1.05292,-1.04939,-1.57909,-0.99962,-1.97931,-1.03104,-2.49341,-0.48452,-0.00137
-1.17342,-0.2089,-1.0704,-0.68075,-1.03027,-1.06186,-1.05343,-1.59111,-1.00364,-2.016,-1.03506,-2.51957,-0.48552,-0.00138
-1.17746,-0.21648,-1.07431,-0.68731,-1.03385,-1.07156,-1.05742,-1.60179,-1.0074,-2.05644,-1.03908,-2.54912,-0.48654,-0.0014
-1.18146,-0.22425,-1.07807,-0.6933,-1.03726,-1.07953,-1.06143,-1.61385,-1.01041,-2.08063,-1.04312,-2.57271,-0.48754,-0.00137
-1.18546,-0.23213,-1.08189,-0.70014,-1.04082,-1.08853,-1.06545,-1.62403,-1.01351,-2.10588,-1.04713,-2.59209,-0.48853,-0.00139
-1.18947,-0.24029,-1.08583,-0.70641,-1.04447,-1.09634,-1.06947,-1.63419,-1.0168,-2.1312,-1.05113,-2.61472,-0.48953,-0.00139
-1.1935,-0.2489,-1.08962,-0.71277,-1.0482,-1.10474,-1.07348,-1.64358,-1.02011,-2.15464,-1.05514,-2.63365,-0.49054,-0.00139
-1.19754,-0.25744,-1.09343,-0.71922,-1.05202,-1.11411,-1.0775,-1.65437,-1.02329,-2.17709,-1.05917,-2.64935,-0.49153,-0.00141
-1.20019,-0.26334,-1.0973,-0.72614,-1.05579,-1.12199,-1.0815,-1.6632,-1.02643,-2.19674,-1.06319,-2.66615,-0.49251,-0.0014
-1.2009,-0.26527,-1.10104,-0.73215,-1.05886,-1.12632,-1.08552,-1.67184,-1.02958,-2.21705,-1.06722,-2.68406,-0.49353,-0.00142
-1.20074,-0.26526,-1.10487,-0.73872,-1.06215,-1.13503,-1.08954,-1.68276,-1.03279,-2.23183,-1.07122,-2.69644,-0.49453,-0.00139
-1.19874,-0.25726,-1.1087,-0.74584,-1.06559,-1.14157,-1.09352,-1.6941,-1.03618,-2.25214,-1.07525,-2.70836,-0.49552,-0.00141
-1.1947,-0.24517,-1.11242,-0.75248,-1.0689,-1.148,-1.09751,-1.703,-1.03958,-2.26993,-1.07926,-2.72276,-0.49652,-0.0014
-1.19067,-0.23394,-1.11614,-0.75879,-1.07253,-1.15408,-1.10154,-1.7113,-1.04308,-2.28456,-1.08325,-2.7329,-0.49751,-0.00141
-1.18667,-0.22346,-1.12001,-0.7656,-1.07613,-1.16166,-1.10556,-1.72072,-1.04636,-2.29904,-1.08725,-2.743,-0.49852,-0.00141
-1.18266,-0.21344,-1.12391,-0.77325,-1.0799,-1.16865,-1.10957,-1.72831,-1.04968,-2.31407,-1.09129,-2.75496,-0.49952,-0.00142
-1.17866,-0.20393,-1.12779,-0.78043,-1.08359,-1.17563,-1.11358,-1.73626,-1.05326,-2.3297,-1.09531,-2.76484,-0.50054,-0.00142
-1.17464,-0.19521,-1.13149,-0.78732,-1.08695,-1.18125,-1.11762,-1.74426,-1.05661,-2.33898,-1.09934,-2.77348,-0.50152,-0.00142
-1.17064,-0.18673,-1.13515,-0.79436,-1.09015,-1.18744,-1.12165,-1.7513,-1.05977,-2.35053,-1.10337,-2.78112,-0.5025,-0.00154
-1.16663,-0.17874,-1.13895,-0.80181,-1.09341,-1.19338,-1.12564,-1.75972,-1.06286,-2.36437,-1.10739,-2.7916,-0.50358,-0.00144
-1.16261,-0.17106,-1.14276,-0.80932,-1.09645,-1.19842,-1.12962,-1.76673,-1.06564,-2.37139,-1.11141,-2.79807,-0.5045,-0.00139
-1.15858,-0.16372,-1.14664,-0.81721,-1.09979,-1.20388,-1.13362,-1.7749,-1.06816,-2.37986,-1.11541,-2.80508,-0.50555,-0.00149
-1.15457,-0.15683,-1.15043,-0.82459,-1.10344,-1.21013,-1.13766,-1.78239,-1.07121,-2.38871,-1.11938,-2.81343,-0.50653,-0.00139
-1.15053,-0.15017,-1.15423,-0.83266,-1.10712,-1.21695,-1.14168,-1.78936,-1.07459,-2.40108,-1.1234,-2.82106,-0.50752,-0.00147
-1.14651,-0.14383,-1.15803,-0.84069,-1.11081,-1.22366,-1.1457,-1.79712,-1.07805,-2.41323,-1.12746,-2.82852,-0.50852,-0.00142
-1.1425,-0.13779,-1.16183,-0.84927,-1.11442,-1.22816,-1.14971,-1.80418,-1.0817,-2.42079,-1.13147,-2.83384,-0.50951,-0.00144
-1.13846,-0.13195,-1.16544,-0.85691,-1.11799,-1.23488,-1.15373,-1.81044,-1.08486,-2.42977,-1.13548,-2.84172,-0.51053,-0.00146
-1.13444,-0.1265,-1.16911,-0.86479,-1.12153,-1.24115,-1.15776,-1.81721,-1.08753,-2.43879,-1.13949,-2.84588,-0.51152,-0.00144
-1.13046,-0.12124,-1.17287,-0.87419,-1.12524,-1.24711,-1.16176,-1.8255,-1.09056,-2.44722,-1.1435,-2.85157,-0.5125,-0.00145
-1.12645,-0.11608,-1.17669,-0.88298,-1.12859,-1.25255,-1.16576,-1.83128,-1.09409,-2.45414,-1.14754,-2.85814,-0.51352,-0.00146
-1.12242,-0.11133,-1.18058,-0.89213,-1.13191,-1.25783,-1.16976,-1.84003,-1.09752,-2.46062,-1.15154,-2.86455,-0.51451,-0.00146
-1.1184,-0.10662,-1.18444,-0.90096,-1.13553,-1.26451,-1.17379,-1.84913,-1.10079,-2.46946,-1.15551,-2.86986,-0.51551,-0.00147
-1.11439,-0.10219,-1.18831,-0.91091,-1.13913,-1.27039,-1.17779,-1.85493,-1.10382,-2.47722,-1.15952,-2.87467,-0.51651,-0.00146
-1.11038,-0.09796,-1.19212,-0.92042,-1.14274,-1.27607,-1.1818,-1.86392,-1.10679,-2.48195,-1.16355,-2.88135,-0.51751,-0.00148
-1.10638,-0.09391,-1.19596,-0.93118,-1.14604,-1.28187,-1.18581,-1.87333,-1.10984,-2.48844,-1.16756,-2.8849,-0.5185,-0.0015
-1.10159,-0.08935,-1.19943,-0.94007,-1.14935,-1.28805,-1.18983,-1.88032,-1.11291,-2.49661,-1.17157,-2.88855,-0.51952,-0.00149
-1.09685,-0.08486,-1.20081,-0.94437,-1.15285,-1.2937,-1.19385,-1.88902,-1.11619,-2.50469,-1.17559,-2.89469,-0.52053,-0.00148
-1.09286,-0.08127,-1.19876,-0.9242,-1.15639,-1.2998,-1.19784,-1.89794,-1.11942,-2.51046,-1.17959,-2.89954,-0.52149,-0.0015
-1.08887,-0.07794,-1.19474,-0.89169,-1.15997,-1.30609,-1.20032,-1.90686,-1.12262,-2.51673,-1.18363,-2.90306,-0.5225,-0.00149
-1.08485,-0.07471,-1.19074,-0.86232,-1.16303,-1.31225,-1.20083,-1.91042,-1.12554,-2.52373,-1.18763,-2.90857,-0.5235,-0.0015
-1.08083,-0.07164,-1.18674,-0.83436,-1.16616,-1.31676,-1.2008,-1.91038,-1.12842,-2.52889,-1.19161,-2.91397,-0.52452,-0.00151
-1.07682,-0.06872,-1.18273,-0.80841,-1.16982,-1.32352,-1.19879,-1.87291,-1.13086,-2.52998,-1.19562,-2.91582,-0.52552,-0.00153
-1.07283,-0.06593,-1.17871,-0.78456,-1.17354,-1.33072,-1.19478,-1.81298,-1.13335,-2.53854,-1.19924,-2.92058,-0.52652,-0.00151
-1.06884,-0.0633,-1.17475,-0.76131,-1.17713,-1.33714,-1.19075,-1.75831,-1.13658,-2.54323,-1.20085,-2.9171,-0.52753,-0.00152
-1.0648,-0.06063,-1.17077,-0.73901,-1.18042,-1.3447,-1.18673,-1.70771,-1.13995,-2.55064,-1.19877,-2.8715,-0.52853,-0.00154
-1.06078,-0.05817,-1.16674,-0.71871,-1.18325,-1.34907,-1.18272,-1.65982,-1.14303,-2.55803,-1.1948,-2.7805,-0.52952,-0.00153
-1.0568,-0.05561,-1.16275,-0.69833,-1.18595,-1.35558,-1.1787,-1.61587,-1.14585,-2.56303,-1.19079,-2.69622,-0.53052,-0.00154
-1.05281,-0.05328,-1.15875,-0.67866,-1.1891,-1.36216,-1.1747,-1.57456,-1.14869,-2.56641,-1.18676,-2.61911,-0.53151,-0.00155
-1.04882,-0.05109,-1.15475,-0.66041,-1.19269,-1.36874,-1.17069,-1.53376,-1.15179,-2.57174,-1.18275,-2.54735,-0.53252,-0.00155
-1.04478,-0.04904,-1.15074,-0.64294,-1.19626,-1.3762,-1.16667,-1.49606,-1.15497,-2.58015,-1.17875,-2.47774,-0.53351,-0.00153
-1.04076,-0.04689,-1.14674,-0.62567,-1.19946,-1.38343,-1.16265,-1.46083,-1.15831,-2.58606,-1.17476,-2.41232,-0.53452,-0.00158
-1.03675,-0.04494,-1.14276,-0.60921,-1.20083,-1.38723,-1.15864,-1.42432,-1.16166,-2.59255,-1.17076,-2.35016,-0.53549,-0.00155
-1.03275,-0.04305,-1.13876,-0.59375,-1.2008,-1.38729,-1.15462,-1.39105,-1.16507,-2.59765,-1.16671,-2.28956,-0.53649,-0.00157
-1.02872,-0.04132,-1.13475,-0.57827,-1.19877,-1.36122,-1.15058,-1.35913,-1.16819,-2.60471,-1.16268,-2.23306,-0.5375,-0.00158
-1.0247,-0.03961,-1.13075,-0.56344,-1.19476,-1.3157,-1.14661,-1.32703,-1.17116,-2.61057,-1.15867,-2.17932,-0.53851,-0.00158
-1.02069,-0.03793,-1.12675,-0.54947,-1.19074,-1.27558,-1.14262,-1.29681,-1.17445,-2.61687,-1.15465,-2.12677,-0.53951,-0.0016
-1.01669,-0.03634,-1.12275,-0.53594,-1.18677,-1.23944,-1.1386,-1.26901,-1.17768,-2.62236,-1.15067,-2.0762,-0.54051,-0.00161
-1.01269,-0.03476,-1.11874,-0.52233,-1.18278,-1.20297,-1.13459,-1.24085,-1.18096,-2.62821,-1.14667,-2.02851,-0.54149,-0.0016
-1.00866,-0.03333,-1.11473,-0.5097,-1.17876,-1.16934,-1.13058,-1.21196,-1.18428,-2.63609,-1.14264,-1.97983,-0.5425,-0.00162
-1.00465,-0.03191,-1.11076,-0.49757,-1.17476,-1.13889,-1.12655,-1.18744,-1.1874,-2.64185,-1.13863,-1.93387,-0.54352,-0.00163
-1.00063,-0.03057,-1.10676,-0.48527,-1.17076,-1.10965,-1.12253,-1.16001,-1.19034,-2.64476,-1.13463,-1.8901,-0.5445,-0.00162
-0.99661,-0.0293,-1.10275,-0.47316,-1.16676,-1.0801,-1.11854,-1.13484,-1.19326,-2.64964,-1.13059,-1.84707,-0.54551,-0.00165
-0.9926,-0.02809,-1.09874,-0.46222,-1.16273,-1.05301,-1.11454,-1.11104,-1.19605,-2.65729,-1.12661,-1.80554,-0.54651,-0.00166
-0.98858,-0.02681,-1.09474,-0.45093,-1.15876,-1.02743,-1.11052,-1.08708,-1.19891,-2.66382,-1.12262,-1.7656,-0.5475,-0.00165
-0.98457,-0.02561,-1.09074,-0.44008,-1.15478,-1.00191,-1.10652,-1.0623,-1.20068,-2.6666,-1.11862,-1.72587,-0.54851,-0.00167
-0.98057,-0.02453,-1.08674,-0.42979,-1.15076,-0.97881,-1.10251,-1.03996,-1.2009,-2.66727,-1.11461,-1.68689,-0.54951,-0.00168
-0.97656,-0.02343,-1.08273,-0.4197,-1.14676,-0.95478,-1.09852,-1.01775,-1.20077,-2.66823,-1.1106,-1.6494,-0.5505,-0.00168
-0.97257,-0.02237,-1.07873,-0.40959,-1.14276,-0.93209,-1.09446,-0.9951,-1.19874,-2.61907,-1.10659,-1.6132,-0.55152,-0.00171
-0.96854,-0.02135,-1.07476,-0.39993,-1.13877,-0.91051,-1.09045,-0.97355,-1.19475,-2.5375,-1.10258,-1.57738,-0.55251,-0.00169
-0.96453,-0.0204,-1.07077,-0.39073,-1.13475,-0.88998,-1.08646,-0.95384,-1.19073,-2.46168,-1.0986,-1.5428,-0.55354,-0.00172
-0.96051,-0.01952,-1.06674,-0.38154,-1.13077,-0.86942,-1.08245,-0.93289,-1.18675,-2.38949,-1.0946,-1.50912,-0.55453,-0.00172
-0.95651,-0.01868,-1.06275,-0.37233,-1.12677,-0.849,-1.07842,-0.9123,-1.18277,-2.32859,-1.09058,-1.47559,-0.55551,-0.00174
-0.9525,-0.01784,-1.05875,-0.36392,-1.12278,-0.82992,-1.07441,-0.89395,-1.17874,-2.26544,-1.08659,-1.4424,-0.55652,-0.00175
-0.94847,-0.01706,-1.05475,-0.35523,-1.11876,-0.81165,-1.07042,-0.87433,-1.17475,-2.20922,-1.08259,-1.41108,-0.55752,-0.00176
-0.94447,-0.01622,-1.05074,-0.34673,-1.11478,-0.79341,-1.0664,-0.85482,-1.17076,-2.15104,-1.07856,-1.37955,-0.55851,-0.00176
-0.94048,-0.01543,-1.04673,-0.33865,-1.11077,-0.77564,-1.06237,-0.83681,-1.16673,-2.10345,-1.07456,-1.34842,-0.55951,-0.00179
-0.93649,-0.01467,-1.04274,-0.33067,-1.10676,-0.75819,-1.05836,-0.81863,-1.16275,-2.04852,-1.07058,-1.31887,-0.56051,-0.00179
-0.93248,-0.01394,-1.03877,-0.32251,-1.10274,-0.74215,-1.05437,-0.7992,-1.15877,-1.99952,-1.06658,-1.28986,-0.5615,-0.00181
-0.92844,-0.01322,-1.03478,-0.31474,-1.09877,-0.72549,-1.05034,-0.78152,-1.15474,-1.95288,-1.06256,-1.25918,-0.56252,-0.00183
-0.92443,-0.01261,-1.03077,-0.30724,-1.09478,-0.70978,-1.04632,-0.76395,-1.15075,-1.90605,-1.05855,-1.2301,-0.56351,-0.00185
-0.92043,-0.01202,-1.02676,-0.29942,-1.09078,-0.69341,-1.04231,-0.74557,-1.14674,-1.8626,-1.05455,-1.20269,-0.56453,-0.00186
-0.91641,-0.01158,-1.02277,-0.29187,-1.08677,-0.67885,-1.03831,-0.7284,-1.14273,-1.82011,-1.05053,-1.17307,-0.5655,-0.00185
-0.9124,-0.0111,-1.01877,-0.28471,-1.08277,-0.66399,-1.03429,-0.71167,-1.13872,-1.78008,-1.04651,-1.14487,-0.5665,-0.00189
-0.90838,-0.01062,-1.01474,-0.27724,-1.07876,-0.64916,-1.03026,-0.69343,-1.13475,-1.73832,-1.04254,-1.11823,-0.56751,-0.00188
-0.90438,-0.01023,-1.01074,-0.2699,-1.07476,-0.63476,-1.02626,-0.67657,-1.13076,-1.69907,-1.03854,-1.09007,-0.56853,-0.00191
-0.90039,-0.00984,-1.00675,-0.26257,-1.07076,-0.62083,-1.02227,-0.65903,-1.12674,-1.66252,-1.03452,-1.06189,-0.5695,-0.00192
-0.89563,-0.0093,-1.00276,-0.25544,-1.06677,-0.60735,-1.01825,-0.64168,-1.12274,-1.62508,-1.03052,-1.03527,-0.57052,-0.00194
-0.89082,-0.00873,-0.99877,-0.24797,-1.06278,-0.59329,-1.01421,-0.62321,-1.11874,-1.58987,-1.0265,-1.0074,-0.5715,-0.00194
-0.88682,-0.00837,-0.99475,-0.24054,-1.05879,-0.58,-1.0102,-0.60545,-1.11473,-1.55586,-1.02249,-0.97911,-0.57252,-0.00197
-0.8828,-0.00803,-0.99075,-0.23329,-1.05478,-0.56671,-1.0062,-0.58744,-1.11073,-1.52144,-1.01849,-0.95194,-0.5735,-0.00197
-0.87881,-0.00771,-0.98675,-0.22569,-1.05078,-0.55425,-1.00217,-0.56931,-1.10676,-1.48795,-1.01375,-0.91905,-0.57522,-0.0021
-0.8748,-0.00743,-0.98276,-0.21795,-1.04678,-0.54126,-0.99815,-0.5509,-1.10277,-1.45572,-1.009,-0.88156,-0.577,-0.00205
-0.87078,-0.00722,-0.97873,-0.21043,-1.04278,-0.52874,-0.99416,-0.53244,-1.09874,-1.42497,-1.00495,-0.85328,-0.578,-0.00207
-0.86676,-0.00694,-0.97474,-0.20265,-1.03875,-0.51612,-0.99017,-0.51385,-1.09474,-1.39356,-1.00094,-0.82446,-0.579,-0.00208
-0.86276,-0.00668,-0.97075,-0.19483,-1.03476,-0.504,-0.98615,-0.49471,-1.09075,-1.36402,-0.99692,-0.79512,-0.58,-0.00212
-0.85877,-0.0065,-0.96678,-0.18689,-1.0308,-0.49192,-0.98213,-0.47538,-1.08674,-1.33412,-0.99291,-0.76556,-0.581,-0.00213
-0.85475,-0.00632,-0.96278,-0.17892,-1.02681,-0.47961,-0.97812,-0.45607,-1.08272,-1.30466,-0.98889,-0.7365,-0.58198,-0.00215
-0.85071,-0.00614,-0.95875,-0.17066,-1.02279,-0.46754,-0.9741,-0.4357,-1.07876,-1.27657,-0.98491,-0.70628,-0.58299,-0.00218
-0.84672,-0.006,-0.95475,-0.16226,-1.01878,-0.45556,-0.97008,-0.41587,-1.07477,-1.24867,-0.98092,-0.67586,-0.58401,-0.00219
-0.84269,-0.00577,-0.95076,-0.15401,-1.01479,-0.44322,-0.96606,-0.39567,-1.07075,-1.22102,-0.97689,-0.64593,-0.58498,-0.00224
-0.83869,-0.00563,-0.94676,-0.14574,-1.0108,-0.43101,-0.96205,-0.37534,-1.06674,-1.19397,-0.9729,-0.61586,-0.58598,-0.00224
-0.83467,-0.00555,-0.94274,-0.13738,-1.00678,-0.41849,-0.95805,-0.355,-1.06275,-1.16768,-0.9689,-0.58554,-0.587,-0.00228
-0.83065,-0.00539,-0.93875,-0.12906,-1.00277,-0.40616,-0.95402,-0.33497,-1.05875,-1.14045,-0.9649,-0.55536,-0.58798,-0.0024
-0.82664,-0.00524,-0.93476,-0.12083,-0.99879,-0.39363,-0.95001,-0.31481,-1.05472,-1.11431,-0.96088,-0.52569,-0.589,-0.00228
-0.82265,-0.00511,-0.93078,-0.11271,-0.9948,-0.38135,-0.946,-0.29503,-1.05074,-1.08931,-0.95688,-0.49572,-0.59,-0.00234
-0.81864,-0.00497,-0.92676,-0.10475,-0.99079,-0.36839,-0.94199,-0.27556,-1.04677,-1.06409,-0.95291,-0.4659,-0.59099,-0.00238
-0.8146,-0.0048,-0.92275,-0.09702,-0.98679,-0.35524,-0.93796,-0.25636,-1.04278,-1.03832,-0.94889,-0.43705,-0.59201,-0.00239
-0.81059,-0.00466,-0.91876,-0.08967,-0.98279,-0.34194,-0.93395,-0.23759,-1.03876,-1.01373,-0.94487,-0.40854,-0.593,-0.00243
-0.80658,-0.0046,-0.914,-0.08115,-0.97879,-0.32857,-0.92995,-0.21927,-1.03477,-0.98845,-0.94087,-0.38036,-0.59401,-0.00245
-0.80256,-0.00452,-0.90925,-0.07304,-0.97479,-0.31463,-0.92594,-0.20162,-1.03076,-0.96292,-0.93687,-0.35325,-0.595,-0.00249
-0.79856,-0.00448,-0.90524,-0.06672,-0.97077,-0.30086,-0.9219,-0.18463,-1.02599,-0.93366,-0.93286,-0.3271,-0.59601,-0.00251
-0.79454,-0.00432,-0.90124,-0.06078,-0.96679,-0.28687,-0.91788,-0.16847,-1.02124,-0.90205,-0.92886,-0.30151,-0.597,-0.00254
-0.79055,-0.00425,-0.89726,-0.05533,-0.96281,-0.27309,-0.91388,-0.15315,-1.01729,-0.87654,-0.92487,-0.27693,-0.59802,-0.00258
-0.78655,-0.0042,-0.89327,-0.05016,-0.95883,-0.25854,-0.90986,-0.13872,-1.01329,-0.85143,-0.92088,-0.25438,-0.59901,-0.00259
-0.78258,-0.00411,-0.88925,-0.04549,-0.9548,-0.2444,-0.90582,-0.12534,-1.00927,-0.82663,-0.91684,-0.23175,-0.6,-0.00263
-0.77858,-0.00402,-0.88525,-0.04119,-0.95079,-0.23021,-0.9018,-0.11252,-1.00528,-0.80069,-0.91284,-0.21082,-0.60101,-0.00268
-0.77456,-0.00396,-0.88126,-0.03728,-0.9468,-0.21621,-0.8978,-0.10094,-1.00128,-0.77514,-0.90883,-0.1914,-0.60201,-0.0027
-0.77056,-0.00388,-0.87726,-0.03369,-0.9428,-0.20236,-0.8938,-0.0902,-0.99727,-0.74931,-0.90481,-0.17283,-0.60302,-0.00275
-0.76657,-0.00381,-0.87326,-0.03057,-0.93878,-0.18877,-0.88825,-0.07668,-0.99325,-0.72271,-0.90079,-0.15578,-0.60401,-0.00279
-0.76256,-0.00377,-0.86924,-0.02775,-0.93479,-0.17555,-0.88422,-0.06806,-0.98927,-0.69595,-0.89678,-0.14018,-0.60502,-0.0028
-0.75855,-0.00367,-0.86525,-0.02519,-0.93081,-0.16241,-0.88022,-0.06052,-0.98528,-0.66963,-0.89278,-0.12568,-0.60602,-0.00284
-0.75454,-0.00357,-0.86127,-0.02303,-0.92682,-0.14976,-0.87621,-0.05356,-0.98128,-0.64279,-0.88877,-0.11236,-0.60701,-0.00288
-0.75055,-0.00349,-0.85729,-0.02104,-0.92279,-0.13751,-0.87221,-0.04742,-0.97728,-0.61529,-0.88474,-0.10042,-0.60802,-0.00291
-0.74657,-0.00343,-0.85327,-0.01931,-0.91879,-0.1256,-0.86819,-0.04195,-0.97328,-0.58782,-0.87999,-0.08763,-0.60901,-0.00296
-0.74258,-0.00339,-0.84925,-0.01773,-0.91479,-0.11455,-0.86419,-0.03713,-0.96928,-0.56033,-0.87525,-0.07609,-0.61001,-0.00299
-0.73859,-0.00336,-0.84527,-0.01638,-0.91078,-0.10416,-0.8602,-0.03291,-0.96525,-0.53249,-0.87123,-0.06772,-0.611,-0.00303
-0.73457,-0.00328,-0.84126,-0.0152,-0.90601,-0.09244,-0.8562,-0.0293,-0.96126,-0.50472,-0.86722,-0.06024,-0.61199,-0.00308
-0.73058,-0.00326,-0.83726,-0.01419,-0.90127,-0.08167,-0.85219,-0.02616,-0.9573,-0.47787,-0.86321,-0.05352,-0.61301,-0.00311
-0.72657,-0.00327,-0.83325,-0.01328,-0.89729,-0.07346,-0.84818,-0.02342,-0.95331,-0.45046,-0.85923,-0.04767,-0.614,-0.00318
-0.72257,-0.0032,-0.82924,-0.01252,-0.8933,-0.0658,-0.84416,-0.02102,-0.94927,-0.42309,-0.85523,-0.04257,-0.61501,-0.00323
-0.71857,-0.00317,-0.82525,-0.01183,-0.88928,-0.05886,-0.84016,-0.01891,-0.94528,-0.39673,-0.85122,-0.03799,-0.61601,-0.00329
-0.71455,-0.00319,-0.82127,-0.01128,-0.88528,-0.0526,-0.83614,-0.01707,-0.94128,-0.37071,-0.8472,-0.034,-0.617,-0.00333
-0.71054,-0.00309,-0.81728,-0.01077,-0.88127,-0.04699,-0.83211,-0.01551,-0.93728,-0.34506,-0.84318,-0.03046,-0.61802,-0.00337
-0.70656,-0.00307,-0.81325,-0.01031,-0.87728,-0.04191,-0.82809,-0.01415,-0.93326,-0.3204,-0.83918,-0.02732,-0.61898,-0.00341
-0.70257,-0.00309,-0.80925,-0.00992,-0.87327,-0.03732,-0.82411,-0.01307,-0.92928,-0.29677,-0.83518,-0.02457,-0.61999,-0.00348
-0.69858,-0.00309,-0.80525,-0.00955,-0.86925,-0.03337,-0.82011,-0.01212,-0.9253,-0.27337,-0.83117,-0.02216,-0.62101,-0.00353
-0.69456,-0.003,-0.80049,-0.00912,-0.86526,-0.02986,-0.81611,-0.01136,-0.92129,-0.25124,-0.82717,-0.02008,-0.62201,-0.00359
-0.69057,-0.00295,-0.79571,-0.0087,-0.86128,-0.02672,-0.81207,-0.01061,-0.91727,-0.23054,-0.82318,-0.01829,-0.62302,-0.00377
-0.68656,-0.00287,-0.79169,-0.00849,-0.85729,-0.02397,-0.80807,-0.01003,-0.91327,-0.21056,-0.81917,-0.01674,-0.624,-0.00371
-0.68256,-0.00284,-0.78768,-0.00821,-0.85328,-0.02162,-0.80408,-0.00949,-0.90928,-0.19179,-0.81516,-0.01528,-0.625,-0.00378
-0.67856,-0.00278,-0.78371,-0.00798,-0.84927,-0.01957,-0.79931,-0.00882,-0.90526,-0.1744,-0.81115,-0.01398,-0.626,-0.00384
-0.67455,-0.00272,-0.77974,-0.00785,-0.84529,-0.01781,-0.79452,-0.00832,-0.90125,-0.1579,-0.80714,-0.01291,-0.62701,-0.00391
-0.67055,-0.00273,-0.77572,-0.00768,-0.84128,-0.01621,-0.79052,-0.00796,-0.89727,-0.14254,-0.80312,-0.01199,-0.628,-0.00398
-0.66658,-0.00266,-0.77171,-0.00752,-0.83729,-0.01493,-0.78653,-0.00764,-0.89328,-0.12845,-0.79909,-0.0112,-0.62899,-0.00404
-0.66259,-0.0026,-0.76771,-0.0074,-0.83327,-0.01376,-0.78255,-0.00741,-0.88929,-0.11572,-0.79508,-0.01049,-0.63001,-0.00411
-0.65858,-0.00256,-0.76371,-0.00727,-0.82927,-0.01278,-0.77855,-0.00717,-0.88526,-0.10388,-0.79107,-0.00986,-0.63103,-0.00418
-0.65456,-0.00255,-0.75972,-0.00715,-0.82526,-0.01185,-0.77454,-0.00696,-0.88127,-0.0933,-0.78708,-0.00929,-0.63204,-0.00424
-0.65058,-0.00251,-0.75571,-0.00703,-0.82129,-0.01115,-0.77054,-0.00675,-0.87651,-0.0818,-0.78233,-0.00865,-0.633,-0.00431
-0.64658,-0.00246,-0.7517,-0.00696,-0.8173,-0.01051,-0.76654,-0.0066,-0.87176,-0.07156,-0.77758,-0.00811,-0.63402,-0.00439
-0.64258,-0.00243,-0.74771,-0.00684,-0.81328,-0.00998,-0.76253,-0.00647,-0.86775,-0.06416,-0.77355,-0.0077,-0.63501,-0.00446
-0.63857,-0.00238,-0.74375,-0.00674,-0.80851,-0.00933,-0.75853,-0.00635,-0.86375,-0.05745,-0.76957,-0.00724,-0.636,-0.00455
-0.63456,-0.00232,-0.73976,-0.00664,-0.80374,-0.00877,-0.75452,-0.00625,-0.85977,-0.05144,-0.76556,-0.00682,-0.63703,-0.00463
-0.63057,-0.00227,-0.73573,-0.00655,-0.79974,-0.00845,-0.75051,-0.00615,-0.85579,-0.04616,-0.76155,-0.00647,-0.63802,-0.00471
-0.62659,-0.00222,-0.73173,-0.00643,-0.79574,-0.00812,-0.74654,-0.00603,-0.85177,-0.04149,-0.75756,-0.00622,-0.63902,-0.0048
-0.62258,-0.00218,-0.72774,-0.00635,-0.79173,-0.00788,-0.74256,-0.00589,-0.84776,-0.03733,-0.75354,-0.00602,-0.64003,-0.00487
-0.61856,-0.00217,-0.72373,-0.00624,-0.78773,-0.00763,-0.73856,-0.00579,-0.84377,-0.03365,-0.74955,-0.00586,-0.64103,-0.00498
-0.61457,-0.00216,-0.71973,-0.00613,-0.78375,-0.00741,-0.73454,-0.00573,-0.83978,-0.03038,-0.74557,-0.00571,-0.64202,-0.0052
-0.61057,-0.00215,-0.71572,-0.00602,-0.77976,-0.00722,-0.73055,-0.00564,-0.83577,-0.02747,-0.74158,-0.00562,-0.64301,-0.00516
-0.60655,-0.00213,-0.71172,-0.00596,-0.77575,-0.00709,-0.72654,-0.00557,-0.83175,-0.02495,-0.73758,-0.0055,-0.644,-0.00526
-0.60256,-0.0021,-0.70773,-0.00586,-0.77175,-0.00692,-0.72255,-0.0055,-0.82775,-0.02287,-0.73355,-0.00533,-0.645,-0.00535
-0.59855,-0.00207,-0.70374,-0.00575,-0.76775,-0.00683,-0.71854,-0.00542,-0.82377,-0.0208,-0.72956,-0.00514,-0.646,-0.00546
-0.59455,-0.00204,-0.69975,-0.00564,-0.76374,-0.00668,-0.71452,-0.00535,-0.81978,-0.01913,-0.72556,-0.00498,-0.64701,-0.00557
-0.59056,-0.00198,-0.69572,-0.00556,-0.75974,-0.00656,-0.71052,-0.00526,-0.81579,-0.01746,-0.72156,-0.00488,-0.648,-0.00566
-0.58656,-0.00193,-0.69173,-0.00548,-0.75573,-0.00646,-0.70655,-0.00519,-0.81176,-0.01606,-0.71754,-0.00481,-0.64901,-0.00578
-0.58256,-0.00192,-0.68772,-0.00541,-0.75173,-0.00632,-0.70255,-0.0051,-0.80777,-0.01465,-0.71352,-0.00473,-0.65,-0.00588
-0.57854,-0.00188,-0.68372,-0.00533,-0.74775,-0.00627,-0.69855,-0.005,-0.80378,-0.01365,-0.70953,-0.00462,-0.65099,-0.00599
-0.57455,-0.00183,-0.67972,-0.00527,-0.74377,-0.00617,-0.69453,-0.00495,-0.79978,-0.01267,-0.70555,-0.00454,-0.65199,-0.00611
-0.57054,-0.0018,-0.6757,-0.00521,-0.73979,-0.00608,-0.69054,-0.00489,-0.79577,-0.01177,-0.70156,-0.00445,-0.65299,-0.00623
-0.56654,-0.00175,-0.67171,-0.00513,-0.73576,-0.006,-0.68654,-0.00481,-0.79176,-0.01101,-0.69755,-0.00436,-0.654,-0.00635
-0.56254,-0.0017,-0.66774,-0.0051,-0.73176,-0.00589,-0.68254,-0.00479,-0.78776,-0.01032,-0.69356,-0.00432,-0.65498,-0.00647
-0.55852,-0.00166,-0.66374,-0.00499,-0.72776,-0.00578,-0.67853,-0.00468,-0.78303,-0.00964,-0.68957,-0.00426,-0.65601,-0.00671
-0.55452,-0.00163,-0.65974,-0.00492,-0.72375,-0.00567,-0.67452,-0.00461,-0.77827,-0.00894,-0.68556,-0.00423,-0.65699,-0.00674
-0.55056,-0.00159,-0.65572,-0.00484,-0.71976,-0.00561,-0.67053,-0.00452,-0.77425,-0.00848,-0.68156,-0.00421,-0.65799,-0.00686
-0.54657,-0.00159,-0.65173,-0.00479,-0.71574,-0.00556,-0.66656,-0.00443,-0.77025,-0.00803,-0.67755,-0.00419,-0.659,-0.00701
-0.54256,-0.00154,-0.64772,-0.0047,-0.71173,-0.00547,-0.66256,-0.00439,-0.76626,-0.00754,-0.67354,-0.00415,-0.66,-0.00714
-0.53854,-0.00147,-0.64373,-0.00462,-0.70776,-0.00533,-0.65855,-0.00432,-0.76225,-0.00717,-0.66956,-0.00409,-0.66099,-0.00729
-0.53455,-0.00148,-0.63972,-0.00453,-0.70376,-0.00524,-0.65455,-0.00424,-0.75825,-0.00678,-0.66558,-0.00403,-0.662,-0.00743
-0.53054,-0.00144,-0.63571,-0.00447,-0.69977,-0.00518,-0.65055,-0.00416,-0.75424,-0.00662,-0.66159,-0.00392,-0.663,-0.00759
-0.52655,-0.00141,-0.63171,-0.00437,-0.69574,-0.00507,-0.64655,-0.0041,-0.75025,-0.00641,-0.65757,-0.00385,-0.66399,-0.00772
-0.52255,-0.00138,-0.62774,-0.00427,-0.69176,-0.00503,-0.64255,-0.00405,-0.74626,-0.00623,-0.65357,-0.00377,-0.665,-0.00788
-0.51853,-0.0013,-0.62373,-0.0042,-0.68776,-0.00494,-0.63855,-0.004,-0.74229,-0.00604,-0.64958,-0.00371,-0.66601,-0.00813
-0.51453,-0.00124,-0.61971,-0.00412,-0.68375,-0.00492,-0.63452,-0.00393,-0.73828,-0.00583,-0.64558,-0.00367,-0.66699,-0.00816
-0.51057,-0.00118,-0.61571,-0.00407,-0.67976,-0.00489,-0.63054,-0.00388,-0.73426,-0.00571,-0.64158,-0.0036,-0.66799,-0.00836
-0.50656,-0.00113,-0.61171,-0.00403,-0.67574,-0.00482,-0.62656,-0.00382,-0.73027,-0.00563,-0.63756,-0.0035,-0.669,-0.0085
-0.50255,-0.00108,-0.60771,-0.00399,-0.67175,-0.00473,-0.62256,-0.00376,-0.72626,-0.00556,-0.63356,-0.00337,-0.66998,-0.00868
-0.49854,-0.00106,-0.60372,-0.00391,-0.66778,-0.00468,-0.61853,-0.00369,-0.72225,-0.00545,-0.62958,-0.00326,-0.671,-0.00886
-0.49455,-0.00102,-0.5997,-0.00388,-0.66379,-0.00456,-0.61453,-0.00361,-0.71826,-0.00535,-0.62559,-0.0032,-0.67198,-0.00903
-0.49054,-9.20E-04,-0.5957,-0.00384,-0.65979,-0.00451,-0.61053,-0.00356,-0.71425,-0.00519,-0.62159,-0.00314,-0.67299,-0.00922
-0.48581,-8.71E-04,-0.5917,-0.00374,-0.65577,-0.00444,-0.60652,-0.00348,-0.71024,-0.00499,-0.61756,-0.00311,-0.67399,-0.00941
-0.48102,-8.29E-04,-0.58771,-0.00369,-0.65178,-0.00432,-0.60253,-0.00344,-0.70626,-0.00484,-0.61356,-0.00308,-0.67499,-0.00973
-0.47702,-7.99E-04,-0.58372,-0.00362,-0.64778,-0.00429,-0.59851,-0.00337,-0.70227,-0.00477,-0.60956,-0.00305,-0.67601,-0.00983
-0.47304,-7.79E-04,-0.57969,-0.00356,-0.64378,-0.00422,-0.59452,-0.00331,-0.69828,-0.00472,-0.60554,-0.00301,-0.677,-0.01004
-0.46906,-7.18E-04,-0.57569,-0.00349,-0.63978,-0.00415,-0.59052,-0.00323,-0.69426,-0.00465,-0.60156,-0.00298,-0.67799,-0.01025
-0.46505,-6.74E-04,-0.57169,-0.00344,-0.63577,-0.00408,-0.58653,-0.00316,-0.69025,-0.00459,-0.59754,-0.00294,-0.67899,-0.01045
-0.46103,-6.14E-04,-0.56769,-0.00339,-0.63177,-0.004,-0.58252,-0.00308,-0.68625,-0.00451,-0.59355,-0.0029,-0.67999,-0.01067
-0.45702,-6.03E-04,-0.5637,-0.00333,-0.62778,-0.00394,-0.5785,-0.00305,-0.68226,-0.00438,-0.58955,-0.00286,-0.68101,-0.0109
-0.45303,-5.46E-04,-0.55968,-0.00327,-0.62379,-0.00389,-0.57451,-0.003,-0.67825,-0.00417,-0.58556,-0.00278,-0.68199,-0.01128
-0.44904,-5.04E-04,-0.55568,-0.00318,-0.61977,-0.0038,-0.57051,-0.00293,-0.67423,-0.0039,-0.58154,-0.0027,-0.68298,-0.01139
-0.44503,-4.84E-04,-0.55169,-0.00312,-0.61576,-0.00376,-0.56651,-0.00287,-0.67024,-0.00376,-0.57753,-0.0026,-0.68399,-0.01168
-0.44101,-4.61E-04,-0.54772,-0.00305,-0.61177,-0.00372,-0.56252,-0.0028,-0.66628,-0.00372,-0.57354,-0.00248,-0.68499,-0.01191
-0.43702,-4.39E-04,-0.54371,-0.00294,-0.60776,-0.00365,-0.55849,-0.00273,-0.66228,-0.00374,-0.56953,-0.00244,-0.68597,-0.01216
-0.43306,-3.51E-04,-0.53968,-0.00287,-0.60376,-0.00358,-0.5545,-0.00265,-0.65827,-0.00377,-0.56555,-0.0024,-0.68697,-0.01242
-0.42906,-3.43E-04,-0.53569,-0.00281,-0.59975,-0.00352,-0.55053,-0.00253,-0.65426,-0.00376,-0.56154,-0.00233,-0.68799,-0.0128
-0.42505,-2.98E-04,-0.53169,-0.00272,-0.59575,-0.00347,-0.54654,-0.00245,-0.65027,-0.00367,-0.55752,-0.00225,-0.689,-0.01295
-0.42104,-2.38E-04,-0.52768,-0.00268,-0.59175,-0.00346,-0.54253,-0.00237,-0.64626,-0.00355,-0.55352,-0.00219,-0.68999,-0.01324
-0.41703,-2.43E-04,-0.52369,-0.00259,-0.58776,-0.00339,-0.53852,-0.0023,-0.64226,-0.00348,-0.54955,-0.0021,-0.69097,-0.01353
-0.41303,-2.72E-04,-0.51967,-0.00254,-0.58378,-0.00334,-0.53453,-0.00223,-0.63824,-0.00338,-0.54556,-0.00204,-0.69198,-0.01383
-0.40903,-2.14E-04,-0.51567,-0.00247,-0.57975,-0.00328,-0.53052,-0.00216,-0.63424,-0.00326,-0.54154,-0.00201,-0.69297,-0.01424
-0.40502,-7.86E-05,-0.5117,-0.00244,-0.57574,-0.00325,-0.52652,-0.00209,-0.63026,-0.00319,-0.53753,-0.00198,-0.69397,-0.01445
-0.40101,-1.13E-04,-0.50772,-0.00237,-0.57176,-0.0032,-0.52252,-0.00203,-0.62628,-0.00314,-0.53354,-0.00193,-0.695,-0.01477
-0.39703,-5.16E-05,-0.50371,-0.00231,-0.56775,-0.00313,-0.51849,-0.00196,-0.62227,-0.0031,-0.52954,-0.00185,-0.69598,-0.0151
-0.39305,1.63E-05,-0.49969,-0.0022,-0.56375,-0.00308,-0.5145,-0.0019,-0.61824,-0.00301,-0.52555,-0.00179,-0.69697,-0.01542
-0.38905,1.16E-05,-0.49571,-0.00216,-0.55973,-0.00297,-0.51053,-0.00181,-0.61425,-0.00284,-0.52152,-0.00174,-0.69798,-0.01589
-0.38504,7.23E-05,-0.4917,-0.00211,-0.55573,-0.00288,-0.50654,-0.00173,-0.61025,-0.0027,-0.51752,-0.00168,-0.69898,-0.0161
-0.38103,1.08E-04,-0.48771,-0.00202,-0.55175,-0.00281,-0.50252,-0.00166,-0.60625,-0.00266,-0.51353,-0.00164,-0.69997,-0.01646
-0.37703,1.76E-04,-0.4837,-0.00195,-0.54778,-0.00275,-0.49851,-0.00158,-0.60226,-0.00265,-0.50955,-0.00161,-0.70097,-0.01682
-0.37303,2.37E-04,-0.47968,-0.00189,-0.54378,-0.00269,-0.49452,-0.00153,-0.59823,-0.00266,-0.50556,-0.00158,-0.70197,-0.01719
-0.36903,2.50E-04,-0.47569,-0.0018,-0.53976,-0.00258,-0.49053,-0.00148,-0.59424,-0.00265,-0.50153,-0.00155,-0.70297,-0.01764
-0.36503,2.80E-04,-0.47172,-0.00175,-0.53575,-0.00252,-0.48652,-0.00143,-0.59025,-0.00261,-0.49754,-0.00152,-0.70399,-0.01799
-0.36103,3.15E-04,-0.46773,-0.0017,-0.53175,-0.00246,-0.48251,-0.00137,-0.58627,-0.00256,-0.49353,-0.00149,-0.70498,-0.01837
-0.35704,3.58E-04,-0.46373,-0.00165,-0.52775,-0.00242,-0.4785,-0.0013,-0.58225,-0.00248,-0.48953,-0.00147,-0.70597,-0.01884
-0.35307,3.83E-04,-0.45972,-0.00158,-0.52375,-0.00233,-0.4745,-0.00123,-0.57823,-0.00245,-0.48554,-0.00144,-0.70697,-0.01925
-0.34908,4.37E-04,-0.45571,-0.00154,-0.51973,-0.00226,-0.47053,-0.00118,-0.57424,-0.00238,-0.48151,-0.00141,-0.708,-0.01965
-0.34504,4.89E-04,-0.45171,-0.00148,-0.51573,-0.0022,-0.46655,-0.00112,-0.57023,-0.00231,-0.47751,-0.00137,-0.70972,-0.02048
-0.34105,5.42E-04,-0.44772,-0.00143,-0.51176,-0.00215,-0.46252,-0.00106,-0.56624,-0.00225,-0.47353,-0.00133,-0.71147,-0.02132
-0.33705,5.71E-04,-0.44372,-0.00138,-0.50777,-0.00209,-0.45852,-9.95E-04,-0.56224,-0.00221,-0.46955,-0.00129,-0.71246,-0.02179
-0.33305,6.15E-04,-0.43971,-0.00134,-0.50376,-0.00201,-0.45451,-9.42E-04,-0.55821,-0.00218,-0.46555,-0.00124,-0.71345,-0.02242
-0.32906,5.94E-04,-0.43572,-0.00128,-0.49974,-0.00194,-0.45051,-8.96E-04,-0.55422,-0.00214,-0.46154,-0.00119,-0.71446,-0.02282
-0.32502,6.61E-04,-0.43175,-0.00123,-0.49576,-0.00189,-0.44576,-8.39E-04,-0.55024,-0.00209,-0.45753,-0.00111,-0.71546,-0.0233
-0.32104,7.17E-04,-0.42776,-0.00118,-0.49175,-0.00182,-0.44098,-7.94E-04,-0.54626,-0.00204,-0.45353,-0.00107,-0.71646,-0.02395
-0.31705,7.26E-04,-0.42373,-0.00112,-0.48776,-0.00176,-0.43699,-7.32E-04,-0.54225,-0.00201,-0.44954,-0.00101,-0.71747,-0.0244
-0.31306,7.58E-04,-0.41974,-0.00107,-0.48374,-0.0017,-0.43302,-6.76E-04,-0.53823,-0.00195,-0.44555,-9.75E-04,-0.71848,-0.0249
-0.30905,7.86E-04,-0.41572,-0.00102,-0.47972,-0.00163,-0.42902,-6.25E-04,-0.53423,-0.00192,-0.44153,-9.36E-04,-0.71947,-0.0256
-0.30504,8.37E-04,-0.41171,-9.40E-04,-0.47573,-0.00161,-0.42502,-5.80E-04,-0.53022,-0.00187,-0.43678,-8.97E-04,-0.72047,-0.02609
-0.30103,8.54E-04,-0.40772,-8.75E-04,-0.47175,-0.00154,-0.42101,-5.46E-04,-0.52623,-0.00185,-0.43205,-8.65E-04,-0.72146,-0.02672
-0.29704,9.25E-04,-0.4037,-8.33E-04,-0.46777,-0.00149,-0.41701,-4.92E-04,-0.52222,-0.00181,-0.42806,-8.31E-04,-0.72249,-0.02735
-0.29304,9.24E-04,-0.3997,-7.87E-04,-0.46375,-0.00144,-0.413,-4.33E-04,-0.5182,-0.00178,-0.42404,-7.84E-04,-0.72346,-0.02792
-0.28905,0.00103,-0.39496,-7.28E-04,-0.45973,-0.00138,-0.40901,-3.86E-04,-0.51422,-0.00173,-0.42004,-7.18E-04,-0.72446,-0.02868
-0.28501,0.00104,-0.39022,-6.65E-04,-0.45574,-0.00131,-0.40498,-3.29E-04,-0.51023,-0.0017,-0.41602,-6.49E-04,-0.72545,-0.02922
-0.28103,0.00106,-0.38622,-6.12E-04,-0.45174,-0.00125,-0.40097,-2.60E-04,-0.50624,-0.00167,-0.41202,-5.94E-04,-0.72646,-0.02997
-0.27703,0.0011,-0.38221,-5.59E-04,-0.44774,-0.00118,-0.39698,-2.39E-04,-0.50222,-0.00164,-0.40803,-5.49E-04,-0.72745,-0.03062
-0.27305,0.00109,-0.3782,-4.98E-04,-0.44374,-0.00114,-0.393,-2.01E-04,-0.49822,-0.00159,-0.40401,-5.08E-04,-0.72846,-0.03127
-0.26905,0.00114,-0.3742,-4.40E-04,-0.43973,-0.00108,-0.38902,-1.63E-04,-0.49423,-0.00153,-0.40001,-4.72E-04,-0.72947,-0.0321
-0.26502,0.00121,-0.37021,-3.81E-04,-0.43574,-0.00102,-0.38501,-1.17E-04,-0.49023,-0.00149,-0.39602,-4.21E-04,-0.73048,-0.0327
-0.26102,0.00123,-0.36621,-3.28E-04,-0.43177,-9.53E-04,-0.381,-7.61E-05,-0.48623,-0.00145,-0.39205,-3.72E-04,-0.73147,-0.03355
-0.25702,0.0013,-0.36219,-2.67E-04,-0.42702,-8.89E-04,-0.37699,-3.41E-05,-0.48222,-0.00142,-0.38805,-3.02E-04,-0.73248,-0.03417
-0.25302,0.00135,-0.3582,-2.04E-04,-0.42224,-8.50E-04,-0.373,1.58E-05,-0.47821,-0.00138,-0.38402,-2.18E-04,-0.73347,-0.03505
-0.249,0.00139,-0.35423,-1.44E-04,-0.41824,-7.63E-04,-0.36901,6.17E-05,-0.47422,-0.00134,-0.38002,-1.70E-04,-0.73444,-0.03576
-0.24498,0.00145,-0.35024,-1.05E-04,-0.41423,-7.06E-04,-0.36499,1.15E-04,-0.47024,-0.0013,-0.37601,-1.20E-04,-0.73546,-0.03668
-0.24099,0.00146,-0.34622,-4.09E-05,-0.41024,-6.58E-04,-0.36099,1.63E-04,-0.46625,-0.00127,-0.37202,-7.26E-05,-0.73648,-0.0374
-0.23701,0.0015,-0.34221,1.44E-05,-0.40623,-6.06E-04,-0.357,2.18E-04,-0.46223,-0.00123,-0.36803,-1.53E-05,-0.73747,-0.03837
-0.23303,0.00156,-0.33822,7.64E-05,-0.40221,-5.74E-04,-0.35303,2.72E-04,-0.45823,-0.00119,-0.364,4.69E-05,-0.73848,-0.03913
-0.229,0.00161,-0.33422,1.39E-04,-0.39822,-5.32E-04,-0.34903,3.21E-04,-0.45423,-0.00112,-0.36001,9.24E-05,-0.73945,-0.0401
-0.225,0.00166,-0.33023,1.90E-04,-0.39423,-4.64E-04,-0.34501,3.75E-04,-0.45023,-0.00111,-0.35603,1.71E-04,-0.74046,-0.04098
-0.221,0.00173,-0.32621,2.49E-04,-0.39024,-3.78E-04,-0.34102,4.32E-04,-0.44624,-0.00106,-0.35204,2.20E-04,-0.74146,-0.04187
-0.217,0.00178,-0.32221,3.02E-04,-0.38624,-3.55E-04,-0.33701,4.83E-04,-0.4422,-0.00101,-0.34805,2.78E-04,-0.74247,-0.04287
-0.213,0.00184,-0.31823,4.08E-04,-0.38224,-3.01E-04,-0.33302,5.37E-04,-0.43822,-9.66E-04,-0.34402,3.37E-04,-0.74345,-0.04369
-0.20821,0.00195,-0.31422,4.38E-04,-0.37823,-2.54E-04,-0.32901,5.89E-04,-0.43423,-9.11E-04,-0.34003,3.91E-04,-0.74445,-0.0448
-0.20349,0.00204,-0.31023,4.99E-04,-0.37422,-2.06E-04,-0.32499,6.44E-04,-0.42951,-8.92E-04,-0.33604,4.44E-04,-0.74544,-0.04574
-0.1995,0.00213,-0.30622,5.71E-04,-0.37023,-1.51E-04,-0.321,7.04E-04,-0.42474,-8.32E-04,-0.33204,5.06E-04,-0.74646,-0.04669
-0.19551,0.00219,-0.30221,6.37E-04,-0.36623,-8.40E-05,-0.31702,7.64E-04,-0.42074,-7.88E-04,-0.32803,5.66E-04,-0.74745,-0.04785
-0.1915,0.00237,-0.29821,7.10E-04,-0.36221,-2.83E-05,-0.31301,8.21E-04,-0.41673,-7.37E-04,-0.32402,6.16E-04,-0.74844,-0.04892
-0.18749,0.00244,-0.29421,7.79E-04,-0.35822,2.57E-05,-0.30902,8.82E-04,-0.41272,-7.09E-04,-0.32003,6.85E-04,-0.74946,-0.04991
-0.1835,0.00258,-0.29023,8.63E-04,-0.35426,7.52E-05,-0.305,9.54E-04,-0.40873,-6.61E-04,-0.31604,7.62E-04,-0.75048,-0.05109
-0.1795,0.00267,-0.2862,9.32E-04,-0.35025,1.36E-04,-0.301,0.00105,-0.40471,-6.27E-04,-0.31205,8.31E-04,-0.75146,-0.0522
-0.17549,0.00284,-0.28221,0.00101,-0.34624,1.95E-04,-0.297,0.00111,-0.4007,-5.83E-04,-0.30805,9.13E-04,-0.75246,-0.05327
-0.17148,0.00297,-0.27822,0.0011,-0.34224,2.57E-04,-0.293,0.00118,-0.39671,-5.22E-04,-0.30402,9.98E-04,-0.75346,-0.05449
-0.16748,0.00313,-0.27422,0.00119,-0.33824,3.19E-04,-0.289,0.00127,-0.39273,-4.72E-04,-0.30002,0.00109,-0.75447,-0.0557
-0.16348,0.00332,-0.27023,0.00129,-0.33424,3.74E-04,-0.28497,0.00134,-0.38874,-4.25E-04,-0.29602,0.00118,-0.75546,-0.05692
-0.15951,0.00351,-0.26621,0.0014,-0.33025,4.45E-04,-0.28097,0.00143,-0.38473,-3.73E-04,-0.29202,0.00128,-0.75647,-0.05815
-0.15551,0.00372,-0.2622,0.0015,-0.32622,5.05E-04,-0.27698,0.00153,-0.38072,-3.19E-04,-0.28801,0.00138,-0.75745,-0.05937
-0.1515,0.00402,-0.25819,0.00161,-0.32222,5.62E-04,-0.27298,0.00163,-0.37673,-2.74E-04,-0.284,0.00148,-0.75846,-0.0608
-0.14749,0.00421,-0.25418,0.00173,-0.31824,6.30E-04,-0.26898,0.00175,-0.37272,-2.28E-04,-0.28,0.00159,-0.75948,-0.06209
-0.14349,0.00447,-0.24868,0.00194,-0.31425,7.05E-04,-0.26497,0.00187,-0.36874,-1.75E-04,-0.27527,0.00179,-0.76046,-0.06338
-0.1395,0.00475,-0.24467,0.00208,-0.31025,7.83E-04,-0.26021,0.00202,-0.36471,-1.22E-04,-0.27053,0.00191,-0.76144,-0.0648
-0.1355,0.00504,-0.24068,0.00225,-0.30623,8.60E-04,-0.25547,0.00221,-0.36071,-6.70E-05,-0.26651,0.00206,-0.76246,-0.06624
-0.13149,0.00535,-0.2367,0.0024,-0.30223,9.70E-04,-0.25148,0.00236,-0.35673,-1.63E-05,-0.26252,0.0022,-0.76347,-0.06766
-0.12748,0.00566,-0.23272,0.00258,-0.29822,0.00103,-0.24745,0.00252,-0.35275,4.68E-05,-0.25852,0.00236,-0.76447,-0.06921
-0.12348,0.00608,-0.22869,0.00277,-0.29423,0.00113,-0.24344,0.0027,-0.34875,1.04E-04,-0.25451,0.00252,-0.76546,-0.07077
-0.11951,0.00635,-0.22469,0.00298,-0.29024,0.00123,-0.23947,0.00293,-0.34473,1.76E-04,-0.25051,0.00271,-0.76646,-0.07223
-0.11553,0.0067,-0.22069,0.0032,-0.2862,0.00132,-0.23549,0.00311,-0.34074,2.70E-04,-0.24649,0.0029,-0.76747,-0.07386
-0.11151,0.00705,-0.21669,0.00344,-0.28221,0.00143,-0.23149,0.00332,-0.33674,3.16E-04,-0.2425,0.0031,-0.76846,-0.07543
-0.1075,0.00735,-0.21269,0.00374,-0.27821,0.00155,-0.22747,0.00357,-0.33274,3.91E-04,-0.23852,0.00332,-0.76947,-0.07707
-0.10351,0.00777,-0.20866,0.00398,-0.27421,0.00166,-0.22348,0.00385,-0.32875,4.66E-04,-0.23453,0.0036,-0.77046,-0.07879
-0.0995,0.00804,-0.20467,0.0043,-0.27021,0.00178,-0.21948,0.00413,-0.32472,5.40E-04,-0.23054,0.00381,-0.77147,-0.08053
-0.0955,0.00834,-0.20069,0.00464,-0.26619,0.00192,-0.21548,0.00448,-0.32073,6.27E-04,-0.22652,0.00409,-0.77244,-0.08229
-0.09149,0.00862,-0.1967,0.00501,-0.26145,0.0021,-0.21148,0.00482,-0.31674,7.12E-04,-0.22251,0.00439,-0.77346,-0.08392
-0.08749,0.00886,-0.19271,0.00546,-0.25669,0.00231,-0.20745,0.0052,-0.31274,8.02E-04,-0.21851,0.00472,-0.77447,-0.08573
-0.0835,0.00907,-0.18869,0.00587,-0.25271,0.00247,-0.20347,0.00561,-0.30875,8.87E-04,-0.21451,0.00508,-0.77546,-0.08765
-0.07952,0.00927,-0.18469,0.00636,-0.24869,0.0027,-0.19949,0.00608,-0.30473,9.82E-04,-0.2105,0.00551,-0.77647,-0.08953
-0.07553,0.00943,-0.18068,0.0069,-0.24468,0.00286,-0.19549,0.00664,-0.30073,0.00107,-0.2065,0.00588,-0.77747,-0.0915
-0.07151,0.00966,-0.17668,0.00754,-0.2407,0.00308,-0.19149,0.00716,-0.29673,0.00117,-0.2025,0.00632,-0.77847,-0.09353
-0.06751,0.00966,-0.17268,0.00816,-0.23671,0.00332,-0.18747,0.00777,-0.29274,0.00127,-0.19852,0.0068,-0.77948,-0.09557
-0.06352,0.00974,-0.16867,0.00892,-0.23273,0.00358,-0.18349,0.0085,-0.28874,0.00139,-0.19453,0.00737,-0.78047,-0.09754
-0.05952,0.00979,-0.16468,0.0097,-0.22871,0.00386,-0.17948,0.00922,-0.28472,0.0015,-0.19052,0.00791,-0.78149,-0.0997
-0.05551,0.00981,-0.1607,0.01063,-0.22469,0.0042,-0.17549,0.01009,-0.28071,0.00162,-0.18651,0.00853,-0.78247,-0.10181
-0.05149,0.00982,-0.15671,0.01157,-0.22069,0.0045,-0.17148,0.01096,-0.27673,0.00175,-0.18252,0.00924,-0.78348,-0.10391
-0.0475,0.0098,-0.15271,0.0127,-0.2167,0.00487,-0.16747,0.012,-0.27198,0.00193,-0.17852,0.00994,-0.78447,-0.10612
-0.04352,0.00975,-0.14869,0.01387,-0.21271,0.00528,-0.16347,0.01307,-0.26722,0.00214,-0.17452,0.01073,-0.78547,-0.1084
-0.03953,0.0097,-0.14469,0.01525,-0.20868,0.00571,-0.1595,0.01432,-0.26322,0.00232,-0.1705,0.01163,-0.78646,-0.11076
-0.03553,0.0096,-0.14069,0.0167,-0.20467,0.00624,-0.1555,0.01565,-0.25922,0.0025,-0.16651,0.0125,-0.78746,-0.11296
-0.03152,0.0095,-0.1367,0.01832,-0.20069,0.00675,-0.15149,0.01708,-0.25522,0.00272,-0.16252,0.01354,-0.78845,-0.1155
-0.02753,0.00939,-0.13194,0.02033,-0.19671,0.00732,-0.14748,0.01873,-0.25123,0.00295,-0.15854,0.01456,-0.78942,-0.11789
-0.02353,0.00927,-0.1272,0.02271,-0.19271,0.00802,-0.14275,0.02063,-0.2472,0.00319,-0.15455,0.01577,-0.79037,-0.12012
-0.01951,0.00911,-0.12323,0.02492,-0.18869,0.00869,-0.13801,0.02299,-0.2432,0.00345,-0.15053,0.01699,-0.79139,-0.12263
-0.01552,0.00896,-0.11924,0.02734,-0.1847,0.00953,-0.13401,0.02516,-0.23922,0.00374,-0.14651,0.01828,-0.79238,-0.12538
-0.0115,0.00881,-0.11524,0.02998,-0.1807,0.01037,-0.12999,0.02746,-0.23523,0.00409,-0.14177,0.01981,-0.79328,-0.12782
-0.00751,0.00865,-0.11121,0.0329,-0.1767,0.01138,-0.12599,0.02997,-0.23124,0.00439,-0.13705,0.02163,-0.79427,-0.13032
-0.00354,0.00847,-0.10721,0.03596,-0.17269,0.01241,-0.12204,0.0327,-0.22722,0.00476,-0.13304,0.02321,-0.79521,-0.13309
4.62E-04,0.00831,-0.10322,0.03926,-0.16866,0.01365,-0.11804,0.03557,-0.22321,0.00516,-0.12903,0.02489,-0.7961,-0.13573
0.00447,0.00817,-0.09922,0.04286,-0.16467,0.01496,-0.11401,0.03868,-0.21922,0.0056,-0.12504,0.0266,-0.79705,-0.13819
0.00849,0.008,-0.09521,0.04663,-0.1607,0.01641,-0.11001,0.04193,-0.21522,0.00613,-0.12107,0.02843,-0.79799,-0.14103
0.01246,0.00786,-0.0912,0.05071,-0.15672,0.01801,-0.10602,0.04543,-0.21121,0.00661,-0.11708,0.0303,-0.79898,-0.14393
0.01648,0.00771,-0.08721,0.05495,-0.15197,0.02006,-0.102,0.04906,-0.20719,0.00718,-0.11306,0.03219,-0.7999,-0.14677
0.02048,0.00756,-0.08323,0.05941,-0.14721,0.02239,-0.098,0.05283,-0.20319,0.0078,-0.10904,0.03411,-0.8008,-0.14926
0.02448,0.00742,-0.07924,0.06408,-0.14322,0.02461,-0.09399,0.05674,-0.19922,0.00855,-0.10505,0.03603,-0.80175,-0.1523
0.02848,0.00714,-0.07521,0.06893,-0.13923,0.0271,-0.08999,0.06073,-0.19523,0.00926,-0.10104,0.03793,-0.80269,-0.15539
0.03249,0.00724,-0.07121,0.07384,-0.13523,0.02977,-0.08602,0.06482,-0.19122,0.01012,-0.09705,0.0398,-0.80367,-0.15864
0.03649,0.00704,-0.06721,0.07891,-0.1312,0.03274,-0.08202,0.06895,-0.18722,0.011,-0.09303,0.04162,-0.80466,-0.16192
0.04049,0.00692,-0.06321,0.08403,-0.12721,0.03594,-0.07803,0.07305,-0.18322,0.01198,-0.08903,0.04339,-0.80569,-0.1655
0.0445,0.00681,-0.05921,0.08919,-0.12323,0.03942,-0.07401,0.07712,-0.17922,0.01313,-0.08505,0.04504,-0.80669,-0.16914
0.04851,0.0067,-0.0552,0.09428,-0.11925,0.04318,-0.07002,0.08111,-0.17523,0.01431,-0.08106,0.04657,-0.80768,-0.17243
0.05251,0.00658,-0.0512,0.09933,-0.11524,0.04723,-0.06602,0.08495,-0.17121,0.01559,-0.07707,0.04807,-0.80864,-0.17586
0.05652,0.00649,-0.04724,0.10429,-0.11122,0.05161,-0.06203,0.08866,-0.16721,0.01706,-0.07304,0.0494,-0.80959,-0.17949
0.06051,0.00638,-0.04325,0.10911,-0.10723,0.05625,-0.05801,0.09206,-0.16247,0.01878,-0.06904,0.05054,-0.81049,-0.18258
0.06452,0.00629,-0.03923,0.11363,-0.10323,0.06126,-0.054,0.09522,-0.15775,0.02083,-0.06504,0.05165,-0.8114,-0.1859
0.06851,0.00618,-0.03522,0.11807,-0.09922,0.06649,-0.05001,0.0981,-0.15376,0.02274,-0.06105,0.05256,-0.81233,-0.18965
0.07249,0.00609,-0.03122,0.12217,-0.09522,0.07197,-0.04604,0.10057,-0.14973,0.02478,-0.05705,0.05346,-0.8133,-0.19377
0.07648,0.006,-0.02722,0.12593,-0.09121,0.07771,-0.04204,0.1027,-0.14574,0.02704,-0.05302,0.05418,-0.8143,-0.1973
0.08047,0.00592,-0.02322,0.12935,-0.08724,0.08363,-0.03802,0.10449,-0.14174,0.02949,-0.04902,0.05484,-0.81605,-0.20382
0.08449,0.00584,-0.01921,0.13252,-0.08325,0.08985,-0.03403,0.10576,-0.13775,0.03206,-0.04505,0.0556,-0.81779,-0.21195
0.08849,0.00576,-0.0152,0.1353,-0.07925,0.09608,-0.03002,0.10683,-0.13374,0.0348,-0.04107,0.05618,-0.81876,-0.21619
0.09248,0.00569,-0.01122,0.13766,-0.07523,0.10246,-0.02603,0.10737,-0.12973,0.03777,-0.03705,0.05682,-0.81962,-0.22002
0.09649,0.00564,-0.00724,0.13975,-0.07124,0.10883,-0.02204,0.10763,-0.12573,0.04086,-0.03305,0.05763,-0.82051,-0.2242
0.10048,0.00558,-0.00323,0.14146,-0.06724,0.11526,-0.018,0.10756,-0.12176,0.0441,-0.02905,0.05833,-0.82154,-0.22842
0.1045,0.00551,7.79E-04,0.14266,-0.06325,0.12153,-0.014,0.10729,-0.11777,0.04752,-0.02505,0.05926,-0.82243,-0.23263
0.1085,0.00546,0.00478,0.14382,-0.05923,0.12765,-0.01002,0.10674,-0.11376,0.05109,-0.02105,0.0602,-0.82343,-0.23767
0.11247,0.00541,0.00878,0.14442,-0.05524,0.13368,-0.00604,0.10604,-0.10974,0.05465,-0.01705,0.06135,-0.82438,-0.24209
0.11645,0.00537,0.01277,0.1447,-0.05124,0.13933,-0.00204,0.1052,-0.10575,0.0584,-0.01304,0.06254,-0.82534,-0.24627
0.12045,0.00534,0.01678,0.14478,-0.04727,0.14477,0.00198,0.1041,-0.10175,0.06212,-0.00904,0.064,-0.82632,-0.25121
0.12448,0.0053,0.02079,0.14467,-0.04327,0.14966,0.00598,0.10325,-0.09774,0.06582,-0.00506,0.06552,-0.82726,-0.25643
0.12847,0.00527,0.02478,0.14428,-0.03924,0.1542,0.00998,0.10251,-0.09373,0.06946,-0.00106,0.06721,-0.82827,-0.26128
0.13246,0.00525,0.02879,0.14359,-0.03526,0.15827,0.01397,0.10184,-0.08973,0.07307,0.00297,0.06905,-0.8292,-0.26625
0.13647,0.00523,0.03279,0.1429,-0.03125,0.16187,0.01797,0.10122,-0.08575,0.07646,0.00698,0.07102,-0.83011,-0.27106
0.14047,0.00521,0.03679,0.14182,-0.02725,0.16485,0.02199,0.10081,-0.08176,0.07974,0.01096,0.07316,-0.83105,-0.27607
0.14449,0.0052,0.0408,0.14042,-0.02325,0.16725,0.02599,0.10053,-0.07776,0.08268,0.01497,0.07542,-0.83202,-0.28112
0.14848,0.0052,0.04481,0.13925,-0.01924,0.16911,0.03,0.10023,-0.07372,0.08537,0.01896,0.07785,-0.83287,-0.28644
0.15245,0.0052,0.04881,0.13776,-0.01524,0.17065,0.034,0.10044,-0.06974,0.08771,0.02298,0.08043,-0.83372,-0.29183
0.15644,0.0052,0.0528,0.1363,-0.01126,0.17134,0.038,0.10078,-0.06574,0.08971,0.02698,0.08312,-0.83467,-0.29651
0.16045,0.00522,0.05681,0.13461,-0.00726,0.17153,0.04202,0.10131,-0.06173,0.09129,0.03098,0.08592,-0.83556,-0.3012
0.16447,0.00524,0.06081,0.13295,-0.00324,0.17142,0.04601,0.10219,-0.05773,0.09246,0.03498,0.08895,-0.83642,-0.30635
0.16846,0.00526,0.0648,0.13138,7.58E-04,0.17094,0.05001,0.10309,-0.05373,0.09328,0.03898,0.09199,-0.8374,-0.31266
0.17246,0.0053,0.06877,0.12928,0.00476,0.17003,0.05402,0.10432,-0.04974,0.09377,0.04299,0.0953,-0.83841,-0.31774
0.17645,0.00533,0.07278,0.12776,0.00876,0.16854,0.05803,0.10566,-0.04576,0.09379,0.04698,0.0987,-0.83929,-0.32341
0.18047,0.00538,0.07679,0.1258,0.01274,0.16674,0.06203,0.1072,-0.04177,0.09357,0.05099,0.10222,-0.84015,-0.32888
0.18447,0.00543,0.08079,0.12409,0.01677,0.16468,0.06603,0.10895,-0.03776,0.09309,0.05499,0.10584,-0.84104,-0.33507
0.18846,0.00549,0.08479,0.12209,0.02078,0.16265,0.07,0.11089,-0.03376,0.0924,0.05899,0.10964,-0.84195,-0.34027
0.19242,0.00555,0.08881,0.12046,0.02478,0.16027,0.074,0.11306,-0.02977,0.09148,0.063,0.1136,-0.84285,-0.34645
0.19641,0.00563,0.0928,0.11848,0.02877,0.15796,0.07801,0.11534,-0.02576,0.0904,0.06699,0.11769,-0.84375,-0.3533
0.20043,0.0057,0.09681,0.11676,0.03277,0.15556,0.08201,0.11776,-0.02176,0.08955,0.07098,0.1219,-0.84467,-0.35905
0.20444,0.00576,0.10082,0.11483,0.0368,0.15317,0.086,0.12045,-0.01775,0.08867,0.07497,0.1263,-0.84552,-0.36407
0.20844,0.00584,0.10481,0.11321,0.04079,0.15113,0.09002,0.12323,-0.01374,0.08787,0.07899,0.13079,-0.84638,-0.37031
0.21245,0.00589,0.10879,0.11134,0.04478,0.14872,0.09401,0.12618,-0.00974,0.08718,0.08299,0.13542,-0.84719,-0.37685
0.21644,0.00595,0.11279,0.1096,0.04879,0.14703,0.09803,0.12917,-0.00578,0.0863,0.08699,0.14031,-0.84809,-0.38254
0.22044,0.00598,0.1168,0.10804,0.05279,0.14495,0.10203,0.1324,-0.00178,0.08605,0.09099,0.14519,-0.84898,-0.38784
0.22445,0.006,0.1208,0.10611,0.0568,0.14356,0.10602,0.1357,0.00226,0.08589,0.095,0.15038,-0.84993,-0.39487
0.22843,0.006,0.12479,0.10461,0.0608,0.14177,0.11,0.13919,0.00625,0.08589,0.09902,0.15561,-0.85087,-0.40238
0.23241,0.00598,0.1288,0.1029,0.06479,0.14066,0.114,0.14278,0.01026,0.08613,0.10301,0.16112,-0.85186,-0.4084
0.23642,0.00592,0.1328,0.10121,0.06878,0.13968,0.11801,0.14653,0.01425,0.08674,0.10698,0.16677,-0.85279,-0.41546
0.24043,0.00586,0.1368,0.09977,0.07276,0.13886,0.12201,0.1503,0.01825,0.08733,0.11097,0.17258,-0.8537,-0.42315
0.24443,0.00577,0.14081,0.0981,0.07678,0.13816,0.12601,0.15428,0.02226,0.08828,0.115,0.17856,-0.85467,-0.43125
0.24842,0.00569,0.14481,0.09664,0.08079,0.13786,0.13001,0.15833,0.02626,0.08938,0.11898,0.18476,-0.8556,-0.43825
0.25242,0.00559,0.14879,0.09522,0.08478,0.1377,0.13402,0.16248,0.03027,0.09077,0.12299,0.19107,-0.85648,-0.44601
0.25642,0.00551,0.15279,0.09355,0.0888,0.13775,0.13802,0.1667,0.03427,0.0923,0.12698,0.19763,-0.85733,-0.4539
0.26044,0.00543,0.1568,0.09221,0.09279,0.138,0.142,0.17112,0.03826,0.09403,0.13248,0.20679,-0.85819,-0.46108
0.26444,0.00536,0.1608,0.09085,0.09681,0.13857,0.14599,0.1756,0.04228,0.09608,0.13649,0.21388,-0.85908,-0.4675
0.26841,0.0053,0.16479,0.08927,0.10082,0.13914,0.14999,0.18013,0.04628,0.09824,0.14048,0.22114,-0.85994,-0.47422
0.2724,0.00526,0.1688,0.08802,0.10479,0.13997,0.154,0.18474,0.05028,0.10058,0.14446,0.22869,-0.86076,-0.48132
0.27639,0.00522,0.17279,0.0866,0.10877,0.14101,0.158,0.18949,0.05428,0.1032,0.14847,0.23645,-0.8617,-0.48816
0.2804,0.0052,0.1768,0.08536,0.11277,0.14226,0.162,0.19419,0.05829,0.10591,0.15248,0.24443,-0.86273,-0.49521
0.2844,0.00518,0.18082,0.08408,0.11679,0.14362,0.16676,0.19978,0.06229,0.10882,0.15648,0.25267,-0.86367,-0.5042
0.28839,0.00516,0.1848,0.08269,0.12079,0.14505,0.17152,0.20543,0.06629,0.11201,0.16048,0.26114,-0.86464,-0.51452
0.29239,0.00509,0.18878,0.08153,0.12479,0.14687,0.17551,0.21031,0.07026,0.1152,0.16448,0.26989,-0.86563,-0.52336
0.29639,0.00515,0.19277,0.08033,0.12878,0.14868,0.17949,0.21516,0.07426,0.1187,0.1685,0.27887,-0.8666,-0.53336
0.30042,0.00514,0.19679,0.07906,0.13278,0.15059,0.18348,0.22012,0.07828,0.12231,0.1725,0.28816,-0.86732,-0.54159
0.30441,0.00513,0.20079,0.07789,0.1368,0.15262,0.18748,0.22499,0.08228,0.12605,0.17647,0.29763,-0.86811,-0.54895
0.30839,0.00512,0.20479,0.07679,0.14079,0.1548,0.1915,0.22976,0.08628,0.13005,0.18046,0.30747,-0.86884,-0.55412
0.31239,0.00512,0.2088,0.07563,0.14476,0.15712,0.19549,0.23441,0.09028,0.1342,0.18446,0.31757,-0.86978,-0.56261
0.31638,0.0051,0.21279,0.07437,0.14876,0.15954,0.1995,0.23908,0.09428,0.13847,0.18847,0.32792,-0.87078,-0.57369
0.32041,0.00508,0.21681,0.07343,0.15277,0.1619,0.20349,0.24349,0.09831,0.14292,0.19248,0.33862,-0.87178,-0.58388
0.3244,0.00506,0.2208,0.07235,0.15679,0.16445,0.2075,0.24785,0.1023,0.14754,0.19648,0.34961,-0.87274,-0.59129
0.3284,0.00503,0.22479,0.07122,0.16077,0.16715,0.21151,0.25202,0.10628,0.15238,0.20047,0.36081,-0.87363,-0.60081
0.3324,0.005,0.22878,0.07025,0.16479,0.16963,0.2155,0.25598,0.11027,0.15733,0.20449,0.37245,-0.8746,-0.61157
0.33641,0.00496,0.23278,0.06929,0.16878,0.17235,0.21947,0.25962,0.11426,0.16246,0.20848,0.38422,-0.87543,-0.61869
0.34042,0.00491,0.23679,0.0683,0.1728,0.17496,0.22348,0.26327,0.11827,0.16784,0.21246,0.39626,-0.87633,-0.62579
0.34441,0.00487,0.24079,0.0673,0.1768,0.17767,0.2275,0.26643,0.12227,0.17329,0.21647,0.40868,-0.87705,-0.6339
0.34839,0.00483,0.24478,0.06647,0.18078,0.18022,0.23149,0.26925,0.12628,0.17906,0.22049,0.42115,-0.87786,-0.64398
0.35239,0.00478,0.24879,0.06548,0.18476,0.18274,0.23548,0.27179,0.13027,0.18496,0.22448,0.43372,-0.87878,-0.65316
0.3564,0.00472,0.25278,0.06461,0.18876,0.18532,0.23949,0.27374,0.13429,0.19107,0.22847,0.44661,-0.87958,-0.66024
0.3604,0.00468,0.25681,0.06379,0.19278,0.18783,0.24348,0.27548,0.13903,0.19847,0.23246,0.45951,-0.88041,-0.67034
0.3644,0.00463,0.26081,0.06294,0.19678,0.19036,0.2475,0.27672,0.14376,0.206,0.23648,0.47239,-0.88139,-0.68251
0.36841,0.00459,0.26479,0.06209,0.20078,0.19253,0.25151,0.27736,0.14776,0.21297,0.24049,0.4855,-0.88223,-0.69127
0.37239,0.00455,0.26876,0.06116,0.20478,0.19468,0.25548,0.2775,0.15176,0.21983,0.24445,0.49858,-0.88315,-0.69986
0.37642,0.00452,0.27277,0.06044,0.20878,0.19675,0.25947,0.2773,0.15577,0.22713,0.24844,0.51129,-0.88395,-0.71046
0.38041,0.00449,0.27678,0.05958,0.2128,0.19865,0.26347,0.27657,0.15976,0.23455,0.25245,0.52391,-0.88479,-0.7231
0.38441,0.00446,0.28077,0.05873,0.21752,0.20034,0.26748,0.27513,0.16375,0.24221,0.25646,0.53622,-0.88571,-0.73165
0.38839,0.00445,0.28477,0.05793,0.22227,0.20207,0.27148,0.27334,0.16775,0.25001,0.26046,0.54812,-0.88667,-0.73977
0.39238,0.00442,0.28878,0.05698,0.22626,0.20322,0.27548,0.27103,0.17178,0.25813,0.26446,0.5593,-0.88764,-0.75067
0.39639,0.00439,0.29278,0.05624,0.23029,0.20411,0.27948,0.26846,0.17577,0.26645,0.26846,0.5701,-0.88854,-0.76349
0.40041,0.00439,0.2968,0.05543,0.23428,0.20472,0.28348,0.26532,0.17973,0.27489,0.2725,0.5802,-0.88936,-0.76977
0.40442,0.00436,0.3008,0.05466,0.23828,0.20518,0.28751,0.26197,0.18373,0.28375,0.27649,0.58915,-0.8903,-0.77897
0.40842,0.00434,0.30479,0.05385,0.24227,0.20542,0.2915,0.25844,0.18775,0.29277,0.28046,0.59739,-0.89118,-0.79044
0.41241,0.00433,0.30878,0.05304,0.24627,0.20523,0.29549,0.2545,0.19175,0.30195,0.28446,0.6041,-0.89205,-0.8031
0.41644,0.00432,0.31278,0.05234,0.2503,0.20476,0.29948,0.25044,0.19576,0.31133,0.28847,0.60986,-0.89287,-0.81161
0.42044,0.00432,0.3168,0.05161,0.25429,0.20378,0.30348,0.24626,0.19976,0.32096,0.29247,0.61402,-0.89364,-0.82171
0.42441,0.00432,0.32079,0.05089,0.25826,0.2027,0.30749,0.24187,0.20376,0.33073,0.29647,0.61692,-0.89441,-0.83434
0.4284,0.00434,0.32479,0.05022,0.26226,0.20132,0.3115,0.23751,0.20777,0.34064,0.30047,0.6182,-0.89529,-0.84937
0.43239,0.00436,0.3288,0.04949,0.26625,0.19947,0.31548,0.23298,0.21177,0.35085,0.30446,0.61811,-0.89617,-0.85964
0.43641,0.00438,0.33279,0.04891,0.27027,0.19764,0.31948,0.22824,0.21575,0.36109,0.30849,0.61678,-0.89706,-0.87045
0.44041,0.00442,0.33681,0.04827,0.27427,0.19535,0.32349,0.22365,0.21974,0.37134,0.31248,0.61341,-0.89782,-0.88153
0.44441,0.00444,0.3408,0.04762,0.27828,0.19305,0.32752,0.21911,0.22375,0.38177,0.31648,0.60893,-0.8986,-0.89251
0.44841,0.00447,0.34479,0.04705,0.28228,0.19044,0.33151,0.2145,0.22776,0.39223,0.32046,0.60292,-0.89949,-0.90119
0.4524,0.00451,0.34878,0.04646,0.28626,0.1876,0.3355,0.21008,0.23176,0.40268,0.32446,0.59591,-0.90037,-0.90888
0.45643,0.00456,0.35276,0.04581,0.29028,0.18477,0.33948,0.20569,0.23575,0.41304,0.32847,0.58781,-0.90108,-0.91692
0.46042,0.00461,0.35679,0.0453,0.29428,0.18174,0.34348,0.20142,0.23977,0.42342,0.33248,0.579,-0.90185,-0.92814
0.4644,0.00467,0.36079,0.04472,0.29827,0.1786,0.3475,0.19715,0.24377,0.43346,0.33647,0.56942,-0.90272,-0.94017
0.4684,0.00474,0.36479,0.04418,0.30226,0.17551,0.3515,0.19297,0.24776,0.44327,0.34048,0.55939,-0.90357,-0.94952
0.47239,0.00481,0.36879,0.04353,0.30626,0.17228,0.3555,0.18893,0.25173,0.45279,0.34447,0.54898,-0.90441,-0.96235
0.4764,0.00489,0.37279,0.04307,0.31027,0.16908,0.35949,0.18497,0.25573,0.46192,0.34848,0.53851,-0.90506,-0.97406
0.4804,0.00498,0.37682,0.04252,0.31426,0.16591,0.36349,0.18116,0.25975,0.47055,0.3525,0.52776,-0.90587,-0.98809
0.4844,0.00506,0.38081,0.042,0.31828,0.16275,0.3675,0.17743,0.26375,0.47866,0.35649,0.51713,-0.90667,-0.99716
0.48839,0.00517,0.38478,0.04147,0.32228,0.15958,0.37151,0.17384,0.26776,0.48604,0.36048,0.50673,-0.90745,-1.00908
0.4924,0.00527,0.38879,0.04096,0.32627,0.15664,0.3755,0.17035,0.27175,0.49248,0.36447,0.49639,-0.90822,-1.0225
0.49641,0.00537,0.39278,0.04047,0.33029,0.15351,0.37948,0.16701,0.27576,0.49817,0.36846,0.48638,-0.90896,-1.03688
0.50041,0.00548,0.39679,0.03992,0.33429,0.15052,0.38348,0.16374,0.27978,0.50298,0.37246,0.47655,-0.90985,-1.04602
0.50439,0.00559,0.40079,0.03954,0.33829,0.14762,0.38748,0.16075,0.28376,0.50656,0.37648,0.46701,-0.91067,-1.05741
0.50839,0.00577,0.40479,0.03904,0.34227,0.14495,0.3915,0.15764,0.28775,0.50918,0.38048,0.45777,-0.9114,-1.06912
0.51238,0.0058,0.40879,0.03859,0.34625,0.14243,0.39549,0.15472,0.29175,0.51067,0.38449,0.44876,-0.91221,-1.08522
0.5164,0.0059,0.41281,0.03815,0.35028,0.13976,0.3995,0.15201,0.29576,0.51076,0.38849,0.43994,-0.91304,-1.09612
0.5204,0.00598,0.41682,0.03766,0.35428,0.13735,0.4035,0.14937,0.29975,0.50972,0.39249,0.43145,-0.914,-1.10531
0.5244,0.00606,0.42081,0.0373,0.35828,0.1351,0.40752,0.14673,0.30376,0.50744,0.39651,0.42331,-0.91482,-1.11689
0.52839,0.00614,0.42478,0.03689,0.36227,0.13272,0.41153,0.14441,0.30776,0.50391,0.40051,0.41532,-0.91572,-1.12991
0.53241,0.00619,0.42877,0.03649,0.36627,0.13057,0.41552,0.14206,0.31175,0.49969,0.40449,0.40764,-0.91653,-1.14075
0.53641,0.00626,0.43278,0.03611,0.37029,0.12833,0.4195,0.1398,0.31577,0.49416,0.40848,0.40025,-0.91743,-1.15118
0.5404,0.0063,0.43679,0.0357,0.37429,0.12625,0.42349,0.13778,0.31977,0.48821,0.41246,0.3931,-0.9182,-1.16472
0.5444,0.00633,0.4408,0.03536,0.37828,0.12437,0.4275,0.13559,0.32376,0.48108,0.41648,0.38632,-0.91891,-1.17906
0.54839,0.00634,0.44479,0.035,0.38227,0.12235,0.43151,0.13358,0.32775,0.47376,0.42048,0.37979,-0.91973,-1.19166
0.5524,0.00636,0.44879,0.03468,0.38626,0.12052,0.43551,0.13143,0.33174,0.46581,0.42449,0.37342,-0.92053,-1.20242
0.5564,0.00636,0.4528,0.03433,0.39028,0.11858,0.43951,0.12941,0.33575,0.45761,0.42849,0.36742,-0.92128,-1.2184
0.5604,0.00636,0.45679,0.03388,0.39428,0.11694,0.44351,0.12718,0.33976,0.44919,0.43248,0.36155,-0.92219,-1.23895
0.56439,0.00635,0.46079,0.0337,0.3983,0.11511,0.44751,0.12521,0.34377,0.44075,0.43648,0.35599,-0.92292,-1.25604
0.56839,0.00635,0.46478,0.03335,0.40229,0.11345,0.45152,0.12309,0.34776,0.43221,0.44051,0.35044,-0.92381,-1.26336
0.57241,0.0063,0.46878,0.03303,0.40629,0.1118,0.45551,0.12125,0.35176,0.42366,0.4445,0.34532,-0.92463,-1.27719
0.57641,0.00629,0.47279,0.03271,0.41031,0.11023,0.4595,0.1194,0.35575,0.41529,0.44848,0.34017,-0.92535,-1.29256
0.58039,0.00625,0.47679,0.0324,0.4143,0.10853,0.46349,0.1176,0.35977,0.40703,0.45248,0.33525,-0.92611,-1.3081
0.58438,0.00623,0.48079,0.03208,0.41829,0.10709,0.46751,0.116,0.36377,0.39902,0.45647,0.33037,-0.92693,-1.31305
0.58837,0.00618,0.48479,0.03171,0.42227,0.10551,0.47151,0.11433,0.36776,0.39125,0.46049,0.32577,-0.92779,-1.32135
0.59239,0.00615,0.48879,0.03148,0.42627,0.10415,0.4755,0.11254,0.37176,0.38369,0.46448,0.32114,-0.92867,-1.33377
0.59639,0.0061,0.49281,0.03117,0.43027,0.10278,0.4795,0.11095,0.37576,0.37621,0.46848,0.31662,-0.92935,-1.34995
0.60038,0.00606,0.49681,0.03087,0.43428,0.10132,0.4835,0.10927,0.37976,0.36918,0.47248,0.31239,-0.93015,-1.36382
0.6044,0.00602,0.50079,0.03059,0.43828,0.10008,0.48751,0.10788,0.38377,0.36222,0.47648,0.30811,-0.93109,-1.37204
0.6084,0.00598,0.50479,0.0303,0.44228,0.09881,0.49153,0.10641,0.38777,0.35555,0.4805,0.30395,-0.93203,-1.38788
0.61242,0.00592,0.50877,0.03001,0.44627,0.09751,0.49551,0.10483,0.39176,0.34917,0.48449,0.29995,-0.93287,-1.40778
0.6164,0.00588,0.5128,0.02968,0.4503,0.09639,0.49948,0.10347,0.39576,0.34307,0.48848,0.29606,-0.93367,-1.42117
0.6204,0.00583,0.5168,0.02948,0.45429,0.09518,0.50348,0.10205,0.39978,0.33699,0.49247,0.29223,-0.9345,-1.43462
0.62438,0.00576,0.52079,0.02921,0.45903,0.09374,0.50749,0.1005,0.40379,0.33128,0.49646,0.28854,-0.93542,-1.45223
0.62838,0.0057,0.5248,0.02894,0.46378,0.09255,0.5115,0.09918,0.40779,0.32572,0.50048,0.28496,-0.93628,-1.47529
0.6324,0.00566,0.52879,0.02871,0.46777,0.09146,0.5155,0.09777,0.41175,0.32031,0.50448,0.28144,-0.93709,-1.49126
0.6364,0.00558,0.53281,0.02845,0.47179,0.09038,0.51949,0.09643,0.41576,0.31512,0.50848,0.27803,-0.93785,-1.49965
0.6404,0.00551,0.53681,0.02819,0.47578,0.08929,0.52349,0.09511,0.41975,0.31006,0.51247,0.27477,-0.9386,-1.51137
0.6444,0.00543,0.54079,0.02795,0.47978,0.08812,0.5275,0.09369,0.42378,0.30522,0.51647,0.27138,-0.93941,-1.52633
0.6478,0.00536,0.54478,0.02764,0.48378,0.08718,0.53301,0.09225,0.42777,0.30047,0.52049,0.26817,-0.94029,-1.54271
0.64918,0.00533,0.54878,0.02745,0.48778,0.08618,0.537,0.09092,0.43177,0.29586,0.52449,0.26501,-0.94122,-1.54975
0.64906,0.00415,0.5528,0.02721,0.4918,0.08518,0.54099,0.08986,0.43577,0.29135,0.52848,0.26194,-0.94205,-1.56273
0.64623,-0.00261,0.5568,0.02698,0.49579,0.08425,0.54498,0.08876,0.43976,0.28698,0.53247,0.25897,-0.94297,-1.57887
0.64073,-0.00264,0.56079,0.02675,0.49977,0.08319,0.54899,0.08757,0.44378,0.28277,0.53646,0.25593,-0.94389,-1.59497
0.63597,-0.0028,0.5648,0.02652,0.50377,0.08229,0.553,0.08653,0.44777,0.27872,0.54047,0.25301,-0.94474,-1.60626
0.63198,-0.00284,0.56879,0.02629,0.50777,0.08135,0.557,0.08543,0.45176,0.27484,0.54448,0.25023,-0.9456,-1.62732
0.62796,-0.00286,0.57281,0.02608,0.51178,0.08044,0.561,0.08437,0.45575,0.27091,0.54847,0.24737,-0.94644,-1.65226
0.62397,-0.00287,0.5768,0.02585,0.51577,0.07946,0.56499,0.08328,0.45975,0.26714,0.55247,0.24463,-0.94736,-1.67309
0.61998,-0.00287,0.58078,0.02557,0.51978,0.07861,0.56902,0.08234,0.46377,0.2635,0.55647,0.242,-0.94824,-1.68365
0.61598,-0.00288,0.58477,0.02543,0.52377,0.07778,0.57301,0.08127,0.46776,0.25998,0.56049,0.2392,-0.94911,-1.69903
0.61199,-0.00285,0.58877,0.02522,0.52778,0.07695,0.57699,0.08038,0.47175,0.25664,0.56449,0.23661,-0.94996,-1.71677
0.60797,-0.00284,0.59279,0.02502,0.53179,0.07614,0.58098,0.07947,0.47575,0.25327,0.56848,0.23412,-0.95089,-1.73383
0.60397,-0.00282,0.59679,0.02482,0.53578,0.07527,0.58497,0.07853,0.47976,0.24994,0.57245,0.23157,-0.95169,-1.7455
0.59996,-0.00279,0.60078,0.02461,0.53976,0.07455,0.589,0.07759,0.48378,0.24696,0.57645,0.22934,-0.95244,-1.76177
0.59597,-0.00276,0.60477,0.02441,0.54375,0.07372,0.593,0.0766,0.48777,0.2439,0.58046,0.22693,-0.95321,-1.77937
0.59197,-0.00273,0.60878,0.02421,0.54777,0.07305,0.59699,0.07572,0.49176,0.24091,0.58447,0.2247,-0.95416,-1.78857
0.58795,-0.00269,0.61281,0.02401,0.55178,0.07235,0.60099,0.07476,0.49575,0.238,0.58846,0.22252,-0.95504,-1.79112
0.58396,-0.00265,0.6168,0.02369,0.55577,0.07163,0.60499,0.07404,0.49975,0.23531,0.59247,0.22037,-0.95579,-1.80676
0.57999,-0.00261,0.62078,0.02365,0.55977,0.07092,0.60902,0.0732,0.50376,0.23233,0.59647,0.21834,-0.9566,-1.82498
0.576,-0.00256,0.62478,0.0234,0.56378,0.07022,0.613,0.07241,0.50776,0.22973,0.60048,0.2162,-0.9574,-1.84486
0.572,-0.00252,0.62878,0.02319,0.56779,0.06939,0.617,0.07159,0.51175,0.22704,0.60449,0.21427,-0.95821,-1.85552
0.56798,-0.00248,0.63278,0.02299,0.57179,0.06879,0.62099,0.07077,0.51575,0.22433,0.60848,0.21221,-0.95908,-1.87866
0.56397,-0.00242,0.63678,0.0228,0.57578,0.06808,0.62498,0.07007,0.51975,0.22184,0.61246,0.2103,-0.95985,-1.90617
0.55998,-0.00237,0.64078,0.0226,0.57975,0.06743,0.629,0.06933,0.52377,0.21925,0.61645,0.2083,-0.96073,-1.93096
0.55598,-0.00232,0.64477,0.02239,0.58374,0.06675,0.63299,0.06847,0.52777,0.2169,0.62047,0.20643,-0.96166,-1.94555
0.55197,-0.00226,0.64878,0.02219,0.58775,0.066,0.637,0.06781,0.53176,0.21442,0.62447,0.20452,-0.96258,-1.96771
0.54795,-0.0022,0.65195,0.02203,0.59177,0.06542,0.641,0.06706,0.53574,0.21218,0.62847,0.20255,-0.9635,-1.98707
0.54397,-0.00215,0.65313,0.02203,0.59577,0.0648,0.64499,0.06631,0.53974,0.20983,0.63246,0.20078,-0.96436,-1.99648
0.53999,-0.00209,0.65308,0.01973,0.59977,0.06418,0.64902,0.06562,0.54375,0.20768,0.63647,0.19884,-0.96512,-1.98573
0.53599,-0.00203,0.65104,0.01613,0.60377,0.06358,0.65301,0.06481,0.54776,0.20547,0.64048,0.19708,-0.96591,-1.9847
0.53198,-0.00198,0.64702,0.01591,0.60779,0.06296,0.65701,0.06419,0.55175,0.20332,0.64448,0.19522,-0.96681,-1.99546
0.52798,-0.00192,0.64302,0.01569,0.61179,0.06228,0.661,0.06351,0.55576,0.20139,0.64847,0.19342,-0.96763,-2.00744
0.52398,-0.00187,0.63902,0.0155,0.61578,0.06182,0.66499,0.06285,0.55976,0.19931,0.65248,0.19175,-0.96923,-2.03233
0.51999,-0.00181,0.63503,0.01533,0.61977,0.06119,0.66902,0.06217,0.56376,0.19742,0.65647,0.19007,-0.97081,-2.12155
0.51599,-0.00177,0.63103,0.01516,0.62377,0.06048,0.67301,0.06155,0.56776,0.19542,0.66049,0.18827,-0.9717,-2.14716
0.51197,-0.00172,0.627,0.01501,0.62778,0.05992,0.67701,0.06087,0.57174,0.19361,0.66449,0.18672,-0.97257,-2.16638
0.50797,-0.00167,0.62301,0.01486,0.63178,0.05933,0.68102,0.06034,0.57573,0.1918,0.66849,0.18501,-0.97343,-2.18042
0.50397,-0.00163,0.61903,0.0147,0.63577,0.05873,0.68502,0.05974,0.57973,0.1899,0.67249,0.1835,-0.97431,-2.19799
0.49999,-0.00159,0.61503,0.01449,0.63978,0.05812,0.68904,0.05914,0.58375,0.18822,0.67648,0.18198,-0.97525,-2.18997
0.496,-0.00156,0.61104,0.01441,0.64378,0.05753,0.69304,0.05846,0.58775,0.18644,0.68049,0.18039,-0.97621,-2.18042
0.49197,-0.00153,0.60702,0.01427,0.6478,0.05695,0.69701,0.05788,0.59175,0.1847,0.6845,0.17898,-0.97719,-2.18518
0.48796,-0.0015,0.60302,0.01413,0.65179,0.05629,0.701,0.05727,0.59575,0.1831,0.6885,0.1775,-0.97821,-2.20358
0.48397,-0.00147,0.59902,0.014,0.65579,0.05588,0.70502,0.05666,0.59975,0.18141,0.69248,0.17598,-0.97916,-2.21414
0.47997,-0.00146,0.59503,0.01387,0.65978,0.05527,0.70903,0.05612,0.60376,0.17976,0.69647,0.1745,-0.97996,-2.24138
0.47598,-0.00143,0.59102,0.01372,0.66378,0.05468,0.71302,0.05557,0.60776,0.17823,0.70049,0.17322,-0.98077,-2.27768
0.47195,-0.00142,0.587,0.01358,0.6678,0.0542,0.71702,0.05504,0.61176,0.1767,0.70449,0.17186,-0.98154,-2.30997
0.46797,-0.00141,0.58302,0.01344,0.6718,0.05366,0.72102,0.05441,0.61575,0.17506,0.70849,0.17044,-0.9823,-2.32294
0.46397,-0.0014,0.57904,0.01331,0.6758,0.0531,0.72503,0.05388,0.61974,0.17361,0.71251,0.16921,-0.98307,-2.3438
0.45998,-0.00139,0.57504,0.01316,0.6798,0.05251,0.72903,0.05333,0.62375,0.17216,0.7165,0.16793,-0.98387,-2.37104
0.45599,-0.00138,0.57104,0.01304,0.68379,0.05206,0.73302,0.05277,0.62776,0.17062,0.72051,0.1666,-0.98464,-2.39514
0.45196,-0.00138,0.56702,0.01285,0.68781,0.05157,0.737,0.0523,0.63176,0.16926,0.72451,0.16536,-0.98549,-2.39497
0.44798,-0.00137,0.56303,0.01277,0.69181,0.05109,0.74099,0.05176,0.63575,0.16782,0.7285,0.16402,-0.98623,-2.38545
0.44398,-0.00138,0.55902,0.01264,0.6958,0.05056,0.74501,0.05128,0.63976,0.16635,0.73247,0.16281,-0.98704,-2.38148
0.43998,-0.00138,0.55504,0.01251,0.69979,0.05015,0.74902,0.05082,0.64378,0.16502,0.73648,0.16153,-0.98793,-2.39218
0.43596,-0.00138,0.55102,0.01238,0.70378,0.04972,0.75302,0.0503,0.64777,0.16369,0.74049,0.16017,-0.98886,-2.40152
0.43195,-0.00139,0.54702,0.01225,0.70781,0.04929,0.75703,0.0499,0.65177,0.16237,0.74448,0.15895,-0.98971,-2.41445
0.42796,-0.0014,0.54302,0.01212,0.71179,0.04875,0.76102,0.04944,0.65577,0.161,0.74848,0.15765,-0.99041,-2.43647
0.42398,-0.00139,0.53905,0.01199,0.7158,0.04847,0.76503,0.04898,0.65976,0.15977,0.75248,0.15629,-0.99127,-2.46855
0.41999,-0.0014,0.53504,0.01186,0.71981,0.04801,0.76808,0.04859,0.66379,0.15842,0.75647,0.15505,-0.99221,-2.49561
0.41599,-0.00142,0.53102,0.01174,0.72382,0.04759,0.76919,0.04852,0.66778,0.15722,0.76049,0.15372,-0.9931,-2.52458
0.41197,-0.00142,0.52702,0.01162,0.72782,0.04715,0.76911,0.04652,0.67178,0.15601,0.76449,0.15257,-0.99399,-2.56564
0.40797,-0.00143,0.52303,0.01149,0.73182,0.04667,0.76707,0.04463,0.67577,0.15473,0.76849,0.15137,-0.99485,-2.5974
0.40397,-0.00144,0.51903,0.01132,0.7358,0.04629,0.76305,0.04389,0.67977,0.15361,0.77247,0.15008,-0.99567,-2.59182
0.39996,-0.00146,0.51503,0.01124,0.73978,0.04587,0.75906,0.04332,0.68378,0.15238,0.77647,0.14897,-0.99653,-2.59207
0.39595,-0.00147,0.51101,0.01112,0.74379,0.04544,0.75506,0.04273,0.68779,0.15126,0.78047,0.14782,-0.99742,-2.60415
0.39194,-0.00148,0.50701,0.01099,0.7478,0.04492,0.75106,0.04227,0.69177,0.15008,0.78447,0.14669,-0.99834,-2.62488
0.38794,-0.0015,0.50302,0.01087,0.7518,0.0446,0.74707,0.04176,0.69576,0.14901,0.78778,0.14558,-0.9992,-2.62731
0.38396,-0.00151,0.49905,0.01075,0.75579,0.04413,0.74304,0.04127,0.69976,0.14788,0.78913,0.14542,-0.99996,-2.63654
0.37997,-0.00152,0.49505,0.01063,0.7585,0.04383,0.73905,0.04074,0.70379,0.14683,0.78906,0.14533,-1.00071,-2.65912
0.37596,-0.00154,0.49103,0.01051,0.75924,0.04432,0.73506,0.04033,0.70778,0.14572,0.78704,0.1411,-1.00158,-2.6843
0.37195,-0.00155,0.48703,0.01039,0.75929,0.0443,0.73107,0.03989,0.71178,0.14472,0.78306,0.13964,-1.00244,-2.68865
0.36796,-0.00156,0.48303,0.01027,0.75721,0.03986,0.72709,0.03945,0.71579,0.14362,0.77904,0.13841,-1.00336,-2.70491
0.36396,-0.00157,0.47902,0.01014,0.75321,0.03932,0.72306,0.03898,0.71978,0.14267,0.77504,0.13717,-1.00411,-2.73538
0.35996,-0.00158,0.47502,0.01004,0.74921,0.03887,0.71907,0.03858,0.7238,0.14166,0.77104,0.13606,-1.00489,-2.77061
0.35595,-0.00159,0.471,0.00992,0.74521,0.03839,0.71506,0.03813,0.72779,0.14065,0.76706,0.13488,-1.00567,-2.77867
0.35195,-0.00159,0.46701,0.00975,0.74119,0.03804,0.71107,0.03771,0.73178,0.13962,0.76306,0.13376,-1.0067,-2.76663
0.34796,-0.00159,0.46302,0.00967,0.73719,0.03765,0.70706,0.03726,0.73576,0.13858,0.75905,0.13268,-1.00763,-2.77397
0.34397,-0.00159,0.45903,0.00956,0.73322,0.03728,0.70303,0.03688,0.73976,0.13764,0.75505,0.13149,-1.00851,-2.80423
0.33998,-0.00159,0.45425,0.00934,0.72922,0.03685,0.69904,0.03649,0.74379,0.13664,0.75106,0.1304,-1.00926,-2.81906
0.33596,-0.00159,0.44948,0.00918,0.72522,0.03651,0.69506,0.03609,0.74777,0.13573,0.74706,0.12922,-1.01009,-2.83626
0.33196,-0.00159,0.44549,0.00906,0.72121,0.03614,0.69106,0.03569,0.75177,0.1348,0.74305,0.12811,-1.01097,-2.86555
0.32796,-0.00159,0.44149,0.00894,0.71721,0.0358,0.68705,0.03527,0.75576,0.13384,0.73903,0.12691,-1.01184,-2.89277
0.32395,-0.00159,0.43749,0.00884,0.71321,0.03545,0.68304,0.03495,0.75977,0.13294,0.73504,0.1258,-1.01266,-2.88988
0.31997,-0.00159,0.43347,0.00873,0.70921,0.03504,0.67905,0.03459,0.76379,0.132,0.73106,0.12479,-1.01335,-2.88123
0.31594,-0.00159,0.42948,0.00863,0.70518,0.03474,0.67505,0.03424,0.76778,0.13117,0.72708,0.12371,-1.01408,-2.88524
0.31195,-0.0016,0.42548,0.00853,0.70119,0.03441,0.67106,0.03388,0.77177,0.13027,0.72308,0.12272,-1.01485,-2.90167
0.30795,-0.00159,0.4215,0.00844,0.6972,0.03408,0.66704,0.03347,0.77575,0.12933,0.71905,0.12169,-1.01573,-2.92562
0.30397,-0.0016,0.41751,0.0083,0.69321,0.03372,0.66303,0.03317,0.77838,0.12879,0.71506,0.12074,-1.01666,-2.93806
0.29997,-0.00161,0.41349,0.00826,0.68922,0.03334,0.65904,0.03282,0.77915,0.12843,0.71105,0.11974,-1.01754,-2.96453
0.29594,-0.00161,0.40949,0.00817,0.6852,0.03303,0.65503,0.03249,0.77709,0.12459,0.70706,0.11883,-1.01844,-2.99706
0.29195,-0.00162,0.4055,0.00808,0.6812,0.03271,0.65105,0.03217,0.7731,0.12332,0.70305,0.11784,-1.01934,-3.01026
0.28795,-0.00163,0.40149,0.00798,0.67721,0.03238,0.64705,0.03183,0.76912,0.12234,0.69903,0.11695,-1.02018,-3.01045
0.28394,-0.00165,0.39749,0.0079,0.67321,0.03203,0.64304,0.03154,0.76513,0.12137,0.69504,0.116,-1.021,-3.02371
0.27994,-0.00165,0.39347,0.0078,0.66921,0.03164,0.63903,0.03126,0.76111,0.1205,0.69106,0.11509,-1.02179,-3.04517
0.27593,-0.00167,0.38947,0.0077,0.66519,0.03137,0.63504,0.03097,0.7571,0.11956,0.68706,0.11416,-1.02259,-3.06177
0.27194,-0.00173,0.38549,0.00761,0.6612,0.03106,0.63105,0.03068,0.75311,0.11876,0.68305,0.11321,-1.02349,-3.05844
0.26796,-0.00171,0.3815,0.00752,0.65721,0.03073,0.62703,0.03041,0.74911,0.11793,0.67905,0.11237,-1.0244,-3.0782
0.26397,-0.00173,0.37751,0.00743,0.65321,0.03041,0.62303,0.03015,0.74512,0.11707,0.67506,0.11144,-1.02537,-3.10813
0.25997,-0.00176,0.37348,0.00733,0.64921,0.03005,0.61905,0.02985,0.7411,0.11631,0.67105,0.11063,-1.02623,-3.11874
0.25595,-0.00178,0.36949,0.00724,0.64518,0.02976,0.61505,0.02964,0.7371,0.11551,0.66707,0.10975,-1.02715,-3.12302
0.25195,-0.0018,0.3655,0.00714,0.6412,0.02944,0.61105,0.02938,0.7331,0.11467,0.66304,0.10897,-1.02804,-3.14179
0.24795,-0.00184,0.36149,0.00704,0.63719,0.02913,0.60702,0.02913,0.72914,0.11394,0.65904,0.10817,-1.02893,-3.17232
0.24396,-0.00187,0.35749,0.00695,0.63319,0.02882,0.60302,0.02886,0.72515,0.11314,0.65505,0.10733,-1.02984,-3.18272
0.23995,-0.00191,0.35347,0.0068,0.62919,0.02853,0.59903,0.0286,0.72113,0.11241,0.65105,0.10659,-1.0308,-3.19407
0.23594,-0.00195,0.34948,0.00674,0.62517,0.02819,0.59503,0.02835,0.71712,0.11166,0.64705,0.10575,-1.03175,-3.21729
0.23194,-0.00199,0.34549,0.00664,0.62117,0.02795,0.59103,0.02806,0.71312,0.11086,0.64303,0.10498,-1.03252,-3.23793
0.22797,-0.00203,0.3415,0.00654,0.61719,0.02767,0.587,0.02783,0.70912,0.11015,0.63903,0.10414,-1.03321,-3.23246
0.22398,-0.00209,0.3375,0.00642,0.61319,0.0274,0.58302,0.02758,0.70512,0.10944,0.63503,0.10336,-1.03386,-3.22743
0.21998,-0.00214,0.33348,0.00632,0.60919,0.02712,0.57903,0.02736,0.70109,0.10868,0.63103,0.10253,-1.03468,-3.23791
0.21595,-0.00221,0.32948,0.0062,0.60518,0.02684,0.57505,0.02715,0.6971,0.108,0.62703,0.1017,-1.03552,-3.26523
0.21196,-0.00227,0.32549,0.00609,0.60117,0.02652,0.57105,0.02692,0.69312,0.10728,0.62301,0.10095,-1.03635,-3.28149
0.20795,-0.00234,0.32148,0.00597,0.59717,0.02628,0.56703,0.02667,0.68913,0.10652,0.61902,0.10015,-1.03715,-3.29323
0.20396,-0.00242,0.31749,0.00585,0.59317,0.02602,0.56304,0.02641,0.68513,0.10586,0.61504,0.09943,-1.03792,-3.32269
0.19995,-0.00251,0.31348,0.00572,0.58916,0.02574,0.55903,0.0262,0.68112,0.10513,0.61104,0.09868,-1.03885,-3.34869
0.19593,-0.00261,0.30947,0.0056,0.58515,0.02548,0.55504,0.02597,0.67712,0.10437,0.60704,0.09791,-1.03982,-3.34677
0.19195,-0.00271,0.30549,0.00546,0.58116,0.02522,0.55104,0.02574,0.6731,0.10369,0.60303,0.09724,-1.04074,-3.34614
0.18798,-0.00282,0.30151,0.00527,0.57719,0.02499,0.54703,0.02553,0.66912,0.10298,0.59903,0.09653,-1.04163,-3.37795
0.18399,-0.00296,0.29749,0.00517,0.5732,0.02471,0.54303,0.0253,0.66512,0.10224,0.59503,0.09576,-1.0426,-3.40736
0.17997,-0.00315,0.29347,0.00503,0.56918,0.02453,0.53905,0.02508,0.66109,0.10159,0.59102,0.09506,-1.04355,-3.39999
0.17596,-0.00324,0.28947,0.00487,0.56517,0.02429,0.53505,0.02482,0.65711,0.10095,0.58627,0.09422,-1.04446,-3.41051
0.17197,-0.0034,0.28548,0.0047,0.56118,0.02408,0.53106,0.02456,0.6531,0.10026,0.58151,0.09344,-1.04532,-3.4354
0.16797,-0.00358,0.28147,0.00453,0.55717,0.02386,0.52703,0.02436,0.64911,0.09968,0.57752,0.09273,-1.04609,-3.44997
0.16398,-0.00377,0.27747,0.00436,0.55317,0.02364,0.52304,0.02412,0.64511,0.09906,0.57355,0.09201,-1.0468,-3.4374
0.15996,-0.00397,0.27346,0.00416,0.54916,0.02342,0.51904,0.0239,0.6411,0.09839,0.56956,0.09137,-1.04749,-3.43632
0.15596,-0.0042,0.26947,0.00397,0.54517,0.02316,0.51505,0.02368,0.63709,0.09778,0.56554,0.09069,-1.04845,-3.45435
0.15196,-0.00443,0.2655,0.00376,0.54117,0.02296,0.51103,0.02346,0.63309,0.09718,0.56153,0.08999,-1.04936,-3.47885
0.14798,-0.00467,0.26151,0.00348,0.53718,0.02273,0.50703,0.02325,0.6291,0.09659,0.55753,0.08936,-1.05002,-3.47295
0.14399,-0.00502,0.25748,0.00332,0.53319,0.0225,0.50303,0.02302,0.62508,0.09595,0.55353,0.08871,-1.05079,-3.47854
0.13997,-0.00522,0.25348,0.0031,0.52916,0.02226,0.49905,0.02279,0.62109,0.09541,0.54954,0.08801,-1.0517,-3.50818
0.13598,-0.0055,0.24949,0.00286,0.52517,0.02203,0.49506,0.02251,0.6171,0.09482,0.54552,0.0874,-1.05261,-3.54309
0.13198,-0.00582,0.24548,0.00263,0.52118,0.02181,0.49105,0.02228,0.61311,0.0942,0.54152,0.08674,-1.05339,-3.54352
0.12796,-0.00614,0.2415,0.00239,0.51717,0.02155,0.48704,0.02203,0.60837,0.09368,0.53753,0.08604,-1.05418,-3.54448
0.12397,-0.00646,0.23747,0.00215,0.51317,0.02136,0.48304,0.02176,0.60359,0.09296,0.53354,0.08541,-1.05513,-3.5569
0.11995,-0.00692,0.23348,0.00183,0.50915,0.02115,0.47904,0.02146,0.59959,0.0924,0.52955,0.08475,-1.05601,-3.57129
0.11596,-0.00719,0.22949,0.00167,0.50517,0.02094,0.47504,0.02116,0.59558,0.09179,0.52552,0.08407,-1.05694,-3.56508
0.11197,-0.00755,0.22551,0.00144,0.50118,0.02072,0.47103,0.02084,0.59159,0.09127,0.52153,0.08347,-1.0579,-3.5754
0.10799,-0.00794,0.22151,0.0012,0.49719,0.02051,0.46703,0.0206,0.5876,0.09071,0.51753,0.08285,-1.05877,-3.59341
0.10399,-0.0083,0.21748,9.66E-04,0.49319,0.0203,0.46305,0.02034,0.58357,0.09016,0.51353,0.08218,-1.05956,-3.61143
0.09996,-0.00878,0.21273,7.11E-04,0.48917,0.02008,0.45906,0.02008,0.57958,0.08958,0.50952,0.0816,-1.06044,-3.61441
0.09597,-0.00904,0.20799,2.88E-04,0.48518,0.01983,0.45506,0.01984,0.57561,0.08906,0.50551,0.08099,-1.06119,-3.63076
0.09196,-0.00938,0.20398,6.61E-05,0.48118,0.01966,0.45104,0.01961,0.57162,0.08852,0.50151,0.08035,-1.06208,-3.6522
0.08796,-0.00966,0.19997,-2.40E-04,0.47718,0.01947,0.44704,0.01938,0.56762,0.08798,0.49754,0.07978,-1.06301,-3.6551
0.08396,-0.00993,0.19596,-5.30E-04,0.47318,0.01928,0.44305,0.01912,0.5636,0.08739,0.49355,0.07921,-1.06401,-3.6405
0.07994,-0.01015,0.19196,-8.49E-04,0.46917,0.0191,0.43904,0.01895,0.5596,0.08692,0.48954,0.07858,-1.06503,-3.65182
0.07595,-0.01039,0.188,-0.00115,0.46519,0.01891,0.43504,0.01875,0.5556,0.0864,0.48553,0.07801,-1.06591,-3.68548
0.07198,-0.01041,0.18326,-0.00164,0.46119,0.01873,0.43102,0.01856,0.5516,0.08588,0.48153,0.07744,-1.06684,-3.70186
0.06798,-0.01035,0.17849,-0.00193,0.45721,0.01856,0.42703,0.01836,0.54759,0.08535,0.47753,0.07684,-1.06772,-3.69685
0.06397,-0.01017,0.1745,-0.00222,0.4532,0.01839,0.42305,0.0182,0.54359,0.08491,0.47353,0.07621,-1.06848,-3.7038
0.05996,-0.00986,0.1705,-0.00252,0.44919,0.0182,0.41906,0.01803,0.53959,0.08441,0.46952,0.07567,-1.06929,-3.72907
0.05596,-0.00946,0.1665,-0.00279,0.4452,0.01806,0.41506,0.01788,0.53561,0.08394,0.46552,0.07509,-1.07028,-3.73384
0.05196,-0.00901,0.1625,-0.00306,0.4412,0.0179,0.41104,0.0177,0.53161,0.08344,0.46152,0.0745,-1.07124,-3.72885
0.04797,-0.00856,0.15847,-0.0034,0.4372,0.01775,0.40704,0.01753,0.5276,0.08302,0.45754,0.07398,-1.07207,-3.72658
0.04395,-0.00792,0.15449,-0.00356,0.43318,0.0176,0.40303,0.01732,0.5236,0.08255,0.45354,0.07346,-1.07289,-3.7441
0.03994,-0.00778,0.1505,-0.00375,0.42917,0.01745,0.39903,0.01718,0.5196,0.08208,0.44952,0.07292,-1.07372,-3.74246
0.03595,-0.00751,0.1465,-0.00393,0.42518,0.01729,0.39502,0.01702,0.51561,0.08163,0.44553,0.07236,-1.07443,-3.72525
0.03195,-0.00728,0.14249,-0.00405,0.42121,0.01714,0.39101,0.01682,0.5116,0.08113,0.44153,0.07188,-1.07509,-3.72518
0.02795,-0.0071,0.13849,-0.00412,0.41721,0.01699,0.38702,0.01663,0.50758,0.0807,0.43752,0.07138,-1.07599,-3.73502
0.02394,-0.00691,0.13449,-0.00414,0.41319,0.01685,0.38303,0.01646,0.50358,0.08024,0.43352,0.07087,-1.0768,-3.74096
0.01993,-0.00675,0.13049,-0.00411,0.40919,0.0167,0.37904,0.01626,0.4996,0.07978,0.4295,0.07033,-1.0777,-3.74036
0.01594,-0.0066,0.12649,-0.00401,0.40519,0.01653,0.37503,0.01606,0.49561,0.07928,0.42552,0.06986,-1.07866,-3.75747
0.01193,-0.00647,0.12248,-0.00386,0.40118,0.0164,0.37102,0.01586,0.49161,0.07887,0.42153,0.06934,-1.07951,-3.78105
0.00794,-0.00633,0.11848,-0.00367,0.39718,0.01625,0.36703,0.01561,0.4876,0.0784,0.41755,0.0688,-1.08035,-3.7977
0.00392,-0.00623,0.11449,-0.00348,0.39316,0.0161,0.36303,0.01544,0.48359,0.07794,0.41356,0.06831,-1.08122,-3.79858
-7.56E-05,-0.0061,0.11051,-0.00328,0.38918,0.01595,0.35904,0.01523,0.4796,0.07749,0.40953,0.0678,-1.08216,-3.81451
-0.00407,-0.00601,0.10651,-0.00311,0.38517,0.01579,0.35501,0.01502,0.4756,0.07698,0.40553,0.0673,-1.083,-3.82586
-0.00805,-0.00592,0.1025,-0.00294,0.38119,0.01563,0.35102,0.01479,0.4716,0.07658,0.40154,0.06677,-1.08381,-3.80657
-0.01206,-0.00582,0.09849,-0.00278,0.3772,0.01547,0.34702,0.01457,0.46758,0.07615,0.39753,0.06629,-1.08466,-3.80235
-0.01608,-0.00572,0.0945,-0.00264,0.37317,0.01531,0.34304,0.01434,0.46359,0.07572,0.39351,0.06581,-1.08548,-3.8218
-0.02008,-0.00564,0.0905,-0.00251,0.36919,0.01513,0.33905,0.01412,0.45959,0.07525,0.38951,0.06533,-1.08645,-3.84211
-0.02408,-0.00553,0.0865,-0.00238,0.36518,0.01492,0.33503,0.01386,0.45562,0.07488,0.38552,0.0648,-1.08728,-3.82929
-0.02808,-0.00543,0.08249,-0.00229,0.36119,0.01479,0.33102,0.01368,0.45161,0.07447,0.38153,0.06435,-1.088,-3.82294
-0.03207,-0.0053,0.07848,-0.0022,0.35718,0.01462,0.32703,0.01346,0.44759,0.07408,0.37755,0.06386,-1.08882,-3.83634
-0.0361,-0.00519,0.07448,-0.00212,0.35316,0.01444,0.32303,0.01323,0.4436,0.07368,0.37354,0.06339,-1.08962,-3.85827
-0.04007,-0.00504,0.0705,-0.00208,0.34917,0.01426,0.31904,0.01301,0.4396,0.0733,0.36952,0.06287,-1.09054,-3.85119
-0.04406,-0.00493,0.06651,-0.00203,0.34518,0.01407,0.31502,0.01277,0.43559,0.07286,0.36553,0.06242,-1.09149,-3.85009
-0.04805,-0.00477,0.0625,-0.00199,0.34119,0.01387,0.31102,0.0125,0.43159,0.0725,0.36153,0.06194,-1.09239,-3.87335
-0.05204,-0.00462,0.05851,-0.00197,0.33719,0.01367,0.30703,0.01224,0.42757,0.07209,0.35753,0.06146,-1.09323,-3.88936
-0.05606,-0.00448,0.0545,-0.00195,0.33316,0.01347,0.30304,0.01191,0.42357,0.07169,0.35352,0.06094,-1.09402,-3.88559
-0.06006,-0.00432,0.0505,-0.00193,0.32918,0.0132,0.29904,0.01168,0.41961,0.07126,0.34951,0.06051,-1.09492,-3.88986
-0.06405,-0.00417,0.04651,-0.0019,0.32517,0.01304,0.29501,0.01141,0.41561,0.0708,0.34552,0.06004,-1.09583,-3.91125
-0.06805,-0.00401,0.04249,-0.00189,0.32117,0.01282,0.29102,0.01112,0.4116,0.07043,0.34153,0.05956,-1.09667,-3.92445
-0.07205,-0.00379,0.03848,-0.00188,0.31718,0.01259,0.28702,0.01081,0.40758,0.07003,0.33754,0.05903,-1.09761,-3.91575
-0.07609,-0.00373,0.03449,-0.00185,0.31317,0.01236,0.28302,0.01049,0.40358,0.06961,0.33351,0.05856,-1.09852,-3.92661
-0.08007,-0.00358,0.03049,-0.00184,0.30916,0.01211,0.279,0.01009,0.39959,0.0692,0.32951,0.05808,-1.09938,-3.94267
-0.08406,-0.00346,0.0265,-0.00182,0.30517,0.01185,0.27499,0.00982,0.39559,0.06875,0.32552,0.05757,-1.10026,-3.94525
-0.08804,-0.00332,0.02248,-0.0018,0.30118,0.01152,0.27099,0.00952,0.39159,0.06839,0.32151,0.05697,-1.1012,-3.93309
-0.09204,-0.00319,0.01849,-0.00179,0.29717,0.01129,0.26625,0.00909,0.38758,0.06799,0.31753,0.05649,-1.10211,-3.93754
-0.09604,-0.00308,0.01449,-0.00177,0.29316,0.01101,0.26151,0.00852,0.38357,0.06758,0.31352,0.05596,-1.10302,-3.95031
-0.10004,-0.00297,0.01049,-0.00176,0.28916,0.01072,0.25749,0.00824,0.3796,0.06718,0.30952,0.05541,-1.10389,-3.93836
-0.10404,-0.00287,0.0065,-0.00177,0.28515,0.0104,0.25348,0.00787,0.37561,0.06673,0.30552,0.0548,-1.10483,-3.93078
-0.10804,-0.00278,0.00247,-0.00175,0.28115,0.01005,0.24948,0.00747,0.37159,0.06636,0.30154,0.05429,-1.10568,-3.94242
-0.11206,-0.00268,-0.00151,-0.00175,0.27715,0.00974,0.24549,0.00707,0.3676,0.06595,0.29755,0.0537,-1.10652,-3.95903
-0.11606,-0.00259,-0.0055,-0.00175,0.27239,0.00935,0.24148,0.00656,0.36359,0.06555,0.29352,0.053,-1.10736,-3.95266
-0.12006,-0.00251,-0.00949,-0.00176,0.26764,0.00891,0.23747,0.00618,0.35959,0.06515,0.28952,0.05241,-1.1082,-3.95616
-0.12402,-0.00245,-0.0135,-0.00177,0.26365,0.0086,0.23347,0.00572,0.35559,0.0647,0.28552,0.05174,-1.10902,-3.97595
-0.12801,-0.00237,-0.01751,-0.00177,0.25965,0.0082,0.22947,0.00527,0.35157,0.06434,0.28152,0.05094,-1.10984,-3.99692
-0.13203,-0.00231,-0.02151,-0.00179,0.25563,0.00796,0.22549,0.00472,0.34759,0.06393,0.27752,0.05025,-1.11061,-3.99081
-0.13605,-0.00226,-0.02551,-0.0018,0.25164,0.00764,0.2215,0.00432,0.3436,0.06353,0.2735,0.0494,-1.11142,-3.9875
-0.14003,-0.00221,-0.02951,-0.0018,0.24763,0.00731,0.21748,0.00386,0.33961,0.06314,0.26951,0.04861,-1.11218,-3.99594
-0.14403,-0.00215,-0.03351,-0.00182,0.24364,0.00697,0.21349,0.00341,0.3356,0.06266,0.26553,0.04773,-1.1131,-4.0055
-0.14802,-0.00211,-0.03752,-0.00183,0.23962,0.00654,0.20948,0.00287,0.33158,0.06229,0.26155,0.04681,-1.11404,-3.9865
-0.15204,-0.00206,-0.04151,-0.00184,0.23561,0.00624,0.20548,0.00251,0.32759,0.06186,0.25754,0.04589,-1.11494,-3.97335
-0.15604,-0.00203,-0.04549,-0.00186,0.23162,0.00586,0.20148,0.00212,0.32359,0.06142,0.25352,0.04482,-1.11586,-3.97732
-0.16003,-0.00199,-0.04948,-0.00186,0.22764,0.00548,0.19747,0.00175,0.31958,0.06097,0.24953,0.04386,-1.11671,-3.99273
-0.16401,-0.00195,-0.05349,-0.00187,0.22365,0.00501,0.19347,0.00139,0.31558,0.06045,0.24553,0.0427,-1.11751,-3.98285
-0.168,-0.00192,-0.0575,-0.00188,0.21964,0.00465,0.18949,9.89E-04,0.31158,0.06001,0.24152,0.04163,-1.11836,-3.98397
-0.17202,-0.0019,-0.06149,-0.00189,0.21562,0.00425,0.18475,7.89E-04,0.30759,0.05949,0.23752,0.04045,-1.11928,-4.00431
-0.17601,-0.00187,-0.06549,-0.00189,0.21164,0.00384,0.17998,4.84E-04,0.30359,0.05896,0.23351,0.03922,-1.1202,-4.01922
-0.18001,-0.00184,-0.06947,-0.0019,0.20763,0.00336,0.17597,3.34E-04,0.2996,0.05834,0.22951,0.03809,-1.12105,-4.01486
-0.18401,-0.00181,-0.07349,-0.00191,0.20364,0.00298,0.17198,2.32E-04,0.29559,0.05781,0.22554,0.03682,-1.12196,-4.02639
-0.18801,-0.00179,-0.0775,-0.00191,0.19963,0.00259,0.16798,1.99E-04,0.29157,0.0572,0.22154,0.03576,-1.1229,-4.04902
-0.19203,-0.00173,-0.08148,-0.00191,0.19562,0.00217,0.16398,2.29E-04,0.28758,0.05649,0.21753,0.03474,-1.12369,-4.05174
-0.19602,-0.00175,-0.08546,-0.00191,0.19162,0.0018,0.15996,3.12E-04,0.28357,0.05587,0.21352,0.03385,-1.12464,-4.03717
-0.20001,-0.00173,-0.08946,-0.00191,0.18764,0.00134,0.15596,4.17E-04,0.27958,0.05515,0.20952,0.03295,-1.1256,-4.04339
-0.204,-0.00171,-0.09346,-0.0019,0.18366,0.00106,0.15196,5.36E-04,0.27557,0.05435,0.20552,0.03236,-1.12654,-4.05314
-0.208,-0.00169,-0.09747,-0.0019,0.17887,7.60E-04,0.14798,6.81E-04,0.27156,0.05359,0.20152,0.03181,-1.12746,-4.03356
-0.21202,-0.00168,-0.10146,-0.0019,0.17412,3.91E-04,0.14399,7.87E-04,0.26757,0.0528,0.1975,0.03119,-1.12824,-4.0245
-0.21602,-0.00167,-0.10546,-0.00189,0.17013,1.56E-04,0.13997,8.86E-04,0.2636,0.05184,0.19349,0.03084,-1.12911,-4.03414
-0.22003,-0.00165,-0.10946,-0.00188,0.16613,-1.09E-04,0.13598,9.54E-04,0.2596,0.05101,0.18953,0.03042,-1.13006,-4.04901
-0.22403,-0.00163,-0.11349,-0.00187,0.16213,-1.83E-04,0.13197,9.96E-04,0.25559,0.05004,0.18554,0.03,-1.13103,-4.0356
-0.22802,-0.00162,-0.11749,-0.00186,0.15811,-2.57E-04,0.12797,0.00104,0.25158,0.04916,0.18155,0.02943,-1.13202,-4.03679
-0.23205,-0.0016,-0.12147,-0.00186,0.15411,-2.42E-04,0.12397,0.00106,0.24759,0.04822,0.17752,0.02901,-1.13292,-4.05187
-0.23603,-0.00159,-0.12544,-0.00185,0.15013,-1.85E-04,0.11995,0.00107,0.24358,0.04717,0.17353,0.0285,-1.13379,-4.0573
-0.24001,-0.00158,-0.12943,-0.00183,0.14614,-7.94E-05,0.11596,0.00107,0.2396,0.04626,0.16953,0.02794,-1.13457,-4.04717
-0.244,-0.00157,-0.13345,-0.00182,0.14214,7.76E-05,0.11197,0.00105,0.23557,0.04516,0.16552,0.02723,-1.13541,-4.05429
-0.24799,-0.00155,-0.13745,-0.00181,0.13813,2.23E-04,0.10799,0.00103,0.23157,0.04423,0.16153,0.02671,-1.13637,-4.07269
-0.25202,-0.00155,-0.14145,-0.0018,0.13413,3.75E-04,0.104,9.79E-04,0.22758,0.04315,0.15751,0.02608,-1.13738,-4.07899
-0.25601,-0.00153,-0.14544,-0.00178,0.13013,5.03E-04,0.09997,9.44E-04,0.2236,0.04224,0.15351,0.02531,-1.13828,-4.07474
-0.26001,-0.00153,-0.14944,-0.00177,0.12613,6.24E-04,0.09598,8.69E-04,0.2196,0.04119,0.14953,0.02471,-1.13914,-4.08662
-0.26401,-0.00152,-0.15347,-0.00176,0.12212,7.24E-04,0.09196,7.87E-04,0.21558,0.04034,0.14554,0.02403,-1.14006,-4.09832
-0.26802,-0.00151,-0.15746,-0.00175,0.11813,8.05E-04,0.08796,7.09E-04,0.21159,0.03942,0.14154,0.02325,-1.14092,-4.08316
-0.27203,-0.0015,-0.16145,-0.00173,0.11412,8.63E-04,0.08397,6.15E-04,0.20759,0.03865,0.13753,0.02263,-1.14173,-4.07531
-0.27602,-0.0015,-0.16542,-0.00172,0.11016,9.11E-04,0.07995,5.04E-04,0.20359,0.03794,0.13353,0.02186,-1.14263,-4.08089
-0.28001,-0.00149,-0.16943,-0.0017,0.10617,9.47E-04,0.07597,4.05E-04,0.19959,0.03719,0.12953,0.02118,-1.14358,-4.0827
-0.284,-0.00149,-0.17344,-0.00169,0.10215,9.84E-04,0.07198,2.98E-04,0.19557,0.03661,0.12553,0.02048,-1.14446,-4.05575
-0.288,-0.00148,-0.17744,-0.00168,0.09814,9.94E-04,0.06799,1.89E-04,0.19156,0.03605,0.12152,0.01968,-1.14546,-4.04998
-0.29202,-0.00148,-0.18144,-0.00166,0.09414,9.80E-04,0.06399,7.81E-05,0.1876,0.03549,0.11751,0.01901,-1.1464,-4.06416
-0.296,-0.00147,-0.18544,-0.00166,0.09015,9.62E-04,0.05997,-1.21E-04,0.18361,0.03484,0.11352,0.01829,-1.14719,-4.07547
-0.30001,-0.00147,-0.18943,-0.00163,0.08615,9.20E-04,0.05599,-1.51E-04,0.1796,0.03435,0.10956,0.01746,-1.14804,-4.07103
-0.30401,-0.00147,-0.19345,-0.00162,0.08214,8.71E-04,0.05198,-2.57E-04,0.17559,0.03379,0.10556,0.0168,-1.14893,-4.08902
-0.30802,-0.00147,-0.19744,-0.00161,0.07813,7.73E-04,0.04798,-3.53E-04,0.1716,0.03321,0.10155,0.016,-1.14986,-4.11474
-0.31203,-0.00147,-0.20141,-0.0016,0.07414,7.18E-04,0.04397,-4.70E-04,0.1676,0.03248,0.09753,0.01532,-1.1508,-4.1182
-0.31603,-0.00147,-0.2054,-0.00158,0.07016,6.20E-04,0.03997,-5.67E-04,0.1636,0.03193,0.09353,0.01461,-1.15177,-4.11572
-0.32001,-0.00147,-0.20942,-0.00157,0.06618,5.47E-04,0.03597,-6.72E-04,0.15958,0.03127,0.08953,0.01381,-1.15268,-4.12342
-0.32399,-0.00147,-0.21343,-0.00156,0.06215,4.45E-04,0.03197,-7.78E-04,0.15557,0.03045,0.08553,0.01317,-1.15355,-4.13125
-0.32802,-0.00147,-0.21743,-0.00155,0.05816,3.44E-04,0.02797,-8.74E-04,0.15157,0.02984,0.08152,0.01246,-1.15436,-4.10496
-0.33202,-0.00148,-0.22144,-0.00153,0.05416,2.49E-04,0.02395,-9.72E-04,0.1476,0.02915,0.07751,0.01169,-1.15527,-4.08279
-0.33602,-0.00148,-0.22543,-0.00153,0.05015,1.48E-04,0.01996,-0.00106,0.1436,0.02829,0.07352,0.01108,-1.15615,-4.07508
-0.34003,-0.00149,-0.22944,-0.00151,0.04616,5.00E-05,0.01596,-0.00116,0.13959,0.02764,0.06954,0.01042,-1.15696,-4.08795
-0.34402,-0.00149,-0.23344,-0.0015,0.04213,-4.87E-05,0.01196,-0.00125,0.13559,0.02687,0.06479,0.00955,-1.15797,-4.08185
-0.34803,-0.0015,-0.23743,-0.00149,0.03814,-1.50E-04,0.00797,-0.00132,0.13158,0.02608,0.05999,0.00878,-1.15892,-4.0796
-0.35203,-0.0015,-0.24141,-0.00148,0.03414,-2.50E-04,0.00395,-0.00142,0.12758,0.02536,0.056,0.00806,-1.15973,-4.08466
-0.35601,-0.00152,-0.2454,-0.00147,0.03015,-3.61E-04,-6.04E-05,-0.0015,0.12359,0.02449,0.052,0.00752,-1.16057,-4.09663
-0.36,-0.00152,-0.24942,-0.00146,0.02614,-4.55E-04,-0.00479,-0.00161,0.11957,0.02377,0.04799,0.00693,-1.1614,-4.09766
-0.36399,-0.00153,-0.25342,-0.00145,0.02212,-5.55E-04,-0.00954,-0.00168,0.11556,0.02302,0.044,0.00628,-1.16218,-4.11589
-0.36801,-0.00154,-0.25743,-0.00144,0.01813,-6.61E-04,-0.01355,-0.00175,0.11158,0.02212,0.03999,0.00577,-1.16313,-4.13473
-0.37201,-0.00156,-0.26142,-0.00144,0.01413,-7.56E-04,-0.01755,-0.0018,0.10761,0.02139,0.036,0.00524,-1.16407,-4.14248
-0.37601,-0.00156,-0.26541,-0.00143,0.01014,-8.49E-04,-0.02155,-0.00186,0.10361,0.0206,0.032,0.00471,-1.16502,-4.12679
-0.38002,-0.00158,-0.26943,-0.00142,0.00613,-9.50E-04,-0.02556,-0.00191,0.09958,0.01971,0.028,0.00413,-1.16598,-4.13196
-0.38401,-0.00159,-0.27342,-0.00141,0.00209,-0.00104,-0.02955,-0.00196,0.0956,0.01897,0.02397,0.00371,-1.16683,-4.1386
-0.38804,-0.00161,-0.27742,-0.00141,-0.00189,-0.00112,-0.03357,-0.002,0.09158,0.0181,0.01998,0.00326,-1.16776,-4.11834
-0.39203,-0.00162,-0.2814,-0.0014,-0.00587,-0.00121,-0.03758,-0.00203,0.08757,0.01737,0.01598,0.00282,-1.1685,-4.10267
-0.39601,-0.00164,-0.28539,-0.0014,-0.00988,-0.00137,-0.04157,-0.00206,0.08359,0.0166,0.01198,0.00233,-1.16938,-4.10428
-0.39999,-0.00166,-0.28942,-0.00139,-0.01388,-0.00137,-0.04553,-0.00209,0.07957,0.01572,0.00799,0.002,-1.17038,-4.11724
-0.404,-0.00168,-0.29341,-0.00138,-0.01789,-0.00144,-0.04953,-0.00212,0.07557,0.01503,0.00397,0.00163,-1.17119,-4.1093
-0.40803,-0.00169,-0.29742,-0.00138,-0.02189,-0.00152,-0.05354,-0.00214,0.07159,0.01428,-3.58E-05,0.00128,-1.17201,-4.10634
-0.41202,-0.00171,-0.30141,-0.00138,-0.02589,-0.00157,-0.05754,-0.00216,0.06759,0.01344,-0.00403,9.52E-04,-1.17287,-4.11722
-0.41602,-0.00174,-0.30541,-0.00137,-0.02988,-0.00163,-0.06154,-0.00218,0.0636,0.01277,-0.00878,5.92E-04,-1.17369,-4.1223
-0.42004,-0.00176,-0.30943,-0.00137,-0.0339,-0.00169,-0.06555,-0.00219,0.05958,0.01204,-0.01353,2.58E-04,-1.17431,-4.11174
-0.42404,-0.00178,-0.31342,-0.00137,-0.0379,-0.00174,-0.06954,-0.0022,0.05559,0.01121,-0.01754,1.59E-05,-1.175,-4.10697
-0.42805,-0.00181,-0.31743,-0.00137,-0.04188,-0.00178,-0.07356,-0.00221,0.05158,0.01061,-0.02154,-2.30E-04,-1.17566,-4.116
-0.43205,-0.00183,-0.3214,-0.00136,-0.04585,-0.00183,-0.07757,-0.00222,0.04759,0.00991,-0.02554,-4.48E-04,-1.17611,-4.12504
-0.43602,-0.00186,-0.3254,-0.00137,-0.04985,-0.00186,-0.08156,-0.00221,0.04283,0.00902,-0.02954,-6.53E-04,-1.17648,-4.13158
-0.44,-0.00188,-0.32941,-0.00136,-0.05387,-0.0019,-0.08553,-0.00221,0.03804,0.00822,-0.03356,-8.37E-04,-1.17707,-4.13226
-0.44401,-0.00191,-0.33341,-0.00136,-0.05788,-0.00192,-0.08953,-0.00221,0.03404,0.00751,-0.03757,-0.00101,-1.17744,-4.12631
-0.44803,-0.00197,-0.3374,-0.00136,-0.06261,-0.00198,-0.09355,-0.00221,0.03004,0.00695,-0.04156,-0.00122,-1.17793,-4.12304
-0.45201,-0.00199,-0.34139,-0.00137,-0.06736,-0.002,-0.09755,-0.00221,0.02603,0.00636,-0.04553,-0.00129,-1.1785,-4.1301
-0.45602,-0.00202,-0.34539,-0.00136,-0.07136,-0.00203,-0.10155,-0.00221,0.02202,0.00572,-0.04953,-0.00144,-1.17901,-4.14392
-0.46002,-0.00206,-0.34942,-0.00137,-0.07539,-0.00204,-0.10556,-0.0022,0.01802,0.0052,-0.05354,-0.00154,-1.17945,-4.15682
-0.46404,-0.0021,-0.3534,-0.00137,-0.07938,-0.00205,-0.10955,-0.0022,0.01403,0.00468,-0.05755,-0.00165,-1.17998,-4.16675
-0.46804,-0.00215,-0.35738,-0.00137,-0.08336,-0.00206,-0.11357,-0.00218,0.01003,0.00418,-0.06156,-0.00174,-1.18043,-4.16235
-0.47049,-0.00217,-0.36137,-0.00137,-0.08734,-0.00207,-0.11757,-0.00217,0.00603,0.00365,-0.06554,-0.00182,-1.1808,-4.15016
,,-0.36538,-0.00138,-0.09135,-0.00208,-0.12155,-0.00216,0.002,0.0032,-0.06953,-0.00189,-1.18125,-4.1365
,,-0.36939,-0.00138,-0.09536,-0.00208,-0.12553,-0.00216,-0.00199,0.00278,-0.0743,-0.00198,-1.18169,-4.12979
,,-0.37338,-0.00139,-0.09936,-0.00209,-0.12953,-0.00214,-0.00597,0.00237,-0.07904,-0.00205,-1.18207,-4.12827
,,-0.37738,-0.00139,-0.10336,-0.00209,-0.13355,-0.00213,-0.00997,0.00198,-0.08303,-0.0021,-1.18262,-4.13152
,,-0.38018,-0.00139,-0.10736,-0.00208,-0.13755,-0.00212,-0.01397,0.0016,-0.08701,-0.00214,-1.18328,-4.13277
,,,,-0.11136,-0.00208,-0.14153,-0.00211,-0.01798,0.00124,-0.09101,-0.00217,-1.18372,-4.12221
,,,,-0.11538,-0.00208,-0.14554,-0.00209,-0.02198,9.40E-04,-0.09502,-0.0022,-1.18414,-4.10657
,,,,-0.11938,-0.00207,-0.14953,-0.00209,-0.02674,6.73E-04,-0.09902,-0.00222,-1.18456,-4.0944
,,,,-0.12335,-0.00207,-0.15357,-0.00208,-0.03148,3.01E-04,-0.10303,-0.00225,-1.18506,-4.093
,,,,-0.12734,-0.00206,-0.15756,-0.00206,-0.0355,5.44E-05,-0.10702,-0.00226,-1.18582,-4.09838
,,,,-0.13135,-0.00205,-0.16155,-0.00205,-0.03951,-1.75E-04,-0.11103,-0.00227,-1.18638,-4.10874
,,,,-0.13537,-0.00205,-0.16553,-0.00204,-0.04348,-3.81E-04,-0.11505,-0.00228,-1.18681,-4.11602
,,,,-0.13935,-0.00203,-0.16953,-0.00203,-0.04746,-6.34E-04,-0.11904,-0.00229,-1.18726,-4.11512
,,,,-0.14336,-0.00202,-0.17354,-0.00202,-0.05147,-7.54E-04,-0.12303,-0.0023,-1.18775,-4.10894
,,,,-0.14734,-0.00202,-0.17754,-0.002,-0.05549,-9.04E-04,-0.12701,-0.00229,-1.18819,-4.10888
,,,,-0.15137,-0.002,-0.18154,-0.00199,-0.05948,-0.00105,-0.13101,-0.0023,-1.18855,-4.1153
,,,,-0.15537,-0.00199,-0.18552,-0.00198,-0.06348,-0.00117,-0.13503,-0.0023,-1.18894,-4.12523
,,,,-0.15937,-0.00198,-0.18955,-0.00197,-0.06748,-0.0013,-0.13902,-0.0023,-1.18916,-4.13117
,,,,-0.16334,-0.00197,-0.19356,-0.00196,-0.07148,-0.0014,-0.14303,-0.0023,-1.18952,-4.14595
,,,,-0.16733,-0.00196,-0.19754,-0.00194,-0.07551,-0.00149,-0.14703,-0.00229,-1.19004,-4.16071
,,,,-0.17135,-0.00195,-0.20152,-0.00193,-0.07949,-0.00157,-0.15103,-0.00228,-1.19049,-4.16012
,,,,-0.17536,-0.00194,-0.20551,-0.00192,-0.08347,-0.00164,-0.15505,-0.00228,-1.19087,-4.15512
,,,,-0.17936,-0.00192,-0.20951,-0.00191,-0.08746,-0.00171,-0.15904,-0.00227,-1.19028,-4.13295
,,,,-0.18337,-0.00191,-0.21354,-0.00191,-0.09146,-0.00176,-0.16301,-0.00226,-1.1893,-4.10051
,,,,-0.18736,-0.0019,-0.21753,-0.00189,-0.09548,-0.00181,-0.167,-0.00226,-1.18828,-4.08148
,,,,-0.19137,-0.00189,-0.22154,-0.00189,-0.09947,-0.00185,-0.17102,-0.00225,-1.1873,-4.03924
,,,,-0.19537,-0.00188,-0.22554,-0.00188,-0.10348,-0.00188,-0.17503,-0.00224,-1.18628,-3.99822
,,,,-0.19935,-0.00187,-0.22955,-0.00187,-0.10748,-0.00191,-0.17903,-0.00223,-1.1853,-3.97027
,,,,-0.20334,-0.00186,-0.23356,-0.00186,-0.11149,-0.00193,-0.18302,-0.00222,-1.18429,-3.93235
,,,,-0.20733,-0.00184,-0.23754,-0.00186,-0.11551,-0.00195,-0.18703,-0.00221,-1.18331,-3.89515
,,,,-0.21135,-0.00183,-0.24152,-0.00185,-0.12024,-0.00199,-0.19104,-0.0022,-1.18231,-3.8775
,,,,-0.21535,-0.00183,-0.24552,-0.00184,-0.12497,-0.00201,-0.19505,-0.00218,-1.18129,-3.85521
,,,,-0.21936,-0.00181,-0.24953,-0.00184,-0.12895,-0.00202,-0.19903,-0.00218,-1.18029,-3.82214
,,,,-0.22336,-0.00181,-0.25353,-0.00183,-0.13297,-0.00202,-0.20301,-0.00221,-1.1793,-3.81324
,,,,-0.22735,-0.00179,-0.25754,-0.00183,-0.13697,-0.00203,-0.207,-0.00216,-1.17828,-3.79699
,,,,-0.23138,-0.00179,-0.26153,-0.00183,-0.14097,-0.00207,-0.21102,-0.00215,-1.1773,-3.75553
,,,,-0.23537,-0.00178,-0.26554,-0.00182,-0.14496,-0.00202,-0.21503,-0.00215,-1.17629,-3.73071
,,,,-0.23937,-0.00177,-0.26956,-0.00182,-0.14895,-0.00202,-0.21903,-0.00213,-1.1753,-3.7202
,,,,-0.24334,-0.00176,-0.27355,-0.00181,-0.15298,-0.00202,-0.22302,-0.00213,-1.17429,-3.69573
,,,,-0.24734,-0.00175,-0.27754,-0.00182,-0.15698,-0.00201,-0.22703,-0.00213,-1.17329,-3.66886
,,,,-0.25136,-0.00175,-0.28154,-0.00181,-0.16096,-0.002,-0.23105,-0.00212,-1.17228,-3.65656
,,,,-0.25535,-0.00177,-0.28553,-0.00184,-0.16495,-0.002,-0.23505,-0.00211,-1.1713,-3.62675
,,,,-0.25935,-0.00174,-0.28955,-0.00181,-0.16895,-0.00198,-0.23903,-0.00211,-1.17028,-3.58866
,,,,-0.26335,-0.00173,-0.29354,-0.00181,-0.17297,-0.00198,-0.24302,-0.0021,-1.1693,-3.57438
,,,,-0.26735,-0.00173,-0.29754,-0.00181,-0.17697,-0.00197,-0.24701,-0.0021,-1.1683,-3.55356
,,,,-0.27137,-0.00173,-0.30154,-0.00182,-0.18098,-0.00196,-0.25103,-0.00209,-1.1673,-3.51216
,,,,-0.27537,-0.00172,-0.30553,-0.00182,-0.18498,-0.00195,-0.25502,-0.00209,-1.16628,-3.49017
,,,,-0.27935,-0.00172,-0.30956,-0.00183,-0.18898,-0.00193,-0.25902,-0.00209,-1.16531,-3.48303
,,,,-0.28334,-0.00171,-0.31356,-0.00183,-0.193,-0.00192,-0.26302,-0.00209,-1.16427,-3.46206
,,,,-0.28735,-0.00172,-0.31756,-0.00183,-0.19698,-0.00191,-0.26701,-0.00208,-1.1633,-3.44269
,,,,-0.29136,-0.00171,-0.32154,-0.00184,-0.20096,-0.00191,-0.27104,-0.00208,-1.16229,-3.43277
,,,,-0.29535,-0.00171,-0.32554,-0.00184,-0.20494,-0.00189,-0.27502,-0.00208,-1.16128,-3.41195
,,,,-0.29935,-0.00171,-0.32956,-0.00184,-0.20894,-0.00188,-0.27901,-0.00208,-1.16029,-3.37995
,,,,-0.30336,-0.00172,-0.33355,-0.00185,-0.21296,-0.00188,-0.28301,-0.00207,-1.15929,-3.36537
,,,,-0.30737,-0.00172,-0.33756,-0.00186,-0.21695,-0.00186,-0.28701,-0.00208,-1.15829,-3.35118
,,,,-0.31138,-0.00172,-0.34156,-0.00186,-0.22096,-0.00186,-0.29102,-0.00208,-1.15729,-3.31497
,,,,-0.31539,-0.00172,-0.34556,-0.00186,-0.22495,-0.00185,-0.29502,-0.00209,-1.15632,-3.29446
,,,,-0.31936,-0.00172,-0.34926,-0.00187,-0.22898,-0.00184,-0.29903,-0.00208,-1.15528,-3.28411
,,,,-0.32336,-0.00173,,,-0.23299,-0.00184,-0.30302,-0.00209,-1.1543,-3.2537
,,,,-0.32737,-0.00173,,,-0.23697,-0.00183,-0.30704,-0.00209,-1.15331,-3.23029
,,,,-0.33137,-0.00173,,,-0.24095,-0.00183,-0.31105,-0.00209,-1.15231,-3.22275
,,,,-0.33537,-0.00174,,,-0.24494,-0.00182,-0.31504,-0.0021,-1.15129,-3.20493
,,,,-0.33937,-0.00174,,,-0.24896,-0.00182,-0.31903,-0.0021,-1.15032,-3.18129
,,,,-0.34336,-0.00174,,,-0.25297,-0.00181,-0.32301,-0.0021,-1.1493,-3.16707
,,,,-0.34737,-0.00175,,,-0.25696,-0.0018,-0.32703,-0.0021,-1.14832,-3.15752
,,,,-0.35138,-0.00175,,,-0.26097,-0.0018,-0.33,-0.00211,-1.14731,-3.12346
,,,,-0.35537,-0.00176,,,-0.26497,-0.00179,,,-1.14631,-3.09593
,,,,-0.35915,-0.00176,,,-0.26899,-0.00179,,,-1.1453,-3.08152
,,,,,,,,-0.27298,-0.00178,,,-1.1443,-3.05984
,,,,,,,,-0.27698,-0.00178,,,-1.14329,-3.04527
,,,,,,,,-0.28097,-0.00178,,,-1.1423,-3.03899
,,,,,,,,-0.28496,-0.00178,,,-1.1413,-3.03064
,,,,,,,,-0.28897,-0.00178,,,-1.1403,-3.0031
,,,,,,,,-0.29297,-0.00178,,,-1.13929,-2.98538
,,,,,,,,-0.29697,-0.00178,,,-1.13832,-2.96623
,,,,,,,,-0.30097,-0.00178,,,-1.13729,-2.93319
,,,,,,,,-0.30497,-0.00178,,,-1.1363,-2.91898
,,,,,,,,-0.30899,-0.00178,,,-1.13529,-2.91267
,,,,,,,,-0.31298,-0.00179,,,-1.1343,-2.89391
,,,,,,,,-0.31697,-0.00179,,,-1.13328,-2.87158
,,,,,,,,-0.32096,-0.00179,,,-1.13228,-2.86256
,,,,,,,,-0.32495,-0.0018,,,-1.1313,-2.84719
,,,,,,,,-0.32898,-0.00181,,,-1.13031,-2.82282
,,,,,,,,-0.33297,-0.00182,,,-1.12931,-2.81231
,,,,,,,,-0.33697,-0.00182,,,-1.12828,-2.80412
,,,,,,,,-0.33998,-0.00183,,,-1.12731,-2.78046
,,,,,,,,,,,,-1.12632,-2.76426
,,,,,,,,,,,,-1.12529,-2.75038
,,,,,,,,,,,,-1.12431,-2.72398
,,,,,,,,,,,,-1.12329,-2.70454
,,,,,,,,,,,,-1.12229,-2.69447
,,,,,,,,,,,,-1.12132,-2.6805
,,,,,,,,,,,,-1.1203,-2.6536
,,,,,,,,,,,,-1.11931,-2.64481
,,,,,,,,,,,,-1.11829,-2.63387
,,,,,,,,,,,,-1.11732,-2.61231
,,,,,,,,,,,,-1.1163,-2.60109
,,,,,,,,,,,,-1.1153,-2.59163
,,,,,,,,,,,,-1.11431,-2.57501
,,,,,,,,,,,,-1.11329,-2.556
,,,,,,,,,,,,-1.11232,-2.54667
,,,,,,,,,,,,-1.11132,-2.52916
,,,,,,,,,,,,-1.11032,-2.50817
,,,,,,,,,,,,-1.10932,-2.49977
,,,,,,,,,,,,-1.1083,-2.4921
,,,,,,,,,,,,-1.10731,-2.46603
,,,,,,,,,,,,-1.10633,-2.4497
,,,,,,,,,,,,-1.10531,-2.43859
,,,,,,,,,,,,-1.10432,-2.41818
,,,,,,,,,,,,-1.10331,-2.40814
,,,,,,,,,,,,-1.1023,-2.4041
,,,,,,,,,,,,-1.10131,-2.39901
,,,,,,,,,,,,-1.10031,-2.37629
,,,,,,,,,,,,-1.09931,-2.36052
,,,,,,,,,,,,-1.09832,-2.34654
,,,,,,,,,,,,-1.0973,-2.32543
,,,,,,,,,,,,-1.0963,-2.31153
,,,,,,,,,,,,-1.0953,-2.30298
,,,,,,,,,,,,-1.0943,-2.28845
,,,,,,,,,,,,-1.0933,-2.26896
,,,,,,,,,,,,-1.09231,-2.2577
,,,,,,,,,,,,-1.09131,-2.24952
,,,,,,,,,,,,-1.09029,-2.22739
,,,,,,,,,,,,-1.08929,-2.21103
,,,,,,,,,,,,-1.08829,-2.20532
,,,,,,,,,,,,-1.08728,-2.19432
,,,,,,,,,,,,-1.08629,-2.18361
,,,,,,,,,,,,-1.08527,-2.17454
,,,,,,,,,,,,-1.0843,-2.16231
,,,,,,,,,,,,-1.0833,-2.14016
,,,,,,,,,,,,-1.08229,-2.12741
,,,,,,,,,,,,-1.08128,-2.11848
,,,,,,,,,,,,-1.08032,-2.09949
,,,,,,,,,,,,-1.07928,-2.08322
,,,,,,,,,,,,-1.07829,-2.07435
,,,,,,,,,,,,-1.07729,-2.06458
,,,,,,,,,,,,-1.07628,-2.05225
,,,,,,,,,,,,-1.07531,-2.04525
,,,,,,,,,,,,-1.07433,-2.0383
,,,,,,,,,,,,-1.0733,-2.02184
,,,,,,,,,,,,-1.07232,-2.01136
,,,,,,,,,,,,-1.07131,-2.00237
,,,,,,,,,,,,-1.07031,-1.98423
,,,,,,,,,,,,-1.06932,-1.96806
,,,,,,,,,,,,-1.06832,-1.95806
,,,,,,,,,,,,-1.06733,-1.94516
,,,,,,,,,,,,-1.06631,-1.92646
,,,,,,,,,,,,-1.0653,-1.91869
,,,,,,,,,,,,-1.06431,-1.91329
,,,,,,,,,,,,-1.06331,-1.89756
,,,,,,,,,,,,-1.06229,-1.88664
,,,,,,,,,,,,-1.0613,-1.88031
,,,,,,,,,,,,-1.06031,-1.87172
,,,,,,,,,,,,-1.05929,-1.85439
,,,,,,,,,,,,-1.05831,-1.84269
,,,,,,,,,,,,-1.0573,-1.83227
,,,,,,,,,,,,-1.05632,-1.81363
,,,,,,,,,,,,-1.0553,-1.80288
,,,,,,,,,,,,-1.05431,-1.797
,,,,,,,,,,,,-1.0533,-1.78465
,,,,,,,,,,,,-1.05231,-1.76891
,,,,,,,,,,,,-1.05129,-1.75988
,,,,,,,,,,,,-1.05029,-1.75435
,,,,,,,,,,,,-1.0493,-1.73829
,,,,,,,,,,,,-1.0483,-1.72512
,,,,,,,,,,,,-1.0473,-1.71576
,,,,,,,,,,,,-1.0463,-1.70205
,,,,,,,,,,,,-1.04532,-1.69253
,,,,,,,,,,,,-1.04432,-1.68401
,,,,,,,,,,,,-1.0433,-1.67536
,,,,,,,,,,,,-1.04231,-1.65717
,,,,,,,,,,,,-1.04131,-1.64422
,,,,,,,,,,,,-1.0403,-1.63471
,,,,,,,,,,,,-1.03929,-1.62
,,,,,,,,,,,,-1.0383,-1.61131
,,,,,,,,,,,,-1.03728,-1.60313
,,,,,,,,,,,,-1.03631,-1.58695
,,,,,,,,,,,,-1.03529,-1.57291
,,,,,,,,,,,,-1.03432,-1.5657
,,,,,,,,,,,,-1.0333,-1.55674
,,,,,,,,,,,,-1.03229,-1.54089
,,,,,,,,,,,,-1.03129,-1.53069
,,,,,,,,,,,,-1.03032,-1.52233
,,,,,,,,,,,,-1.02931,-1.50682
,,,,,,,,,,,,-1.02829,-1.49588
,,,,,,,,,,,,-1.02731,-1.4889
,,,,,,,,,,,,-1.02632,-1.47775
,,,,,,,,,,,,-1.02531,-1.46274
,,,,,,,,,,,,-1.02432,-1.4544
,,,,,,,,,,,,-1.02331,-1.44162
,,,,,,,,,,,,-1.02229,-1.42344
,,,,,,,,,,,,-1.02132,-1.41092
,,,,,,,,,,,,-1.0203,-1.40466
,,,,,,,,,,,,-1.0193,-1.39164
,,,,,,,,,,,,-1.01831,-1.38161
,,,,,,,,,,,,-1.01731,-1.37482
,,,,,,,,,,,,-1.01631,-1.36152
,,,,,,,,,,,,-1.01531,-1.3481
,,,,,,,,,,,,-1.01431,-1.33799
,,,,,,,,,,,,-1.01331,-1.32836
,,,,,,,,,,,,-1.01231,-1.31271
,,,,,,,,,,,,-1.01129,-1.30314
,,,,,,,,,,,,-1.0103,-1.29562
,,,,,,,,,,,,-1.0093,-1.28024
,,,,,,,,,,,,-1.00831,-1.26825
,,,,,,,,,,,,-1.0073,-1.25885
,,,,,,,,,,,,-1.00631,-1.2485
,,,,,,,,,,,,-1.00531,-1.2342
,,,,,,,,,,,,-1.0043,-1.22347
,,,,,,,,,,,,-1.0033,-1.21387
,,,,,,,,,,,,-1.00231,-1.20099
,,,,,,,,,,,,-1.00132,-1.19106
,,,,,,,,,,,,-1.00031,-1.18079
,,,,,,,,,,,,-0.99932,-1.16376
,,,,,,,,,,,,-0.99831,-1.15164
,,,,,,,,,,,,-0.99731,-1.14321
,,,,,,,,,,,,-0.99632,-1.13193
,,,,,,,,,,,,-0.99531,-1.11904
,,,,,,,,,,,,-0.99431,-1.11015
,,,,,,,,,,,,-0.9933,-1.09884
,,,,,,,,,,,,-0.99231,-1.08342
,,,,,,,,,,,,-0.9913,-1.07372
,,,,,,,,,,,,-0.99031,-1.06201
,,,,,,,,,,,,-0.98931,-1.0456
,,,,,,,,,,,,-0.9883,-1.03388
,,,,,,,,,,,,-0.98732,-1.02771
,,,,,,,,,,,,-0.98628,-1.01789
,,,,,,,,,,,,-0.9853,-1.00641
,,,,,,,,,,,,-0.98432,-0.99766
,,,,,,,,,,,,-0.98331,-0.9864
,,,,,,,,,,,,-0.98232,-0.97227
,,,,,,,,,,,,-0.98129,-0.96176
,,,,,,,,,,,,-0.98031,-0.95182
,,,,,,,,,,,,-0.97932,-0.93782
,,,,,,,,,,,,-0.9783,-0.92725
,,,,,,,,,,,,-0.9773,-0.91857
,,,,,,,,,,,,-0.97632,-0.9063
,,,,,,,,,,,,-0.97381,-0.87796
,,,,,,,,,,,,-0.9728,-0.86347
,,,,,,,,,,,,-0.9718,-0.85321
,,,,,,,,,,,,-0.97082,-0.84379
,,,,,,,,,,,,-0.96981,-0.83184
,,,,,,,,,,,,-0.96882,-0.8216
,,,,,,,,,,,,-0.9678,-0.81325
,,,,,,,,,,,,-0.96683,-0.79967
,,,,,,,,,,,,-0.96579,-0.78681
,,,,,,,,,,,,-0.9648,-0.7784
,,,,,,,,,,,,-0.9638,-0.76772
,,,,,,,,,,,,-0.96279,-0.75383
,,,,,,,,,,,,-0.96179,-0.74371
,,,,,,,,,,,,-0.96078,-0.73466
,,,,,,,,,,,,-0.95979,-0.72218
,,,,,,,,,,,,-0.95881,-0.71304
,,,,,,,,,,,,-0.95779,-0.70451
,,,,,,,,,,,,-0.9568,-0.6893
,,,,,,,,,,,,-0.95582,-0.67521
,,,,,,,,,,,,-0.95479,-0.66554
,,,,,,,,,,,,-0.95381,-0.6596
,,,,,,,,,,,,-0.95282,-0.64729
,,,,,,,,,,,,-0.95179,-0.6358
,,,,,,,,,,,,-0.9508,-0.62688
,,,,,,,,,,,,-0.94981,-0.61661
,,,,,,,,,,,,-0.94882,-0.60727
,,,,,,,,,,,,-0.9478,-0.59764
,,,,,,,,,,,,-0.94681,-0.58908
,,,,,,,,,,,,-0.94581,-0.57764
,,,,,,,,,,,,-0.94481,-0.56802
,,,,,,,,,,,,-0.94381,-0.55774
,,,,,,,,,,,,-0.94281,-0.54627
,,,,,,,,,,,,-0.94179,-0.53742
,,,,,,,,,,,,-0.94083,-0.52957
,,,,,,,,,,,,-0.93981,-0.5196
,,,,,,,,,,,,-0.9388,-0.51004
,,,,,,,,,,,,-0.93781,-0.50218
,,,,,,,,,,,,-0.93679,-0.49357
,,,,,,,,,,,,-0.93577,-0.48338
,,,,,,,,,,,,-0.93479,-0.47435
,,,,,,,,,,,,-0.93379,-0.46546
,,,,,,,,,,,,-0.93282,-0.45464
,,,,,,,,,,,,-0.93181,-0.44547
,,,,,,,,,,,,-0.93082,-0.4374
,,,,,,,,,,,,-0.9298,-0.4281
,,,,,,,,,,,,-0.92883,-0.41818
,,,,,,,,,,,,-0.92783,-0.41011
,,,,,,,,,,,,-0.92681,-0.40292
,,,,,,,,,,,,-0.92582,-0.39408
,,,,,,,,,,,,-0.92481,-0.38633
,,,,,,,,,,,,-0.9238,-0.37918
,,,,,,,,,,,,-0.92282,-0.37076
,,,,,,,,,,,,-0.92183,-0.36254
,,,,,,,,,,,,-0.92081,-0.35501
,,,,,,,,,,,,-0.91982,-0.34779
,,,,,,,,,,,,-0.91882,-0.33936
,,,,,,,,,,,,-0.91782,-0.33188
,,,,,,,,,,,,-0.91682,-0.32485
,,,,,,,,,,,,-0.91583,-0.31681
,,,,,,,,,,,,-0.91485,-0.309
,,,,,,,,,,,,-0.91381,-0.30187
,,,,,,,,,,,,-0.91281,-0.29528
,,,,,,,,,,,,-0.91179,-0.28797
,,,,,,,,,,,,-0.91082,-0.28149
,,,,,,,,,,,,-0.9098,-0.27493
,,,,,,,,,,,,-0.90881,-0.26793
,,,,,,,,,,,,-0.90782,-0.2619
,,,,,,,,,,,,-0.90679,-0.25558
,,,,,,,,,,,,-0.90581,-0.24861
,,,,,,,,,,,,-0.9048,-0.24164
,,,,,,,,,,,,-0.90381,-0.23542
,,,,,,,,,,,,-0.90282,-0.22911
,,,,,,,,,,,,-0.90182,-0.22276
,,,,,,,,,,,,-0.90084,-0.2174
,,,,,,,,,,,,-0.89983,-0.21208
,,,,,,,,,,,,-0.89882,-0.20607
,,,,,,,,,,,,-0.89782,-0.20068
,,,,,,,,,,,,-0.89681,-0.19553
,,,,,,,,,,,,-0.89582,-0.19001
,,,,,,,,,,,,-0.89484,-0.18471
,,,,,,,,,,,,-0.89382,-0.17964
,,,,,,,,,,,,-0.89283,-0.17454
,,,,,,,,,,,,-0.89183,-0.16931
,,,,,,,,,,,,-0.89083,-0.16454
,,,,,,,,,,,,-0.88981,-0.16002
,,,,,,,,,,,,-0.88881,-0.15515
,,,,,,,,,,,,-0.8878,-0.15061
,,,,,,,,,,,,-0.88683,-0.14645
,,,,,,,,,,,,-0.88581,-0.14211
,,,,,,,,,,,,-0.88481,-0.13775
,,,,,,,,,,,,-0.88381,-0.13374
,,,,,,,,,,,,-0.88283,-0.12975
,,,,,,,,,,,,-0.88184,-0.12561
,,,,,,,,,,,,-0.88082,-0.12193
,,,,,,,,,,,,-0.87982,-0.11827
,,,,,,,,,,,,-0.87884,-0.1145
,,,,,,,,,,,,-0.87783,-0.11102
,,,,,,,,,,,,-0.87685,-0.10754
,,,,,,,,,,,,-0.87583,-0.10395
,,,,,,,,,,,,-0.87485,-0.10061
,,,,,,,,,,,,-0.87384,-0.09751
,,,,,,,,,,,,-0.87283,-0.09441
,,,,,,,,,,,,-0.87184,-0.09129
,,,,,,,,,,,,-0.87082,-0.08851
,,,,,,,,,,,,-0.86983,-0.08575
,,,,,,,,,,,,-0.8681,-0.08091
,,,,,,,,,,,,-0.86633,-0.07603
,,,,,,,,,,,,-0.86531,-0.07337
,,,,,,,,,,,,-0.8643,-0.07087
,,,,,,,,,,,,-0.86331,-0.06862
,,,,,,,,,,,,-0.86233,-0.06619
,,,,,,,,,,,,-0.8613,-0.06406
,,,,,,,,,,,,-0.86032,-0.06198
,,,,,,,,,,,,-0.8593,-0.05987
,,,,,,,,,,,,-0.85832,-0.05788
,,,,,,,,,,,,-0.85731,-0.056
,,,,,,,,,,,,-0.8563,-0.05413
,,,,,,,,,,,,-0.8553,-0.05227
,,,,,,,,,,,,-0.8543,-0.05048
,,,,,,,,,,,,-0.8533,-0.04877
,,,,,,,,,,,,-0.85232,-0.04708
,,,,,,,,,,,,-0.8513,-0.04545
,,,,,,,,,,,,-0.85032,-0.04391
,,,,,,,,,,,,-0.84933,-0.04247
,,,,,,,,,,,,-0.84831,-0.04103
,,,,,,,,,,,,-0.84729,-0.0396
,,,,,,,,,,,,-0.84629,-0.03824
,,,,,,,,,,,,-0.84531,-0.03696
,,,,,,,,,,,,-0.8443,-0.03573
,,,,,,,,,,,,-0.8433,-0.03462
,,,,,,,,,,,,-0.8423,-0.03337
,,,,,,,,,,,,-0.84131,-0.03218
,,,,,,,,,,,,-0.84033,-0.0311
,,,,,,,,,,,,-0.83933,-0.0301
,,,,,,,,,,,,-0.83833,-0.02896
,,,,,,,,,,,,-0.83732,-0.02807
,,,,,,,,,,,,-0.83631,-0.02714
,,,,,,,,,,,,-0.83533,-0.02613
,,,,,,,,,,,,-0.83434,-0.02537
,,,,,,,,,,,,-0.83332,-0.02442
,,,,,,,,,,,,-0.83233,-0.0237
,,,,,,,,,,,,-0.83131,-0.0228
,,,,,,,,,,,,-0.8303,-0.02216
,,,,,,,,,,,,-0.8293,-0.02128
,,,,,,,,,,,,-0.82831,-0.02069
,,,,,,,,,,,,-0.82732,-0.01996
,,,,,,,,,,,,-0.82631,-0.01936
,,,,,,,,,,,,-0.82533,-0.01873
,,,,,,,,,,,,-0.82433,-0.01804
,,,,,,,,,,,,-0.82332,-0.01752
,,,,,,,,,,,,-0.82234,-0.01688
,,,,,,,,,,,,-0.82131,-0.01639
,,,,,,,,,,,,-0.82033,-0.01591
,,,,,,,,,,,,-0.81932,-0.01534
,,,,,,,,,,,,-0.8183,-0.01489
,,,,,,,,,,,,-0.81732,-0.01445
,,,,,,,,,,,,-0.81633,-0.01404
,,,,,,,,,,,,-0.81531,-0.01346
,,,,,,,,,,,,-0.8143,-0.01317
,,,,,,,,,,,,-0.8133,-0.01278
,,,,,,,,,,,,-0.8123,-0.01239
,,,,,,,,,,,,-0.81131,-0.01189
,,,,,,,,,,,,-0.8103,-0.01163
,,,,,,,,,,,,-0.8093,-0.01131
,,,,,,,,,,,,-0.80832,-0.01098
,,,,,,,,,,,,-0.80731,-0.01066
,,,,,,,,,,,,-0.80631,-0.01037
,,,,,,,,,,,,-0.80531,-0.01009
,,,,,,,,,,,,-0.80431,-0.00983
,,,,,,,,,,,,-0.80332,-0.00955
,,,,,,,,,,,,-0.80154,-0.00878
,,,,,,,,,,,,-0.79979,-0.00865
,,,,,,,,,,,,-0.79879,-0.00843
,,,,,,,,,,,,-0.79779,-0.00821
,,,,,,,,,,,,-0.79678,-0.008
,,,,,,,,,,,,-0.7958,-0.00781
,,,,,,,,,,,,-0.79479,-0.0075
,,,,,,,,,,,,-0.79379,-0.00743
,,,,,,,,,,,,-0.7928,-0.00727
,,,,,,,,,,,,-0.79179,-0.00709
,,,,,,,,,,,,-0.79078,-0.00692
,,,,,,,,,,,,-0.78979,-0.00676
,,,,,,,,,,,,-0.78878,-0.0066
,,,,,,,,,,,,-0.78779,-0.00645
,,,,,,,,,,,,-0.78681,-0.00631
,,,,,,,,,,,,-0.78579,-0.00606
,,,,,,,,,,,,-0.78478,-0.00601
,,,,,,,,,,,,-0.78378,-0.00589
,,,,,,,,,,,,-0.78279,-0.00577
,,,,,,,,,,,,-0.78179,-0.00565
,,,,,,,,,,,,-0.78078,-0.00551
,,,,,,,,,,,,-0.77978,-0.00541
,,,,,,,,,,,,-0.77875,-0.0053
,,,,,,,,,,,,-0.77777,-0.00519
,,,,,,,,,,,,-0.77678,-0.00507
,,,,,,,,,,,,-0.77576,-0.005
,,,,,,,,,,,,-0.77476,-0.00488
,,,,,,,,,,,,-0.77378,-0.0048
,,,,,,,,,,,,-0.77277,-0.00459
,,,,,,,,,,,,-0.77178,-0.00463
,,,,,,,,,,,,-0.77076,-0.00454
,,,,,,,,,,,,-0.76978,-0.00447
,,,,,,,,,,,,-0.76877,-0.00438
,,,,,,,,,,,,-0.76779,-0.00431
,,,,,,,,,,,,-0.76679,-0.00422
,,,,,,,,,,,,-0.76577,-0.00416
,,,,,,,,,,,,-0.76478,-0.00409
,,,,,,,,,,,,-0.76378,-0.00401
,,,,,,,,,,,,-0.7628,-0.00396
,,,,,,,,,,,,-0.76179,-0.00389
,,,,,,,,,,,,-0.76078,-0.00383
,,,,,,,,,,,,-0.75977,-0.00376
,,,,,,,,,,,,-0.75878,-0.00369
,,,,,,,,,,,,-0.75779,-0.00363
,,,,,,,,,,,,-0.75677,-0.00358
,,,,,,,,,,,,-0.75577,-0.00352
,,,,,,,,,,,,-0.75478,-0.00347
,,,,,,,,,,,,-0.75378,-0.00342
,,,,,,,,,,,,-0.7528,-0.00338
,,,,,,,,,,,,-0.75176,-0.00321
,,,,,,,,,,,,-0.75079,-0.00329
,,,,,,,,,,,,-0.74978,-0.00324
,,,,,,,,,,,,-0.74877,-0.0032
,,,,,,,,,,,,-0.74776,-0.00312
,,,,,,,,,,,,-0.74679,-0.00311
,,,,,,,,,,,,-0.74578,-0.00307
,,,,,,,,,,,,-0.74479,-0.00302
,,,,,,,,,,,,-0.74381,-0.00298
,,,,,,,,,,,,-0.74278,-0.00293
,,,,,,,,,,,,-0.7418,-0.0029
,,,,,,,,,,,,-0.74078,-0.00285
,,,,,,,,,,,,-0.73979,-0.00281
,,,,,,,,,,,,-0.73881,-0.00279
,,,,,,,,,,,,-0.73779,-0.00273
,,,,,,,,,,,,-0.73679,-0.00271
,,,,,,,,,,,,-0.73579,-0.00268
,,,,,,,,,,,,-0.73479,-0.00264
,,,,,,,,,,,,-0.7338,-0.0026
,,,,,,,,,,,,-0.73279,-0.00257
,,,,,,,,,,,,-0.73179,-0.00255
,,,,,,,,,,,,-0.73081,-0.00252
,,,,,,,,,,,,-0.7298,-0.00248
,,,,,,,,,,,,-0.72879,-0.00246
,,,,,,,,,,,,-0.72779,-0.00242
,,,,,,,,,,,,-0.7268,-0.00239
,,,,,,,,,,,,-0.72579,-0.00237
,,,,,,,,,,,,-0.7248,-0.00235
,,,,,,,,,,,,-0.7238,-0.00232
,,,,,,,,,,,,-0.72279,-0.0023
,,,,,,,,,,,,-0.72178,-0.00226
,,,,,,,,,,,,-0.72078,-0.00225
,,,,,,,,,,,,-0.71981,-0.00223
,,,,,,,,,,,,-0.71879,-0.00221
,,,,,,,,,,,,-0.71779,-0.00218
,,,,,,,,,,,,-0.71678,-0.00216
,,,,,,,,,,,,-0.71581,-0.00213
,,,,,,,,,,,,-0.7148,-0.00211
,,,,,,,,,,,,-0.71379,-0.00197
,,,,,,,,,,,,-0.71279,-0.00208
,,,,,,,,,,,,-0.7118,-0.00206
,,,,,,,,,,,,-0.71081,-0.00204
,,,,,,,,,,,,-0.70979,-0.00202
,,,,,,,,,,,,-0.70877,-0.002
,,,,,,,,,,,,-0.70778,-0.00199
,,,,,,,,,,,,-0.7068,-0.00197
,,,,,,,,,,,,-0.70579,-0.00196
,,,,,,,,,,,,-0.70479,-0.00194
,,,,,,,,,,,,-0.70379,-0.00191
,,,,,,,,,,,,-0.70277,-0.0019
,,,,,,,,,,,,-0.70177,-0.00189
,,,,,,,,,,,,-0.70079,-0.00187
,,,,,,,,,,,,-0.69978,-0.00185
,,,,,,,,,,,,-0.69879,-0.00184
,,,,,,,,,,,,-0.69778,-0.00181
,,,,,,,,,,,,-0.69676,-0.0018
,,,,,,,,,,,,-0.69578,-0.00178
,,,,,,,,,,,,-0.69477,-0.00177
,,,,,,,,,,,,-0.69378,-0.00175
,,,,,,,,,,,,-0.69277,-0.00173
,,,,,,,,,,,,-0.69177,-0.00173
,,,,,,,,,,,,-0.69078,-0.00171
,,,,,,,,,,,,-0.68979,-0.00171
,,,,,,,,,,,,-0.68879,-0.00169
,,,,,,,,,,,,-0.68778,-0.00169
,,,,,,,,,,,,-0.68679,-0.00167
,,,,,,,,,,,,-0.68579,-0.00165
,,,,,,,,,,,,-0.68479,-0.00163
,,,,,,,,,,,,-0.68378,-0.00164
,,,,,,,,,,,,-0.68279,-0.00163
,,,,,,,,,,,,-0.68178,-0.00161
,,,,,,,,,,,,-0.68078,-0.00161
,,,,,,,,,,,,-0.67977,-0.0016
,,,,,,,,,,,,-0.67879,-0.00159
,,,,,,,,,,,,-0.67778,-0.00158
,,,,,,,,,,,,-0.67678,-0.00155
,,,,,,,,,,,,-0.67578,-0.00154
,,,,,,,,,,,,-0.67478,-0.00153
,,,,,,,,,,,,-0.67376,-0.00151
,,,,,,,,,,,,-0.67278,-0.00149
,,,,,,,,,,,,-0.6718,-0.00148
,,,,,,,,,,,,-0.67079,-0.00147
,,,,,,,,,,,,-0.66978,-0.00146
,,,,,,,,,,,,-0.66878,-0.00143
,,,,,,,,,,,,-0.66778,-0.00141
,,,,,,,,,,,,-0.66679,-0.00141
,,,,,,,,,,,,-0.6658,-0.00139
,,,,,,,,,,,,-0.6648,-0.00137
,,,,,,,,,,,,-0.66378,-0.00137
,,,,,,,,,,,,-0.66279,-0.00136
,,,,,,,,,,,,-0.6618,-0.00136
,,,,,,,,,,,,-0.66079,-0.00133
,,,,,,,,,,,,-0.65978,-0.00132
,,,,,,,,,,,,-0.6588,-0.0013
,,,,,,,,,,,,-0.65781,-0.00128
,,,,,,,,,,,,-0.65679,-0.00126
,,,,,,,,,,,,-0.65579,-0.00126
,,,,,,,,,,,,-0.65478,-0.00123
,,,,,,,,,,,,-0.65378,-0.00123
,,,,,,,,,,,,-0.65278,-0.00122
,,,,,,,,,,,,-0.65179,-0.00122
,,,,,,,,,,,,-0.65079,-0.00121
,,,,,,,,,,,,-0.64979,-0.00121
,,,,,,,,,,,,-0.64878,-0.0012
,,,,,,,,,,,,-0.6478,-0.0012
,,,,,,,,,,,,-0.64682,-0.00117
,,,,,,,,,,,,-0.64579,-0.00116
,,,,,,,,,,,,-0.64479,-0.00116
,,,,,,,,,,,,-0.64379,-0.00114
,,,,,,,,,,,,-0.6428,-0.00113
,,,,,,,,,,,,-0.64179,-0.00112
,,,,,,,,,,,,-0.63995,-0.0011
,,,,,,,,,,,,-0.63845,-0.00133
,,,,,,,,,,,,-0.63722,-8.08E-04
,,,,,,,,,,,,-0.6363,-0.00125
,,,,,,,,,,,,-0.63531,-9.20E-04
,,,,,,,,,,,,-0.63354,-0.0011
,,,,,,,,,,,,-0.6318,-9.75E-04
,,,,,,,,,,,,-0.6308,-9.77E-04
,,,,,,,,,,,,-0.62981,-9.69E-04
,,,,,,,,,,,,-0.6288,-9.43E-04
,,,,,,,,,,,,-0.62782,-9.55E-04
,,,,,,,,,,,,-0.6268,-9.36E-04
,,,,,,,,,,,,-0.6258,-9.38E-04
,,,,,,,,,,,,-0.62478,-9.15E-04
,,,,,,,,,,,,-0.6238,-9.19E-04
,,,,,,,,,,,,-0.62197,-0.00106
,,,,,,,,,,,,-0.62041,-0.00111
,,,,,,,,,,,,-0.61922,-6.72E-04
,,,,,,,,,,,,-0.6183,-0.00105
,,,,,,,,,,,,-0.61731,-7.95E-04
,,,,,,,,,,,,-0.61627,-8.81E-04
,,,,,,,,,,,,-0.6153,-8.57E-04
,,,,,,,,,,,,-0.61427,-8.00E-04
,,,,,,,,,,,,-0.61329,-8.62E-04
,,,,,,,,,,,,-0.61228,-8.18E-04
,,,,,,,,,,,,-0.61129,-8.12E-04
,,,,,,,,,,,,-0.61028,-7.98E-04
,,,,,,,,,,,,-0.60928,-7.91E-04
,,,,,,,,,,,,-0.60829,-7.75E-04
,,,,,,,,,,,,-0.60729,-7.71E-04
,,,,,,,,,,,,-0.60629,-7.73E-04
,,,,,,,,,,,,-0.60526,-7.51E-04
,,,,,,,,,,,,-0.6043,-7.81E-04
,,,,,,,,,,,,-0.60328,-7.36E-04
,,,,,,,,,,,,-0.6023,-7.79E-04
,,,,,,,,,,,,-0.6013,-7.34E-04
,,,,,,,,,,,,-0.60027,-7.32E-04
,,,,,,,,,,,,-0.59929,-7.37E-04
,,,,,,,,,,,,-0.59829,-6.94E-04
,,,,,,,,,,,,-0.5973,-7.10E-04
,,,,,,,,,,,,-0.59629,-6.80E-04
,,,,,,,,,,,,-0.59529,-6.76E-04
,,,,,,,,,,,,-0.59427,-6.52E-04
,,,,,,,,,,,,-0.59327,-6.59E-04
,,,,,,,,,,,,-0.59231,-6.37E-04
,,,,,,,,,,,,-0.59128,-6.38E-04
,,,,,,,,,,,,-0.59027,-6.29E-04
,,,,,,,,,,,,-0.58928,-6.37E-04
,,,,,,,,,,,,-0.58829,-6.38E-04
,,,,,,,,,,,,-0.58729,-6.12E-04
,,,,,,,,,,,,-0.58629,-5.94E-04
,,,,,,,,,,,,-0.58529,-6.05E-04
,,,,,,,,,,,,-0.58429,-5.84E-04
,,,,,,,,,,,,-0.58328,-5.79E-04
,,,,,,,,,,,,-0.5823,-5.75E-04
,,,,,,,,,,,,-0.58128,-5.41E-04
,,,,,,,,,,,,-0.58027,-5.50E-04
,,,,,,,,,,,,-0.57927,-5.40E-04
,,,,,,,,,,,,-0.57826,-5.44E-04
,,,,,,,,,,,,-0.57728,-5.38E-04
,,,,,,,,,,,,-0.57625,-5.12E-04
,,,,,,,,,,,,-0.57528,-5.11E-04
,,,,,,,,,,,,-0.57428,-5.08E-04
,,,,,,,,,,,,-0.57327,-4.92E-04
,,,,,,,,,,,,-0.57228,-4.85E-04
,,,,,,,,,,,,-0.57129,-4.57E-04
,,,,,,,,,,,,-0.57029,-4.68E-04
,,,,,,,,,,,,-0.56929,-4.59E-04
,,,,,,,,,,,,-0.56829,-4.41E-04
,,,,,,,,,,,,-0.56731,-4.71E-04
,,,,,,,,,,,,-0.5663,-4.34E-04
,,,,,,,,,,,,-0.56527,-4.50E-04
,,,,,,,,,,,,-0.56429,-4.34E-04
,,,,,,,,,,,,-0.56328,-4.10E-04
,,,,,,,,,,,,-0.56228,-4.17E-04
,,,,,,,,,,,,-0.5613,-4.25E-04
,,,,,,,,,,,,-0.56029,-4.02E-04
,,,,,,,,,,,,-0.55929,-4.19E-04
,,,,,,,,,,,,-0.55829,-3.94E-04
,,,,,,,,,,,,-0.55728,-3.94E-04
,,,,,,,,,,,,-0.55628,-3.82E-04
,,,,,,,,,,,,-0.55528,-3.61E-04
,,,,,,,,,,,,-0.55431,-3.77E-04
,,,,,,,,,,,,-0.55329,-3.30E-04
,,,,,,,,,,,,-0.55229,-3.44E-04
,,,,,,,,,,,,-0.55129,-3.10E-04
,,,,,,,,,,,,-0.55028,-3.10E-04
,,,,,,,,,,,,-0.54929,-3.19E-04
,,,,,,,,,,,,-0.54828,-2.85E-04
,,,,,,,,,,,,-0.54727,-2.89E-04
,,,,,,,,,,,,-0.54627,-2.95E-04
,,,,,,,,,,,,-0.54528,-2.75E-04
,,,,,,,,,,,,-0.54427,-9.44E-05
,,,,,,,,,,,,-0.54325,-3.57E-04
,,,,,,,,,,,,-0.5423,-2.39E-04
,,,,,,,,,,,,-0.54124,-2.49E-04
,,,,,,,,,,,,-0.5403,-2.75E-04
,,,,,,,,,,,,-0.53927,-2.12E-04
,,,,,,,,,,,,-0.53828,-2.48E-04
,,,,,,,,,,,,-0.53727,-2.30E-04
,,,,,,,,,,,,-0.53627,-2.02E-04
,,,,,,,,,,,,-0.53527,-2.10E-04
,,,,,,,,,,,,-0.53429,-2.01E-04
,,,,,,,,,,,,-0.53329,-1.87E-04
,,,,,,,,,,,,-0.53231,-1.89E-04
,,,,,,,,,,,,-0.53128,-1.57E-04
,,,,,,,,,,,,-0.53029,-1.54E-04
,,,,,,,,,,,,-0.5293,-1.50E-04
,,,,,,,,,,,,-0.52828,-1.22E-04
,,,,,,,,,,,,-0.5273,-1.39E-04
,,,,,,,,,,,,-0.52629,-1.10E-04
,,,,,,,,,,,,-0.5253,-9.36E-05
,,,,,,,,,,,,-0.52432,-7.67E-05
,,,,,,,,,,,,-0.52329,-7.01E-05
,,,,,,,,,,,,-0.5223,-6.73E-05
,,,,,,,,,,,,-0.52056,-3.87E-05
,,,,,,,,,,,,-0.51878,-9.18E-06
,,,,,,,,,,,,-0.51776,-7.96E-06
,,,,,,,,,,,,-0.51677,-1.15E-05
,,,,,,,,,,,,-0.51608,1.81E-06
,,,,,,,,,,,,-0.51581,5.37E-06
,,,,,,,,,,,,-0.51527,1.42E-05
,,,,,,,,,,,,-0.51428,1.38E-05
,,,,,,,,,,,,-0.51328,1.23E-05
,,,,,,,,,,,,-0.51228,2.49E-05
,,,,,,,,,,,,-0.51179,6.02E-06
,,,,,,,,,,,,-0.51165,1.97E-06
,,,,,,,,,,,,-0.5114,2.33E-06
,,,,,,,,,,,,-0.51112,7.06E-06
,,,,,,,,,,,,-0.51059,2.78E-05
,,,,,,,,,,,,-0.50958,2.87E-05
,,,,,,,,,,,,-0.50861,2.49E-05
,,,,,,,,,,,,-0.5076,6.80E-05
,,,,,,,,,,,,-0.50658,6.21E-05
,,,,,,,,,,,,-0.50562,6.48E-05
,,,,,,,,,,,,-0.50461,9.95E-05
,,,,,,,,,,,,-0.50359,8.01E-05
,,,,,,,,,,,,-0.5026,9.79E-05
,,,,,,,,,,,,-0.50159,1.12E-04
,,,,,,,,,,,,-0.50061,1.00E-04
,,,,,,,,,,,,-0.49961,1.20E-04
,,,,,,,,,,,,-0.49858,1.34E-04
,,,,,,,,,,,,-0.49758,1.19E-04
,,,,,,,,,,,,-0.49659,1.62E-04
,,,,,,,,,,,,-0.49559,1.68E-04
,,,,,,,,,,,,-0.49452,1.98E-04
,,,,,,,,,,,,-0.4935,2.03E-04
,,,,,,,,,,,,-0.49249,2.08E-04
,,,,,,,,,,,,-0.4915,2.29E-04
,,,,,,,,,,,,-0.49051,2.09E-04
,,,,,,,,,,,,-0.48949,2.60E-04
,,,,,,,,,,,,-0.48848,2.28E-04
,,,,,,,,,,,,-0.4875,2.63E-04
,,,,,,,,,,,,-0.48652,2.59E-04
,,,,,,,,,,,,-0.4855,2.55E-04
,,,,,,,,,,,,-0.48447,2.83E-04
,,,,,,,,,,,,-0.48351,2.67E-04
,,,,,,,,,,,,-0.48249,3.09E-04
,,,,,,,,,,,,-0.48149,2.97E-04
,,,,,,,,,,,,-0.48051,3.16E-04
,,,,,,,,,,,,-0.47949,3.22E-04
,,,,,,,,,,,,-0.47849,3.25E-04
,,,,,,,,,,,,-0.47749,3.45E-04
,,,,,,,,,,,,-0.4765,3.44E-04
,,,,,,,,,,,,-0.4755,3.60E-04
,,,,,,,,,,,,-0.4745,3.72E-04
,,,,,,,,,,,,-0.47347,3.79E-04
,,,,,,,,,,,,-0.47247,3.74E-04
,,,,,,,,,,,,-0.47149,3.77E-04
,,,,,,,,,,,,-0.47047,4.30E-04
,,,,,,,,,,,,-0.46946,4.07E-04
,,,,,,,,,,,,-0.4685,4.19E-04
,,,,,,,,,,,,-0.46749,4.56E-04
,,,,,,,,,,,,-0.46648,4.44E-04
,,,,,,,,,,,,-0.4655,4.37E-04
,,,,,,,,,,,,-0.46448,4.83E-04
,,,,,,,,,,,,-0.46347,4.70E-04
,,,,,,,,,,,,-0.46249,4.80E-04
,,,,,,,,,,,,-0.4615,4.90E-04
,,,,,,,,,,,,-0.46049,5.23E-04
,,,,,,,,,,,,-0.45948,5.02E-04
,,,,,,,,,,,,-0.45849,5.24E-04
,,,,,,,,,,,,-0.45747,5.59E-04
,,,,,,,,,,,,-0.45648,5.40E-04
,,,,,,,,,,,,-0.45551,6.09E-04
,,,,,,,,,,,,-0.45442,7.13E-04
,,,,,,,,,,,,-0.45347,4.61E-04
,,,,,,,,,,,,-0.45249,6.37E-04
,,,,,,,,,,,,-0.45147,5.96E-04
,,,,,,,,,,,,-0.45051,5.70E-04
,,,,,,,,,,,,-0.44949,6.31E-04
,,,,,,,,,,,,-0.44848,5.88E-04
,,,,,,,,,,,,-0.44749,6.36E-04
,,,,,,,,,,,,-0.44646,6.31E-04
,,,,,,,,,,,,-0.44548,6.34E-04
,,,,,,,,,,,,-0.44447,6.57E-04
,,,,,,,,,,,,-0.44347,6.53E-04
,,,,,,,,,,,,-0.44249,6.67E-04
,,,,,,,,,,,,-0.44147,6.81E-04
,,,,,,,,,,,,-0.44048,6.86E-04
,,,,,,,,,,,,-0.43947,7.07E-04
,,,,,,,,,,,,-0.43847,7.07E-04
,,,,,,,,,,,,-0.43749,7.14E-04
,,,,,,,,,,,,-0.43648,7.38E-04
,,,,,,,,,,,,-0.43549,7.36E-04
,,,,,,,,,,,,-0.43449,7.48E-04
,,,,,,,,,,,,-0.43346,7.84E-04
,,,,,,,,,,,,-0.43249,7.55E-04
,,,,,,,,,,,,-0.43148,8.05E-04
,,,,,,,,,,,,-0.43047,7.98E-04
,,,,,,,,,,,,-0.42948,8.01E-04
,,,,,,,,,,,,-0.42846,8.19E-04
,,,,,,,,,,,,-0.42748,8.19E-04
,,,,,,,,,,,,-0.42649,8.45E-04
,,,,,,,,,,,,-0.42547,8.29E-04
,,,,,,,,,,,,-0.42446,8.56E-04
,,,,,,,,,,,,-0.42348,8.66E-04
,,,,,,,,,,,,-0.42247,8.80E-04
,,,,,,,,,,,,-0.42146,8.90E-04
,,,,,,,,,,,,-0.42046,8.78E-04
,,,,,,,,,,,,-0.41945,9.08E-04
,,,,,,,,,,,,-0.41845,9.14E-04
,,,,,,,,,,,,-0.41747,8.99E-04
,,,,,,,,,,,,-0.41646,9.44E-04
,,,,,,,,,,,,-0.41545,9.35E-04
,,,,,,,,,,,,-0.41447,9.37E-04
,,,,,,,,,,,,-0.41347,9.75E-04
,,,,,,,,,,,,-0.41244,9.69E-04
,,,,,,,,,,,,-0.41148,9.73E-04
,,,,,,,,,,,,-0.41046,9.85E-04
,,,,,,,,,,,,-0.40946,0.00102
,,,,,,,,,,,,-0.40846,0.00101
,,,,,,,,,,,,-0.40747,0.00101
,,,,,,,,,,,,-0.40646,0.00103
,,,,,,,,,,,,-0.40546,0.00104
,,,,,,,,,,,,-0.40447,0.00104
,,,,,,,,,,,,-0.40346,0.00106
,,,,,,,,,,,,-0.40244,0.00107
,,,,,,,,,,,,-0.40145,0.00106
,,,,,,,,,,,,-0.40046,0.00109
,,,,,,,,,,,,-0.39945,0.00111
,,,,,,,,,,,,-0.39846,0.0011
,,,,,,,,,,,,-0.39747,0.00112
,,,,,,,,,,,,-0.39645,0.00114
,,,,,,,,,,,,-0.39545,0.00113
,,,,,,,,,,,,-0.39446,0.00113
,,,,,,,,,,,,-0.39344,0.00117
,,,,,,,,,,,,-0.39244,0.00117
,,,,,,,,,,,,-0.39145,0.00116
,,,,,,,,,,,,-0.39043,0.0012
,,,,,,,,,,,,-0.38943,0.00122
,,,,,,,,,,,,-0.38843,0.00121
,,,,,,,,,,,,-0.38745,0.0012
,,,,,,,,,,,,-0.38646,0.00127
,,,,,,,,,,,,-0.38543,0.00124
,,,,,,,,,,,,-0.38444,0.00124
,,,,,,,,,,,,-0.38345,0.00128
,,,,,,,,,,,,-0.38243,0.00128
,,,,,,,,,,,,-0.38144,0.00128
,,,,,,,,,,,,-0.38043,0.0013
,,,,,,,,,,,,-0.37944,0.00131
,,,,,,,,,,,,-0.37845,0.00131
,,,,,,,,,,,,-0.37747,0.00132
,,,,,,,,,,,,-0.37643,0.00136
,,,,,,,,,,,,-0.37544,0.00135
,,,,,,,,,,,,-0.37443,0.00136
,,,,,,,,,,,,-0.37345,0.00138
,,,,,,,,,,,,-0.37243,0.0014
,,,,,,,,,,,,-0.37145,0.00139
,,,,,,,,,,,,-0.37043,0.00142
,,,,,,,,,,,,-0.36943,0.00141
,,,,,,,,,,,,-0.36847,0.00148
,,,,,,,,,,,,-0.36741,0.00158
,,,,,,,,,,,,-0.36645,0.00133
,,,,,,,,,,,,-0.36546,0.0015
,,,,,,,,,,,,-0.36442,0.00149
,,,,,,,,,,,,-0.36344,0.00144
,,,,,,,,,,,,-0.36245,0.00153
,,,,,,,,,,,,-0.36143,0.0015
,,,,,,,,,,,,-0.36045,0.00151
,,,,,,,,,,,,-0.35944,0.00156
,,,,,,,,,,,,-0.35843,0.00154
,,,,,,,,,,,,-0.35746,0.00156
,,,,,,,,,,,,-0.35644,0.00157
,,,,,,,,,,,,-0.35544,0.00158
,,,,,,,,,,,,-0.35445,0.00158
,,,,,,,,,,,,-0.35345,0.00161
,,,,,,,,,,,,-0.35246,0.00162
,,,,,,,,,,,,-0.35145,0.00163
,,,,,,,,,,,,-0.35044,0.00164
,,,,,,,,,,,,-0.34947,0.00164
,,,,,,,,,,,,-0.34847,0.00167
,,,,,,,,,,,,-0.34746,0.00165
,,,,,,,,,,,,-0.34647,0.0017
,,,,,,,,,,,,-0.34545,0.00172
,,,,,,,,,,,,-0.34447,0.00169
,,,,,,,,,,,,-0.34347,0.00173
,,,,,,,,,,,,-0.34245,0.00174
,,,,,,,,,,,,-0.34144,0.00176
,,,,,,,,,,,,-0.34044,0.00176
,,,,,,,,,,,,-0.33945,0.00179
,,,,,,,,,,,,-0.33846,0.00179
,,,,,,,,,,,,-0.33745,0.00179
,,,,,,,,,,,,-0.33646,0.00182
,,,,,,,,,,,,-0.33546,0.00183
,,,,,,,,,,,,-0.33448,0.00184
,,,,,,,,,,,,-0.33346,0.00185
,,,,,,,,,,,,-0.33249,0.00187
,,,,,,,,,,,,-0.33147,0.0019
,,,,,,,,,,,,-0.33046,0.00189
,,,,,,,,,,,,-0.32946,0.00192
,,,,,,,,,,,,-0.32847,0.00194
,,,,,,,,,,,,-0.32747,0.00192
,,,,,,,,,,,,-0.32647,0.00196
,,,,,,,,,,,,-0.32546,0.00197
,,,,,,,,,,,,-0.32447,0.00196
,,,,,,,,,,,,-0.32275,0.00199
,,,,,,,,,,,,-0.32097,0.00204
,,,,,,,,,,,,-0.31996,0.00205
,,,,,,,,,,,,-0.31898,0.00206
,,,,,,,,,,,,-0.31796,0.00206
,,,,,,,,,,,,-0.31697,0.00209
,,,,,,,,,,,,-0.31597,0.00211
,,,,,,,,,,,,-0.31496,0.00212
,,,,,,,,,,,,-0.31396,0.00213
,,,,,,,,,,,,-0.31295,0.00217
,,,,,,,,,,,,-0.31194,0.00218
,,,,,,,,,,,,-0.31096,0.00217
,,,,,,,,,,,,-0.30996,0.00221
,,,,,,,,,,,,-0.30895,0.00222
,,,,,,,,,,,,-0.30796,0.00224
,,,,,,,,,,,,-0.30696,0.00225
,,,,,,,,,,,,-0.30595,0.00228
,,,,,,,,,,,,-0.30493,0.0023
,,,,,,,,,,,,-0.30397,0.0023
,,,,,,,,,,,,-0.30296,0.00232
,,,,,,,,,,,,-0.30196,0.00237
,,,,,,,,,,,,-0.30097,0.00235
,,,,,,,,,,,,-0.29995,0.00239
,,,,,,,,,,,,-0.29896,0.00242
,,,,,,,,,,,,-0.29795,0.00255
,,,,,,,,,,,,-0.29697,0.00243
,,,,,,,,,,,,-0.29599,0.00246
,,,,,,,,,,,,-0.29498,0.0025
,,,,,,,,,,,,-0.29397,0.0025
,,,,,,,,,,,,-0.29299,0.00251
,,,,,,,,,,,,-0.29198,0.00255
,,,,,,,,,,,,-0.29098,0.00257
,,,,,,,,,,,,-0.28998,0.00259
,,,,,,,,,,,,-0.28897,0.00262
,,,,,,,,,,,,-0.28797,0.00263
,,,,,,,,,,,,-0.28697,0.00265
,,,,,,,,,,,,-0.28597,0.00268
,,,,,,,,,,,,-0.28497,0.00269
,,,,,,,,,,,,-0.28396,0.00272
,,,,,,,,,,,,-0.28296,0.00276
,,,,,,,,,,,,-0.28197,0.00277
,,,,,,,,,,,,-0.28098,0.00279
,,,,,,,,,,,,-0.27997,0.00283
,,,,,,,,,,,,-0.27897,0.00285
,,,,,,,,,,,,-0.27797,0.00288
,,,,,,,,,,,,-0.27697,0.00291
,,,,,,,,,,,,-0.27596,0.00294
,,,,,,,,,,,,-0.27498,0.00297
,,,,,,,,,,,,-0.27396,0.00297
,,,,,,,,,,,,-0.27296,0.00302
,,,,,,,,,,,,-0.27196,0.00305
,,,,,,,,,,,,-0.27097,0.00306
,,,,,,,,,,,,-0.26997,0.0031
,,,,,,,,,,,,-0.26895,0.00313
,,,,,,,,,,,,-0.26796,0.00315
,,,,,,,,,,,,-0.26698,0.00317
,,,,,,,,,,,,-0.26598,0.00321
,,,,,,,,,,,,-0.26494,0.00327
,,,,,,,,,,,,-0.26397,0.00326
,,,,,,,,,,,,-0.26296,0.00332
,,,,,,,,,,,,-0.26197,0.00335
,,,,,,,,,,,,-0.26095,0.00337
,,,,,,,,,,,,-0.25996,0.00342
,,,,,,,,,,,,-0.25897,0.00346
,,,,,,,,,,,,-0.25797,0.00348
,,,,,,,,,,,,-0.25697,0.00352
,,,,,,,,,,,,-0.25597,0.00356
,,,,,,,,,,,,-0.25499,0.00359
,,,,,,,,,,,,-0.25397,0.00364
,,,,,,,,,,,,-0.25297,0.00378
,,,,,,,,,,,,-0.25199,0.00369
,,,,,,,,,,,,-0.25099,0.00376
,,,,,,,,,,,,-0.24997,0.00379
,,,,,,,,,,,,-0.24896,0.00382
,,,,,,,,,,,,-0.24796,0.00387
,,,,,,,,,,,,-0.24698,0.00389
,,,,,,,,,,,,-0.24596,0.00395
,,,,,,,,,,,,-0.24498,0.00399
,,,,,,,,,,,,-0.24397,0.00403
,,,,,,,,,,,,-0.24297,0.00408
,,,,,,,,,,,,-0.24198,0.00411
,,,,,,,,,,,,-0.24098,0.00417
,,,,,,,,,,,,-0.23995,0.00419
,,,,,,,,,,,,-0.23897,0.00424
,,,,,,,,,,,,-0.23797,0.0043
,,,,,,,,,,,,-0.23697,0.00434
,,,,,,,,,,,,-0.23597,0.00439
,,,,,,,,,,,,-0.23495,0.00444
,,,,,,,,,,,,-0.23396,0.0045
,,,,,,,,,,,,-0.23296,0.00453
,,,,,,,,,,,,-0.23196,0.00458
,,,,,,,,,,,,-0.23095,0.00463
,,,,,,,,,,,,-0.22997,0.0047
,,,,,,,,,,,,-0.22896,0.00473
,,,,,,,,,,,,-0.22796,0.00479
,,,,,,,,,,,,-0.22697,0.00486
,,,,,,,,,,,,-0.22599,0.00489
,,,,,,,,,,,,-0.22496,0.00497
,,,,,,,,,,,,-0.22397,0.00503
,,,,,,,,,,,,-0.22296,0.00514
,,,,,,,,,,,,-0.22196,0.00514
,,,,,,,,,,,,-0.22096,0.00519
,,,,,,,,,,,,-0.21998,0.00524
,,,,,,,,,,,,-0.21897,0.0053
,,,,,,,,,,,,-0.21798,0.00537
,,,,,,,,,,,,-0.21696,0.00543
,,,,,,,,,,,,-0.21597,0.00548
,,,,,,,,,,,,-0.21498,0.00554
,,,,,,,,,,,,-0.21397,0.0056
,,,,,,,,,,,,-0.21298,0.00567
,,,,,,,,,,,,-0.21196,0.00573
,,,,,,,,,,,,-0.21096,0.00579
,,,,,,,,,,,,-0.20996,0.00585
,,,,,,,,,,,,-0.20898,0.00592
,,,,,,,,,,,,-0.20797,0.006
,,,,,,,,,,,,-0.20696,0.00606
,,,,,,,,,,,,-0.20597,0.00613
,,,,,,,,,,,,-0.20498,0.00619
,,,,,,,,,,,,-0.20397,0.00626
,,,,,,,,,,,,-0.20297,0.00635
,,,,,,,,,,,,-0.20197,0.00654
,,,,,,,,,,,,-0.20096,0.00648
,,,,,,,,,,,,-0.19996,0.00656
,,,,,,,,,,,,-0.19896,0.00665
,,,,,,,,,,,,-0.19797,0.00672
,,,,,,,,,,,,-0.19697,0.00679
,,,,,,,,,,,,-0.19597,0.00689
,,,,,,,,,,,,-0.19495,0.00694
,,,,,,,,,,,,-0.19396,0.00703
,,,,,,,,,,,,-0.19296,0.0071
,,,,,,,,,,,,-0.19196,0.00719
,,,,,,,,,,,,-0.19095,0.00727
,,,,,,,,,,,,-0.18996,0.00733
,,,,,,,,,,,,-0.18897,0.00744
,,,,,,,,,,,,-0.18795,0.00752
,,,,,,,,,,,,-0.18694,0.00761
,,,,,,,,,,,,-0.18597,0.0077
,,,,,,,,,,,,-0.18495,0.00778
,,,,,,,,,,,,-0.18397,0.008
,,,,,,,,,,,,-0.18295,0.00795
,,,,,,,,,,,,-0.18195,0.00807
,,,,,,,,,,,,-0.18097,0.00814
,,,,,,,,,,,,-0.17996,0.00822
,,,,,,,,,,,,-0.17898,0.00833
,,,,,,,,,,,,-0.17796,0.00843
,,,,,,,,,,,,-0.17697,0.00851
,,,,,,,,,,,,-0.17597,0.00864
,,,,,,,,,,,,-0.17499,0.00872
,,,,,,,,,,,,-0.17397,0.0088
,,,,,,,,,,,,-0.17297,0.00894
,,,,,,,,,,,,-0.17197,0.00901
,,,,,,,,,,,,-0.17098,0.00911
,,,,,,,,,,,,-0.16996,0.00922
,,,,,,,,,,,,-0.16898,0.00947
,,,,,,,,,,,,-0.16797,0.00943
,,,,,,,,,,,,-0.16696,0.00958
,,,,,,,,,,,,-0.16596,0.00968
,,,,,,,,,,,,-0.16498,0.00979
,,,,,,,,,,,,-0.16397,0.00988
,,,,,,,,,,,,-0.16297,0.01
,,,,,,,,,,,,-0.16196,0.01012
,,,,,,,,,,,,-0.16095,0.01023
,,,,,,,,,,,,-0.15995,0.01034
,,,,,,,,,,,,-0.15897,0.01046
,,,,,,,,,,,,-0.15797,0.01059
,,,,,,,,,,,,-0.15693,0.01071
,,,,,,,,,,,,-0.15596,0.01096
,,,,,,,,,,,,-0.15496,0.01098
,,,,,,,,,,,,-0.15394,0.0111
,,,,,,,,,,,,-0.15296,0.01122
,,,,,,,,,,,,-0.15194,0.01135
,,,,,,,,,,,,-0.15095,0.01149
,,,,,,,,,,,,-0.14996,0.0116
,,,,,,,,,,,,-0.14896,0.01175
,,,,,,,,,,,,-0.14794,0.01189
,,,,,,,,,,,,-0.14694,0.01201
,,,,,,,,,,,,-0.14594,0.01216
,,,,,,,,,,,,-0.14497,0.01237
,,,,,,,,,,,,-0.14395,0.01249
,,,,,,,,,,,,-0.14295,0.0126
,,,,,,,,,,,,-0.14197,0.01274
,,,,,,,,,,,,-0.14095,0.01291
,,,,,,,,,,,,-0.13996,0.01303
,,,,,,,,,,,,-0.13896,0.01319
,,,,,,,,,,,,-0.13794,0.01333
,,,,,,,,,,,,-0.13697,0.01348
,,,,,,,,,,,,-0.13596,0.01365
,,,,,,,,,,,,-0.13495,0.01395
,,,,,,,,,,,,-0.13397,0.01397
,,,,,,,,,,,,-0.13296,0.01413
,,,,,,,,,,,,-0.13196,0.01432
,,,,,,,,,,,,-0.13097,0.01448
,,,,,,,,,,,,-0.12995,0.01465
,,,,,,,,,,,,-0.12896,0.01481
,,,,,,,,,,,,-0.12796,0.01497
,,,,,,,,,,,,-0.12695,0.01516
,,,,,,,,,,,,-0.12596,0.01539
,,,,,,,,,,,,-0.12496,0.01559
,,,,,,,,,,,,-0.12398,0.01573
,,,,,,,,,,,,-0.12297,0.01589
,,,,,,,,,,,,-0.12197,0.01609
,,,,,,,,,,,,-0.12095,0.01626
,,,,,,,,,,,,-0.11996,0.01647
,,,,,,,,,,,,-0.11898,0.01666
,,,,,,,,,,,,-0.11797,0.01691
,,,,,,,,,,,,-0.11694,0.01714
,,,,,,,,,,,,-0.11595,0.01727
,,,,,,,,,,,,-0.11497,0.01746
,,,,,,,,,,,,-0.11396,0.01768
,,,,,,,,,,,,-0.11297,0.01787
,,,,,,,,,,,,-0.11196,0.0181
,,,,,,,,,,,,-0.11096,0.0183
,,,,,,,,,,,,-0.10995,0.01872
,,,,,,,,,,,,-0.10894,0.01877
,,,,,,,,,,,,-0.10793,0.01899
,,,,,,,,,,,,-0.10694,0.01922
,,,,,,,,,,,,-0.10597,0.01945
,,,,,,,,,,,,-0.10498,0.01966
,,,,,,,,,,,,-0.10323,0.02006
,,,,,,,,,,,,-0.10148,0.02052
,,,,,,,,,,,,-0.10049,0.02075
,,,,,,,,,,,,-0.09949,0.02101
,,,,,,,,,,,,-0.09846,0.02124
,,,,,,,,,,,,-0.0975,0.02151
,,,,,,,,,,,,-0.09649,0.02197
,,,,,,,,,,,,-0.09549,0.02206
,,,,,,,,,,,,-0.09448,0.02233
,,,,,,,,,,,,-0.09347,0.0226
,,,,,,,,,,,,-0.09249,0.02285
,,,,,,,,,,,,-0.09149,0.0233
,,,,,,,,,,,,-0.09047,0.02347
,,,,,,,,,,,,-0.0895,0.02372
,,,,,,,,,,,,-0.08847,0.02399
,,,,,,,,,,,,-0.08747,0.02429
,,,,,,,,,,,,-0.08649,0.02458
,,,,,,,,,,,,-0.08547,0.02506
,,,,,,,,,,,,-0.08447,0.02519
,,,,,,,,,,,,-0.08345,0.02551
,,,,,,,,,,,,-0.08246,0.02582
,,,,,,,,,,,,-0.08147,0.0261
,,,,,,,,,,,,-0.08046,0.02665
,,,,,,,,,,,,-0.07947,0.0268
,,,,,,,,,,,,-0.07847,0.02709
,,,,,,,,,,,,-0.07748,0.02741
,,,,,,,,,,,,-0.0765,0.02782
,,,,,,,,,,,,-0.07547,0.02818
,,,,,,,,,,,,-0.07447,0.02845
,,,,,,,,,,,,-0.07347,0.02881
,,,,,,,,,,,,-0.07248,0.02915
,,,,,,,,,,,,-0.07148,0.02969
,,,,,,,,,,,,-0.07045,0.02989
,,,,,,,,,,,,-0.06947,0.03024
,,,,,,,,,,,,-0.06847,0.03058
,,,,,,,,,,,,-0.06749,0.03112
,,,,,,,,,,,,-0.06648,0.03143
,,,,,,,,,,,,-0.06545,0.03175
,,,,,,,,,,,,-0.06445,0.03214
,,,,,,,,,,,,-0.06346,0.03273
,,,,,,,,,,,,-0.06246,0.03295
,,,,,,,,,,,,-0.06147,0.03332
,,,,,,,,,,,,-0.06047,0.03373
,,,,,,,,,,,,-0.05948,0.03433
,,,,,,,,,,,,-0.05847,0.03457
,,,,,,,,,,,,-0.05748,0.035
,,,,,,,,,,,,-0.05648,0.03541
,,,,,,,,,,,,-0.05546,0.036
,,,,,,,,,,,,-0.05448,0.03631
,,,,,,,,,,,,-0.05347,0.03675
,,,,,,,,,,,,-0.05246,0.03735
,,,,,,,,,,,,-0.05147,0.03766
,,,,,,,,,,,,-0.05046,0.03809
,,,,,,,,,,,,-0.04947,0.03856
,,,,,,,,,,,,-0.04847,0.03919
,,,,,,,,,,,,-0.04747,0.0395
,,,,,,,,,,,,-0.04648,0.03997
,,,,,,,,,,,,-0.04546,0.04065
,,,,,,,,,,,,-0.04448,0.04094
,,,,,,,,,,,,-0.04349,0.04144
,,,,,,,,,,,,-0.04248,0.04213
,,,,,,,,,,,,-0.04149,0.04246
,,,,,,,,,,,,-0.04048,0.04297
,,,,,,,,,,,,-0.0395,0.04362
,,,,,,,,,,,,-0.03849,0.04403
,,,,,,,,,,,,-0.03749,0.04454
,,,,,,,,,,,,-0.03648,0.04525
,,,,,,,,,,,,-0.03547,0.04562
,,,,,,,,,,,,-0.03447,0.04614
,,,,,,,,,,,,-0.0335,0.04688
,,,,,,,,,,,,-0.03247,0.0473
,,,,,,,,,,,,-0.03149,0.0478
,,,,,,,,,,,,-0.03048,0.04862
,,,,,,,,,,,,-0.02948,0.04902
,,,,,,,,,,,,-0.02848,0.04951
,,,,,,,,,,,,-0.02747,0.05032
,,,,,,,,,,,,-0.02648,0.05079
,,,,,,,,,,,,-0.0255,0.05152
,,,,,,,,,,,,-0.0245,0.05201
,,,,,,,,,,,,-0.02349,0.0526
,,,,,,,,,,,,-0.0225,0.05343
,,,,,,,,,,,,-0.0215,0.05383
,,,,,,,,,,,,-0.02048,0.05467
,,,,,,,,,,,,-0.01952,0.05518
,,,,,,,,,,,,-0.0185,0.05574
,,,,,,,,,,,,-0.01748,0.05665
,,,,,,,,,,,,-0.01647,0.05714
,,,,,,,,,,,,-0.01548,0.05796
,,,,,,,,,,,,-0.0145,0.05847
,,,,,,,,,,,,-0.01347,0.05931
,,,,,,,,,,,,-0.01249,0.05988
,,,,,,,,,,,,-0.01149,0.0605
,,,,,,,,,,,,-0.01049,0.06143
,,,,,,,,,,,,-0.00947,0.062
,,,,,,,,,,,,-0.00848,0.0629
,,,,,,,,,,,,-0.00748,0.06343
,,,,,,,,,,,,-0.00648,0.06439
,,,,,,,,,,,,-0.00549,0.06487
,,,,,,,,,,,,-0.00448,0.06587
,,,,,,,,,,,,-0.00346,0.06648
,,,,,,,,,,,,-0.00246,0.06744
,,,,,,,,,,,,-0.00148,0.06799
,,,,,,,,,,,,-4.86E-04,0.06897
,,,,,,,,,,,,5.36E-04,0.06961
,,,,,,,,,,,,0.00153,0.07051
,,,,,,,,,,,,0.00253,0.07121
,,,,,,,,,,,,0.00352,0.07222
,,,,,,,,,,,,0.00454,0.07284
,,,,,,,,,,,,0.00552,0.07385
,,,,,,,,,,,,0.00653,0.07453
,,,,,,,,,,,,0.00752,0.07561
,,,,,,,,,,,,0.00853,0.07619
,,,,,,,,,,,,0.00953,0.07732
,,,,,,,,,,,,0.01053,0.07817
,,,,,,,,,,,,0.01153,0.07886
,,,,,,,,,,,,0.01253,0.07991
,,,,,,,,,,,,0.01352,0.0807
,,,,,,,,,,,,0.01452,0.08179
,,,,,,,,,,,,0.01551,0.08246
,,,,,,,,,,,,0.01653,0.08362
,,,,,,,,,,,,0.01751,0.08458
,,,,,,,,,,,,0.01853,0.08531
,,,,,,,,,,,,0.01952,0.08651
,,,,,,,,,,,,0.02053,0.08732
,,,,,,,,,,,,0.02153,0.08842
,,,,,,,,,,,,0.02254,0.08941
,,,,,,,,,,,,0.02352,0.0903
,,,,,,,,,,,,0.02453,0.09144
,,,,,,,,,,,,0.02553,0.09237
,,,,,,,,,,,,0.02651,0.09333
,,,,,,,,,,,,0.02752,0.09458
,,,,,,,,,,,,0.0285,0.09548
,,,,,,,,,,,,0.02952,0.09648
,,,,,,,,,,,,0.03052,0.09781
,,,,,,,,,,,,0.03151,0.09868
,,,,,,,,,,,,0.03253,0.09967
,,,,,,,,,,,,0.03351,0.10103
,,,,,,,,,,,,0.03452,0.10213
,,,,,,,,,,,,0.03551,0.10294
,,,,,,,,,,,,0.03652,0.10428
,,,,,,,,,,,,0.03753,0.10554
,,,,,,,,,,,,0.03852,0.10645
,,,,,,,,,,,,0.03951,0.10754
,,,,,,,,,,,,0.04051,0.1089
,,,,,,,,,,,,0.04153,0.11005
,,,,,,,,,,,,0.04251,0.11113
,,,,,,,,,,,,0.04352,0.11235
,,,,,,,,,,,,0.0445,0.11375
,,,,,,,,,,,,0.04552,0.11488
,,,,,,,,,,,,0.04655,0.11614
,,,,,,,,,,,,0.04754,0.11723
,,,,,,,,,,,,0.0485,0.11858
,,,,,,,,,,,,0.04952,0.11991
,,,,,,,,,,,,0.05052,0.12122
,,,,,,,,,,,,0.05153,0.12236
,,,,,,,,,,,,0.05254,0.1236
,,,,,,,,,,,,0.05348,0.12498
,,,,,,,,,,,,0.05451,0.12637
,,,,,,,,,,,,0.05552,0.12754
,,,,,,,,,,,,0.05651,0.12903
,,,,,,,,,,,,0.05751,0.1305
,,,,,,,,,,,,0.05851,0.13153
,,,,,,,,,,,,0.05953,0.13304
,,,,,,,,,,,,0.06052,0.13448
,,,,,,,,,,,,0.06154,0.13589
,,,,,,,,,,,,0.06252,0.13731
,,,,,,,,,,,,0.06353,0.13888
,,,,,,,,,,,,0.06452,0.14031
,,,,,,,,,,,,0.06553,0.14149
,,,,,,,,,,,,0.06651,0.14308
,,,,,,,,,,,,0.0675,0.14455
,,,,,,,,,,,,0.06852,0.14576
,,,,,,,,,,,,0.0695,0.14752
,,,,,,,,,,,,0.07051,0.14906
,,,,,,,,,,,,0.07151,0.1503
,,,,,,,,,,,,0.07252,0.15195
,,,,,,,,,,,,0.07354,0.15366
,,,,,,,,,,,,0.07452,0.15502
,,,,,,,,,,,,0.07552,0.15656
,,,,,,,,,,,,0.0765,0.15833
,,,,,,,,,,,,0.07753,0.15996
,,,,,,,,,,,,0.07852,0.16142
,,,,,,,,,,,,0.07951,0.16324
,,,,,,,,,,,,0.08051,0.16469
,,,,,,,,,,,,0.08153,0.16623
,,,,,,,,,,,,0.08252,0.16799
,,,,,,,,,,,,0.08352,0.16976
,,,,,,,,,,,,0.08452,0.17116
,,,,,,,,,,,,0.08552,0.17298
,,,,,,,,,,,,0.08651,0.17476
,,,,,,,,,,,,0.08752,0.17643
,,,,,,,,,,,,0.08852,0.17813
,,,,,,,,,,,,0.08953,0.18004
,,,,,,,,,,,,0.09053,0.18191
,,,,,,,,,,,,0.09154,0.18341
,,,,,,,,,,,,0.09253,0.18524
,,,,,,,,,,,,0.09353,0.18727
,,,,,,,,,,,,0.09451,0.18849
,,,,,,,,,,,,0.09553,0.19053
,,,,,,,,,,,,0.09652,0.19242
,,,,,,,,,,,,0.09751,0.19424
,,,,,,,,,,,,0.09853,0.19583
,,,,,,,,,,,,0.09953,0.1978
,,,,,,,,,,,,0.10052,0.19983
,,,,,,,,,,,,0.10226,0.20289
,,,,,,,,,,,,0.104,0.20647
,,,,,,,,,,,,0.105,0.20831
,,,,,,,,,,,,0.10601,0.2104
,,,,,,,,,,,,0.107,0.21256
,,,,,,,,,,,,0.108,0.21419
,,,,,,,,,,,,0.109,0.21618
,,,,,,,,,,,,0.10999,0.2183
,,,,,,,,,,,,0.11102,0.22012
,,,,,,,,,,,,0.112,0.22217
,,,,,,,,,,,,0.11299,0.22432
,,,,,,,,,,,,0.11402,0.22645
,,,,,,,,,,,,0.115,0.22839
,,,,,,,,,,,,0.116,0.23067
,,,,,,,,,,,,0.117,0.233
,,,,,,,,,,,,0.118,0.23488
,,,,,,,,,,,,0.11899,0.23724
,,,,,,,,,,,,0.11998,0.23973
,,,,,,,,,,,,0.12099,0.24157
,,,,,,,,,,,,0.12199,0.2437
,,,,,,,,,,,,0.123,0.24611
,,,,,,,,,,,,0.12399,0.24829
,,,,,,,,,,,,0.12499,0.25006
,,,,,,,,,,,,0.12601,0.25257
,,,,,,,,,,,,0.12701,0.25501
,,,,,,,,,,,,0.128,0.25709
,,,,,,,,,,,,0.129,0.25953
,,,,,,,,,,,,0.13,0.2622
,,,,,,,,,,,,0.13101,0.2646
,,,,,,,,,,,,0.132,0.26661
,,,,,,,,,,,,0.133,0.2691
,,,,,,,,,,,,0.13399,0.27167
,,,,,,,,,,,,0.13499,0.27365
,,,,,,,,,,,,0.13601,0.27639
,,,,,,,,,,,,0.13701,0.27896
,,,,,,,,,,,,0.13802,0.28107
,,,,,,,,,,,,0.139,0.28343
,,,,,,,,,,,,0.14002,0.28611
,,,,,,,,,,,,0.14101,0.28893
,,,,,,,,,,,,0.142,0.29101
,,,,,,,,,,,,0.14302,0.29388
,,,,,,,,,,,,0.14402,0.2968
,,,,,,,,,,,,0.14501,0.29911
,,,,,,,,,,,,0.14598,0.30174
,,,,,,,,,,,,0.14701,0.30447
,,,,,,,,,,,,0.14802,0.30719
,,,,,,,,,,,,0.149,0.30965
,,,,,,,,,,,,0.15,0.31252
,,,,,,,,,,,,0.15101,0.31539
,,,,,,,,,,,,0.15203,0.31766
,,,,,,,,,,,,0.153,0.32029
,,,,,,,,,,,,0.154,0.32322
,,,,,,,,,,,,0.15501,0.32548
,,,,,,,,,,,,0.15599,0.32801
,,,,,,,,,,,,0.157,0.33111
,,,,,,,,,,,,0.15799,0.33456
,,,,,,,,,,,,0.159,0.33694
,,,,,,,,,,,,0.15999,0.33999
,,,,,,,,,,,,0.16098,0.34315
,,,,,,,,,,,,0.16198,0.34584
,,,,,,,,,,,,0.16299,0.34898
,,,,,,,,,,,,0.16399,0.35207
,,,,,,,,,,,,0.16499,0.35559
,,,,,,,,,,,,0.166,0.3576
,,,,,,,,,,,,0.16701,0.3604
,,,,,,,,,,,,0.16799,0.36345
,,,,,,,,,,,,0.16903,0.36663
,,,,,,,,,,,,0.17,0.36977
,,,,,,,,,,,,0.17101,0.3733
,,,,,,,,,,,,0.17201,0.37661
,,,,,,,,,,,,0.17302,0.3798
,,,,,,,,,,,,0.17401,0.38348
,,,,,,,,,,,,0.17501,0.38678
,,,,,,,,,,,,0.176,0.38946
,,,,,,,,,,,,0.17701,0.39296
,,,,,,,,,,,,0.17801,0.39665
,,,,,,,,,,,,0.17901,0.39888
,,,,,,,,,,,,0.18001,0.40221
,,,,,,,,,,,,0.18102,0.40581
,,,,,,,,,,,,0.18201,0.40857
,,,,,,,,,,,,0.183,0.41189
,,,,,,,,,,,,0.18401,0.41591
,,,,,,,,,,,,0.185,0.4199
,,,,,,,,,,,,0.18599,0.42312
,,,,,,,,,,,,0.187,0.42703
,,,,,,,,,,,,0.188,0.431
,,,,,,,,,,,,0.189,0.4341
,,,,,,,,,,,,0.19002,0.43797
,,,,,,,,,,,,0.191,0.44189
,,,,,,,,,,,,0.19199,0.44467
,,,,,,,,,,,,0.193,0.44823
,,,,,,,,,,,,0.19399,0.45226
,,,,,,,,,,,,0.19499,0.45555
,,,,,,,,,,,,0.19598,0.45831
,,,,,,,,,,,,0.19701,0.46274
,,,,,,,,,,,,0.19799,0.46735
,,,,,,,,,,,,0.19899,0.47091
,,,,,,,,,,,,0.19998,0.47513
,,,,,,,,,,,,0.201,0.47961
,,,,,,,,,,,,0.20199,0.48302
,,,,,,,,,,,,0.203,0.48645
,,,,,,,,,,,,0.20399,0.49051
,,,,,,,,,,,,0.20499,0.49428
,,,,,,,,,,,,0.20598,0.49806
,,,,,,,,,,,,0.207,0.50233
,,,,,,,,,,,,0.20798,0.50641
,,,,,,,,,,,,0.20898,0.50942
,,,,,,,,,,,,0.21001,0.51414
,,,,,,,,,,,,0.21099,0.51907
,,,,,,,,,,,,0.21201,0.52255
,,,,,,,,,,,,0.21299,0.52676
,,,,,,,,,,,,0.21399,0.53163
,,,,,,,,,,,,0.21499,0.53653
,,,,,,,,,,,,0.21601,0.54039
,,,,,,,,,,,,0.21699,0.54498
,,,,,,,,,,,,0.218,0.5494
,,,,,,,,,,,,0.21899,0.55243
,,,,,,,,,,,,0.22,0.55641
,,,,,,,,,,,,0.221,0.56136
,,,,,,,,,,,,0.22199,0.56582
,,,,,,,,,,,,0.22299,0.56984
,,,,,,,,,,,,0.22399,0.57478
,,,,,,,,,,,,0.22501,0.5801
,,,,,,,,,,,,0.22599,0.58407
,,,,,,,,,,,,0.22701,0.58888
,,,,,,,,,,,,0.22801,0.59351
,,,,,,,,,,,,0.22898,0.59694
,,,,,,,,,,,,0.22998,0.60147
,,,,,,,,,,,,0.23101,0.60659
,,,,,,,,,,,,0.23199,0.61213
,,,,,,,,,,,,0.233,0.61568
,,,,,,,,,,,,0.23399,0.62069
,,,,,,,,,,,,0.235,0.62588
,,,,,,,,,,,,0.23598,0.62938
,,,,,,,,,,,,0.23697,0.63432
,,,,,,,,,,,,0.23799,0.63947
,,,,,,,,,,,,0.23898,0.64447
,,,,,,,,,,,,0.24001,0.64815
,,,,,,,,,,,,0.24097,0.65355
,,,,,,,,,,,,0.242,0.6601
,,,,,,,,,,,,0.24299,0.66402
,,,,,,,,,,,,0.24397,0.66829
,,,,,,,,,,,,0.24498,0.67271
,,,,,,,,,,,,0.24599,0.67775
,,,,,,,,,,,,0.24698,0.68201
,,,,,,,,,,,,0.24796,0.68843
,,,,,,,,,,,,0.24897,0.69295
,,,,,,,,,,,,0.24997,0.69537
,,,,,,,,,,,,0.25097,0.69927
,,,,,,,,,,,,0.25198,0.7039
,,,,,,,,,,,,0.25296,0.71202
,,,,,,,,,,,,0.25398,0.71789
,,,,,,,,,,,,0.25498,0.72192
,,,,,,,,,,,,0.25599,0.72691
,,,,,,,,,,,,0.25699,0.73216
,,,,,,,,,,,,0.25798,0.73679
,,,,,,,,,,,,0.25898,0.74084
,,,,,,,,,,,,0.25998,0.74668
,,,,,,,,,,,,0.26098,0.75268
,,,,,,,,,,,,0.26199,0.75612
,,,,,,,,,,,,0.26299,0.76006
,,,,,,,,,,,,0.26399,0.76606
,,,,,,,,,,,,0.26499,0.772
,,,,,,,,,,,,0.26599,0.77583
,,,,,,,,,,,,0.26699,0.78043
,,,,,,,,,,,,0.268,0.78771
,,,,,,,,,,,,0.26899,0.79152
,,,,,,,,,,,,0.26999,0.7943
,,,,,,,,,,,,0.27101,0.79841
,,,,,,,,,,,,0.27199,0.80433
,,,,,,,,,,,,0.273,0.80917
,,,,,,,,,,,,0.27399,0.81334
,,,,,,,,,,,,0.27498,0.81931
,,,,,,,,,,,,0.276,0.82406
,,,,,,,,,,,,0.277,0.82684
,,,,,,,,,,,,0.27798,0.83128
,,,,,,,,,,,,0.27898,0.83621
,,,,,,,,,,,,0.27999,0.84032
,,,,,,,,,,,,0.28099,0.84498
,,,,,,,,,,,,0.28197,0.85097
,,,,,,,,,,,,0.28298,0.85544
,,,,,,,,,,,,0.28399,0.85866
,,,,,,,,,,,,0.28499,0.86317
,,,,,,,,,,,,0.28599,0.86754
,,,,,,,,,,,,0.28698,0.87122
,,,,,,,,,,,,0.28797,0.87608
,,,,,,,,,,,,0.28898,0.88215
,,,,,,,,,,,,0.28999,0.88504
,,,,,,,,,,,,0.29098,0.88691
,,,,,,,,,,,,0.29198,0.89026
,,,,,,,,,,,,0.29299,0.89491
,,,,,,,,,,,,0.29397,0.89851
,,,,,,,,,,,,0.295,0.90265
,,,,,,,,,,,,0.296,0.90726
,,,,,,,,,,,,0.29698,0.90948
,,,,,,,,,,,,0.29799,0.91322
,,,,,,,,,,,,0.29899,0.91682
,,,,,,,,,,,,0.3,0.91979
,,,,,,,,,,,,0.30099,0.92304
,,,,,,,,,,,,0.30199,0.92679
,,,,,,,,,,,,0.303,0.92997
,,,,,,,,,,,,0.30398,0.93129
,,,,,,,,,,,,0.305,0.93564
,,,,,,,,,,,,0.306,0.93912
,,,,,,,,,,,,0.307,0.93968
,,,,,,,,,,,,0.308,0.94198
,,,,,,,,,,,,0.30898,0.94558
,,,,,,,,,,,,0.30998,0.9473
,,,,,,,,,,,,0.31099,0.94724
,,,,,,,,,,,,0.31199,0.95052
,,,,,,,,,,,,0.313,0.9548
,,,,,,,,,,,,0.31398,0.95476
,,,,,,,,,,,,0.31498,0.95558
,,,,,,,,,,,,0.31598,0.95852
,,,,,,,,,,,,0.31698,0.96033
,,,,,,,,,,,,0.31797,0.96008
,,,,,,,,,,,,0.31897,0.96099
,,,,,,,,,,,,0.32,0.96346
,,,,,,,,,,,,0.32099,0.96406
,,,,,,,,,,,,0.32198,0.96555
,,,,,,,,,,,,0.32299,0.9659
,,,,,,,,,,,,0.32399,0.96376
,,,,,,,,,,,,0.32497,0.9644
,,,,,,,,,,,,0.32598,0.96637
,,,,,,,,,,,,0.327,0.96651
,,,,,,,,,,,,0.32798,0.96585
,,,,,,,,,,,,0.32899,0.96703
,,,,,,,,,,,,0.33,0.9671
,,,,,,,,,,,,0.33098,0.96425
,,,,,,,,,,,,0.33198,0.9643
,,,,,,,,,,,,0.33298,0.96389
,,,,,,,,,,,,0.33398,0.9606
,,,,,,,,,,,,0.33496,0.95975
,,,,,,,,,,,,0.33599,0.96004
,,,,,,,,,,,,0.337,0.9578
,,,,,,,,,,,,0.33799,0.95485
,,,,,,,,,,,,0.33899,0.95467
,,,,,,,,,,,,0.33998,0.95449
,,,,,,,,,,,,0.341,0.95156
,,,,,,,,,,,,0.342,0.95061
,,,,,,,,,,,,0.34298,0.94887
,,,,,,,,,,,,0.344,0.9447
,,,,,,,,,,,,0.34501,0.94244
,,,,,,,,,,,,0.34599,0.94133
,,,,,,,,,,,,0.34698,0.93825
,,,,,,,,,,,,0.348,0.93443
,,,,,,,,,,,,0.34899,0.93201
,,,,,,,,,,,,0.34998,0.92924
,,,,,,,,,,,,0.35099,0.92418
,,,,,,,,,,,,0.35199,0.92185
,,,,,,,,,,,,0.353,0.92084
,,,,,,,,,,,,0.35399,0.91687
,,,,,,,,,,,,0.35499,0.91406
,,,,,,,,,,,,0.35601,0.91202
,,,,,,,,,,,,0.35699,0.90793
,,,,,,,,,,,,0.35801,0.90351
,,,,,,,,,,,,0.35899,0.90045
,,,,,,,,,,,,0.36,0.8975
,,,,,,,,,,,,0.36101,0.89127
,,,,,,,,,,,,0.36198,0.88765
,,,,,,,,,,,,0.36299,0.88412
,,,,,,,,,,,,0.36399,0.87981
,,,,,,,,,,,,0.365,0.87707
,,,,,,,,,,,,0.366,0.87402
,,,,,,,,,,,,0.367,0.87
,,,,,,,,,,,,0.368,0.86554
,,,,,,,,,,,,0.36899,0.86296
,,,,,,,,,,,,0.37001,0.86044
,,,,,,,,,,,,0.37101,0.85502
,,,,,,,,,,,,0.37201,0.85093
,,,,,,,,,,,,0.37301,0.84724
,,,,,,,,,,,,0.374,0.84187
,,,,,,,,,,,,0.37501,0.83766
,,,,,,,,,,,,0.37599,0.83426
,,,,,,,,,,,,0.377,0.83029
,,,,,,,,,,,,0.37802,0.82526
,,,,,,,,,,,,0.379,0.82273
,,,,,,,,,,,,0.37998,0.81954
,,,,,,,,,,,,0.381,0.8149
,,,,,,,,,,,,0.38199,0.81122
,,,,,,,,,,,,0.383,0.80805
,,,,,,,,,,,,0.38398,0.80327
,,,,,,,,,,,,0.38498,0.79929
,,,,,,,,,,,,0.38597,0.79572
,,,,,,,,,,,,0.38699,0.79239
,,,,,,,,,,,,0.38799,0.78648
,,,,,,,,,,,,0.38898,0.78276
,,,,,,,,,,,,0.39,0.77955
,,,,,,,,,,,,0.39098,0.77515
,,,,,,,,,,,,0.39199,0.77201
,,,,,,,,,,,,0.39298,0.76871
,,,,,,,,,,,,0.39399,0.76492
,,,,,,,,,,,,0.39498,0.76137
,,,,,,,,,,,,0.39597,0.75848
,,,,,,,,,,,,0.39698,0.75535
,,,,,,,,,,,,0.39801,0.75045
,,,,,,,,,,,,0.39899,0.74702
,,,,,,,,,,,,0.39997,0.74393
,,,,,,,,,,,,0.40098,0.73946
,,,,,,,,,,,,0.40197,0.73566
,,,,,,,,,,,,0.40297,0.7328
,,,,,,,,,,,,0.40398,0.72935
,,,,,,,,,,,,0.405,0.72507
,,,,,,,,,,,,0.40599,0.7224
,,,,,,,,,,,,0.40699,0.72012
,,,,,,,,,,,,0.40797,0.71598
,,,,,,,,,,,,0.40898,0.71278
,,,,,,,,,,,,0.40998,0.70991
,,,,,,,,,,,,0.41099,0.70666
,,,,,,,,,,,,0.41198,0.70305
,,,,,,,,,,,,0.41298,0.70024
,,,,,,,,,,,,0.414,0.69697
,,,,,,,,,,,,0.415,0.69259
,,,,,,,,,,,,0.41598,0.68968
,,,,,,,,,,,,0.41699,0.68717
,,,,,,,,,,,,0.41801,0.68385
,,,,,,,,,,,,0.419,0.68054
,,,,,,,,,,,,0.41998,0.6776
,,,,,,,,,,,,0.42099,0.67504
,,,,,,,,,,,,0.42199,0.6716
,,,,,,,,,,,,0.42299,0.66956
,,,,,,,,,,,,0.42401,0.6669
,,,,,,,,,,,,0.425,0.66335
,,,,,,,,,,,,0.426,0.66033
,,,,,,,,,,,,0.42699,0.65766
,,,,,,,,,,,,0.428,0.6549
,,,,,,,,,,,,0.429,0.6511
,,,,,,,,,,,,0.42999,0.6485
,,,,,,,,,,,,0.431,0.6461
,,,,,,,,,,,,0.43199,0.64312
,,,,,,,,,,,,0.433,0.64105
,,,,,,,,,,,,0.43399,0.63815
,,,,,,,,,,,,0.43499,0.6351
,,,,,,,,,,,,0.43601,0.63253
,,,,,,,,,,,,0.43699,0.6306
,,,,,,,,,,,,0.43801,0.62781
,,,,,,,,,,,,0.43901,0.62478
,,,,,,,,,,,,0.44,0.62206
,,,,,,,,,,,,0.44101,0.61969
,,,,,,,,,,,,0.44201,0.61665
,,,,,,,,,,,,0.443,0.61412
,,,,,,,,,,,,0.444,0.61195
,,,,,,,,,,,,0.44501,0.60887
,,,,,,,,,,,,0.44601,0.60618
,,,,,,,,,,,,0.44701,0.60415
,,,,,,,,,,,,0.448,0.60271
,,,,,,,,,,,,0.44901,0.59946
,,,,,,,,,,,,0.44999,0.59703
,,,,,,,,,,,,0.45098,0.5952
,,,,,,,,,,,,0.45201,0.59228
,,,,,,,,,,,,0.453,0.58995
,,,,,,,,,,,,0.45399,0.58733
,,,,,,,,,,,,0.45496,0.58535
,,,,,,,,,,,,0.45599,0.58241
,,,,,,,,,,,,0.45699,0.58076
,,,,,,,,,,,,0.45799,0.57859
,,,,,,,,,,,,0.45899,0.57582
,,,,,,,,,,,,0.45999,0.57396
,,,,,,,,,,,,0.46098,0.57161
,,,,,,,,,,,,0.46197,0.5702
,,,,,,,,,,,,0.46296,0.56755
,,,,,,,,,,,,0.46399,0.56548
,,,,,,,,,,,,0.465,0.564
,,,,,,,,,,,,0.46598,0.56123
,,,,,,,,,,,,0.46697,0.55916
,,,,,,,,,,,,0.46798,0.55759
,,,,,,,,,,,,0.46898,0.55506
,,,,,,,,,,,,0.46998,0.55237
,,,,,,,,,,,,0.47097,0.55078
,,,,,,,,,,,,0.47199,0.54895
,,,,,,,,,,,,0.47299,0.54642
,,,,,,,,,,,,0.47399,0.54496
,,,,,,,,,,,,0.47499,0.54303
,,,,,,,,,,,,0.47597,0.54182
,,,,,,,,,,,,0.47698,0.5395
,,,,,,,,,,,,0.47798,0.53754
,,,,,,,,,,,,0.47899,0.53555
,,,,,,,,,,,,0.48,0.53262
,,,,,,,,,,,,0.48098,0.53103
,,,,,,,,,,,,0.48201,0.52972
,,,,,,,,,,,,0.48299,0.52742
,,,,,,,,,,,,0.48399,0.52619
,,,,,,,,,,,,0.48499,0.52431
,,,,,,,,,,,,0.48599,0.52304
,,,,,,,,,,,,0.48698,0.52023
,,,,,,,,,,,,0.48798,0.51909
,,,,,,,,,,,,0.48898,0.51719
,,,,,,,,,,,,0.48996,0.51521
,,,,,,,,,,,,0.49097,0.514
,,,,,,,,,,,,0.49199,0.51273
,,,,,,,,,,,,0.49298,0.51043
,,,,,,,,,,,,0.49396,0.50804
,,,,,,,,,,,,0.49499,0.50685
,,,,,,,,,,,,0.49598,0.50484
,,,,,,,,,,,,0.49697,0.50322
,,,,,,,,,,,,0.49798,0.5017
,,,,,,,,,,,,0.49896,0.50086
,,,,,,,,,,,,0.49999,0.49888
,,,,,,,,,,,,0.50099,0.4972
,,,,,,,,,,,,0.50199,0.49542
,,,,,,,,,,,,0.50298,0.49418
,,,,,,,,,,,,0.50399,0.49174
,,,,,,,,,,,,0.50497,0.49086
,,,,,,,,,,,,0.50597,0.4894
,,,,,,,,,,,,0.507,0.48772
,,,,,,,,,,,,0.50797,0.48594
,,,,,,,,,,,,0.50897,0.48473
,,,,,,,,,,,,0.50997,0.48267
,,,,,,,,,,,,0.51098,0.48122
,,,,,,,,,,,,0.51199,0.47978
,,,,,,,,,,,,0.51299,0.47881
,,,,,,,,,,,,0.51399,0.47694
,,,,,,,,,,,,0.51499,0.47576
,,,,,,,,,,,,0.51599,0.4745
,,,,,,,,,,,,0.51698,0.47228
,,,,,,,,,,,,0.51799,0.47117
,,,,,,,,,,,,0.51899,0.46952
,,,,,,,,,,,,0.51998,0.46851
,,,,,,,,,,,,0.52099,0.46629
,,,,,,,,,,,,0.522,0.46551
,,,,,,,,,,,,0.52299,0.46437
,,,,,,,,,,,,0.524,0.46247
,,,,,,,,,,,,0.525,0.46141
,,,,,,,,,,,,0.52598,0.45964
,,,,,,,,,,,,0.527,0.45853
,,,,,,,,,,,,0.52799,0.45669
,,,,,,,,,,,,0.52898,0.45589
,,,,,,,,,,,,0.52999,0.45436
,,,,,,,,,,,,0.53098,0.45273
,,,,,,,,,,,,0.532,0.4518
,,,,,,,,,,,,0.53299,0.45028
,,,,,,,,,,,,0.534,0.44893
,,,,,,,,,,,,0.535,0.44694
,,,,,,,,,,,,0.53597,0.44619
,,,,,,,,,,,,0.53697,0.44488
,,,,,,,,,,,,0.53798,0.44323
,,,,,,,,,,,,0.53898,0.4422
,,,,,,,,,,,,0.54,0.44066
,,,,,,,,,,,,0.54097,0.43944
,,,,,,,,,,,,0.54199,0.43763
,,,,,,,,,,,,0.54298,0.4369
,,,,,,,,,,,,0.544,0.43568
,,,,,,,,,,,,0.54499,0.43405
,,,,,,,,,,,,0.54599,0.43313
,,,,,,,,,,,,0.54698,0.43177
,,,,,,,,,,,,0.54799,0.43023
,,,,,,,,,,,,0.549,0.42873
,,,,,,,,,,,,0.55,0.42767
,,,,,,,,,,,,0.55099,0.42664
,,,,,,,,,,,,0.55199,0.42475
,,,,,,,,,,,,0.55299,0.42413
,,,,,,,,,,,,0.55398,0.42321
,,,,,,,,,,,,0.55499,0.42119
,,,,,,,,,,,,0.55598,0.42048
,,,,,,,,,,,,0.55698,0.41911
,,,,,,,,,,,,0.55799,0.41789
,,,,,,,,,,,,0.55898,0.4166
,,,,,,,,,,,,0.55997,0.41507
,,,,,,,,,,,,0.56099,0.41449
,,,,,,,,,,,,0.56197,0.41267
,,,,,,,,,,,,0.56297,0.41176
,,,,,,,,,,,,0.56398,0.41078
,,,,,,,,,,,,0.56496,0.4093
,,,,,,,,,,,,0.56596,0.40819
,,,,,,,,,,,,0.56699,0.40719
,,,,,,,,,,,,0.56798,0.40593
,,,,,,,,,,,,0.56899,0.40479
,,,,,,,,,,,,0.56999,0.40376
,,,,,,,,,,,,0.571,0.40231
,,,,,,,,,,,,0.57199,0.40148
,,,,,,,,,,,,0.57298,0.40033
,,,,,,,,,,,,0.574,0.3989
,,,,,,,,,,,,0.57498,0.39837
,,,,,,,,,,,,0.57599,0.39684
,,,,,,,,,,,,0.57699,0.39598
,,,,,,,,,,,,0.57798,0.39515
,,,,,,,,,,,,0.57899,0.39365
,,,,,,,,,,,,0.57999,0.39269
,,,,,,,,,,,,0.58096,0.3918
,,,,,,,,,,,,0.58198,0.39096
,,,,,,,,,,,,0.58299,0.38931
,,,,,,,,,,,,0.58398,0.38877
,,,,,,,,,,,,0.58497,0.38794
,,,,,,,,,,,,0.58598,0.38631
,,,,,,,,,,,,0.587,0.38575
,,,,,,,,,,,,0.58797,0.3848
,,,,,,,,,,,,0.58898,0.38352
,,,,,,,,,,,,0.58998,0.38252
,,,,,,,,,,,,0.59099,0.38178
,,,,,,,,,,,,0.59198,0.3807
,,,,,,,,,,,,0.59298,0.37961
,,,,,,,,,,,,0.59401,0.37896
,,,,,,,,,,,,0.59498,0.37808
,,,,,,,,,,,,0.59599,0.37656
,,,,,,,,,,,,0.597,0.37595
,,,,,,,,,,,,0.598,0.37512
,,,,,,,,,,,,0.599,0.37384
,,,,,,,,,,,,0.6,0.37287
,,,,,,,,,,,,0.601,0.37219
,,,,,,,,,,,,0.602,0.37146
,,,,,,,,,,,,0.60299,0.36997
,,,,,,,,,,,,0.60401,0.36937
,,,,,,,,,,,,0.60501,0.36862
,,,,,,,,,,,,0.606,0.36737
,,,,,,,,,,,,0.60701,0.36656
,,,,,,,,,,,,0.608,0.36587
,,,,,,,,,,,,0.609,0.36488
,,,,,,,,,,,,0.61,0.36372
,,,,,,,,,,,,0.611,0.36317
,,,,,,,,,,,,0.612,0.36239
,,,,,,,,,,,,0.61299,0.36083
,,,,,,,,,,,,0.61399,0.36037
,,,,,,,,,,,,0.61499,0.35966
,,,,,,,,,,,,0.616,0.35885
,,,,,,,,,,,,0.61699,0.35746
,,,,,,,,,,,,0.61801,0.35712
,,,,,,,,,,,,0.61898,0.35621
,,,,,,,,,,,,0.61999,0.35486
,,,,,,,,,,,,0.62098,0.35432
,,,,,,,,,,,,0.62198,0.35372
,,,,,,,,,,,,0.62301,0.35263
,,,,,,,,,,,,0.62401,0.35133
,,,,,,,,,,,,0.62498,0.35103
,,,,,,,,,,,,0.626,0.35029
,,,,,,,,,,,,0.62701,0.34917
,,,,,,,,,,,,0.62799,0.34811
,,,,,,,,,,,,0.62898,0.34783
,,,,,,,,,,,,0.62998,0.34685
,,,,,,,,,,,,0.631,0.346
,,,,,,,,,,,,0.63201,0.34502
,,,,,,,,,,,,0.63301,0.34447
,,,,,,,,,,,,0.63401,0.34349
,,,,,,,,,,,,0.635,0.34281
,,,,,,,,,,,,0.636,0.34174
,,,,,,,,,,,,0.63699,0.34093
,,,,,,,,,,,,0.63799,0.34028
,,,,,,,,,,,,0.63899,0.33965
,,,,,,,,,,,,0.64,0.33856
,,,,,,,,,,,,0.64099,0.33798
,,,,,,,,,,,,0.642,0.33729
,,,,,,,,,,,,0.643,0.33661
,,,,,,,,,,,,0.644,0.33526
,,,,,,,,,,,,0.64501,0.33495
,,,,,,,,,,,,0.646,0.33426
,,,,,,,,,,,,0.64701,0.33328
,,,,,,,,,,,,0.648,0.33238
,,,,,,,,,,,,0.64901,0.33185
,,,,,,,,,,,,0.65002,0.33121
,,,,,,,,,,,,0.65101,0.33018
,,,,,,,,,,,,0.65201,0.32952
,,,,,,,,,,,,0.65302,0.32857
,,,,,,,,,,,,0.65402,0.32801
,,,,,,,,,,,,0.65502,0.32741
,,,,,,,,,,,,0.656,0.3268
,,,,,,,,,,,,0.65704,0.32583
,,,,,,,,,,,,0.65803,0.32522
,,,,,,,,,,,,0.65903,0.32466
,,,,,,,,,,,,0.66002,0.32396
,,,,,,,,,,,,0.66101,0.32262
,,,,,,,,,,,,0.66201,0.32232
,,,,,,,,,,,,0.66303,0.32179
,,,,,,,,,,,,0.66402,0.32095
,,,,,,,,,,,,0.665,0.32014
,,,,,,,,,,,,0.66601,0.31929
,,,,,,,,,,,,0.66699,0.319
,,,,,,,,,,,,0.668,0.31808
,,,,,,,,,,,,0.66901,0.3175
,,,,,,,,,,,,0.67,0.31698
,,,,,,,,,,,,0.67099,0.31576
,,,,,,,,,,,,0.67201,0.31543
,,,,,,,,,,,,0.67301,0.31486
,,,,,,,,,,,,0.67399,0.31412
,,,,,,,,,,,,0.675,0.31317
,,,,,,,,,,,,0.67599,0.31251
,,,,,,,,,,,,0.67698,0.31216
,,,,,,,,,,,,0.67799,0.31124
,,,,,,,,,,,,0.67899,0.31075
,,,,,,,,,,,,0.67999,0.31013
,,,,,,,,,,,,0.681,0.30893
,,,,,,,,,,,,0.68201,0.30862
,,,,,,,,,,,,0.68298,0.30806
,,,,,,,,,,,,0.68401,0.30749
,,,,,,,,,,,,0.68502,0.30617
,,,,,,,,,,,,0.686,0.30607
,,,,,,,,,,,,0.687,0.3055
,,,,,,,,,,,,0.68801,0.30455
,,,,,,,,,,,,0.689,0.30396
,,,,,,,,,,,,0.69001,0.30312
,,,,,,,,,,,,0.69102,0.3027
,,,,,,,,,,,,0.69199,0.30193
,,,,,,,,,,,,0.69301,0.30142
,,,,,,,,,,,,0.694,0.30086
,,,,,,,,,,,,0.695,0.29965
,,,,,,,,,,,,0.69602,0.2995
,,,,,,,,,,,,0.69699,0.29901
,,,,,,,,,,,,0.69802,0.29824
,,,,,,,,,,,,0.699,0.29761
,,,,,,,,,,,,0.70003,0.29674
,,,,,,,,,,,,0.701,0.29639
,,,,,,,,,,,,0.70199,0.2956
,,,,,,,,,,,,0.703,0.2951
,,,,,,,,,,,,0.704,0.29454
,,,,,,,,,,,,0.70501,0.29332
,,,,,,,,,,,,0.70601,0.29317
,,,,,,,,,,,,0.70701,0.29271
,,,,,,,,,,,,0.708,0.29203
,,,,,,,,,,,,0.70899,0.29144
,,,,,,,,,,,,0.71001,0.29107
,,,,,,,,,,,,0.71103,0.29007
,,,,,,,,,,,,0.712,0.28952
,,,,,,,,,,,,0.713,0.28909
,,,,,,,,,,,,0.71399,0.28856
,,,,,,,,,,,,0.71502,0.28782
,,,,,,,,,,,,0.716,0.28696
,,,,,,,,,,,,0.71701,0.28675
,,,,,,,,,,,,0.71802,0.28596
,,,,,,,,,,,,0.71901,0.28548
,,,,,,,,,,,,0.72001,0.28509
,,,,,,,,,,,,0.72101,0.28423
,,,,,,,,,,,,0.72199,0.28348
,,,,,,,,,,,,0.723,0.28322
,,,,,,,,,,,,0.72401,0.28265
,,,,,,,,,,,,0.72501,0.2819
,,,,,,,,,,,,0.72599,0.2815
,,,,,,,,,,,,0.72698,0.28077
,,,,,,,,,,,,0.728,0.28019
,,,,,,,,,,,,0.729,0.27977
,,,,,,,,,,,,0.72999,0.27932
,,,,,,,,,,,,0.731,0.27858
,,,,,,,,,,,,0.732,0.27788
,,,,,,,,,,,,0.733,0.27715
,,,,,,,,,,,,0.73401,0.27693
,,,,,,,,,,,,0.735,0.27618
,,,,,,,,,,,,0.73599,0.27578
,,,,,,,,,,,,0.73698,0.2754
,,,,,,,,,,,,0.73798,0.27442
,,,,,,,,,,,,0.73898,0.27423
,,,,,,,,,,,,0.73999,0.27369
,,,,,,,,,,,,0.741,0.27303
,,,,,,,,,,,,0.74199,0.27214
,,,,,,,,,,,,0.74299,0.27201
,,,,,,,,,,,,0.74399,0.27142
,,,,,,,,,,,,0.745,0.27073
,,,,,,,,,,,,0.74601,0.27031
,,,,,,,,,,,,0.747,0.26989
,,,,,,,,,,,,0.74801,0.26877
,,,,,,,,,,,,0.749,0.26868
,,,,,,,,,,,,0.74999,0.26829
,,,,,,,,,,,,0.75098,0.26762
,,,,,,,,,,,,0.75198,0.26713
,,,,,,,,,,,,0.75298,0.26673
,,,,,,,,,,,,0.75399,0.26579
,,,,,,,,,,,,0.755,0.26529
,,,,,,,,,,,,0.75599,0.26492
,,,,,,,,,,,,0.757,0.26458
,,,,,,,,,,,,0.758,0.26392
,,,,,,,,,,,,0.75899,0.26346
,,,,,,,,,,,,0.75999,0.26275
,,,,,,,,,,,,0.761,0.26259
,,,,,,,,,,,,0.762,0.26189
,,,,,,,,,,,,0.76298,0.26144
,,,,,,,,,,,,0.76401,0.26103
,,,,,,,,,,,,0.76501,0.26032
,,,,,,,,,,,,0.76602,0.25953
,,,,,,,,,,,,0.76701,0.25947
,,,,,,,,,,,,0.768,0.25887
,,,,,,,,,,,,0.76899,0.25832
,,,,,,,,,,,,0.77,0.25793
,,,,,,,,,,,,0.77099,0.25759
,,,,,,,,,,,,0.772,0.25684
,,,,,,,,,,,,0.77301,0.25609
,,,,,,,,,,,,0.77401,0.25607
,,,,,,,,,,,,0.77501,0.25555
,,,,,,,,,,,,0.776,0.25508
,,,,,,,,,,,,0.777,0.25463
,,,,,,,,,,,,0.77799,0.25414
,,,,,,,,,,,,0.77899,0.25351
,,,,,,,,,,,,0.77999,0.25279
,,,,,,,,,,,,0.78098,0.25278
,,,,,,,,,,,,0.78197,0.25207
,,,,,,,,,,,,0.78296,0.25159
,,,,,,,,,,,,0.78398,0.25126
,,,,,,,,,,,,0.78497,0.25081
,,,,,,,,,,,,0.78599,0.24999
,,,,,,,,,,,,0.78701,0.24973
,,,,,,,,,,,,0.78798,0.24948
,,,,,,,,,,,,0.78899,0.24888
,,,,,,,,,,,,0.79001,0.24851
,,,,,,,,,,,,0.79099,0.24808
,,,,,,,,,,,,0.79198,0.24759
,,,,,,,,,,,,0.79297,0.2466
,,,,,,,,,,,,0.79399,0.24652
,,,,,,,,,,,,0.79499,0.24612
,,,,,,,,,,,,0.79597,0.24552
,,,,,,,,,,,,0.79698,0.24517
,,,,,,,,,,,,0.79799,0.2448
,,,,,,,,,,,,0.79899,0.24426
,,,,,,,,,,,,0.79998,0.24341
,,,,,,,,,,,,0.801,0.24334
,,,,,,,,,,,,0.80199,0.24311
,,,,,,,,,,,,0.80298,0.24245
,,,,,,,,,,,,0.80401,0.24205
,,,,,,,,,,,,0.80499,0.24158
,,,,,,,,,,,,0.80602,0.2411
,,,,,,,,,,,,0.80699,0.24065
,,,,,,,,,,,,0.80797,0.23976
,,,,,,,,,,,,0.80877,0.24003
,,,,,,,,,,,,0.8091,0.23993
,,,,,,,,,,,,0.80913,0.23979
,,,,,,,,,,,,0.80859,0.23582
,,,,,,,,,,,,0.80761,0.23535
,,,,,,,,,,,,0.80661,0.2347
,,,,,,,,,,,,0.80561,0.23443
,,,,,,,,,,,,0.8046,0.2339
,,,,,,,,,,,,0.80361,0.23325
,,,,,,,,,,,,0.80259,0.23302
,,,,,,,,,,,,0.80161,0.23246
,,,,,,,,,,,,0.80059,0.23207
,,,,,,,,,,,,0.79958,0.23161
,,,,,,,,,,,,0.79861,0.23112
,,,,,,,,,,,,0.79758,0.23065
,,,,,,,,,,,,0.7966,0.23015
,,,,,,,,,,,,0.79558,0.22978
,,,,,,,,,,,,0.79459,0.22922
,,,,,,,,,,,,0.79361,0.2289
,,,,,,,,,,,,0.7926,0.22838
,,,,,,,,,,,,0.79158,0.22802
,,,,,,,,,,,,0.79059,0.22769
,,,,,,,,,,,,0.78958,0.22733
,,,,,,,,,,,,0.78858,0.22674
,,,,,,,,,,,,0.78758,0.22625
,,,,,,,,,,,,0.7866,0.22592
,,,,,,,,,,,,0.78559,0.22551
,,,,,,,,,,,,0.78458,0.22486
,,,,,,,,,,,,0.78358,0.22458
,,,,,,,,,,,,0.7826,0.22424
,,,,,,,,,,,,0.78158,0.2237
,,,,,,,,,,,,0.78059,0.22331
,,,,,,,,,,,,0.77959,0.22296
,,,,,,,,,,,,0.77861,0.2226
,,,,,,,,,,,,0.77762,0.2219
,,,,,,,,,,,,0.77661,0.2217
,,,,,,,,,,,,0.77561,0.22133
,,,,,,,,,,,,0.77459,0.22069
,,,,,,,,,,,,0.77362,0.22036
,,,,,,,,,,,,0.7726,0.22002
,,,,,,,,,,,,0.77162,0.21961
,,,,,,,,,,,,0.77058,0.21898
,,,,,,,,,,,,0.7696,0.21883
,,,,,,,,,,,,0.76862,0.21857
,,,,,,,,,,,,0.76761,0.21798
,,,,,,,,,,,,0.76663,0.21738
,,,,,,,,,,,,0.76559,0.21717
,,,,,,,,,,,,0.7646,0.21683
,,,,,,,,,,,,0.7636,0.21633
,,,,,,,,,,,,0.76259,0.21586
,,,,,,,,,,,,0.7616,0.21575
,,,,,,,,,,,,0.76058,0.21515
,,,,,,,,,,,,0.75961,0.21482
,,,,,,,,,,,,0.75859,0.2143
,,,,,,,,,,,,0.7576,0.21409
,,,,,,,,,,,,0.7566,0.21354
,,,,,,,,,,,,0.75557,0.21316
,,,,,,,,,,,,0.75459,0.21274
,,,,,,,,,,,,0.7536,0.21233
,,,,,,,,,,,,0.75259,0.21204
,,,,,,,,,,,,0.75161,0.2117
,,,,,,,,,,,,0.75059,0.21098
,,,,,,,,,,,,0.74959,0.21077
,,,,,,,,,,,,0.7486,0.21046
,,,,,,,,,,,,0.7476,0.21016
,,,,,,,,,,,,0.74658,0.20945
,,,,,,,,,,,,0.74561,0.20927
,,,,,,,,,,,,0.7446,0.20898
,,,,,,,,,,,,0.74359,0.2084
,,,,,,,,,,,,0.74258,0.20801
,,,,,,,,,,,,0.7416,0.20774
,,,,,,,,,,,,0.7406,0.20738
,,,,,,,,,,,,0.73959,0.20687
,,,,,,,,,,,,0.73859,0.20648
,,,,,,,,,,,,0.7376,0.20628
,,,,,,,,,,,,0.7366,0.20575
,,,,,,,,,,,,0.73559,0.20546
,,,,,,,,,,,,0.73458,0.20501
,,,,,,,,,,,,0.7336,0.20475
,,,,,,,,,,,,0.73258,0.20432
,,,,,,,,,,,,0.73159,0.20404
,,,,,,,,,,,,0.7306,0.20356
,,,,,,,,,,,,0.72959,0.20316
,,,,,,,,,,,,0.72859,0.20298
,,,,,,,,,,,,0.72761,0.20271
,,,,,,,,,,,,0.7266,0.20202
,,,,,,,,,,,,0.72562,0.2019
,,,,,,,,,,,,0.7246,0.20164
,,,,,,,,,,,,0.7236,0.20124
,,,,,,,,,,,,0.72262,0.20079
,,,,,,,,,,,,0.72161,0.20037
,,,,,,,,,,,,0.72061,0.20021
,,,,,,,,,,,,0.7196,0.19972
,,,,,,,,,,,,0.7186,0.19947
,,,,,,,,,,,,0.71761,0.19922
,,,,,,,,,,,,0.71658,0.19859
,,,,,,,,,,,,0.71559,0.19842
,,,,,,,,,,,,0.7146,0.19815
,,,,,,,,,,,,0.71358,0.19777
,,,,,,,,,,,,0.71261,0.19716
,,,,,,,,,,,,0.71159,0.19708
,,,,,,,,,,,,0.71061,0.19682
,,,,,,,,,,,,0.70961,0.19637
,,,,,,,,,,,,0.70859,0.19611
,,,,,,,,,,,,0.70759,0.19563
,,,,,,,,,,,,0.70661,0.1954
,,,,,,,,,,,,0.70559,0.19509
,,,,,,,,,,,,0.70462,0.19479
,,,,,,,,,,,,0.70361,0.19422
,,,,,,,,,,,,0.7026,0.19399
,,,,,,,,,,,,0.70163,0.19378
,,,,,,,,,,,,0.70062,0.19346
,,,,,,,,,,,,0.6996,0.19294
,,,,,,,,,,,,0.69861,0.19248
,,,,,,,,,,,,0.69763,0.19243
,,,,,,,,,,,,0.69661,0.19205
,,,,,,,,,,,,0.69561,0.19161
,,,,,,,,,,,,0.69461,0.19123
,,,,,,,,,,,,0.69359,0.19102
,,,,,,,,,,,,0.69262,0.19065
,,,,,,,,,,,,0.69162,0.19046
,,,,,,,,,,,,0.6906,0.19013
,,,,,,,,,,,,0.6896,0.1895
,,,,,,,,,,,,0.68859,0.18932
,,,,,,,,,,,,0.68759,0.18908
,,,,,,,,,,,,0.68661,0.18877
,,,,,,,,,,,,0.6856,0.1883
,,,,,,,,,,,,0.68458,0.18789
,,,,,,,,,,,,0.68361,0.18781
,,,,,,,,,,,,0.68261,0.18742
,,,,,,,,,,,,0.68161,0.18713
,,,,,,,,,,,,0.6806,0.18685
,,,,,,,,,,,,0.6796,0.18632
,,,,,,,,,,,,0.67861,0.18611
,,,,,,,,,,,,0.6776,0.18587
,,,,,,,,,,,,0.67661,0.18562
,,,,,,,,,,,,0.67561,0.18511
,,,,,,,,,,,,0.67461,0.18484
,,,,,,,,,,,,0.67362,0.18464
,,,,,,,,,,,,0.67261,0.18421
,,,,,,,,,,,,0.67161,0.18386
,,,,,,,,,,,,0.67062,0.18343
,,,,,,,,,,,,0.66959,0.18333
,,,,,,,,,,,,0.66862,0.18291
,,,,,,,,,,,,0.66762,0.18269
,,,,,,,,,,,,0.66661,0.18244
,,,,,,,,,,,,0.66559,0.18182
,,,,,,,,,,,,0.66461,0.18177
,,,,,,,,,,,,0.6636,0.18149
,,,,,,,,,,,,0.66262,0.1812
,,,,,,,,,,,,0.66161,0.18079
,,,,,,,,,,,,0.6606,0.18059
,,,,,,,,,,,,0.65962,0.18019
,,,,,,,,,,,,0.65859,0.17988
,,,,,,,,,,,,0.65761,0.17964
,,,,,,,,,,,,0.6566,0.17939
,,,,,,,,,,,,0.65561,0.17896
,,,,,,,,,,,,0.6546,0.17865
,,,,,,,,,,,,0.65359,0.17848
,,,,,,,,,,,,0.65261,0.17818
,,,,,,,,,,,,0.6516,0.17785
,,,,,,,,,,,,0.65062,0.17765
,,,,,,,,,,,,0.64962,0.17742
,,,,,,,,,,,,0.6486,0.17684
,,,,,,,,,,,,0.6476,0.17669
,,,,,,,,,,,,0.64659,0.17645
,,,,,,,,,,,,0.64557,0.17608
,,,,,,,,,,,,0.64459,0.17558
,,,,,,,,,,,,0.64359,0.17548
,,,,,,,,,,,,0.6426,0.17528
,,,,,,,,,,,,0.6416,0.17484
,,,,,,,,,,,,0.64058,0.17459
,,,,,,,,,,,,0.6396,0.17437
,,,,,,,,,,,,0.63858,0.17381
,,,,,,,,,,,,0.63757,0.17372
,,,,,,,,,,,,0.63659,0.1735
,,,,,,,,,,,,0.63559,0.1732
,,,,,,,,,,,,0.6346,0.17288
,,,,,,,,,,,,0.6336,0.17256
,,,,,,,,,,,,0.63261,0.17242
,,,,,,,,,,,,0.6316,0.17202
,,,,,,,,,,,,0.63059,0.17177
,,,,,,,,,,,,0.62962,0.17154
,,,,,,,,,,,,0.62861,0.1711
,,,,,,,,,,,,0.6276,0.17088
,,,,,,,,,,,,0.62661,0.17069
,,,,,,,,,,,,0.62562,0.17043
,,,,,,,,,,,,0.62463,0.17003
,,,,,,,,,,,,0.62362,0.16986
,,,,,,,,,,,,0.6226,0.16966
,,,,,,,,,,,,0.62161,0.16915
,,,,,,,,,,,,0.6206,0.16902
,,,,,,,,,,,,0.61963,0.1688
,,,,,,,,,,,,0.61859,0.1685
,,,,,,,,,,,,0.61759,0.16817
,,,,,,,,,,,,0.61661,0.16779
,,,,,,,,,,,,0.61559,0.16768
,,,,,,,,,,,,0.6146,0.16729
,,,,,,,,,,,,0.61358,0.16704
,,,,,,,,,,,,0.61259,0.16683
,,,,,,,,,,,,0.61159,0.16635
,,,,,,,,,,,,0.61059,0.16621
,,,,,,,,,,,,0.60959,0.16602
,,,,,,,,,,,,0.60857,0.16581
,,,,,,,,,,,,0.60759,0.16545
,,,,,,,,,,,,0.60659,0.16523
,,,,,,,,,,,,0.60558,0.16491
,,,,,,,,,,,,0.60459,0.16459
,,,,,,,,,,,,0.6036,0.16434
,,,,,,,,,,,,0.60258,0.16407
,,,,,,,,,,,,0.60159,0.16382
,,,,,,,,,,,,0.60059,0.16347
,,,,,,,,,,,,0.59957,0.16311
,,,,,,,,,,,,0.5986,0.16301
,,,,,,,,,,,,0.59759,0.16267
,,,,,,,,,,,,0.5966,0.16244
,,,,,,,,,,,,0.5956,0.16225
,,,,,,,,,,,,0.5946,0.16191
,,,,,,,,,,,,0.59358,0.16161
,,,,,,,,,,,,0.59258,0.16143
,,,,,,,,,,,,0.59158,0.16119
,,,,,,,,,,,,0.59058,0.1608
,,,,,,,,,,,,0.58959,0.16058
,,,,,,,,,,,,0.58859,0.16021
,,,,,,,,,,,,0.58759,0.15996
,,,,,,,,,,,,0.58661,0.15974
,,,,,,,,,,,,0.58558,0.15954
,,,,,,,,,,,,0.58458,0.15935
,,,,,,,,,,,,0.58358,0.15897
,,,,,,,,,,,,0.58259,0.15867
,,,,,,,,,,,,0.58159,0.15853
,,,,,,,,,,,,0.5806,0.15825
,,,,,,,,,,,,0.57959,0.15805
,,,,,,,,,,,,0.57858,0.15784
,,,,,,,,,,,,0.5776,0.15752
,,,,,,,,,,,,0.57659,0.15705
,,,,,,,,,,,,0.5756,0.15695
,,,,,,,,,,,,0.57461,0.15672
,,,,,,,,,,,,0.57358,0.15638
,,,,,,,,,,,,0.57261,0.15617
,,,,,,,,,,,,0.57161,0.15594
,,,,,,,,,,,,0.57058,0.15549
,,,,,,,,,,,,0.56959,0.15538
,,,,,,,,,,,,0.5686,0.15523
,,,,,,,,,,,,0.5676,0.15503
,,,,,,,,,,,,0.56659,0.15468
,,,,,,,,,,,,0.5656,0.15444
,,,,,,,,,,,,0.56459,0.15424
,,,,,,,,,,,,0.5636,0.15377
,,,,,,,,,,,,0.56259,0.15363
,,,,,,,,,,,,0.56159,0.15341
,,,,,,,,,,,,0.56058,0.15314
,,,,,,,,,,,,0.55958,0.15284
,,,,,,,,,,,,0.55857,0.15268
,,,,,,,,,,,,0.55759,0.15236
,,,,,,,,,,,,0.55659,0.15207
,,,,,,,,,,,,0.5556,0.15187
,,,,,,,,,,,,0.55459,0.15173
,,,,,,,,,,,,0.55362,0.15144
,,,,,,,,,,,,0.55259,0.15116
,,,,,,,,,,,,0.5516,0.15078
,,,,,,,,,,,,0.55059,0.15069
,,,,,,,,,,,,0.54959,0.15038
,,,,,,,,,,,,0.5486,0.15016
,,,,,,,,,,,,0.5476,0.14996
,,,,,,,,,,,,0.54658,0.14962
,,,,,,,,,,,,0.54561,0.14939
,,,,,,,,,,,,0.54459,0.14926
,,,,,,,,,,,,0.54361,0.14898
,,,,,,,,,,,,0.54261,0.14871
,,,,,,,,,,,,0.54161,0.1485
,,,,,,,,,,,,0.54059,0.14834
,,,,,,,,,,,,0.53959,0.14793
,,,,,,,,,,,,0.53858,0.14778
,,,,,,,,,,,,0.53758,0.1476
,,,,,,,,,,,,0.5366,0.1473
,,,,,,,,,,,,0.53559,0.14707
,,,,,,,,,,,,0.53458,0.14685
,,,,,,,,,,,,0.53359,0.14664
,,,,,,,,,,,,0.53258,0.14619
,,,,,,,,,,,,0.53158,0.14613
,,,,,,,,,,,,0.5306,0.14598
,,,,,,,,,,,,0.5296,0.14566
,,,,,,,,,,,,0.5286,0.14545
,,,,,,,,,,,,0.52759,0.14526
,,,,,,,,,,,,0.5266,0.14497
,,,,,,,,,,,,0.52558,0.14467
,,,,,,,,,,,,0.52459,0.14459
,,,,,,,,,,,,0.52359,0.14437
,,,,,,,,,,,,0.52259,0.14406
,,,,,,,,,,,,0.52159,0.14386
,,,,,,,,,,,,0.52059,0.14369
,,,,,,,,,,,,0.51959,0.14327
,,,,,,,,,,,,0.51859,0.14314
,,,,,,,,,,,,0.5176,0.14292
,,,,,,,,,,,,0.51659,0.14277
,,,,,,,,,,,,0.5156,0.14243
,,,,,,,,,,,,0.51459,0.14224
,,,,,,,,,,,,0.5136,0.14209
,,,,,,,,,,,,0.51259,0.14167
,,,,,,,,,,,,0.51161,0.14158
,,,,,,,,,,,,0.51059,0.14138
,,,,,,,,,,,,0.50961,0.14119
,,,,,,,,,,,,0.5086,0.1409
,,,,,,,,,,,,0.50759,0.14072
,,,,,,,,,,,,0.5066,0.14052
,,,,,,,,,,,,0.50559,0.14005
,,,,,,,,,,,,0.50459,0.13999
,,,,,,,,,,,,0.50359,0.1398
,,,,,,,,,,,,0.5026,0.13953
,,,,,,,,,,,,0.5016,0.13928
,,,,,,,,,,,,0.50061,0.13915
,,,,,,,,,,,,0.49962,0.13897
,,,,,,,,,,,,0.49861,0.13855
,,,,,,,,,,,,0.4976,0.13851
,,,,,,,,,,,,0.49662,0.13832
,,,,,,,,,,,,0.49561,0.138
,,,,,,,,,,,,0.49461,0.13777
,,,,,,,,,,,,0.49359,0.13761
,,,,,,,,,,,,0.49259,0.13739
,,,,,,,,,,,,0.49159,0.13694
,,,,,,,,,,,,0.49061,0.1369
,,,,,,,,,,,,0.48961,0.13675
,,,,,,,,,,,,0.48858,0.13642
,,,,,,,,,,,,0.48757,0.13623
,,,,,,,,,,,,0.48657,0.13603
,,,,,,,,,,,,0.48559,0.13584
,,,,,,,,,,,,0.48456,0.13542
,,,,,,,,,,,,0.48358,0.1354
,,,,,,,,,,,,0.48255,0.13525
,,,,,,,,,,,,0.48157,0.13492
,,,,,,,,,,,,0.48058,0.13471
,,,,,,,,,,,,0.47958,0.13452
,,,,,,,,,,,,0.47857,0.13426
,,,,,,,,,,,,0.47757,0.13384
,,,,,,,,,,,,0.47659,0.13384
,,,,,,,,,,,,0.47559,0.1337
,,,,,,,,,,,,0.47459,0.13341
,,,,,,,,,,,,0.47359,0.13321
,,,,,,,,,,,,0.47256,0.13302
,,,,,,,,,,,,0.47161,0.13258
,,,,,,,,,,,,0.47061,0.13246
,,,,,,,,,,,,0.4696,0.13237
,,,,,,,,,,,,0.46861,0.13218
,,,,,,,,,,,,0.46761,0.13191
,,,,,,,,,,,,0.46661,0.13176
,,,,,,,,,,,,0.46561,0.13161
,,,,,,,,,,,,0.4646,0.13131
,,,,,,,,,,,,0.4636,0.13114
,,,,,,,,,,,,0.4626,0.13083
,,,,,,,,,,,,0.46161,0.13071
,,,,,,,,,,,,0.46061,0.13044
,,,,,,,,,,,,0.45959,0.13026
,,,,,,,,,,,,0.45859,0.13012
,,,,,,,,,,,,0.45758,0.12983
,,,,,,,,,,,,0.45659,0.12968
,,,,,,,,,,,,0.45558,0.12934
,,,,,,,,,,,,0.45459,0.12924
,,,,,,,,,,,,0.45359,0.12911
,,,,,,,,,,,,0.4526,0.12897
,,,,,,,,,,,,0.45159,0.12873
,,,,,,,,,,,,0.4506,0.12845
,,,,,,,,,,,,0.44958,0.1283
,,,,,,,,,,,,0.44857,0.12816
,,,,,,,,,,,,0.44758,0.1277
,,,,,,,,,,,,0.44659,0.12766
,,,,,,,,,,,,0.44558,0.12751
,,,,,,,,,,,,0.44458,0.1273
,,,,,,,,,,,,0.44357,0.12709
,,,,,,,,,,,,0.4426,0.12695
,,,,,,,,,,,,0.4416,0.12675
,,,,,,,,,,,,0.4406,0.12633
,,,,,,,,,,,,0.43956,0.12634
,,,,,,,,,,,,0.43858,0.12625
,,,,,,,,,,,,0.4376,0.12597
,,,,,,,,,,,,0.4366,0.12581
,,,,,,,,,,,,0.43559,0.12565
,,,,,,,,,,,,0.43459,0.1254
,,,,,,,,,,,,0.43361,0.12516
,,,,,,,,,,,,0.43261,0.1249
,,,,,,,,,,,,0.43159,0.12482
,,,,,,,,,,,,0.43057,0.12459
,,,,,,,,,,,,0.42957,0.12442
,,,,,,,,,,,,0.42859,0.12432
,,,,,,,,,,,,0.4276,0.12414
,,,,,,,,,,,,0.42659,0.12397
,,,,,,,,,,,,0.42561,0.12383
,,,,,,,,,,,,0.42461,0.12365
,,,,,,,,,,,,0.42359,0.12338
,,,,,,,,,,,,0.42259,0.12326
,,,,,,,,,,,,0.42161,0.12312
,,,,,,,,,,,,0.42058,0.12289
,,,,,,,,,,,,0.4196,0.12267
,,,,,,,,,,,,0.41859,0.12249
,,,,,,,,,,,,0.41761,0.12239
,,,,,,,,,,,,0.4166,0.12219
,,,,,,,,,,,,0.4156,0.12205
,,,,,,,,,,,,0.4146,0.12177
,,,,,,,,,,,,0.41361,0.12167
,,,,,,,,,,,,0.4126,0.12153
,,,,,,,,,,,,0.41159,0.12138
,,,,,,,,,,,,0.4106,0.12125
,,,,,,,,,,,,0.40959,0.12101
,,,,,,,,,,,,0.40862,0.12087
,,,,,,,,,,,,0.40761,0.12072
,,,,,,,,,,,,0.4066,0.1205
,,,,,,,,,,,,0.40559,0.12022
,,,,,,,,,,,,0.4046,0.12016
,,,,,,,,,,,,0.4036,0.12
,,,,,,,,,,,,0.4026,0.11978
,,,,,,,,,,,,0.40158,0.11968
,,,,,,,,,,,,0.40058,0.11954
,,,,,,,,,,,,0.39959,0.11931
,,,,,,,,,,,,0.39858,0.11918
,,,,,,,,,,,,0.39761,0.11906
,,,,,,,,,,,,0.3966,0.11874
,,,,,,,,,,,,0.39559,0.11867
,,,,,,,,,,,,0.3946,0.11852
,,,,,,,,,,,,0.39359,0.11836
,,,,,,,,,,,,0.39258,0.11812
,,,,,,,,,,,,0.3916,0.11795
,,,,,,,,,,,,0.39059,0.11781
,,,,,,,,,,,,0.38961,0.11764
,,,,,,,,,,,,0.38857,0.11725
,,,,,,,,,,,,0.38761,0.11722
,,,,,,,,,,,,0.38659,0.11711
,,,,,,,,,,,,0.38558,0.11686
,,,,,,,,,,,,0.38459,0.11676
,,,,,,,,,,,,0.38358,0.11662
,,,,,,,,,,,,0.38257,0.11638
,,,,,,,,,,,,0.38158,0.1162
,,,,,,,,,,,,0.38058,0.11608
,,,,,,,,,,,,0.37959,0.11582
,,,,,,,,,,,,0.37858,0.11559
,,,,,,,,,,,,0.37757,0.11546
,,,,,,,,,,,,0.37659,0.11534
,,,,,,,,,,,,0.37559,0.11513
,,,,,,,,,,,,0.37459,0.11496
,,,,,,,,,,,,0.3736,0.11482
,,,,,,,,,,,,0.37261,0.11468
,,,,,,,,,,,,0.37159,0.11445
,,,,,,,,,,,,0.37058,0.11414
,,,,,,,,,,,,0.36958,0.1142
,,,,,,,,,,,,0.36857,0.11395
,,,,,,,,,,,,0.36759,0.11377
,,,,,,,,,,,,0.36657,0.11362
,,,,,,,,,,,,0.36558,0.11351
,,,,,,,,,,,,0.36459,0.11324
,,,,,,,,,,,,0.36359,0.11307
,,,,,,,,,,,,0.36257,0.11288
,,,,,,,,,,,,0.36156,0.11247
,,,,,,,,,,,,0.36056,0.11247
,,,,,,,,,,,,0.35958,0.11235
,,,,,,,,,,,,0.35859,0.11226
,,,,,,,,,,,,0.35758,0.11203
,,,,,,,,,,,,0.35659,0.11188
,,,,,,,,,,,,0.35559,0.11174
,,,,,,,,,,,,0.35459,0.11148
,,,,,,,,,,,,0.35359,0.11129
,,,,,,,,,,,,0.3526,0.11111
,,,,,,,,,,,,0.35157,0.11094
,,,,,,,,,,,,0.35058,0.11072
,,,,,,,,,,,,0.34957,0.11064
,,,,,,,,,,,,0.34858,0.11046
,,,,,,,,,,,,0.34757,0.11022
,,,,,,,,,,,,0.34658,0.11007
,,,,,,,,,,,,0.34558,0.10993
,,,,,,,,,,,,0.34458,0.1095
,,,,,,,,,,,,0.34358,0.10952
,,,,,,,,,,,,0.34257,0.10941
,,,,,,,,,,,,0.34158,0.10921
,,,,,,,,,,,,0.34058,0.10895
,,,,,,,,,,,,0.33957,0.10881
,,,,,,,,,,,,0.33857,0.10869
,,,,,,,,,,,,0.33758,0.10834
,,,,,,,,,,,,0.33659,0.10815
,,,,,,,,,,,,0.33558,0.10809
,,,,,,,,,,,,0.33458,0.10789
,,,,,,,,,,,,0.33358,0.1077
,,,,,,,,,,,,0.33257,0.10753
,,,,,,,,,,,,0.33156,0.1074
,,,,,,,,,,,,0.33057,0.10711
,,,,,,,,,,,,0.32958,0.10696
,,,,,,,,,,,,0.32857,0.10684
,,,,,,,,,,,,0.32755,0.10642
,,,,,,,,,,,,0.32658,0.10638
,,,,,,,,,,,,0.32558,0.10627
,,,,,,,,,,,,0.32458,0.10613
,,,,,,,,,,,,0.32357,0.10584
,,,,,,,,,,,,0.32257,0.10569
,,,,,,,,,,,,0.32159,0.10554
,,,,,,,,,,,,0.32061,0.10532
,,,,,,,,,,,,0.31959,0.10492
,,,,,,,,,,,,0.31858,0.1049
,,,,,,,,,,,,0.31758,0.10477
,,,,,,,,,,,,0.31657,0.10451
,,,,,,,,,,,,0.31559,0.10437
,,,,,,,,,,,,0.31458,0.10425
,,,,,,,,,,,,0.3136,0.10396
,,,,,,,,,,,,0.31259,0.10378
,,,,,,,,,,,,0.31156,0.1034
,,,,,,,,,,,,0.31061,0.10338
,,,,,,,,,,,,0.30956,0.10313
,,,,,,,,,,,,0.30858,0.103
,,,,,,,,,,,,0.3076,0.10282
,,,,,,,,,,,,0.30657,0.10254
,,,,,,,,,,,,0.30558,0.10239
,,,,,,,,,,,,0.30457,0.10222
,,,,,,,,,,,,0.30358,0.10175
,,,,,,,,,,,,0.30259,0.10172
,,,,,,,,,,,,0.30158,0.10154
,,,,,,,,,,,,0.30056,0.10133
,,,,,,,,,,,,0.29957,0.10103
,,,,,,,,,,,,0.29858,0.10087
,,,,,,,,,,,,0.29758,0.10073
,,,,,,,,,,,,0.2966,0.10023
,,,,,,,,,,,,0.29559,0.10019
,,,,,,,,,,,,0.29459,0.10003
,,,,,,,,,,,,0.29359,0.09978
,,,,,,,,,,,,0.29259,0.09947
,,,,,,,,,,,,0.29159,0.09931
,,,,,,,,,,,,0.29059,0.09883
,,,,,,,,,,,,0.28958,0.09873
,,,,,,,,,,,,0.28858,0.09856
,,,,,,,,,,,,0.28757,0.09835
,,,,,,,,,,,,0.28658,0.09803
,,,,,,,,,,,,0.28557,0.09789
,,,,,,,,,,,,0.28459,0.0977
,,,,,,,,,,,,0.28359,0.09709
,,,,,,,,,,,,0.28259,0.09708
,,,,,,,,,,,,0.28158,0.09688
,,,,,,,,,,,,0.28058,0.0966
,,,,,,,,,,,,0.27957,0.0963
,,,,,,,,,,,,0.27858,0.09592
,,,,,,,,,,,,0.27757,0.09575
,,,,,,,,,,,,0.27656,0.09542
,,,,,,,,,,,,0.27559,0.09523
,,,,,,,,,,,,0.27458,0.09506
,,,,,,,,,,,,0.2736,0.09468
,,,,,,,,,,,,0.27259,0.09413
,,,,,,,,,,,,0.27159,0.09416
,,,,,,,,,,,,0.2706,0.09382
,,,,,,,,,,,,0.26961,0.0935
,,,,,,,,,,,,0.2686,0.0933
,,,,,,,,,,,,0.26682,0.0927
,,,,,,,,,,,,0.26509,0.09222
,,,,,,,,,,,,0.26408,0.09191
,,,,,,,,,,,,0.2631,0.09153
,,,,,,,,,,,,0.26208,0.09102
,,,,,,,,,,,,0.26107,0.09094
,,,,,,,,,,,,0.26008,0.09054
,,,,,,,,,,,,0.25908,0.09025
,,,,,,,,,,,,0.25809,0.08998
,,,,,,,,,,,,0.25707,0.08927
,,,,,,,,,,,,0.25608,0.08921
,,,,,,,,,,,,0.25507,0.08892
,,,,,,,,,,,,0.25409,0.08864
,,,,,,,,,,,,0.25309,0.08792
,,,,,,,,,,,,0.25208,0.08777
,,,,,,,,,,,,0.25108,0.08749
,,,,,,,,,,,,0.25008,0.08704
,,,,,,,,,,,,0.2491,0.08649
,,,,,,,,,,,,0.24806,0.08627
,,,,,,,,,,,,0.24705,0.08595
,,,,,,,,,,,,0.24606,0.08552
,,,,,,,,,,,,0.24509,0.08506
,,,,,,,,,,,,0.24408,0.08471
,,,,,,,,,,,,0.24311,0.08432
,,,,,,,,,,,,0.24207,0.08398
,,,,,,,,,,,,0.24106,0.08341
,,,,,,,,,,,,0.24009,0.08305
,,,,,,,,,,,,0.23908,0.08262
,,,,,,,,,,,,0.23809,0.08225
,,,,,,,,,,,,0.23706,0.08152
,,,,,,,,,,,,0.23607,0.0813
,,,,,,,,,,,,0.23509,0.08093
,,,,,,,,,,,,0.23408,0.08038
,,,,,,,,,,,,0.23308,0.07979
,,,,,,,,,,,,0.23209,0.07948
,,,,,,,,,,,,0.23107,0.079
,,,,,,,,,,,,0.23009,0.07832
,,,,,,,,,,,,0.2291,0.07798
,,,,,,,,,,,,0.22807,0.0776
,,,,,,,,,,,,0.22707,0.07676
,,,,,,,,,,,,0.22607,0.07645
,,,,,,,,,,,,0.22508,0.07607
,,,,,,,,,,,,0.22407,0.07527
,,,,,,,,,,,,0.22307,0.07491
,,,,,,,,,,,,0.22208,0.07439
,,,,,,,,,,,,0.22108,0.07361
,,,,,,,,,,,,0.22008,0.07339
,,,,,,,,,,,,0.21908,0.07286
,,,,,,,,,,,,0.21807,0.07204
,,,,,,,,,,,,0.21707,0.07187
,,,,,,,,,,,,0.21608,0.07131
,,,,,,,,,,,,0.21508,0.07049
,,,,,,,,,,,,0.21408,0.07028
,,,,,,,,,,,,0.21307,0.06976
,,,,,,,,,,,,0.21207,0.06892
,,,,,,,,,,,,0.21106,0.06877
,,,,,,,,,,,,0.21006,0.06826
,,,,,,,,,,,,0.20906,0.0674
,,,,,,,,,,,,0.20807,0.06725
,,,,,,,,,,,,0.20708,0.06685
,,,,,,,,,,,,0.20607,0.06598
,,,,,,,,,,,,0.20507,0.06572
,,,,,,,,,,,,0.20408,0.06533
,,,,,,,,,,,,0.20308,0.06476
,,,,,,,,,,,,0.20208,0.06429
,,,,,,,,,,,,0.20107,0.06402
,,,,,,,,,,,,0.20009,0.06368
,,,,,,,,,,,,0.1991,0.0629
,,,,,,,,,,,,0.1981,0.06268
,,,,,,,,,,,,0.19711,0.06233
,,,,,,,,,,,,0.19607,0.0618
,,,,,,,,,,,,0.19508,0.06126
,,,,,,,,,,,,0.19407,0.06105
,,,,,,,,,,,,0.19308,0.06068
,,,,,,,,,,,,0.1921,0.06003
,,,,,,,,,,,,0.1911,0.05979
,,,,,,,,,,,,0.19006,0.05951
,,,,,,,,,,,,0.18908,0.0591
,,,,,,,,,,,,0.18809,0.05876
,,,,,,,,,,,,0.18707,0.05807
,,,,,,,,,,,,0.18608,0.05799
,,,,,,,,,,,,0.18508,0.0576
,,,,,,,,,,,,0.18407,0.05726
,,,,,,,,,,,,0.1831,0.05668
,,,,,,,,,,,,0.18208,0.05641
,,,,,,,,,,,,0.18108,0.05609
,,,,,,,,,,,,0.18008,0.0558
,,,,,,,,,,,,0.17909,0.05508
,,,,,,,,,,,,0.17807,0.055
,,,,,,,,,,,,0.1771,0.05473
,,,,,,,,,,,,0.17606,0.05432
,,,,,,,,,,,,0.17507,0.054
,,,,,,,,,,,,0.17408,0.05332
,,,,,,,,,,,,0.17309,0.05324
,,,,,,,,,,,,0.1721,0.05284
,,,,,,,,,,,,0.17109,0.05253
,,,,,,,,,,,,0.17008,0.05187
,,,,,,,,,,,,0.16909,0.05173
,,,,,,,,,,,,0.16809,0.05141
,,,,,,,,,,,,0.16711,0.05112
,,,,,,,,,,,,0.16609,0.05044
,,,,,,,,,,,,0.16508,0.05022
,,,,,,,,,,,,0.1641,0.04995
,,,,,,,,,,,,0.16311,0.04962
,,,,,,,,,,,,0.16209,0.04893
,,,,,,,,,,,,0.16108,0.04882
,,,,,,,,,,,,0.16008,0.04854
,,,,,,,,,,,,0.15908,0.04819
,,,,,,,,,,,,0.1581,0.04785
,,,,,,,,,,,,0.15707,0.04716
,,,,,,,,,,,,0.15608,0.04703
,,,,,,,,,,,,0.15508,0.04667
,,,,,,,,,,,,0.15408,0.04639
,,,,,,,,,,,,0.15307,0.04571
,,,,,,,,,,,,0.15207,0.04554
,,,,,,,,,,,,0.15107,0.04528
,,,,,,,,,,,,0.15007,0.04496
,,,,,,,,,,,,0.14908,0.04431
,,,,,,,,,,,,0.14807,0.04412
,,,,,,,,,,,,0.14707,0.04385
,,,,,,,,,,,,0.14609,0.04346
,,,,,,,,,,,,0.14507,0.04312
,,,,,,,,,,,,0.14407,0.04247
,,,,,,,,,,,,0.14307,0.0424
,,,,,,,,,,,,0.14207,0.04205
,,,,,,,,,,,,0.14107,0.04168
,,,,,,,,,,,,0.14007,0.04115
,,,,,,,,,,,,0.13907,0.04085
,,,,,,,,,,,,0.13807,0.04058
,,,,,,,,,,,,0.13706,0.04025
,,,,,,,,,,,,0.13606,0.03976
,,,,,,,,,,,,0.13507,0.03942
,,,,,,,,,,,,0.13407,0.03921
,,,,,,,,,,,,0.13307,0.03888
,,,,,,,,,,,,0.13207,0.0384
,,,,,,,,,,,,0.13107,0.03792
,,,,,,,,,,,,0.13009,0.03778
,,,,,,,,,,,,0.12909,0.03742
,,,,,,,,,,,,0.12807,0.03708
,,,,,,,,,,,,0.12706,0.0365
,,,,,,,,,,,,0.12607,0.03632
,,,,,,,,,,,,0.12507,0.036
,,,,,,,,,,,,0.12407,0.03565
,,,,,,,,,,,,0.12306,0.03533
,,,,,,,,,,,,0.12208,0.03465
,,,,,,,,,,,,0.12108,0.03459
,,,,,,,,,,,,0.12008,0.03428
,,,,,,,,,,,,0.11907,0.03399
,,,,,,,,,,,,0.11807,0.03326
,,,,,,,,,,,,0.11707,0.03323
,,,,,,,,,,,,0.11608,0.03291
,,,,,,,,,,,,0.1151,0.03256
,,,,,,,,,,,,0.11407,0.03214
,,,,,,,,,,,,0.1131,0.03166
,,,,,,,,,,,,0.11208,0.03149
,,,,,,,,,,,,0.11106,0.03118
,,,,,,,,,,,,0.11009,0.03084
,,,,,,,,,,,,0.10907,0.0303
,,,,,,,,,,,,0.10808,0.03013
,,,,,,,,,,,,0.10708,0.02983
,,,,,,,,,,,,0.10607,0.02951
,,,,,,,,,,,,0.10509,0.02922
,,,,,,,,,,,,0.10409,0.02854
,,,,,,,,,,,,0.10308,0.0285
,,,,,,,,,,,,0.1021,0.02818
,,,,,,,,,,,,0.1011,0.02791
,,,,,,,,,,,,0.10009,0.02729
,,,,,,,,,,,,0.09907,0.02713
,,,,,,,,,,,,0.09809,0.02689
,,,,,,,,,,,,0.09708,0.02656
,,,,,,,,,,,,0.09608,0.02623
,,,,,,,,,,,,0.09506,0.02576
,,,,,,,,,,,,0.0941,0.02555
,,,,,,,,,,,,0.0931,0.02529
,,,,,,,,,,,,0.09207,0.02499
,,,,,,,,,,,,0.09109,0.02468
,,,,,,,,,,,,0.09008,0.02411
,,,,,,,,,,,,0.0891,0.02397
,,,,,,,,,,,,0.08808,0.02375
,,,,,,,,,,,,0.08708,0.02343
,,,,,,,,,,,,0.08608,0.02313
,,,,,,,,,,,,0.08508,0.02272
,,,,,,,,,,,,0.08409,0.02242
,,,,,,,,,,,,0.08308,0.0222
,,,,,,,,,,,,0.08209,0.02192
,,,,,,,,,,,,0.0811,0.02165
,,,,,,,,,,,,0.08007,0.02114
,,,,,,,,,,,,0.07909,0.02098
,,,,,,,,,,,,0.07809,0.02076
,,,,,,,,,,,,0.07708,0.02049
,,,,,,,,,,,,0.07608,0.02019
,,,,,,,,,,,,0.07507,0.01992
,,,,,,,,,,,,0.07408,0.01944
,,,,,,,,,,,,0.07307,0.01928
,,,,,,,,,,,,0.0721,0.01904
,,,,,,,,,,,,0.07108,0.01881
,,,,,,,,,,,,0.0701,0.01852
,,,,,,,,,,,,0.06909,0.01803
,,,,,,,,,,,,0.06808,0.01788
,,,,,,,,,,,,0.06709,0.0177
,,,,,,,,,,,,0.06608,0.01741
,,,,,,,,,,,,0.06508,0.01717
,,,,,,,,,,,,0.06408,0.01692
,,,,,,,,,,,,0.06309,0.01652
,,,,,,,,,,,,0.06206,0.01624
,,,,,,,,,,,,0.06107,0.01613
,,,,,,,,,,,,0.06007,0.01586
,,,,,,,,,,,,0.05908,0.01561
,,,,,,,,,,,,0.05807,0.01536
,,,,,,,,,,,,0.05708,0.01501
,,,,,,,,,,,,0.05608,0.01477
,,,,,,,,,,,,0.05507,0.01462
,,,,,,,,,,,,0.05408,0.01438
,,,,,,,,,,,,0.05308,0.01415
,,,,,,,,,,,,0.05209,0.01394
,,,,,,,,,,,,0.05108,0.01369
,,,,,,,,,,,,0.05009,0.01318
,,,,,,,,,,,,0.04908,0.01317
,,,,,,,,,,,,0.04807,0.01298
,,,,,,,,,,,,0.04707,0.01277
,,,,,,,,,,,,0.04608,0.01253
,,,,,,,,,,,,0.04508,0.01232
,,,,,,,,,,,,0.04408,0.01204
,,,,,,,,,,,,0.04309,0.01173
,,,,,,,,,,,,0.04207,0.01164
,,,,,,,,,,,,0.04108,0.01142
,,,,,,,,,,,,0.04008,0.01122
,,,,,,,,,,,,0.03908,0.01103
,,,,,,,,,,,,0.03809,0.01081
,,,,,,,,,,,,0.03707,0.01061
,,,,,,,,,,,,0.03607,0.01014
,,,,,,,,,,,,0.03509,0.01016
,,,,,,,,,,,,0.03409,0.01
,,,,,,,,,,,,0.03308,0.00982
,,,,,,,,,,,,0.03207,0.00962
,,,,,,,,,,,,0.03107,0.00941
,,,,,,,,,,,,0.0301,0.00924
,,,,,,,,,,,,0.0291,0.00903
,,,,,,,,,,,,0.02808,0.00856
,,,,,,,,,,,,0.02707,0.00868
,,,,,,,,,,,,0.02536,0.00853
,,,,,,,,,,,,0.02356,0.00802
,,,,,,,,,,,,0.02256,0.00787
,,,,,,,,,,,,0.02155,0.0077
,,,,,,,,,,,,0.02056,0.00729
,,,,,,,,,,,,0.01958,0.00736
,,,,,,,,,,,,0.01855,0.00719
,,,,,,,,,,,,0.01757,0.00703
,,,,,,,,,,,,0.01656,0.00686
,,,,,,,,,,,,0.01557,0.00673
,,,,,,,,,,,,0.01459,0.00653
,,,,,,,,,,,,0.01358,0.0064
,,,,,,,,,,,,0.01258,0.00625
,,,,,,,,,,,,0.01159,0.00587
,,,,,,,,,,,,0.01056,0.00591
,,,,,,,,,,,,0.00957,0.00577
,,,,,,,,,,,,0.00859,0.00565
,,,,,,,,,,,,0.00757,0.00548
,,,,,,,,,,,,0.00657,0.00537
,,,,,,,,,,,,0.00558,0.00522
,,,,,,,,,,,,0.00457,0.00508
,,,,,,,,,,,,0.00358,0.00494
,,,,,,,,,,,,0.00257,0.0048
,,,,,,,,,,,,0.00158,0.00471
,,,,,,,,,,,,5.61E-04,0.00427
,,,,,,,,,,,,-4.27E-04,0.00445
,,,,,,,,,,,,-0.00143,0.00426
,,,,,,,,,,,,-0.00244,0.00417
,,,,,,,,,,,,-0.00343,0.00403
,,,,,,,,,,,,-0.00446,0.00395
,,,,,,,,,,,,-0.00547,0.00381
,,,,,,,,,,,,-0.00646,0.00365
,,,,,,,,,,,,-0.00747,0.0036
,,,,,,,,,,,,-0.00844,0.00348
,,,,,,,,,,,,-0.00944,0.00335
,,,,,,,,,,,,-0.01046,0.00325
,,,,,,,,,,,,-0.01146,0.00316
,,,,,,,,,,,,-0.01245,0.00275
,,,,,,,,,,,,-0.01347,0.00295
,,,,,,,,,,,,-0.01446,0.00282
,,,,,,,,,,,,-0.01547,0.00275
,,,,,,,,,,,,-0.01647,0.00263
,,,,,,,,,,,,-0.01748,0.00253
,,,,,,,,,,,,-0.01846,0.00245
,,,,,,,,,,,,-0.01947,0.00235
,,,,,,,,,,,,-0.02047,0.00226
,,,,,,,,,,,,-0.02148,0.00217
,,,,,,,,,,,,-0.02248,0.00208
,,,,,,,,,,,,-0.02347,0.002
,,,,,,,,,,,,-0.02446,0.0019
,,,,,,,,,,,,-0.02545,0.00184
,,,,,,,,,,,,-0.02647,0.00175
,,,,,,,,,,,,-0.02746,0.00166
,,,,,,,,,,,,-0.02847,0.00133
,,,,,,,,,,,,-0.02946,0.00153
,,,,,,,,,,,,-0.03046,0.00142
,,,,,,,,,,,,-0.03147,0.00135
,,,,,,,,,,,,-0.03245,0.00128
,,,,,,,,,,,,-0.03345,0.00123
,,,,,,,,,,,,-0.03446,0.00113
,,,,,,,,,,,,-0.03546,0.00106
,,,,,,,,,,,,-0.03645,0.00101
,,,,,,,,,,,,-0.03744,9.46E-04
,,,,,,,,,,,,-0.03843,8.65E-04
,,,,,,,,,,,,-0.03945,7.98E-04
,,,,,,,,,,,,-0.04126,7.06E-04
,,,,,,,,,,,,-0.04294,9.41E-04
,,,,,,,,,,,,-0.04388,5.66E-04
,,,,,,,,,,,,-0.04496,3.42E-04
,,,,,,,,,,,,-0.04597,4.87E-04
,,,,,,,,,,,,-0.04692,4.39E-04
,,,,,,,,,,,,-0.04793,2.87E-04
,,,,,,,,,,,,-0.04896,2.66E-04
,,,,,,,,,,,,-0.04993,2.70E-04
,,,,,,,,,,,,-0.05054,1.35E-04
,,,,,,,,,,,,-0.0508,-1.59E-05
,,,,,,,,,,,,-0.05145,-1.13E-04
,,,,,,,,,,,,-0.05206,-2.41E-05
,,,,,,,,,,,,-0.05216,1.05E-05
,,,,,,,,,,,,-0.05267,1.57E-04
,,,,,,,,,,,,-0.05363,1.45E-04
,,,,,,,,,,,,-0.05415,2.88E-05
,,,,,,,,,,,,-0.05425,4.13E-06
,,,,,,,,,,,,-0.05484,-7.53E-05
,,,,,,,,,,,,-0.05585,-6.14E-05
,,,,,,,,,,,,-0.05683,-6.91E-05
,,,,,,,,,,,,-0.05782,-1.42E-04
,,,,,,,,,,,,-0.05883,-1.84E-04
,,,,,,,,,,,,-0.05985,-2.24E-04
,,,,,,,,,,,,-0.06084,-2.51E-04
,,,,,,,,,,,,-0.06182,-3.00E-04
,,,,,,,,,,,,-0.06281,-3.61E-04
,,,,,,,,,,,,-0.06384,-3.75E-04
,,,,,,,,,,,,-0.06483,-4.13E-04
,,,,,,,,,,,,-0.06585,-4.68E-04
,,,,,,,,,,,,-0.06686,-4.82E-04
,,,,,,,,,,,,-0.06784,-5.20E-04
,,,,,,,,,,,,-0.06884,-5.49E-04
,,,,,,,,,,,,-0.06983,-5.77E-04
,,,,,,,,,,,,-0.07085,-6.28E-04
,,,,,,,,,,,,-0.07185,-6.54E-04
,,,,,,,,,,,,-0.07285,-6.63E-04
,,,,,,,,,,,,-0.07383,-7.07E-04
,,,,,,,,,,,,-0.07483,-7.39E-04
,,,,,,,,,,,,-0.07583,-7.52E-04
,,,,,,,,,,,,-0.07683,-8.08E-04
,,,,,,,,,,,,-0.07786,-8.30E-04
,,,,,,,,,,,,-0.07884,-8.13E-04
,,,,,,,,,,,,-0.07986,-8.60E-04
,,,,,,,,,,,,-0.08086,-8.91E-04
,,,,,,,,,,,,-0.08183,-9.15E-04
,,,,,,,,,,,,-0.08282,-9.32E-04
,,,,,,,,,,,,-0.08385,-9.80E-04
,,,,,,,,,,,,-0.08483,-9.74E-04
,,,,,,,,,,,,-0.08583,-9.98E-04
,,,,,,,,,,,,-0.08684,-0.00103
,,,,,,,,,,,,-0.08784,-0.00103
,,,,,,,,,,,,-0.0888,-0.00126
,,,,,,,,,,,,-0.08991,-0.00119
,,,,,,,,,,,,-0.09084,-9.84E-04
,,,,,,,,,,,,-0.09181,-0.00114
,,,,,,,,,,,,-0.09285,-0.00119
,,,,,,,,,,,,-0.09385,-0.00113
,,,,,,,,,,,,-0.09482,-0.00117
,,,,,,,,,,,,-0.09585,-0.00121
,,,,,,,,,,,,-0.09685,-0.00121
,,,,,,,,,,,,-0.09786,-0.00121
,,,,,,,,,,,,-0.09884,-0.00124
,,,,,,,,,,,,-0.09984,-0.00125
,,,,,,,,,,,,-0.10083,-0.00127
,,,,,,,,,,,,-0.10184,-0.00128
,,,,,,,,,,,,-0.10282,-0.00129
,,,,,,,,,,,,-0.10385,-0.00131
,,,,,,,,,,,,-0.10485,-0.00132
,,,,,,,,,,,,-0.10583,-0.00132
,,,,,,,,,,,,-0.10682,-0.00135
,,,,,,,,,,,,-0.10782,-0.00136
,,,,,,,,,,,,-0.10884,-0.00136
,,,,,,,,,,,,-0.10985,-0.00138
,,,,,,,,,,,,-0.11082,-0.00139
,,,,,,,,,,,,-0.11185,-0.0014
,,,,,,,,,,,,-0.11283,-0.0014
,,,,,,,,,,,,-0.11384,-0.00142
,,,,,,,,,,,,-0.11483,-0.00141
,,,,,,,,,,,,-0.11582,-0.00144
,,,,,,,,,,,,-0.11684,-0.00146
,,,,,,,,,,,,-0.11783,-0.00144
,,,,,,,,,,,,-0.11884,-0.00145
,,,,,,,,,,,,-0.11983,-0.00146
,,,,,,,,,,,,-0.12084,-0.0015
,,,,,,,,,,,,-0.12185,-0.00148
,,,,,,,,,,,,-0.12283,-0.00148
,,,,,,,,,,,,-0.12385,-0.00151
,,,,,,,,,,,,-0.12484,-0.00151
,,,,,,,,,,,,-0.12586,-0.0015
,,,,,,,,,,,,-0.12684,-0.00151
,,,,,,,,,,,,-0.12785,-0.00151
,,,,,,,,,,,,-0.12884,-0.0015
,,,,,,,,,,,,-0.12982,-0.00154
,,,,,,,,,,,,-0.13082,-0.00156
,,,,,,,,,,,,-0.13184,-0.00156
,,,,,,,,,,,,-0.13285,-0.00153
,,,,,,,,,,,,-0.13385,-0.00154
,,,,,,,,,,,,-0.13483,-0.00155
,,,,,,,,,,,,-0.13582,-0.00157
,,,,,,,,,,,,-0.13684,-0.00154
,,,,,,,,,,,,-0.13784,-0.00156
,,,,,,,,,,,,-0.13883,-0.00157
,,,,,,,,,,,,-0.13983,-0.00157
,,,,,,,,,,,,-0.14083,-0.00157
,,,,,,,,,,,,-0.14183,-0.0016
,,,,,,,,,,,,-0.14283,-0.00157
,,,,,,,,,,,,-0.14384,-0.00157
,,,,,,,,,,,,-0.14484,-0.00159
,,,,,,,,,,,,-0.14582,-0.00159
,,,,,,,,,,,,-0.14683,-0.00158
,,,,,,,,,,,,-0.14783,-0.00159
,,,,,,,,,,,,-0.14884,-0.0016
,,,,,,,,,,,,-0.14983,-0.0016
,,,,,,,,,,,,-0.15084,-0.00159
,,,,,,,,,,,,-0.15182,-0.00158
,,,,,,,,,,,,-0.15285,-0.00162
,,,,,,,,,,,,-0.15383,-0.00159
,,,,,,,,,,,,-0.15482,-0.0016
,,,,,,,,,,,,-0.15583,-0.00162
,,,,,,,,,,,,-0.15684,-0.0016
,,,,,,,,,,,,-0.15783,-0.00159
,,,,,,,,,,,,-0.15884,-0.00161
,,,,,,,,,,,,-0.15983,-0.0016
,,,,,,,,,,,,-0.16083,-0.00161
,,,,,,,,,,,,-0.16183,-0.00161
,,,,,,,,,,,,-0.16285,-0.0016
,,,,,,,,,,,,-0.16383,-0.00161
,,,,,,,,,,,,-0.16483,-0.00161
,,,,,,,,,,,,-0.16584,-0.0016
,,,,,,,,,,,,-0.16684,-0.0016
,,,,,,,,,,,,-0.16784,-0.00162
,,,,,,,,,,,,-0.16884,-0.0016
,,,,,,,,,,,,-0.16985,-0.00161
,,,,,,,,,,,,-0.17084,-0.00161
,,,,,,,,,,,,-0.17184,-0.0016
,,,,,,,,,,,,-0.17284,-0.00161
,,,,,,,,,,,,-0.17387,-0.00162
,,,,,,,,,,,,-0.17485,-0.00159
,,,,,,,,,,,,-0.17582,-0.00162
,,,,,,,,,,,,-0.17685,-0.0016
,,,,,,,,,,,,-0.17784,-0.00161
,,,,,,,,,,,,-0.17884,-0.0016
,,,,,,,,,,,,-0.17984,-0.0016
,,,,,,,,,,,,-0.18083,-0.00162
,,,,,,,,,,,,-0.18183,-0.00159
,,,,,,,,,,,,-0.18283,-0.00161
,,,,,,,,,,,,-0.18382,-0.0016
,,,,,,,,,,,,-0.18484,-0.00159
,,,,,,,,,,,,-0.18583,-0.00161
,,,,,,,,,,,,-0.18685,-0.00161
,,,,,,,,,,,,-0.18783,-0.00158
,,,,,,,,,,,,-0.18884,-0.0016
,,,,,,,,,,,,-0.18984,-0.00159
,,,,,,,,,,,,-0.19081,-0.00159
,,,,,,,,,,,,-0.19183,-0.00161
,,,,,,,,,,,,-0.19284,-0.0016
,,,,,,,,,,,,-0.19384,-0.00159
,,,,,,,,,,,,-0.19483,-0.00158
,,,,,,,,,,,,-0.19582,-0.00158
,,,,,,,,,,,,-0.19684,-0.00158
,,,,,,,,,,,,-0.19783,-0.00159
,,,,,,,,,,,,-0.19883,-0.00157
,,,,,,,,,,,,-0.19983,-0.00159
,,,,,,,,,,,,-0.20083,-0.00158
,,,,,,,,,,,,-0.20184,-0.00156
,,,,,,,,,,,,-0.20282,-0.00158
,,,,,,,,,,,,-0.20383,-0.00157
,,,,,,,,,,,,-0.20482,-0.00157
,,,,,,,,,,,,-0.20582,-0.00158
,,,,,,,,,,,,-0.20684,-0.00157
,,,,,,,,,,,,-0.20784,-0.00157
,,,,,,,,,,,,-0.20883,-0.00155
,,,,,,,,,,,,-0.20981,-0.00156
,,,,,,,,,,,,-0.21084,-0.00157
,,,,,,,,,,,,-0.21183,-0.00155
,,,,,,,,,,,,-0.21282,-0.00157
,,,,,,,,,,,,-0.21383,-0.00156
,,,,,,,,,,,,-0.21483,-0.00155
,,,,,,,,,,,,-0.21582,-0.00154
,,,,,,,,,,,,-0.21682,-0.00156
,,,,,,,,,,,,-0.21784,-0.00155
,,,,,,,,,,,,-0.21882,-0.00155
,,,,,,,,,,,,-0.21981,-0.00173
,,,,,,,,,,,,-0.22088,-0.00152
,,,,,,,,,,,,-0.22179,-0.00148
,,,,,,,,,,,,-0.22283,-0.00161
,,,,,,,,,,,,-0.22383,-0.00149
,,,,,,,,,,,,-0.22482,-0.00154
,,,,,,,,,,,,-0.22584,-0.00154
,,,,,,,,,,,,-0.22683,-0.00151
,,,,,,,,,,,,-0.22783,-0.00153
,,,,,,,,,,,,-0.22882,-0.00152
,,,,,,,,,,,,-0.22981,-0.00152
,,,,,,,,,,,,-0.23084,-0.00152
,,,,,,,,,,,,-0.23181,-0.00152
,,,,,,,,,,,,-0.23282,-0.00151
,,,,,,,,,,,,-0.23381,-0.00152
,,,,,,,,,,,,-0.23483,-0.00152
,,,,,,,,,,,,-0.23582,-0.00152
,,,,,,,,,,,,-0.23683,-0.00149
,,,,,,,,,,,,-0.23782,-0.00151
,,,,,,,,,,,,-0.23883,-0.00152
,,,,,,,,,,,,-0.23983,-0.0015
,,,,,,,,,,,,-0.24082,-0.00151
,,,,,,,,,,,,-0.24182,-0.0015
,,,,,,,,,,,,-0.24283,-0.00151
,,,,,,,,,,,,-0.24383,-0.0015
,,,,,,,,,,,,-0.24482,-0.00149
,,,,,,,,,,,,-0.24583,-0.00149
,,,,,,,,,,,,-0.24682,-0.00149
,,,,,,,,,,,,-0.24782,-0.00148
,,,,,,,,,,,,-0.24884,-0.0015
,,,,,,,,,,,,-0.24983,-0.00147
,,,,,,,,,,,,-0.25084,-0.00149
,,,,,,,,,,,,-0.25184,-0.00148
,,,,,,,,,,,,-0.25282,-0.00147
,,,,,,,,,,,,-0.25382,-0.00149
,,,,,,,,,,,,-0.25484,-0.00147
,,,,,,,,,,,,-0.25582,-0.00148
,,,,,,,,,,,,-0.25684,-0.0015
,,,,,,,,,,,,-0.25782,-0.00145
,,,,,,,,,,,,-0.25881,-0.00147
,,,,,,,,,,,,-0.25983,-0.00148
,,,,,,,,,,,,-0.26083,-0.00145
,,,,,,,,,,,,-0.26182,-0.00147
,,,,,,,,,,,,-0.26284,-0.00148
,,,,,,,,,,,,-0.26383,-0.00145
,,,,,,,,,,,,-0.2648,-0.00145
,,,,,,,,,,,,-0.26583,-0.00147
,,,,,,,,,,,,-0.26682,-0.00144
,,,,,,,,,,,,-0.26781,-0.00145
,,,,,,,,,,,,-0.26882,-0.00146
,,,,,,,,,,,,-0.26984,-0.00146
,,,,,,,,,,,,-0.27085,-0.00145
,,,,,,,,,,,,-0.27183,-0.00144
,,,,,,,,,,,,-0.27283,-0.00145
,,,,,,,,,,,,-0.27383,-0.00143
,,,,,,,,,,,,-0.27483,-0.00144
,,,,,,,,,,,,-0.27584,-0.00144
,,,,,,,,,,,,-0.27681,-0.00143
,,,,,,,,,,,,-0.27782,-0.00143
,,,,,,,,,,,,-0.27884,-0.00144
,,,,,,,,,,,,-0.27984,-0.00143
,,,,,,,,,,,,-0.28083,-0.00144
,,,,,,,,,,,,-0.28184,-0.00142
,,,,,,,,,,,,-0.28284,-0.00142
,,,,,,,,,,,,-0.28382,-0.00143
,,,,,,,,,,,,-0.28482,-0.00143
,,,,,,,,,,,,-0.28582,-0.00142
,,,,,,,,,,,,-0.28683,-0.00142
,,,,,,,,,,,,-0.28782,-0.00141
,,,,,,,,,,,,-0.28884,-0.00143
,,,,,,,,,,,,-0.28983,-0.0014
,,,,,,,,,,,,-0.29084,-0.00141
,,,,,,,,,,,,-0.29182,-0.00141
,,,,,,,,,,,,-0.29283,-0.0014
,,,,,,,,,,,,-0.29381,-0.00141
,,,,,,,,,,,,-0.29484,-0.00144
,,,,,,,,,,,,-0.29583,-0.00139
,,,,,,,,,,,,-0.29681,-0.00141
,,,,,,,,,,,,-0.29782,-0.0014
,,,,,,,,,,,,-0.29883,-0.0014
,,,,,,,,,,,,-0.29982,-0.0014
,,,,,,,,,,,,-0.30082,-0.0014
,,,,,,,,,,,,-0.30184,-0.00141
,,,,,,,,,,,,-0.30285,-0.00139
,,,,,,,,,,,,-0.30383,-0.0014
,,,,,,,,,,,,-0.30483,-0.00138
,,,,,,,,,,,,-0.30581,-0.0014
,,,,,,,,,,,,-0.30683,-0.00139
,,,,,,,,,,,,-0.30783,-0.00139
,,,,,,,,,,,,-0.30882,-0.00139
,,,,,,,,,,,,-0.30982,-0.00139
,,,,,,,,,,,,-0.31061,-0.00139
