Au(110),,Au(111),,Au(100),
E(V vs. RHE),j (mA/cm2),E(V vs. RHE),j (mA/cm2),E(V vs. RHE),j (mA/cm2)
0.17129,-0.00211,0.17128,-7.04E-04,0.08124,-2.86E-04
0.17072,-0.00231,0.17076,-6.88E-04,0.08079,-0.00106
0.16971,-0.00233,0.16974,-7.49E-04,0.07978,-0.00106
0.16871,-0.00232,0.16874,-7.06E-04,0.07878,-0.00103
0.16769,-0.00233,0.16775,-7.36E-04,0.07777,-0.00105
0.16669,-0.00232,0.16674,-7.10E-04,0.07676,-0.00104
0.16568,-0.00232,0.16574,-7.29E-04,0.07576,-0.00104
0.1647,-0.00232,0.16476,-7.16E-04,0.07478,-0.00103
0.1637,-0.00231,0.16375,-7.23E-04,0.07376,-0.00104
0.16269,-0.00231,0.16274,-7.16E-04,0.07277,-0.00104
0.16169,-0.00231,0.16177,-7.33E-04,0.07177,-0.00104
0.1607,-0.00232,0.16074,-7.14E-04,0.07077,-0.00104
0.1597,-0.0023,0.15974,-7.20E-04,0.06978,-0.00104
0.15867,-0.00229,0.15874,-7.14E-04,0.06875,-0.00104
0.15768,-0.0023,0.15774,-7.19E-04,0.06775,-0.00104
0.15669,-0.00229,0.15674,-7.18E-04,0.06678,-0.00104
0.15569,-0.00228,0.15574,-7.22E-04,0.06576,-0.00104
0.15467,-0.0023,0.15471,-7.14E-04,0.06476,-0.00104
0.15367,-0.00228,0.15371,-7.25E-04,0.06375,-0.00104
0.15267,-0.00228,0.15273,-7.06E-04,0.06276,-0.00103
0.15169,-0.00228,0.15176,-7.21E-04,0.06178,-0.00104
0.15068,-0.00228,0.15076,-7.10E-04,0.06077,-0.00104
0.14969,-0.00228,0.14976,-7.25E-04,0.05978,-0.00104
0.14871,-0.00228,0.14874,-7.03E-04,0.05878,-0.00103
0.14768,-0.00225,0.14773,-7.31E-04,0.05777,-0.00103
0.1467,-0.00226,0.14678,-6.99E-04,0.05679,-0.00104
0.14572,-0.00226,0.14575,-7.27E-04,0.05581,-0.00104
0.14471,-0.00226,0.14476,-7.07E-04,0.05478,-0.00104
0.14369,-0.00226,0.14375,-7.19E-04,0.05378,-0.00104
0.14268,-0.00226,0.14277,-7.10E-04,0.05279,-0.00104
0.14169,-0.00226,0.14176,-7.13E-04,0.05176,-0.00104
0.14071,-0.00225,0.14077,-7.15E-04,0.05078,-0.00103
0.13972,-0.00225,0.13975,-7.08E-04,0.04979,-0.00103
0.13871,-0.00225,0.13876,-7.15E-04,0.0488,-0.00104
0.13772,-0.00224,0.13775,-7.08E-04,0.04778,-0.00104
0.13671,-0.00224,0.13675,-7.17E-04,0.04678,-0.00104
0.13572,-0.00223,0.13574,-7.15E-04,0.04576,-0.00104
0.1347,-0.00223,0.13475,-7.01E-04,0.04479,-0.00103
0.13369,-0.00223,0.13375,-7.19E-04,0.04379,-0.00104
0.13271,-0.00222,0.13273,-7.04E-04,0.04279,-0.00104
0.13171,-0.00222,0.13176,-7.07E-04,0.04181,-0.00104
0.1307,-0.00223,0.13075,-7.11E-04,0.04077,-0.00104
0.12968,-0.00223,0.12974,-7.06E-04,0.03979,-0.00104
0.12869,-0.00221,0.12874,-7.17E-04,0.03879,-0.00103
0.1277,-0.00222,0.12774,-7.02E-04,0.03778,-0.00104
0.12671,-0.00222,0.12676,-7.09E-04,0.03679,-0.00104
0.1257,-0.00221,0.12575,-7.05E-04,0.03579,-0.00104
0.1247,-0.00221,0.12475,-7.15E-04,0.03479,-0.00104
0.12368,-0.00221,0.12375,-7.06E-04,0.03378,-0.00103
0.12269,-0.0022,0.12275,-7.15E-04,0.03279,-0.00104
0.12171,-0.00219,0.12173,-7.00E-04,0.03178,-0.00103
0.1207,-0.0022,0.12075,-7.14E-04,0.0308,-0.00103
0.11969,-0.00219,0.11974,-7.01E-04,0.0298,-0.00104
0.11871,-0.00218,0.11875,-7.08E-04,0.02879,-0.00104
0.1177,-0.00219,0.11776,-7.05E-04,0.0278,-0.00104
0.11671,-0.00219,0.11675,-7.04E-04,0.02679,-0.00104
0.11569,-0.00218,0.11577,-7.03E-04,0.02581,-0.00104
0.11469,-0.00218,0.11474,-7.07E-04,0.02479,-0.00104
0.11369,-0.00218,0.11376,-7.14E-04,0.02379,-0.00105
0.1127,-0.00218,0.11275,-6.95E-04,0.02279,-0.00104
0.1117,-0.00218,0.11178,-7.12E-04,0.02181,-0.00103
0.11071,-0.00219,0.11077,-6.98E-04,0.02081,-0.00104
0.10971,-0.00217,0.10976,-7.14E-04,0.0198,-0.00104
0.10869,-0.00217,0.10873,-6.98E-04,0.01879,-0.00103
0.10772,-0.00216,0.10776,-7.09E-04,0.01781,-0.00104
0.1067,-0.00217,0.10676,-6.92E-04,0.01681,-0.00104
0.10572,-0.00216,0.10575,-7.14E-04,0.01583,-0.00104
0.1047,-0.00216,0.10474,-6.97E-04,0.01483,-0.00105
0.1037,-0.00214,0.10376,-7.03E-04,0.01381,-0.00104
0.10271,-0.00216,0.10276,-7.02E-04,0.01281,-0.00104
0.10171,-0.00214,0.10176,-7.02E-04,0.01181,-0.00105
0.10071,-0.00217,0.10076,-7.02E-04,0.01081,-0.00103
0.09972,-0.00214,0.09975,-7.02E-04,0.0098,-0.00104
0.09872,-0.00215,0.09876,-7.01E-04,0.00881,-0.00104
0.09773,-0.00213,0.09777,-6.98E-04,0.00782,-0.00104
0.09671,-0.00215,0.09676,-7.08E-04,0.0068,-0.00104
0.09571,-0.00214,0.09576,-6.87E-04,0.00582,-0.00104
0.09469,-0.00215,0.09475,-7.19E-04,0.00481,-0.00105
0.09371,-0.00215,0.09375,-6.93E-04,0.0038,-0.00104
0.09271,-0.00214,0.09276,-7.05E-04,0.00283,-0.00104
0.09171,-0.00213,0.09178,-7.03E-04,0.00183,-0.00105
0.0907,-0.00213,0.09075,-7.04E-04,8.39E-04,-0.00104
0.08971,-0.00213,0.08977,-6.95E-04,-1.71E-04,-0.00104
0.08869,-0.00213,0.08876,-7.10E-04,-0.0012,-0.00104
0.08772,-0.00214,0.08777,-6.95E-04,-0.00217,-0.00104
0.0867,-0.00212,0.08678,-7.03E-04,-0.00318,-0.00104
0.0857,-0.00212,0.08576,-7.03E-04,-0.00419,-0.00104
0.08469,-0.00212,0.08475,-7.07E-04,-0.0052,-0.00104
0.08369,-0.00213,0.08374,-6.95E-04,-0.00617,-0.00104
0.08269,-0.00212,0.08275,-7.04E-04,-0.00718,-0.00104
0.08169,-0.0021,0.08174,-6.96E-04,-0.00817,-0.00104
0.0807,-0.00213,0.08075,-7.06E-04,-0.00918,-0.00105
0.07971,-0.00211,0.07974,-6.85E-04,-0.01018,-0.00105
0.07869,-0.00211,0.07875,-7.14E-04,-0.01117,-0.00105
0.07771,-0.00209,0.07776,-6.92E-04,-0.01219,-0.00104
0.0767,-0.00212,0.07675,-7.06E-04,-0.01318,-0.00104
0.07569,-0.0021,0.07574,-6.97E-04,-0.01416,-0.00105
0.07469,-0.0021,0.07475,-7.09E-04,-0.01518,-0.00104
0.0737,-0.00211,0.07375,-6.88E-04,-0.01616,-0.00104
0.07269,-0.00211,0.07274,-7.18E-04,-0.01718,-0.00105
0.07168,-0.0021,0.07173,-6.94E-04,-0.01818,-0.00104
0.07068,-0.00209,0.07073,-7.11E-04,-0.01918,-0.00104
0.06967,-0.0021,0.06971,-6.97E-04,-0.0202,-0.00105
0.06868,-0.00209,0.06873,-6.98E-04,-0.02118,-0.00103
0.06769,-0.00209,0.06774,-7.08E-04,-0.02217,-0.00105
0.06667,-0.00209,0.06674,-6.91E-04,-0.02318,-0.00104
0.06568,-0.00208,0.06574,-7.11E-04,-0.02417,-0.00105
0.06469,-0.00209,0.06473,-6.92E-04,-0.02518,-0.00104
0.06368,-0.00209,0.06374,-7.02E-04,-0.02617,-0.00105
0.06268,-0.00209,0.06275,-6.98E-04,-0.02716,-0.00104
0.0617,-0.00208,0.06174,-7.01E-04,-0.02816,-0.00104
0.0607,-0.00207,0.06074,-6.96E-04,-0.02917,-0.00105
0.0597,-0.00208,0.05972,-7.07E-04,-0.03017,-0.00104
0.05868,-0.00208,0.05873,-6.99E-04,-0.03117,-0.00105
0.05767,-0.00207,0.05771,-7.03E-04,-0.03216,-0.00105
0.05669,-0.00208,0.05673,-6.94E-04,-0.03318,-0.00105
0.0557,-0.00208,0.05573,-7.02E-04,-0.03416,-0.00105
0.05468,-0.00207,0.05473,-6.99E-04,-0.03516,-0.00104
0.0537,-0.00207,0.05374,-7.04E-04,-0.03617,-0.00105
0.05268,-0.00208,0.05274,-6.97E-04,-0.03717,-0.00105
0.0517,-0.00206,0.05175,-7.03E-04,-0.03814,-0.00104
0.05068,-0.00207,0.05074,-6.95E-04,-0.03917,-0.00105
0.04968,-0.00206,0.04972,-7.04E-04,-0.04017,-0.00105
0.0487,-0.00206,0.04875,-6.96E-04,-0.04115,-0.00105
0.0477,-0.00207,0.04774,-7.06E-04,-0.04216,-0.00105
0.04669,-0.00205,0.04672,-6.90E-04,-0.04317,-0.00105
0.0457,-0.00206,0.04574,-7.12E-04,-0.04419,-0.00105
0.04471,-0.00207,0.04474,-6.87E-04,-0.04514,-0.00105
0.04371,-0.00206,0.04373,-7.10E-04,-0.04616,-0.00104
0.04271,-0.00207,0.04273,-6.95E-04,-0.04717,-0.00106
0.04171,-0.00206,0.04173,-7.02E-04,-0.04818,-0.00105
0.0407,-0.00207,0.04073,-6.98E-04,-0.04917,-0.00105
0.03968,-0.00206,0.03973,-7.08E-04,-0.05018,-0.00105
0.03872,-0.00205,0.03873,-6.92E-04,-0.05116,-0.00105
0.03771,-0.00206,0.03774,-7.04E-04,-0.05215,-0.00106
0.0367,-0.00206,0.03675,-6.84E-04,-0.05316,-0.00105
0.03571,-0.00204,0.03574,-7.18E-04,-0.05416,-0.00105
0.0347,-0.00206,0.03473,-6.87E-04,-0.05517,-0.00106
0.0337,-0.00206,0.03374,-7.12E-04,-0.05616,-0.00105
0.03269,-0.00206,0.03274,-6.93E-04,-0.05718,-0.00105
0.03169,-0.00205,0.03174,-6.99E-04,-0.05817,-0.00106
0.0307,-0.00205,0.03072,-7.05E-04,-0.05918,-0.00106
0.0297,-0.00205,0.02974,-6.97E-04,-0.06015,-0.00106
0.0287,-0.00206,0.02874,-7.01E-04,-0.06117,-0.00106
0.02771,-0.00205,0.02773,-7.07E-04,-0.06218,-0.00106
0.02669,-0.00205,0.02672,-6.93E-04,-0.06316,-0.00106
0.02568,-0.00205,0.02574,-7.03E-04,-0.06416,-0.00106
0.02469,-0.00205,0.02473,-6.98E-04,-0.06516,-0.00106
0.0237,-0.00204,0.02374,-7.02E-04,-0.06615,-0.00105
0.0227,-0.00205,0.02275,-7.01E-04,-0.06714,-0.00106
0.02169,-0.00205,0.02175,-7.01E-04,-0.06814,-0.00105
0.02069,-0.00205,0.02075,-7.03E-04,-0.06916,-0.00107
0.01968,-0.00205,0.01975,-6.91E-04,-0.07014,-0.00105
0.01869,-0.00205,0.01876,-7.18E-04,-0.07116,-0.00107
0.0177,-0.00205,0.01775,-6.93E-04,-0.07216,-0.00106
0.01669,-0.00204,0.01675,-7.10E-04,-0.07315,-0.00106
0.01568,-0.00205,0.01573,-7.00E-04,-0.07416,-0.00106
0.01469,-0.00204,0.01474,-7.01E-04,-0.07516,-0.00107
0.01369,-0.00205,0.01376,-7.04E-04,-0.07617,-0.00106
0.01269,-0.00204,0.01275,-7.01E-04,-0.07717,-0.00107
0.01169,-0.00205,0.01175,-7.03E-04,-0.07815,-0.00106
0.01067,-0.00205,0.01075,-7.11E-04,-0.07917,-0.00107
0.0097,-0.00204,0.00974,-6.98E-04,-0.08015,-0.00106
0.00868,-0.00204,0.00877,-7.00E-04,-0.08113,-0.00107
0.0077,-0.00206,0.00772,-7.16E-04,-0.08215,-0.00107
0.00667,-0.00203,0.00674,-7.00E-04,-0.08316,-0.00107
0.0057,-0.00204,0.00572,-7.10E-04,-0.08415,-0.00106
0.0047,-0.00204,0.00474,-7.01E-04,-0.08514,-0.00107
0.00369,-0.00204,0.00375,-7.01E-04,-0.08614,-0.00107
0.00268,-0.00205,0.00275,-7.09E-04,-0.08714,-0.00107
0.00168,-0.00205,0.00175,-6.95E-04,-0.08816,-0.00106
6.82E-04,-0.00205,7.52E-04,-7.11E-04,-0.08917,-0.00107
-3.08E-04,-0.00203,-2.67E-04,-6.99E-04,-0.09016,-0.00109
-0.00131,-0.00204,-0.00125,-7.06E-04,-0.09115,-0.00107
-0.00231,-0.00204,-0.00225,-7.00E-04,-0.09216,-0.00107
-0.00331,-0.00204,-0.00327,-7.13E-04,-0.09314,-0.00107
-0.00431,-0.00203,-0.00425,-7.01E-04,-0.09413,-0.00107
-0.00529,-0.00204,-0.00525,-7.05E-04,-0.09513,-0.00108
-0.0063,-0.00204,-0.00626,-7.05E-04,-0.09615,-0.00107
-0.00731,-0.00204,-0.00727,-7.03E-04,-0.09715,-0.00109
-0.00829,-0.00204,-0.00825,-7.04E-04,-0.09815,-0.00108
-0.00929,-0.00205,-0.00926,-7.09E-04,-0.09914,-0.00108
-0.01032,-0.00202,-0.01024,-7.01E-04,-0.10013,-0.00108
-0.0113,-0.00205,-0.01125,-7.21E-04,-0.10114,-0.00109
-0.0123,-0.00203,-0.01227,-6.95E-04,-0.10214,-0.00108
-0.0133,-0.00204,-0.01326,-7.13E-04,-0.10313,-0.00108
-0.01429,-0.00205,-0.01427,-7.05E-04,-0.10414,-0.00109
-0.01528,-0.00205,-0.01524,-7.06E-04,-0.10514,-0.00108
-0.01628,-0.00204,-0.01624,-7.12E-04,-0.10613,-0.00109
-0.0173,-0.00206,-0.01725,-7.19E-04,-0.10713,-0.00109
-0.01829,-0.00204,-0.0183,-7.89E-04,-0.10813,-0.00109
-0.01929,-0.00205,-0.01924,-6.53E-04,-0.10913,-0.0011
-0.02029,-0.00205,-0.02028,-7.47E-04,-0.11012,-0.00108
-0.0213,-0.00205,-0.02123,-6.78E-04,-0.11114,-0.00109
-0.0223,-0.00204,-0.02226,-7.33E-04,-0.11213,-0.00109
-0.0233,-0.00205,-0.02324,-6.99E-04,-0.11315,-0.00109
-0.02431,-0.00205,-0.02426,-7.20E-04,-0.11414,-0.00109
-0.02529,-0.00205,-0.02525,-7.02E-04,-0.11512,-0.00109
-0.0263,-0.00205,-0.02626,-7.21E-04,-0.11613,-0.0011
-0.0273,-0.00203,-0.02727,-6.96E-04,-0.11714,-0.00109
-0.02831,-0.00205,-0.02826,-7.29E-04,-0.11814,-0.00109
-0.02931,-0.00205,-0.02924,-7.02E-04,-0.11913,-0.00109
-0.03029,-0.00203,-0.03024,-7.06E-04,-0.1201,-0.00109
-0.03129,-0.00205,-0.03126,-7.19E-04,-0.12111,-0.0011
-0.03228,-0.00204,-0.03226,-7.07E-04,-0.12213,-0.00109
-0.0333,-0.00205,-0.03324,-7.07E-04,-0.12311,-0.0011
-0.03429,-0.00204,-0.03425,-7.17E-04,-0.12411,-0.00109
-0.03527,-0.00204,-0.03525,-7.11E-04,-0.12511,-0.00109
-0.03629,-0.00205,-0.03623,-7.13E-04,-0.12611,-0.0011
-0.0373,-0.00205,-0.03724,-7.16E-04,-0.12712,-0.0011
-0.03829,-0.00204,-0.03826,-7.10E-04,-0.12813,-0.00112
-0.03928,-0.00204,-0.03924,-7.09E-04,-0.12911,-0.00109
-0.0403,-0.00204,-0.04025,-7.23E-04,-0.13012,-0.00111
-0.0413,-0.00214,-0.04124,-7.08E-04,-0.13111,-0.0011
-0.0423,-0.00206,-0.04225,-7.14E-04,-0.1321,-0.00111
-0.0433,-0.00205,-0.04327,-7.24E-04,-0.13312,-0.0011
-0.04429,-0.00204,-0.04424,-7.08E-04,-0.13412,-0.0011
-0.0453,-0.00205,-0.04523,-7.24E-04,-0.1351,-0.00111
-0.04629,-0.00204,-0.04626,-7.10E-04,-0.1361,-0.00111
-0.0473,-0.00203,-0.04725,-7.16E-04,-0.13711,-0.00111
-0.04829,-0.00206,-0.04825,-7.13E-04,-0.1381,-0.00111
-0.04928,-0.00206,-0.04924,-7.24E-04,-0.13909,-0.00111
-0.0503,-0.00205,-0.05024,-7.15E-04,-0.1401,-0.00112
-0.0513,-0.00205,-0.05124,-7.22E-04,-0.1411,-0.00112
-0.05231,-0.00205,-0.05224,-7.19E-04,-0.14211,-0.00114
-0.05331,-0.00206,-0.05323,-7.20E-04,-0.14309,-0.00113
-0.05428,-0.00203,-0.05423,-7.16E-04,-0.14409,-0.00113
-0.05528,-0.00204,-0.05524,-7.24E-04,-0.14509,-0.00112
-0.05627,-0.00205,-0.05625,-7.15E-04,-0.14609,-0.00115
-0.05727,-0.00205,-0.05726,-7.22E-04,-0.1471,-0.00115
-0.05827,-0.00205,-0.05825,-7.08E-04,-0.14809,-0.00114
-0.05927,-0.00204,-0.05923,-7.30E-04,-0.14908,-0.00114
-0.06029,-0.00207,-0.06024,-7.11E-04,-0.15009,-0.00115
-0.06127,-0.00205,-0.06126,-7.35E-04,-0.1511,-0.00116
-0.0623,-0.00207,-0.06223,-7.13E-04,-0.15208,-0.00114
-0.06328,-0.00204,-0.06324,-7.33E-04,-0.15309,-0.00116
-0.06428,-0.00206,-0.06425,-7.06E-04,-0.15409,-0.00116
-0.06526,-0.00205,-0.06524,-7.33E-04,-0.15509,-0.00119
-0.06627,-0.00205,-0.06625,-7.21E-04,-0.15609,-0.00116
-0.06726,-0.00205,-0.06726,-7.20E-04,-0.15709,-0.00117
-0.06827,-0.00206,-0.06824,-7.26E-04,-0.15809,-0.00117
-0.06929,-0.00205,-0.06926,-7.26E-04,-0.15908,-0.00115
-0.07027,-0.00205,-0.07025,-7.17E-04,-0.16009,-0.00116
-0.0713,-0.00205,-0.07125,-7.26E-04,-0.1611,-0.00116
-0.07228,-0.00205,-0.07223,-7.23E-04,-0.16209,-0.00115
-0.07326,-0.00205,-0.07323,-7.27E-04,-0.16308,-0.00118
-0.07427,-0.00206,-0.07423,-7.27E-04,-0.16411,-0.00119
-0.0753,-0.00206,-0.07525,-7.22E-04,-0.16509,-0.00117
-0.07629,-0.00206,-0.07626,-7.33E-04,-0.16609,-0.00117
-0.07728,-0.00205,-0.07726,-7.24E-04,-0.1671,-0.00116
-0.07828,-0.00205,-0.07826,-7.27E-04,-0.16811,-0.00117
-0.07929,-0.00205,-0.07927,-7.34E-04,-0.1691,-0.00117
-0.08029,-0.00206,-0.08023,-7.15E-04,-0.17008,-0.00117
-0.08129,-0.00207,-0.08127,-7.35E-04,-0.1711,-0.00117
-0.08231,-0.00205,-0.08225,-7.36E-04,-0.17211,-0.00119
-0.08328,-0.00206,-0.08326,-7.21E-04,-0.17308,-0.00117
-0.08429,-0.00205,-0.08423,-7.29E-04,-0.17409,-0.00118
-0.0853,-0.00206,-0.08527,-7.34E-04,-0.17511,-0.00119
-0.08631,-0.00205,-0.08627,-7.30E-04,-0.17609,-0.00119
-0.0873,-0.00206,-0.08726,-7.27E-04,-0.1771,-0.0012
-0.08827,-0.00206,-0.08824,-7.36E-04,-0.17809,-0.00119
-0.08928,-0.00206,-0.08926,-7.29E-04,-0.17909,-0.00119
-0.09029,-0.00205,-0.09024,-7.36E-04,-0.18009,-0.00121
-0.09129,-0.00205,-0.09126,-7.24E-04,-0.18108,-0.00121
-0.09229,-0.00206,-0.09225,-7.40E-04,-0.18208,-0.00119
-0.09329,-0.00205,-0.09325,-7.30E-04,-0.18307,-0.00121
-0.09429,-0.00207,-0.09424,-7.40E-04,-0.18407,-0.00121
-0.09529,-0.00206,-0.09523,-7.30E-04,-0.18507,-0.00121
-0.09631,-0.00207,-0.09624,-7.31E-04,-0.18608,-0.00122
-0.09728,-0.00206,-0.09728,-7.35E-04,-0.18708,-0.00122
-0.09828,-0.00206,-0.09823,-7.36E-04,-0.18809,-0.00122
-0.09927,-0.00207,-0.09925,-7.32E-04,-0.18908,-0.00121
-0.1003,-0.00207,-0.10025,-7.44E-04,-0.19009,-0.00121
-0.10131,-0.00207,-0.10126,-7.33E-04,-0.19108,-0.00123
-0.1023,-0.00207,-0.10223,-7.35E-04,-0.19208,-0.00122
-0.10329,-0.00207,-0.10325,-7.51E-04,-0.19308,-0.00122
-0.10428,-0.00207,-0.10425,-7.30E-04,-0.19406,-0.00123
-0.10529,-0.00207,-0.10526,-7.45E-04,-0.19508,-0.00124
-0.1063,-0.00208,-0.10626,-7.37E-04,-0.19607,-0.00122
-0.10728,-0.00206,-0.10725,-7.36E-04,-0.19707,-0.00123
-0.10829,-0.00208,-0.10824,-7.46E-04,-0.19808,-0.00127
-0.1093,-0.00207,-0.10924,-7.39E-04,-0.19908,-0.00125
-0.11031,-0.00208,-0.11026,-7.34E-04,-0.20009,-0.00125
-0.1113,-0.00208,-0.11124,-7.52E-04,-0.20109,-0.00124
-0.11227,-0.00208,-0.11223,-7.31E-04,-0.20209,-0.00126
-0.11328,-0.00208,-0.11325,-7.51E-04,-0.20307,-0.00124
-0.11429,-0.00208,-0.11424,-7.38E-04,-0.20408,-0.00125
-0.11529,-0.00208,-0.11526,-7.43E-04,-0.20509,-0.00132
-0.11629,-0.00209,-0.11624,-7.45E-04,-0.2061,-0.00132
-0.11729,-0.00209,-0.11725,-7.48E-04,-0.20706,-0.00131
-0.11829,-0.00209,-0.11824,-7.49E-04,-0.20807,-0.00132
-0.11931,-0.00209,-0.11926,-7.49E-04,-0.2091,-0.00133
-0.12029,-0.00209,-0.12025,-7.45E-04,-0.2101,-0.00131
-0.12131,-0.0021,-0.12127,-7.54E-04,-0.21109,-0.00129
-0.12227,-0.0021,-0.12223,-7.47E-04,-0.21208,-0.00131
-0.1233,-0.00209,-0.12325,-7.49E-04,-0.21308,-0.00132
-0.12429,-0.00209,-0.12425,-7.50E-04,-0.21408,-0.00132
-0.1253,-0.0021,-0.12524,-7.37E-04,-0.21509,-0.00131
-0.1263,-0.0021,-0.12626,-7.59E-04,-0.21609,-0.00133
-0.12728,-0.00209,-0.12723,-7.28E-04,-0.21706,-0.00137
-0.12829,-0.0021,-0.12825,-7.67E-04,-0.21807,-0.00135
-0.12929,-0.00211,-0.12924,-7.33E-04,-0.21907,-0.00134
-0.13028,-0.0021,-0.13027,-7.64E-04,-0.22007,-0.00136
-0.13127,-0.00211,-0.13124,-7.35E-04,-0.22108,-0.00136
-0.13226,-0.00211,-0.13223,-7.68E-04,-0.22208,-0.00135
-0.13328,-0.00211,-0.13324,-7.41E-04,-0.22308,-0.00136
-0.13428,-0.0021,-0.13425,-7.60E-04,-0.22408,-0.0014
-0.13528,-0.00211,-0.13525,-7.48E-04,-0.22506,-0.00136
-0.13627,-0.00212,-0.13623,-7.55E-04,-0.22608,-0.00137
-0.13726,-0.00213,-0.13724,-7.53E-04,-0.22707,-0.00138
-0.13827,-0.00211,-0.13825,-7.54E-04,-0.22807,-0.00144
-0.13928,-0.00212,-0.13925,-7.50E-04,-0.22907,-0.0014
-0.1403,-0.00212,-0.14024,-7.61E-04,-0.23008,-0.00139
-0.14128,-0.00214,-0.14124,-7.55E-04,-0.23106,-0.00141
-0.14228,-0.00212,-0.14224,-7.58E-04,-0.23207,-0.0014
-0.14329,-0.00212,-0.14327,-7.56E-04,-0.23308,-0.0014
-0.1443,-0.00213,-0.14423,-7.58E-04,-0.23407,-0.00145
-0.14531,-0.00215,-0.14525,-7.71E-04,-0.23508,-0.00146
-0.14631,-0.00213,-0.14625,-7.53E-04,-0.23609,-0.00143
-0.14731,-0.00215,-0.14727,-7.64E-04,-0.2371,-0.00143
-0.1483,-0.00214,-0.14826,-7.57E-04,-0.23807,-0.00147
-0.1493,-0.00215,-0.14927,-7.70E-04,-0.23907,-0.00145
-0.15032,-0.00215,-0.15027,-7.54E-04,-0.24008,-0.00147
-0.1513,-0.00215,-0.15127,-7.66E-04,-0.24108,-0.00149
-0.15229,-0.00214,-0.15224,-7.58E-04,-0.24207,-0.00153
-0.15331,-0.00216,-0.15327,-7.55E-04,-0.24308,-0.00152
-0.15429,-0.00215,-0.15426,-7.69E-04,-0.24408,-0.00153
-0.15528,-0.00216,-0.15527,-7.57E-04,-0.24511,-0.00155
-0.1563,-0.00216,-0.15626,-7.63E-04,-0.24608,-0.00155
-0.1573,-0.00218,-0.15725,-7.74E-04,-0.24707,-0.00157
-0.1583,-0.00217,-0.15826,-7.59E-04,-0.24809,-0.00161
-0.1593,-0.00217,-0.15926,-7.76E-04,-0.24909,-0.00169
-0.16029,-0.00218,-0.16027,-7.57E-04,-0.25009,-0.00165
-0.1613,-0.00218,-0.16124,-7.77E-04,-0.25107,-0.00167
-0.16229,-0.00218,-0.16224,-7.66E-04,-0.25208,-0.00164
-0.1633,-0.00218,-0.16324,-7.74E-04,-0.25308,-0.00164
-0.16431,-0.00219,-0.16425,-7.69E-04,-0.2541,-0.00167
-0.1653,-0.00219,-0.16526,-7.79E-04,-0.2551,-0.00171
-0.16627,-0.00219,-0.16624,-7.73E-04,-0.25608,-0.00171
-0.16728,-0.00219,-0.16725,-7.77E-04,-0.25707,-0.00172
-0.16829,-0.00221,-0.16824,-7.68E-04,-0.25808,-0.00171
-0.1693,-0.0022,-0.16925,-7.80E-04,-0.25906,-0.00174
-0.17029,-0.00221,-0.17023,-7.66E-04,-0.26008,-0.00179
-0.17128,-0.00223,-0.17122,-7.84E-04,-0.26108,-0.00182
-0.17229,-0.00226,-0.17225,-7.64E-04,-0.26209,-0.0018
-0.17329,-0.00227,-0.17325,-7.80E-04,-0.26309,-0.0018
-0.17429,-0.00227,-0.17425,-7.72E-04,-0.26408,-0.00188
-0.17531,-0.00228,-0.17527,-7.76E-04,-0.26508,-0.0018
-0.17629,-0.00227,-0.17624,-7.73E-04,-0.26607,-0.00184
-0.17731,-0.00227,-0.17725,-7.77E-04,-0.26709,-0.00187
-0.17829,-0.00227,-0.17824,-7.77E-04,-0.26808,-0.00187
-0.1793,-0.00228,-0.17927,-7.87E-04,-0.26908,-0.0019
-0.1803,-0.00227,-0.18023,-7.77E-04,-0.27009,-0.0019
-0.18128,-0.00229,-0.18125,-7.87E-04,-0.27109,-0.00196
-0.18229,-0.0023,-0.18224,-7.86E-04,-0.27209,-0.00195
-0.1833,-0.0023,-0.18327,-7.83E-04,-0.27308,-0.00204
-0.1843,-0.00231,-0.18426,-7.82E-04,-0.27408,-0.00219
-0.18528,-0.0023,-0.18524,-7.80E-04,-0.27509,-0.00215
-0.18628,-0.00232,-0.18623,-7.95E-04,-0.27609,-0.00219
-0.1873,-0.00231,-0.18724,-7.77E-04,-0.27707,-0.00219
-0.18828,-0.00231,-0.18826,-7.86E-04,-0.27808,-0.00219
-0.1893,-0.00233,-0.18926,-7.76E-04,-0.27907,-0.00224
-0.19029,-0.00233,-0.19023,-7.87E-04,-0.2801,-0.00224
-0.19128,-0.00233,-0.19125,-7.81E-04,-0.28107,-0.00222
-0.19228,-0.00234,-0.19224,-7.82E-04,-0.28206,-0.00228
-0.1933,-0.00241,-0.19325,-7.84E-04,-0.2831,-0.00228
-0.1943,-0.00234,-0.19423,-7.84E-04,-0.28411,-0.00232
-0.19528,-0.00235,-0.19525,-7.92E-04,-0.28507,-0.00234
-0.19628,-0.00238,-0.19624,-7.91E-04,-0.28608,-0.00247
-0.19729,-0.00238,-0.19727,-8.90E-04,-0.28707,-0.00249
-0.19829,-0.00238,-0.19822,-7.12E-04,-0.2881,-0.00242
-0.1993,-0.00239,-0.19926,-8.39E-04,-0.28911,-0.00249
-0.20031,-0.00239,-0.20025,-7.59E-04,-0.29008,-0.00256
-0.20129,-0.00239,-0.20124,-8.05E-04,-0.29109,-0.00258
-0.2023,-0.0024,-0.20225,-7.71E-04,-0.29209,-0.00267
-0.20329,-0.00241,-0.20326,-7.99E-04,-0.2931,-0.00275
-0.20429,-0.00241,-0.20427,-7.85E-04,-0.29409,-0.00275
-0.20529,-0.00242,-0.20525,-7.93E-04,-0.29507,-0.00266
-0.20628,-0.00242,-0.20623,-7.78E-04,-0.2961,-0.0027
-0.20729,-0.00244,-0.20727,-8.06E-04,-0.29708,-0.00272
-0.20829,-0.00247,-0.20825,-7.94E-04,-0.29807,-0.00284
-0.20929,-0.00245,-0.20926,-7.92E-04,-0.29907,-0.0029
-0.21029,-0.00247,-0.21022,-7.94E-04,-0.30006,-0.00299
-0.21128,-0.00249,-0.21123,-8.00E-04,-0.30108,-0.00303
-0.21227,-0.00248,-0.21224,-8.07E-04,-0.30209,-0.00301
-0.21328,-0.0025,-0.21325,-7.80E-04,-0.30307,-0.00301
-0.21427,-0.0025,-0.21424,-8.05E-04,-0.30411,-0.00309
-0.21527,-0.00251,-0.21525,-7.90E-04,-0.30508,-0.00308
-0.21628,-0.00251,-0.21626,-8.06E-04,-0.30609,-0.00314
-0.21728,-0.00254,-0.21724,-7.90E-04,-0.30708,-0.0032
-0.21829,-0.00258,-0.21825,-8.00E-04,-0.30808,-0.00337
-0.21928,-0.00259,-0.21924,-7.88E-04,-0.30909,-0.00334
-0.22027,-0.00258,-0.22025,-8.07E-04,-0.3101,-0.00334
-0.22126,-0.00262,-0.22125,-7.96E-04,-0.3111,-0.0034
-0.22229,-0.00264,-0.22224,-8.12E-04,-0.3121,-0.00342
-0.22328,-0.00263,-0.22325,-8.02E-04,-0.31309,-0.00342
-0.22428,-0.00265,-0.22425,-8.10E-04,-0.31409,-0.00345
-0.22529,-0.00267,-0.22526,-7.96E-04,-0.31508,-0.00352
-0.22628,-0.00267,-0.22624,-8.10E-04,-0.3161,-0.00357
-0.22728,-0.00267,-0.22728,-7.92E-04,-0.3171,-0.00361
-0.2283,-0.00269,-0.22826,-8.26E-04,-0.3181,-0.00362
-0.22928,-0.00271,-0.22925,-8.02E-04,-0.31909,-0.0037
-0.23028,-0.00274,-0.23024,-8.15E-04,-0.32009,-0.00378
-0.23127,-0.00275,-0.23126,-8.05E-04,-0.32109,-0.00382
-0.23228,-0.00281,-0.23225,-8.16E-04,-0.3221,-0.004
-0.23328,-0.00283,-0.23325,-8.14E-04,-0.3231,-0.00401
-0.23427,-0.00285,-0.23426,-8.09E-04,-0.3241,-0.00403
-0.23528,-0.00287,-0.23526,-8.25E-04,-0.32509,-0.0041
-0.23628,-0.00292,-0.23624,-8.08E-04,-0.32611,-0.00412
-0.23729,-0.00291,-0.23725,-8.30E-04,-0.32711,-0.0042
-0.2383,-0.00293,-0.23828,-8.13E-04,-0.32809,-0.00431
-0.23928,-0.00296,-0.23927,-8.22E-04,-0.3291,-0.00435
-0.24029,-0.00299,-0.24025,-8.14E-04,-0.3301,-0.00449
-0.24128,-0.00297,-0.24126,-8.39E-04,-0.33112,-0.00452
-0.24231,-0.00299,-0.24226,-8.11E-04,-0.33209,-0.00454
-0.24331,-0.00302,-0.24328,-8.41E-04,-0.33311,-0.00464
-0.24427,-0.00303,-0.24425,-8.30E-04,-0.3341,-0.0047
-0.24528,-0.00304,-0.24525,-8.44E-04,-0.33509,-0.00472
-0.24629,-0.00307,-0.24625,-8.23E-04,-0.3361,-0.00479
-0.2473,-0.00311,-0.24724,-8.47E-04,-0.3371,-0.00489
-0.24827,-0.00314,-0.24826,-8.37E-04,-0.33807,-0.00494
-0.2493,-0.00317,-0.24922,-8.45E-04,-0.33908,-0.00508
-0.25029,-0.0032,-0.25024,-8.52E-04,-0.34009,-0.00514
-0.25129,-0.00323,-0.25126,-8.37E-04,-0.34109,-0.00519
-0.2523,-0.00324,-0.25225,-8.44E-04,-0.34209,-0.00524
-0.25329,-0.00327,-0.25325,-8.54E-04,-0.34308,-0.00534
-0.25429,-0.0033,-0.25425,-8.55E-04,-0.34409,-0.00538
-0.25528,-0.00331,-0.25523,-8.58E-04,-0.34507,-0.00542
-0.25628,-0.00333,-0.25626,-8.67E-04,-0.34609,-0.00554
-0.25728,-0.00337,-0.25725,-8.65E-04,-0.34708,-0.0056
-0.25827,-0.0034,-0.25826,-8.93E-04,-0.34806,-0.00563
-0.25929,-0.00341,-0.25923,-8.56E-04,-0.34908,-0.00575
-0.26028,-0.0035,-0.26025,-9.00E-04,-0.35009,-0.00589
-0.26129,-0.00347,-0.26122,-8.61E-04,-0.35107,-0.0059
-0.26229,-0.0035,-0.26224,-9.38E-04,-0.35208,-0.00611
-0.2633,-0.00354,-0.26324,-8.74E-04,-0.35308,-0.00611
-0.2643,-0.00356,-0.26424,-9.22E-04,-0.35407,-0.00617
-0.2653,-0.00361,-0.26523,-8.94E-04,-0.35507,-0.00622
-0.2663,-0.00361,-0.26623,-9.32E-04,-0.35607,-0.00639
-0.26726,-0.00364,-0.26727,-9.01E-04,-0.35708,-0.00649
-0.26827,-0.0037,-0.26824,-9.29E-04,-0.35806,-0.00648
-0.26927,-0.00373,-0.26924,-9.12E-04,-0.35908,-0.00654
-0.27026,-0.00374,-0.27025,-9.38E-04,-0.36006,-0.00664
-0.27128,-0.00379,-0.27125,-9.35E-04,-0.36108,-0.00672
-0.27229,-0.00384,-0.27223,-9.44E-04,-0.36208,-0.00677
-0.2733,-0.00387,-0.27325,-9.47E-04,-0.36309,-0.00682
-0.27427,-0.00391,-0.27425,-9.58E-04,-0.36409,-0.00686
-0.27528,-0.00406,-0.27523,-9.57E-04,-0.36508,-0.00696
-0.27629,-0.00408,-0.27626,-9.61E-04,-0.36608,-0.00709
-0.27729,-0.00412,-0.27725,-9.71E-04,-0.36709,-0.00708
-0.27828,-0.00415,-0.27823,-9.82E-04,-0.36808,-0.00716
-0.27928,-0.0042,-0.27924,-9.91E-04,-0.36906,-0.00723
-0.28028,-0.00424,-0.28024,-1.00E-03,-0.37007,-0.00729
-0.28128,-0.00428,-0.28125,-0.00101,-0.37107,-0.00735
-0.28229,-0.00431,-0.28225,-0.00102,-0.37207,-0.00742
-0.28328,-0.00436,-0.28324,-0.00103,-0.37306,-0.00751
-0.28427,-0.00441,-0.28422,-0.00105,-0.37405,-0.00754
-0.28527,-0.00445,-0.28522,-0.00105,-0.37509,-0.00759
-0.28628,-0.00451,-0.28625,-0.00107,-0.37607,-0.00765
-0.28727,-0.00455,-0.28723,-0.00108,-0.37707,-0.00773
-0.28827,-0.00464,-0.28823,-0.00109,-0.37807,-0.00785
-0.28926,-0.00468,-0.28922,-0.0011,-0.37906,-0.00794
-0.29028,-0.00473,-0.29023,-0.00112,-0.38006,-0.00797
-0.29128,-0.00492,-0.29124,-0.00114,-0.38109,-0.0081
-0.29227,-0.00481,-0.29225,-0.00115,-0.38208,-0.00813
-0.29326,-0.0049,-0.29322,-0.00116,-0.38307,-0.00824
-0.29426,-0.00496,-0.29423,-0.00118,-0.38408,-0.00837
-0.29528,-0.00501,-0.29523,-0.0012,-0.38508,-0.00841
-0.29628,-0.00506,-0.29623,-0.00121,-0.38608,-0.0085
-0.29727,-0.00515,-0.29723,-0.00123,-0.38707,-0.00853
-0.29826,-0.00521,-0.29821,-0.00126,-0.38807,-0.00859
-0.29927,-0.00527,-0.29923,-0.00128,-0.38907,-0.00867
-0.30029,-0.00535,-0.30024,-0.0013,-0.39009,-0.00875
-0.30129,-0.0054,-0.30123,-0.0013,-0.39107,-0.00886
-0.30229,-0.0055,-0.30221,-0.00135,-0.39207,-0.00896
-0.30328,-0.00557,-0.30321,-0.00135,-0.39308,-0.00908
-0.30429,-0.00565,-0.30422,-0.00138,-0.39408,-0.00924
-0.30529,-0.0057,-0.30524,-0.0014,-0.39508,-0.00934
-0.30628,-0.00577,-0.30622,-0.00153,-0.39607,-0.00945
-0.30728,-0.00586,-0.30724,-0.00137,-0.39704,-0.00957
-0.30827,-0.00594,-0.30823,-0.00153,-0.39808,-0.0096
-0.30927,-0.00602,-0.30923,-0.00146,-0.39907,-0.00972
-0.31029,-0.00611,-0.31023,-0.00154,-0.40008,-0.00987
-0.31129,-0.00617,-0.31122,-0.00153,-0.40108,-0.00993
-0.31228,-0.0064,-0.3122,-0.00159,-0.40207,-0.01002
-0.31327,-0.00636,-0.31323,-0.00159,-0.40308,-0.01007
-0.31426,-0.00644,-0.3142,-0.00164,-0.40406,-0.01017
-0.31529,-0.00654,-0.31523,-0.00166,-0.40507,-0.01025
-0.31626,-0.00663,-0.31621,-0.00169,-0.40609,-0.01034
-0.31726,-0.00672,-0.31722,-0.00174,-0.40707,-0.0105
-0.31827,-0.00683,-0.31822,-0.00175,-0.40805,-0.01064
-0.31927,-0.00691,-0.31921,-0.00179,-0.40907,-0.01074
-0.32028,-0.00702,-0.32022,-0.00182,-0.41008,-0.0109
-0.32127,-0.00711,-0.32271,-0.00187,-0.41103,-0.01092
-0.32226,-0.00722,-0.32373,-0.00194,-0.41198,-0.01095
-0.32327,-0.00733,-0.32473,-0.00197,-0.41297,-0.0111
-0.32427,-0.00744,-0.32575,-0.002,-0.41398,-0.01128
-0.32528,-0.00767,-0.32672,-0.00204,-0.41497,-0.01143
-0.32627,-0.00766,-0.32773,-0.00207,-0.41597,-0.01159
-0.32727,-0.00779,-0.32874,-0.00211,-0.417,-0.01167
-0.32828,-0.00794,-0.32971,-0.00215,-0.41799,-0.01178
-0.32929,-0.00806,-0.33073,-0.00219,-0.41899,-0.01196
-0.33027,-0.00818,-0.33174,-0.00223,-0.42002,-0.01214
-0.33129,-0.0083,-0.33272,-0.00226,-0.421,-0.0122
-0.33228,-0.00844,-0.33372,-0.0023,-0.42198,-0.01256
-0.33329,-0.00857,-0.33473,-0.00235,-0.42299,-0.01275
-0.33429,-0.00871,-0.33574,-0.00237,-0.42401,-0.01296
-0.33528,-0.00885,-0.33674,-0.00243,-0.425,-0.01308
-0.3363,-0.00906,-0.33774,-0.00246,-0.42594,-0.01336
-0.3373,-0.00919,-0.33873,-0.00251,-0.42688,-0.01338
-0.3383,-0.00933,-0.33975,-0.00264,-0.42782,-0.01352
-0.33933,-0.00948,-0.34075,-0.00259,-0.42884,-0.01369
-0.34033,-0.00964,-0.34175,-0.00263,-0.42984,-0.01389
-0.34129,-0.0098,-0.34274,-0.00268,-0.43082,-0.01402
-0.3423,-0.00996,-0.34375,-0.00273,-0.43182,-0.01413
-0.34331,-0.01029,-0.34474,-0.00278,-0.43282,-0.01421
-0.34434,-0.0103,-0.34573,-0.00282,-0.43382,-0.01436
-0.34533,-0.0105,-0.34673,-0.00285,-0.43485,-0.01454
-0.34635,-0.01069,-0.34777,-0.00291,-0.43583,-0.01459
-0.34735,-0.0109,-0.34875,-0.00295,-0.43682,-0.01476
-0.34833,-0.01109,-0.34976,-0.00301,-0.43784,-0.01483
-0.34934,-0.01129,-0.35077,-0.00307,-0.43881,-0.01496
-0.35035,-0.0116,-0.3518,-0.00312,-0.43984,-0.01507
-0.35134,-0.01173,-0.35278,-0.00317,-0.44084,-0.01522
-0.35236,-0.01192,-0.35381,-0.00324,-0.44185,-0.01537
-0.35337,-0.01214,-0.35478,-0.00328,-0.44283,-0.01548
-0.35437,-0.01235,-0.35578,-0.00342,-0.44384,-0.01572
-0.35536,-0.01259,-0.35678,-0.0034,-0.44485,-0.01581
-0.35636,-0.01291,-0.35779,-0.00344,-0.44587,-0.01595
-0.35737,-0.01308,-0.35877,-0.0035,-0.44686,-0.01613
-0.35839,-0.01333,-0.3598,-0.00355,-0.44784,-0.01633
-0.35937,-0.01359,-0.3608,-0.00361,-0.44887,-0.01649
-0.36038,-0.01397,-0.36179,-0.00366,-0.44985,-0.01668
-0.36138,-0.01413,-0.36279,-0.00373,-0.45079,-0.01676
-0.36239,-0.01444,-0.36379,-0.00379,-0.45175,-0.01698
-0.3634,-0.01471,-0.3648,-0.00384,-0.45275,-0.0171
-0.36439,-0.015,-0.36578,-0.0039,-0.45376,-0.01731
-0.36539,-0.01537,-0.36678,-0.00396,-0.45474,-0.01751
-0.36639,-0.01562,-0.3678,-0.00402,-0.45574,-0.01773
-0.36737,-0.01592,-0.36882,-0.00414,-0.45674,-0.01799
-0.36841,-0.01627,-0.36983,-0.00416,-0.45777,-0.0181
-0.3694,-0.01676,-0.37081,-0.00422,-0.45949,-0.01843
-0.3704,-0.01693,-0.37184,-0.00428,-0.46123,-0.01879
-0.37141,-0.0173,-0.37283,-0.00434,-0.46224,-0.019
-0.3724,-0.0177,-0.37383,-0.00441,-0.46326,-0.01932
-0.37343,-0.01821,-0.37484,-0.00449,-0.46425,-0.01942
-0.37441,-0.01846,-0.37583,-0.00456,-0.46524,-0.01967
-0.37542,-0.0189,-0.37684,-0.00465,-0.46627,-0.01989
-0.37643,-0.01944,-0.37785,-0.00473,-0.46727,-0.02011
-0.37745,-0.01974,-0.37885,-0.0048,-0.46821,-0.02048
-0.37919,-0.02061,-0.37986,-0.00492,-0.46915,-0.02062
-0.38094,-0.02143,-0.38088,-0.00494,-0.47016,-0.02088
-0.38194,-0.0219,-0.38189,-0.005,-0.47116,-0.0211
-0.38298,-0.02255,-0.38289,-0.00508,-0.47217,-0.02132
-0.38395,-0.02301,-0.38389,-0.00516,-0.47315,-0.02166
-0.38497,-0.02356,-0.38488,-0.00523,-0.47408,-0.02184
-0.38596,-0.0241,-0.3859,-0.00532,-0.47509,-0.02212
-0.38696,-0.02466,-0.3869,-0.0054,-0.4761,-0.02237
-0.38798,-0.02536,-0.38788,-0.00546,-0.47709,-0.02277
-0.38899,-0.02588,-0.38889,-0.00553,-0.47807,-0.02302
-0.38998,-0.02665,-0.38988,-0.00559,-0.47909,-0.02326
-0.39101,-0.02718,-0.39088,-0.00571,-0.48011,-0.02358
-0.392,-0.02789,-0.39187,-0.00581,-0.48111,-0.02402
-0.39301,-0.02847,-0.39289,-0.0059,-0.48212,-0.02423
-0.39401,-0.0293,-0.39389,-0.00602,-0.48313,-0.02456
-0.39503,-0.02992,-0.3949,-0.00602,-0.48411,-0.02489
-0.39602,-0.03074,-0.39587,-0.00608,-0.48506,-0.02534
-0.39704,-0.03142,-0.39691,-0.00615,-0.48603,-0.02557
-0.39805,-0.03235,-0.39789,-0.00625,-0.48702,-0.02588
-0.39905,-0.03308,-0.3989,-0.0063,-0.488,-0.02636
-0.40006,-0.03388,-0.39988,-0.00641,-0.48895,-0.02663
-0.40106,-0.03486,-0.4009,-0.00649,-0.48995,-0.02695
-0.40206,-0.03558,-0.40189,-0.00659,-0.49094,-0.02729
-0.40307,-0.03656,-0.40289,-0.00666,-0.4919,-0.02775
-0.40409,-0.03751,-0.40389,-0.00675,-0.49284,-0.02803
-0.4051,-0.03837,-0.40491,-0.00681,-0.49384,-0.02837
-0.40611,-0.03941,-0.40589,-0.00694,-0.49478,-0.02881
-0.40713,-0.04037,-0.40688,-0.00705,-0.49575,-0.0292
-0.40814,-0.04146,-0.4079,-0.00721,-0.49675,-0.02955
-0.40913,-0.04241,-0.4089,-0.00725,-0.49774,-0.02995
-0.41015,-0.04353,-0.4099,-0.00735,-0.49875,-0.03048
-0.41114,-0.04452,-0.4109,-0.00745,-0.49975,-0.0308
-0.41214,-0.04568,-0.41192,-0.00755,-0.50075,-0.0311
-0.41316,-0.04691,-0.41291,-0.00764,-0.50175,-0.03169
-0.41416,-0.04805,-0.41391,-0.00774,-0.50273,-0.03204
-0.41517,-0.04936,-0.4149,-0.00784,-0.50374,-0.03243
-0.41616,-0.05043,-0.41592,-0.00794,-0.50475,-0.03295
-0.41716,-0.05168,-0.4169,-0.00805,-0.50577,-0.0333
-0.41817,-0.05303,-0.41791,-0.00814,-0.50675,-0.03379
-0.41918,-0.05437,-0.4189,-0.00825,-0.50775,-0.03415
-0.42019,-0.05578,-0.41992,-0.00842,-0.50874,-0.03469
-0.4212,-0.05704,-0.42092,-0.00849,-0.50975,-0.03513
-0.42218,-0.05857,-0.42192,-0.0086,-0.51077,-0.03569
-0.4232,-0.06005,-0.42294,-0.00871,-0.51177,-0.03617
-0.4242,-0.06144,-0.42391,-0.00883,-0.51276,-0.03652
-0.42521,-0.06291,-0.42492,-0.00907,-0.51377,-0.03717
-0.4262,-0.0645,-0.42593,-0.00916,-0.51477,-0.03763
-0.42722,-0.0661,-0.42695,-0.00935,-0.51578,-0.03803
-0.42822,-0.06757,-0.42795,-0.00935,-0.51678,-0.03864
-0.42924,-0.06933,-0.42892,-0.00952,-0.51777,-0.0391
-0.43024,-0.07106,-0.42994,-0.00963,-0.51872,-0.03968
-0.43126,-0.07276,-0.43095,-0.00982,-0.51969,-0.04012
-0.43226,-0.07443,-0.43197,-0.00992,-0.52065,-0.0406
-0.43328,-0.07635,-0.43298,-0.01007,-0.5216,-0.04112
-0.43427,-0.07822,-0.43399,-0.01032,-0.52259,-0.04168
-0.43528,-0.0799,-0.43497,-0.01039,-0.52359,-0.04222
-0.43628,-0.0818,-0.43596,-0.01051,-0.52461,-0.04272
-0.43727,-0.08398,-0.43697,-0.01064,-0.52559,-0.04339
-0.43829,-0.08586,-0.43799,-0.01087,-0.52657,-0.04387
-0.43927,-0.08779,-0.43898,-0.01101,-0.52754,-0.04434
-0.44029,-0.09009,-0.43997,-0.0112,-0.52849,-0.04495
-0.4413,-0.09223,-0.44096,-0.01138,-0.5295,-0.04563
-0.44231,-0.09428,-0.44197,-0.01165,-0.53044,-0.04615
-0.44332,-0.09654,-0.44296,-0.01175,-0.5314,-0.0467
-0.44431,-0.09901,-0.44397,-0.01195,-0.53233,-0.04727
-0.44531,-0.1012,-0.44498,-0.01216,-0.53331,-0.04788
-0.44634,-0.10352,-0.44599,-0.01242,-0.53424,-0.04849
-0.44734,-0.10607,-0.44697,-0.01256,-0.53519,-0.04901
-0.44835,-0.10871,-0.44798,-0.01283,-0.53619,-0.0496
-0.44935,-0.11102,-0.449,-0.01293,-0.5371,-0.0504
-0.45038,-0.11352,-0.44998,-0.01318,-0.53812,-0.05081
-0.45137,-0.11649,-0.451,-0.01336,-0.53913,-0.05159
-0.45238,-0.11915,-0.452,-0.01353,-0.54011,-0.05218
-0.45338,-0.12163,-0.453,-0.01371,-0.54106,-0.05293
-0.45441,-0.12455,-0.45401,-0.01405,-0.54201,-0.05343
-0.45541,-0.12763,-0.455,-0.01414,-0.54296,-0.05409
-0.45643,-0.13036,-0.45602,-0.01436,-0.54391,-0.05476
-0.45744,-0.13327,-0.45701,-0.01456,-0.54489,-0.05553
-0.45847,-0.13666,-0.45802,-0.01481,-0.54591,-0.05608
-0.45947,-0.13963,-0.459,-0.01503,-0.54684,-0.05678
-0.46048,-0.14271,-0.46002,-0.01532,-0.54782,-0.05746
-0.46147,-0.14595,-0.46103,-0.0155,-0.54881,-0.05828
-0.46247,-0.14959,-0.46203,-0.01577,-0.54983,-0.05885
-0.46351,-0.15271,-0.46303,-0.016,-0.55081,-0.05958
-0.46451,-0.15601,-0.46406,-0.0163,-0.55182,-0.06062
-0.46551,-0.15997,-0.46506,-0.01648,-0.55283,-0.06112
-0.46652,-0.16336,-0.46606,-0.01676,-0.55382,-0.062
-0.46753,-0.16682,-0.46706,-0.01703,-0.55483,-0.06263
-0.4685,-0.17075,-0.46807,-0.01733,-0.55578,-0.0636
-0.46954,-0.17493,-0.46908,-0.01754,-0.55672,-0.064
-0.47053,-0.17849,-0.47006,-0.01781,-0.55775,-0.0649
-0.47153,-0.18221,-0.47108,-0.01811,-0.55873,-0.06591
-0.47252,-0.18678,-0.47282,-0.0186,-0.55974,-0.06642
-0.47352,-0.19086,-0.47454,-0.01913,-0.56069,-0.06738
-0.47453,-0.19475,-0.47554,-0.01941,-0.56166,-0.06793
-0.47553,-0.19892,-0.47656,-0.01969,-0.56265,-0.06896
-0.47803,-0.21009,-0.47756,-0.02008,-0.56364,-0.06968
-0.47903,-0.21455,-0.47856,-0.02036,-0.56456,-0.07023
-0.48003,-0.21993,-0.47955,-0.02069,-0.5655,-0.07141
-0.48103,-0.22449,-0.48055,-0.02094,-0.56648,-0.07207
-0.48202,-0.22873,-0.48156,-0.02142,-0.56748,-0.07282
-0.48303,-0.23415,-0.48257,-0.02168,-0.56847,-0.07373
-0.48402,-0.23969,-0.48356,-0.022,-0.56948,-0.07456
-0.48501,-0.24424,-0.48456,-0.02243,-0.57038,-0.07563
-0.48602,-0.24915,-0.48559,-0.02272,-0.57137,-0.07595
-0.48705,-0.25567,-0.48658,-0.02307,-0.57231,-0.07719
-0.48804,-0.2609,-0.48758,-0.02351,-0.57327,-0.07805
-0.48906,-0.26565,-0.4886,-0.02377,-0.57427,-0.07861
-0.49007,-0.27176,-0.48962,-0.02421,-0.5753,-0.07984
-0.49107,-0.27831,-0.4906,-0.02461,-0.57628,-0.08024
-0.49207,-0.2835,-0.49159,-0.02503,-0.57717,-0.08156
-0.49308,-0.28885,-0.49261,-0.0254,-0.57816,-0.08243
-0.49408,-0.29637,-0.49361,-0.02573,-0.57918,-0.08283
-0.4951,-0.30264,-0.49462,-0.02623,-0.58018,-0.08449
-0.4961,-0.30794,-0.49564,-0.02688,-0.5812,-0.08512
-0.4971,-0.31455,-0.49662,-0.02721,-0.58218,-0.08595
-0.49809,-0.32248,-0.49763,-0.02762,-0.58318,-0.0869
-0.4991,-0.3283,-0.49864,-0.02797,-0.58417,-0.08787
-0.50008,-0.33373,-0.49961,-0.02853,-0.58513,-0.08903
-0.5011,-0.34212,-0.50063,-0.0289,-0.58607,-0.0896
-0.50208,-0.35013,-0.50165,-0.02931,-0.58709,-0.09047
-0.50309,-0.35561,-0.50265,-0.02974,-0.58809,-0.09213
-0.5041,-0.36258,-0.50368,-0.03024,-0.58909,-0.09254
-0.50513,-0.37234,-0.50468,-0.03074,-0.59003,-0.09368
-0.50613,-0.37959,-0.50567,-0.03119,-0.59099,-0.09446
-0.50714,-0.38532,-0.50667,-0.03162,-0.59193,-0.09559
-0.50814,-0.39423,-0.50768,-0.03215,-0.59286,-0.09647
-0.50915,-0.40405,-0.50869,-0.03272,-0.59382,-0.09733
-0.51015,-0.41025,-0.5097,-0.03314,-0.59473,-0.09806
-0.51116,-0.41718,-0.51069,-0.03368,-0.59565,-0.09977
-0.51218,-0.42788,-0.51168,-0.03418,-0.59667,-0.10022
-0.51319,-0.43652,-0.51267,-0.03487,-0.59769,-0.10132
-0.51418,-0.4426,-0.5137,-0.03521,-0.59863,-0.10237
-0.51519,-0.45183,-0.5147,-0.03575,-0.59961,-0.10353
-0.51617,-0.46301,-0.51571,-0.03646,-0.6006,-0.10424
-0.51719,-0.4707,-0.51671,-0.03703,-0.60154,-0.10513
-0.51816,-0.47748,-0.5177,-0.03759,-0.60249,-0.10668
-0.51918,-0.48951,-0.51872,-0.03809,-0.60345,-0.10772
-0.52019,-0.50077,-0.51972,-0.03875,-0.6044,-0.10838
-0.52119,-0.50741,-0.52074,-0.0395,-0.60533,-0.10945
-0.5222,-0.5164,-0.52174,-0.04012,-0.60622,-0.11073
-0.52322,-0.53064,-0.52273,-0.04058,-0.60721,-0.11163
-0.52424,-0.53931,-0.52375,-0.04123,-0.60821,-0.1125
-0.52524,-0.54672,-0.52475,-0.04193,-0.60918,-0.11351
-0.52623,-0.55756,-0.5258,-0.0426,-0.61015,-0.11516
-0.52723,-0.57205,-0.52677,-0.04315,-0.61111,-0.11588
-0.52825,-0.57877,-0.52778,-0.04383,-0.61211,-0.11683
-0.52923,-0.58782,-0.52878,-0.04454,-0.61305,-0.11789
-0.53023,-0.60372,-0.5298,-0.04528,-0.61399,-0.11946
-0.53126,-0.61401,-0.53082,-0.04583,-0.61494,-0.12009
-0.53225,-0.6231,-0.53181,-0.04649,-0.61592,-0.12124
-0.53326,-0.63395,-0.53283,-0.04734,-0.61685,-0.12224
-0.53429,-0.65055,-0.53382,-0.04803,-0.61782,-0.1239
-0.53529,-0.66009,-0.53484,-0.04872,-0.61882,-0.12461
-0.53629,-0.66755,-0.53584,-0.04936,-0.61977,-0.12578
-0.5373,-0.68533,-0.53683,-0.05014,-0.62073,-0.1269
-0.53831,-0.69744,-0.53786,-0.05109,-0.62173,-0.12839
-0.53932,-0.70695,-0.53886,-0.05163,-0.62276,-0.12911
-0.54031,-0.7164,-0.53987,-0.05241,-0.62374,-0.13023
-0.54132,-0.73544,-0.54085,-0.05309,-0.6247,-0.13177
-0.54234,-0.74692,-0.54185,-0.05415,-0.62567,-0.13319
-0.54334,-0.75258,-0.54286,-0.05469,-0.62667,-0.13392
-0.54434,-0.77265,-0.54384,-0.05556,-0.62766,-0.13518
-0.54538,-0.78904,-0.54486,-0.05618,-0.62868,-0.137
-0.54638,-0.79689,-0.54589,-0.0572,-0.62968,-0.13779
-0.54737,-0.80853,-0.54689,-0.05803,-0.63068,-0.13889
-0.54836,-0.82832,-0.54787,-0.05867,-0.63167,-0.14
-0.54935,-0.8424,-0.54888,-0.05953,-0.63267,-0.1419
-0.55037,-0.84991,-0.5499,-0.06042,-0.63363,-0.14263
-0.55137,-0.86409,-0.55096,-0.06139,-0.6346,-0.144
-0.5524,-0.88792,-0.55194,-0.06205,-0.63559,-0.1452
-0.55338,-0.89635,-0.55294,-0.06295,-0.63656,-0.14703
-0.5544,-0.90506,-0.55393,-0.06382,-0.63758,-0.14766
-0.55541,-0.92947,-0.55494,-0.06488,-0.63858,-0.14888
-0.55644,-0.94404,-0.55597,-0.06561,-0.63954,-0.15048
-0.55742,-0.95292,-0.55695,-0.0664,-0.64047,-0.15176
-0.55844,-0.96622,-0.55796,-0.06734,-0.64152,-0.15276
-0.55941,-0.99117,-0.55896,-0.06851,-0.6425,-0.15404
-0.56042,-1.00271,-0.55996,-0.06927,-0.6435,-0.15609
-0.56142,-1.01039,-0.56099,-0.07012,-0.64451,-0.15705
-0.56242,-1.03795,-0.56198,-0.07104,-0.64545,-0.15826
-0.56344,-1.05292,-0.56298,-0.07227,-0.64638,-0.15935
-0.56443,-1.06566,-0.564,-0.07312,-0.6474,-0.1615
-0.56543,-1.0749,-0.565,-0.07397,-0.64841,-0.16222
-0.56643,-1.10316,-0.56601,-0.075,-0.64939,-0.16365
-0.56745,-1.11851,-0.56702,-0.07621,-0.65038,-0.16494
-0.56843,-1.12128,-0.56804,-0.07721,-0.65134,-0.16688
-0.56944,-1.14903,-0.56906,-0.07803,-0.65229,-0.16747
-0.57044,-1.17141,-0.57007,-0.07889,-0.6533,-0.16863
-0.57143,-1.18054,-0.57105,-0.08021,-0.65424,-0.17122
-0.57245,-1.19213,-0.57207,-0.08123,-0.6552,-0.17187
-0.57343,-1.21857,-0.57307,-0.08198,-0.65614,-0.17319
-0.57444,-1.23931,-0.57408,-0.08296,-0.65709,-0.17459
-0.57546,-1.24271,-0.57507,-0.08424,-0.65805,-0.176
-0.57643,-1.26526,-0.57608,-0.08545,-0.65901,-0.17803
-0.57743,-1.29605,-0.57711,-0.08623,-0.66002,-0.17824
-0.57845,-1.30572,-0.5781,-0.08729,-0.66096,-0.18012
-0.57945,-1.3138,-0.57911,-0.08841,-0.66254,-0.18267
-0.58046,-1.34548,-0.58012,-0.08974,-0.66419,-0.1853
-0.58146,-1.36549,-0.58111,-0.09059,-0.66511,-0.18591
-0.58246,-1.37177,-0.58212,-0.09155,-0.66607,-0.18862
-0.58346,-1.38696,-0.58313,-0.09283,-0.66699,-0.18867
-0.58447,-1.4221,-0.58414,-0.09419,-0.66789,-0.19046
-0.58546,-1.43631,-0.58512,-0.09491,-0.66884,-0.19295
-0.58647,-1.44138,-0.58615,-0.09612,-0.66985,-0.19318
-0.58749,-1.47206,-0.58717,-0.09716,-0.67085,-0.19571
-0.58849,-1.5006,-0.58816,-0.09869,-0.67178,-0.19686
-0.5895,-1.5079,-0.58915,-0.09971,-0.67274,-0.1977
-0.59048,-1.51799,-0.59016,-0.10065,-0.67375,-0.20021
-0.5915,-1.55598,-0.59117,-0.10179,-0.67477,-0.20134
-0.5925,-1.57593,-0.59217,-0.10337,-0.67576,-0.20311
-0.59352,-1.5798,-0.59318,-0.10434,-0.67676,-0.2047
-0.59452,-1.60369,-0.59417,-0.10546,-0.67776,-0.20549
-0.59553,-1.64026,-0.59519,-0.10656,-0.67872,-0.20859
-0.59653,-1.64648,-0.59621,-0.10792,-0.6797,-0.20903
-0.59752,-1.65213,-0.5972,-0.10941,-0.68064,-0.21055
-0.59852,-1.69365,-0.5982,-0.11017,-0.6816,-0.21358
-0.59952,-1.71005,-0.59919,-0.11124,-0.68261,-0.21381
-0.60052,-1.7212,-0.60018,-0.11274,-0.68361,-0.21649
-0.60152,-1.73698,-0.60121,-0.1142,-0.6846,-0.2174
-0.60252,-1.78087,-0.60219,-0.11512,-0.6855,-0.21852
-0.60353,-1.79956,-0.60321,-0.11639,-0.68643,-0.22068
-0.60453,-1.79823,-0.60421,-0.11764,-0.68742,-0.22213
-0.60554,-1.83774,-0.60524,-0.11942,-0.68845,-0.22391
-0.60653,-1.85991,-0.60623,-0.12026,-0.68936,-0.22589
-0.60755,-1.86595,-0.60725,-0.12146,-0.69032,-0.22678
-0.60855,-1.87638,-0.60824,-0.12281,-0.69123,-0.22928
-0.60954,-1.91924,-0.60926,-0.12461,-0.69223,-0.23112
-0.61056,-1.94545,-0.61025,-0.12549,-0.69322,-0.2322
-0.61155,-1.93964,-0.61125,-0.12677,-0.69423,-0.23367
-0.61254,-1.97327,-0.61226,-0.12796,-0.69511,-0.23631
-0.61356,-2.01218,-0.61326,-0.12983,-0.69603,-0.23752
-0.61531,-2.02263,-0.61427,-0.13109,-0.69703,-0.23919
-0.61706,-2.08237,-0.61528,-0.13212,-0.69802,-0.24049
-0.61807,-2.0973,-0.61627,-0.13332,-0.69898,-0.24312
-0.61908,-2.09361,-0.61729,-0.13523,-0.69995,-0.24485
-0.62008,-2.14032,-0.61829,-0.13662,-0.70095,-0.24577
-0.6211,-2.1722,-0.6193,-0.13765,-0.70193,-0.24757
-0.6221,-2.16336,-0.6203,-0.13896,-0.70284,-0.25043
-0.6231,-2.18284,-0.6213,-0.14057,-0.70375,-0.25156
-0.6241,-2.23137,-0.62234,-0.14248,-0.70476,-0.2534
-0.62512,-2.24418,-0.62334,-0.14342,-0.70577,-0.25467
-0.62612,-2.24701,-0.62435,-0.14487,-0.70678,-0.25794
-0.62712,-2.27648,-0.62533,-0.14619,-0.70773,-0.25946
-0.62811,-2.32589,-0.62636,-0.14825,-0.70868,-0.26092
-0.62914,-2.32589,-0.62736,-0.14922,-0.70971,-0.26229
-0.63013,-2.32603,-0.62839,-0.15054,-0.71058,-0.26571
-0.63113,-2.38089,-0.62937,-0.15192,-0.71158,-0.26613
-0.63213,-2.40219,-0.63039,-0.15418,-0.71255,-0.26794
-0.63314,-2.40089,-0.63138,-0.15527,-0.71352,-0.27023
-0.63414,-2.41706,-0.63241,-0.15666,-0.71451,-0.27264
-0.63515,-2.47827,-0.63343,-0.15804,-0.71552,-0.27395
-0.63615,-2.48307,-0.63444,-0.16029,-0.71651,-0.27578
-0.63716,-2.47321,-0.63546,-0.16155,-0.71744,-0.27843
-0.63816,-2.52843,-0.63645,-0.16275,-0.7184,-0.28081
-0.63917,-2.55965,-0.63745,-0.16411,-0.71937,-0.28214
-0.64018,-2.55215,-0.63843,-0.16636,-0.72032,-0.2834
-0.64119,-2.56737,-0.63945,-0.16773,-0.72125,-0.28715
-0.6422,-2.62283,-0.64045,-0.16888,-0.72221,-0.28804
-0.64319,-2.63633,-0.64148,-0.17031,-0.72322,-0.28981
-0.64418,-2.62855,-0.64246,-0.1724,-0.72413,-0.29142
-0.64518,-2.66789,-0.64346,-0.17435,-0.72512,-0.29448
-0.64619,-2.71029,-0.64449,-0.17533,-0.72613,-0.29645
-0.6472,-2.69928,-0.64549,-0.17686,-0.72713,-0.29803
-0.6482,-2.70793,-0.6465,-0.17892,-0.72814,-0.29991
-0.64918,-2.76707,-0.6475,-0.18108,-0.72916,-0.30381
-0.65021,-2.78064,-0.6485,-0.18207,-0.73007,-0.30433
-0.65122,-2.77816,-0.65103,-0.18676,-0.73105,-0.30645
-0.65224,-2.79709,-0.65203,-0.18833,-0.73206,-0.30899
-0.65322,-2.86154,-0.65305,-0.18948,-0.733,-0.31204
-0.65421,-2.85664,-0.65406,-0.19104,-0.73395,-0.31306
-0.65523,-2.84594,-0.65506,-0.19333,-0.73496,-0.31517
-0.65624,-2.90158,-0.65608,-0.19542,-0.73589,-0.31764
-0.65722,-2.92751,-0.65708,-0.1964,-0.7368,-0.32071
-0.65822,-2.92287,-0.65809,-0.19809,-0.73775,-0.32144
-0.65923,-2.93038,-0.6591,-0.2003,-0.73874,-0.3233
-0.66023,-2.99442,-0.66009,-0.20268,-0.73971,-0.32686
-0.66123,-3.00599,-0.66111,-0.20369,-0.74066,-0.32873
-0.66224,-2.98451,-0.66211,-0.20534,-0.74161,-0.33026
-0.66323,-3.0362,-0.66312,-0.20735,-0.74256,-0.33254
-0.66425,-3.06709,-0.66413,-0.20987,-0.74345,-0.33544
-0.66525,-3.06062,-0.66515,-0.21083,-0.74438,-0.33844
-0.66624,-3.06319,-0.66613,-0.2126,-0.74537,-0.33955
-0.66724,-3.12019,-0.66713,-0.21431,-0.74638,-0.3411
-0.66827,-3.14051,-0.66817,-0.2172,-0.74729,-0.3455
-0.66927,-3.11482,-0.66916,-0.21838,-0.7482,-0.34683
-0.67027,-3.15613,-0.67016,-0.22007,-0.74905,-0.34763
-0.67125,-3.19841,-0.67118,-0.22184,-0.74994,-0.35046
-0.67228,-3.19512,-0.67222,-0.22481,-0.75086,-0.35286
-0.67327,-3.18335,-0.67321,-0.22628,-0.75174,-0.35614
-0.67426,-3.23411,-0.6742,-0.22779,-0.75266,-0.35731
-0.67527,-3.27193,-0.67521,-0.22946,-0.75359,-0.35864
-0.67626,-3.24061,-0.67624,-0.23251,-0.7546,-0.36364
-0.67726,-3.26649,-0.67723,-0.23418,-0.7556,-0.36504
-0.67829,-3.32493,-0.67822,-0.23556,-0.75655,-0.36691
-0.67928,-3.31592,-0.67926,-0.23729,-0.75745,-0.36922
-0.68027,-3.30805,-0.68026,-0.24024,-0.75837,-0.37235
-0.68127,-3.33796,-0.68125,-0.2421,-0.75922,-0.37524
-0.68228,-3.38173,-0.68223,-0.24342,-0.76017,-0.37642
-0.68328,-3.36429,-0.68324,-0.24515,-0.76107,-0.37785
-0.6843,-3.36377,-0.68424,-0.24806,-0.76196,-0.38276
-0.68527,-3.42806,-0.68526,-0.25044,-0.76294,-0.38444
-0.68631,-3.42729,-0.68629,-0.25172,-0.76389,-0.38577
-0.6873,-3.40997,-0.68728,-0.25354,-0.76475,-0.3885
-0.6883,-3.45269,-0.68828,-0.25607,-0.76569,-0.39154
-0.68929,-3.48216,-0.68931,-0.25905,-0.76665,-0.39478
-0.69031,-3.47756,-0.6903,-0.26004,-0.7676,-0.39659
-0.6913,-3.4642,-0.69132,-0.26197,-0.76857,-0.39835
-0.69232,-3.52027,-0.69231,-0.26443,-0.76946,-0.40322
-0.6933,-3.53579,-0.69332,-0.26754,-0.77032,-0.40577
-0.69431,-3.50697,-0.69431,-0.2686,-0.77116,-0.40519
-0.6953,-3.53515,-0.6953,-0.2706,-0.77212,-0.40906
-0.69631,-3.57772,-0.69631,-0.27281,-0.77301,-0.41444
-0.6973,-3.57382,-0.69733,-0.27619,-0.77396,-0.41413
-0.69829,-3.55539,-0.69831,-0.27746,-0.77484,-0.41752
-0.69929,-3.59526,-0.69934,-0.27944,-0.77576,-0.41953
-0.7003,-3.62711,-0.70034,-0.28134,-0.77667,-0.42272
-0.70129,-3.59126,-0.70137,-0.28496,-0.7776,-0.42608
-0.70231,-3.62284,-0.70236,-0.28656,-0.7786,-0.4271
-0.7033,-3.65988,-0.70336,-0.28839,-0.77951,-0.42915
-0.70431,-3.65292,-0.70437,-0.29034,-0.78036,-0.43559
-0.70531,-3.63889,-0.70538,-0.29452,-0.78128,-0.43592
-0.7063,-3.67136,-0.70638,-0.29687,-0.78223,-0.43845
-0.70729,-3.70032,-0.70736,-0.29855,-0.78323,-0.44162
-0.70831,-3.66468,-0.70839,-0.30043,-0.78408,-0.44588
-0.70929,-3.6797,-0.7094,-0.30417,-0.78502,-0.44823
-0.71031,-3.73011,-0.71042,-0.30637,-0.78604,-0.45023
-0.71131,-3.72077,-0.7114,-0.30784,-0.78697,-0.45268
-0.71232,-3.70866,-0.71242,-0.30992,-0.78792,-0.45903
-0.71331,-3.73049,-0.71343,-0.31329,-0.78895,-0.45941
-0.71432,-3.76871,-0.71443,-0.31623,-0.78988,-0.46249
-0.71531,-3.75,-0.71542,-0.31753,-0.7908,-0.4656
-0.71633,-3.73474,-0.71644,-0.31991,-0.79178,-0.4705
-0.71716,-3.78551,-0.71747,-0.32278,-0.7927,-0.4719
-0.71795,-3.79408,-0.71847,-0.3267,-0.79366,-0.47474
-0.71852,-3.77759,-0.71948,-0.3266,-0.79462,-0.47742
-0.71902,-3.76911,-0.72049,-0.33032,-0.79549,-0.48301
-0.7195,-3.76034,-0.72153,-0.33366,-0.79648,-0.48325
-0.7201,-3.76341,-0.72253,-0.33507,-0.79742,-0.48655
-0.72082,-3.79588,-0.72354,-0.33826,-0.79823,-0.48946
-0.72153,-3.81531,-0.72454,-0.34029,-0.79863,-0.49244
-0.7222,-3.81233,-0.72557,-0.34316,-0.79856,-0.49357
-0.72273,-3.79428,-0.72657,-0.34565,-0.79804,-0.49014
-0.72341,-3.77911,-0.72757,-0.34756,-0.79705,-0.48296
-0.72409,-3.80943,-0.72854,-0.35201,-0.79607,-0.47819
-0.72468,-3.84433,-0.72954,-0.35355,-0.79504,-0.47439
-0.7254,-3.84697,-0.73055,-0.35662,-0.79405,-0.47082
-0.72599,-3.82915,-0.73156,-0.35892,-0.79305,-0.46487
-0.72657,-3.8144,-0.73257,-0.36129,-0.79207,-0.45988
-0.72718,-3.81177,-0.73358,-0.3656,-0.79105,-0.45853
-0.72775,-3.84335,-0.73458,-0.36702,-0.79004,-0.45384
-0.72827,-3.86535,-0.73562,-0.36991,-0.78907,-0.44967
-0.72901,-3.86535,-0.73661,-0.37163,-0.78805,-0.4456
-0.72962,-3.84527,-0.73762,-0.37629,-0.78704,-0.44465
-0.73028,-3.82488,-0.73861,-0.37898,-0.78604,-0.43906
-0.73099,-3.83928,-0.73962,-0.38087,-0.78506,-0.43568
-0.73156,-3.87411,-0.74062,-0.38299,-0.78406,-0.43222
-0.73205,-3.88298,-0.74163,-0.38734,-0.78306,-0.43046
-0.73249,-3.87948,-0.74263,-0.39009,-0.78207,-0.42515
-0.73302,-3.86599,-0.74366,-0.39261,-0.78106,-0.42162
-0.73364,-3.84687,-0.74463,-0.39488,-0.78006,-0.41972
-0.73429,-3.84922,-0.74565,-0.39901,-0.77906,-0.41662
-0.73487,-3.87805,-0.74664,-0.40198,-0.77806,-0.41242
-0.73535,-3.89468,-0.74769,-0.40408,-0.77708,-0.40893
-0.73605,-3.89813,-0.74867,-0.40708,-0.77608,-0.40821
-0.73686,-3.87893,-0.74968,-0.40925,-0.77507,-0.40417
-0.73752,-3.86027,-0.7507,-0.41398,-0.77408,-0.40106
-0.73798,-3.87346,-0.75171,-0.41532,-0.7731,-0.39755
-0.73834,-3.89282,-0.75272,-0.41793,-0.7721,-0.39673
-0.73889,-3.91135,-0.75371,-0.42141,-0.77108,-0.39175
-0.73965,-3.91325,-0.75472,-0.42613,-0.77009,-0.38896
-0.74031,-3.89734,-0.75575,-0.42773,-0.76909,-0.38614
-0.74086,-3.87987,-0.75675,-0.43137,-0.76808,-0.38452
-0.74145,-3.88271,-0.75776,-0.43378,-0.76707,-0.3804
-0.74206,-3.91193,-0.75875,-0.43933,-0.76607,-0.37737
-0.74265,-3.92934,-0.75976,-0.44089,-0.76509,-0.37607
-0.74334,-3.92581,-0.76075,-0.44347,-0.7641,-0.3729
-0.7441,-3.90621,-0.76176,-0.44634,-0.76306,-0.36975
-0.74485,-3.89116,-0.7628,-0.45129,-0.76207,-0.36652
-0.74545,-3.91018,-0.76379,-0.45333,-0.76107,-0.36573
-0.74603,-3.93324,-0.7648,-0.45611,-0.76009,-0.36234
-0.74669,-3.94009,-0.76579,-0.45867,-0.75909,-0.35873
-0.74734,-3.92438,-0.76676,-0.4634,-0.75807,-0.3574
-0.74785,-3.90433,-0.7678,-0.46838,-0.75708,-0.35556
-0.74843,-3.89414,-0.76878,-0.47058,-0.7561,-0.35133
-0.74894,-3.91711,-0.76982,-0.47391,-0.75507,-0.34934
-0.74945,-3.94328,-0.77083,-0.47804,-0.75408,-0.34696
-0.75021,-3.94933,-0.77184,-0.48311,-0.75307,-0.34507
-0.75093,-3.93451,-0.77285,-0.48437,-0.75209,-0.33999
-0.75154,-3.91714,-0.77384,-0.4874,-0.75108,-0.34085
-0.75216,-3.91942,-0.77486,-0.49092,-0.75009,-0.33779
-0.75286,-3.95383,-0.77584,-0.49625,-0.74908,-0.33466
-0.75359,-3.96369,-0.77684,-0.49765,-0.74809,-0.33308
-0.75419,-3.95484,-0.77787,-0.50095,-0.74707,-0.32989
-0.75475,-3.94334,-0.77886,-0.50447,-0.74608,-0.32907
-0.75531,-3.92773,-0.77986,-0.51079,-0.74508,-0.32448
-0.75597,-3.93184,-0.78089,-0.51233,-0.74407,-0.3224
-0.75669,-3.96158,-0.7819,-0.51626,-0.74307,-0.3227
-0.75731,-3.97263,-0.78291,-0.51891,-0.74207,-0.3175
-0.75793,-3.95688,-0.78391,-0.52556,-0.74107,-0.31698
-0.75859,-3.9276,-0.7849,-0.52828,-0.74008,-0.31387
-0.75918,-3.92924,-0.78591,-0.53044,-0.73907,-0.31295
-0.75984,-3.9585,-0.78691,-0.53369,-0.73808,-0.3087
-0.76057,-3.96917,-0.78793,-0.53952,-0.73708,-0.3077
-0.7612,-3.96278,-0.78894,-0.54278,-0.73608,-0.30653
-0.76151,-3.95979,-0.78995,-0.54495,-0.73507,-0.30282
-0.76209,-3.95362,-0.79096,-0.54776,-0.73408,-0.30196
-0.76283,-3.94077,-0.79196,-0.55408,-0.73308,-0.2978
-0.7635,-3.95991,-0.79296,-0.55803,-0.73209,-0.29785
-0.76402,-3.97919,-0.79399,-0.56054,-0.73109,-0.2949
-0.76471,-3.98442,-0.79497,-0.56446,-0.73008,-0.29104
-0.76539,-3.96155,-0.79598,-0.56897,-0.72907,-0.29113
-0.76593,-3.94066,-0.797,-0.57552,-0.72809,-0.28873
-0.76657,-3.95245,-0.79799,-0.57643,-0.72708,-0.28555
-0.76718,-3.98566,-0.79901,-0.57972,-0.72608,-0.28356
-0.76776,-3.9899,-0.79998,-0.58471,-0.72508,-0.28282
-0.76838,-3.97707,-0.80101,-0.5903,-0.72408,-0.28034
-0.76903,-3.96729,-0.80202,-0.592,-0.72309,-0.27771
-0.76974,-3.95763,-0.80303,-0.59622,-0.72209,-0.27579
-0.77048,-3.96477,-0.80401,-0.59928,-0.72109,-0.27502
-0.7711,-3.98501,-0.80503,-0.60742,-0.72009,-0.27165
-0.77177,-3.99592,-0.80603,-0.61011,-0.71909,-0.26968
-0.77246,-3.977,-0.80703,-0.61393,-0.71808,-0.2683
-0.77312,-3.94823,-0.80803,-0.61798,-0.71708,-0.26674
-0.77368,-3.95635,-0.80857,-0.62234,-0.71607,-0.26332
-0.7742,-3.98326,-0.80866,-0.62387,-0.71509,-0.2615
-0.77483,-3.99641,-0.80861,-0.6237,-0.71408,-0.26103
-0.77549,-3.98696,-0.80807,-0.62034,-0.71308,-0.25756
-0.77626,-3.97097,-0.80704,-0.61178,-0.71208,-0.25625
-0.77692,-3.96014,-0.80608,-0.60599,-0.71108,-0.25428
-0.77761,-3.97359,-0.80507,-0.59907,-0.71009,-0.25332
-0.77823,-3.99558,-0.80405,-0.59664,-0.70909,-0.25078
-0.77888,-4.00009,-0.80306,-0.58951,-0.7081,-0.24778
-0.77965,-3.97906,-0.80206,-0.58296,-0.70708,-0.24793
-0.78037,-3.96172,-0.80107,-0.57723,-0.7061,-0.24478
-0.78097,-3.98175,-0.80007,-0.5753,-0.7051,-0.24293
-0.78162,-4.00516,-0.79907,-0.56935,-0.70411,-0.24073
-0.78207,-4.00416,-0.79808,-0.56329,-0.70307,-0.23987
-0.78219,-3.99945,-0.79705,-0.55784,-0.7021,-0.23784
-0.78242,-3.99602,-0.79605,-0.55557,-0.7011,-0.23522
-0.78292,-3.98844,-0.79508,-0.55135,-0.70012,-0.23375
-0.7837,-3.98094,-0.79407,-0.54459,-0.69911,-0.23316
-0.78435,-3.9684,-0.79307,-0.53943,-0.69808,-0.22967
-0.78494,-3.9838,-0.79207,-0.53725,-0.69711,-0.2285
-0.78561,-4.00447,-0.79106,-0.53393,-0.6961,-0.22687
-0.78635,-4.00112,-0.79005,-0.52699,-0.69509,-0.22561
-0.78696,-3.97488,-0.78906,-0.52298,-0.69409,-0.22261
-0.78765,-3.96288,-0.78806,-0.51815,-0.6931,-0.22184
-0.78841,-3.99658,-0.78707,-0.51682,-0.6921,-0.22047
-0.78899,-4.01187,-0.78608,-0.51043,-0.69109,-0.21761
-0.78966,-3.99897,-0.78504,-0.50602,-0.69009,-0.21614
-0.79039,-3.98881,-0.78409,-0.50214,-0.6891,-0.21423
-0.79101,-3.97949,-0.78307,-0.50095,-0.68811,-0.21324
-0.79158,-3.97219,-0.78206,-0.49478,-0.68709,-0.20983
-0.79221,-3.98955,-0.78107,-0.49035,-0.68608,-0.20995
-0.79276,-4.01389,-0.78009,-0.48576,-0.68509,-0.20815
-0.7934,-4.01376,-0.7791,-0.48465,-0.68411,-0.20602
-0.79397,-3.98968,-0.77808,-0.47938,-0.6831,-0.20512
-0.79446,-3.97119,-0.77708,-0.47494,-0.68209,-0.20221
-0.79508,-3.97493,-0.77605,-0.47076,-0.6811,-0.2013
-0.79572,-4.00341,-0.77508,-0.46887,-0.6801,-0.19943
-0.79633,-4.01609,-0.77407,-0.46598,-0.67909,-0.19763
-0.79702,-4.00619,-0.77306,-0.46044,-0.67809,-0.19645
-0.79755,-3.99131,-0.77208,-0.45677,-0.67708,-0.19424
-0.79804,-3.97707,-0.77106,-0.45508,-0.6761,-0.19255
-0.79865,-3.97595,-0.77007,-0.45191,-0.67509,-0.19188
-0.79931,-3.99801,-0.76904,-0.44658,-0.67409,-0.18959
-0.8,-4.00847,-0.76806,-0.44251,-0.67308,-0.18736
-0.80086,-3.99975,-0.76706,-0.4401,-0.67209,-0.18694
-0.80155,-3.98148,-0.76606,-0.43798,-0.67109,-0.18475
-0.8021,-3.96745,-0.76508,-0.43255,-0.67009,-0.18364
-0.80272,-3.98901,-0.76407,-0.4289,-0.66908,-0.18127
-0.80337,-4.01665,-0.76306,-0.42609,-0.66809,-0.18066
-0.80404,-4.01276,-0.76205,-0.4245,-0.6671,-0.17898
-0.80469,-3.99204,-0.76107,-0.41926,-0.66611,-0.17684
-0.80528,-3.9775,-0.76006,-0.41575,-0.66511,-0.17502
-0.80596,-3.97796,-0.75905,-0.41252,-0.6641,-0.1743
-0.80664,-4.00604,-0.75803,-0.41163,-0.66308,-0.17241
-0.80746,-4.01458,-0.75705,-0.40681,-0.6621,-0.17061
-0.80817,-4.0007,-0.75604,-0.40305,-0.66108,-0.16916
-0.80855,-3.99042,-0.75504,-0.39985,-0.66008,-0.16845
-0.80865,-3.98766,-0.75404,-0.39894,-0.65907,-0.16642
-0.80854,-3.98595,-0.75304,-0.39508,-0.6581,-0.16459
-0.808,-3.95958,-0.75204,-0.39128,-0.6571,-0.1641
-0.80699,-3.95075,-0.75104,-0.388,-0.65607,-0.16214
-0.80601,-3.93208,-0.75004,-0.387,-0.65508,-0.16054
-0.80501,-3.86942,-0.74903,-0.3835,-0.6541,-0.1587
-0.80402,-3.83569,-0.74804,-0.37963,-0.65311,-0.15799
-0.80302,-3.8373,-0.74703,-0.37613,-0.65209,-0.15602
-0.80201,-3.79548,-0.74604,-0.37467,-0.65109,-0.15441
-0.801,-3.74554,-0.74505,-0.37228,-0.65011,-0.15305
-0.79999,-3.72555,-0.74403,-0.36782,-0.64911,-0.15237
-0.799,-3.72147,-0.74305,-0.36477,-0.64809,-0.15033
-0.79801,-3.66988,-0.74203,-0.36262,-0.64709,-0.14864
-0.79702,-3.63335,-0.74103,-0.36085,-0.6461,-0.14813
-0.79601,-3.63893,-0.74003,-0.3564,-0.6451,-0.14652
-0.79502,-3.6023,-0.73904,-0.35328,-0.64409,-0.14487
-0.79403,-3.56001,-0.73804,-0.35142,-0.64311,-0.14313
-0.79299,-3.53692,-0.73706,-0.34983,-0.64209,-0.14246
-0.79201,-3.5309,-0.73604,-0.34574,-0.64111,-0.14075
-0.791,-3.49117,-0.73502,-0.34286,-0.6401,-0.13913
-0.79,-3.44442,-0.73404,-0.33996,-0.6391,-0.13775
-0.78902,-3.45017,-0.73304,-0.3391,-0.63809,-0.13704
-0.788,-3.4272,-0.73204,-0.33517,-0.63709,-0.13507
-0.78701,-3.38646,-0.73104,-0.33222,-0.63611,-0.13381
-0.786,-3.35392,-0.73003,-0.32946,-0.63509,-0.1328
-0.78499,-3.35743,-0.72905,-0.32855,-0.6341,-0.13175
-0.78401,-3.32874,-0.72804,-0.32511,-0.63309,-0.1299
-0.78301,-3.2841,-0.72705,-0.32201,-0.63209,-0.12849
-0.78203,-3.26506,-0.72604,-0.31933,-0.6311,-0.12782
-0.78101,-3.27227,-0.72505,-0.3184,-0.63009,-0.12629
-0.78002,-3.22975,-0.72403,-0.31547,-0.62909,-0.12476
-0.77902,-3.19398,-0.72302,-0.31225,-0.62808,-0.12338
-0.778,-3.1865,-0.72204,-0.30933,-0.62709,-0.12272
-0.77701,-3.17858,-0.72103,-0.30819,-0.6261,-0.12074
-0.77601,-3.13503,-0.72001,-0.30581,-0.62507,-0.11962
-0.77503,-3.10547,-0.71903,-0.30264,-0.62409,-0.11839
-0.77403,-3.10994,-0.71802,-0.30014,-0.62308,-0.11767
-0.77302,-3.0851,-0.71701,-0.29829,-0.62208,-0.11598
-0.77203,-3.04791,-0.71603,-0.29708,-0.62109,-0.11473
-0.77101,-3.03426,-0.71503,-0.29327,-0.62009,-0.11377
-0.77,-3.03097,-0.71404,-0.29057,-0.61908,-0.11264
-0.769,-2.99813,-0.71301,-0.28882,-0.6181,-0.11112
-0.768,-2.96303,-0.71203,-0.28748,-0.6171,-0.10989
-0.76702,-2.95985,-0.71102,-0.2841,-0.61608,-0.10912
-0.76601,-2.94819,-0.71005,-0.28191,-0.61507,-0.10762
-0.76502,-2.90741,-0.70902,-0.27935,-0.61408,-0.10631
-0.76402,-2.89092,-0.70802,-0.27889,-0.61308,-0.10503
-0.76301,-2.89342,-0.70703,-0.27554,-0.61209,-0.10445
-0.76201,-2.86509,-0.70603,-0.27301,-0.61108,-0.10283
-0.76102,-2.83052,-0.70503,-0.27044,-0.61008,-0.10184
-0.76002,-2.82423,-0.70401,-0.26959,-0.60907,-0.10071
-0.75903,-2.8186,-0.70303,-0.26708,-0.60807,-0.09984
-0.75802,-2.7816,-0.70204,-0.26435,-0.60708,-0.09833
-0.75702,-2.75653,-0.70105,-0.26189,-0.60606,-0.0972
-0.75601,-2.75762,-0.70002,-0.26103,-0.60506,-0.09641
-0.75503,-2.74018,-0.69903,-0.25879,-0.60406,-0.09518
-0.75401,-2.7048,-0.69803,-0.25605,-0.60309,-0.09391
-0.75301,-2.69405,-0.69703,-0.25361,-0.60207,-0.09268
-0.75201,-2.69226,-0.69602,-0.25242,-0.60107,-0.09207
-0.75101,-2.66088,-0.69502,-0.25066,-0.6001,-0.09066
-0.75001,-2.63356,-0.69404,-0.24765,-0.5991,-0.08967
-0.74902,-2.63364,-0.69304,-0.24566,-0.5981,-0.0885
-0.74802,-2.61847,-0.69203,-0.24386,-0.59708,-0.08785
-0.74702,-2.58773,-0.69104,-0.24289,-0.5961,-0.08636
-0.74602,-2.56933,-0.69003,-0.23979,-0.59509,-0.08547
-0.74503,-2.57294,-0.68903,-0.23759,-0.59408,-0.08438
-0.74402,-2.54716,-0.68803,-0.23598,-0.59157,-0.08163
-0.74302,-2.51916,-0.68704,-0.23501,-0.59058,-0.08057
-0.74201,-2.51268,-0.68603,-0.23203,-0.5896,-0.08005
-0.741,-2.50655,-0.68503,-0.23031,-0.58858,-0.07866
-0.74001,-2.477,-0.68402,-0.22782,-0.58756,-0.0777
-0.73901,-2.45349,-0.68302,-0.22709,-0.58656,-0.07684
-0.73801,-2.45547,-0.68206,-0.22473,-0.58557,-0.07598
-0.73701,-2.43647,-0.68103,-0.22226,-0.58456,-0.07476
-0.736,-2.40768,-0.68003,-0.22037,-0.58357,-0.07378
-0.73502,-2.39476,-0.67901,-0.21939,-0.58258,-0.0732
-0.73399,-2.39459,-0.67803,-0.21741,-0.58159,-0.07206
-0.733,-2.37009,-0.67704,-0.21503,-0.58058,-0.07107
-0.732,-2.34395,-0.67601,-0.21292,-0.57958,-0.07016
-0.73098,-2.34514,-0.67502,-0.21201,-0.57856,-0.06948
-0.72999,-2.33064,-0.674,-0.2103,-0.57758,-0.06832
-0.729,-2.3023,-0.67303,-0.20767,-0.5766,-0.06753
-0.728,-2.29113,-0.67202,-0.20579,-0.57558,-0.06652
-0.72699,-2.28652,-0.67102,-0.2046,-0.57458,-0.06584
-0.72598,-2.26555,-0.67001,-0.20325,-0.57358,-0.06477
-0.72498,-2.2405,-0.66902,-0.2006,-0.57258,-0.06384
-0.72399,-2.23783,-0.66802,-0.19892,-0.57158,-0.06323
-0.72297,-2.22798,-0.66701,-0.19697,-0.57058,-0.06227
-0.72197,-2.20319,-0.666,-0.19632,-0.56957,-0.06134
-0.72097,-2.18487,-0.66501,-0.19373,-0.56857,-0.06055
-0.71996,-2.18395,-0.66401,-0.19179,-0.56758,-0.05986
-0.71899,-2.16674,-0.66301,-0.19015,-0.56658,-0.05899
-0.71798,-2.14036,-0.66201,-0.18944,-0.56558,-0.05814
-0.71697,-2.13302,-0.661,-0.18709,-0.56458,-0.0572
-0.71598,-2.12912,-0.66002,-0.18529,-0.56359,-0.05672
-0.71496,-2.10579,-0.65903,-0.18324,-0.56258,-0.0556
-0.71397,-2.08604,-0.65803,-0.18255,-0.56158,-0.05501
-0.71296,-2.08697,-0.65702,-0.18057,-0.56057,-0.05416
-0.71197,-2.07136,-0.65603,-0.17848,-0.55958,-0.05348
-0.71098,-2.04693,-0.65504,-0.17663,-0.55859,-0.05264
-0.70996,-2.03551,-0.65403,-0.17587,-0.55758,-0.05181
-0.70896,-2.03122,-0.65303,-0.17416,-0.55657,-0.05131
-0.70798,-2.01233,-0.65202,-0.17213,-0.55557,-0.05045
-0.70697,-1.98904,-0.65102,-0.1703,-0.55457,-0.04977
-0.70596,-1.98467,-0.65003,-0.16914,-0.55356,-0.04893
-0.70494,-1.97747,-0.64902,-0.16793,-0.55257,-0.04848
-0.70396,-1.95206,-0.64804,-0.16564,-0.55157,-0.04764
-0.70296,-1.93709,-0.64703,-0.16383,-0.55058,-0.04698
-0.70193,-1.93639,-0.64603,-0.1627,-0.54959,-0.0462
-0.70095,-1.92074,-0.64504,-0.16159,-0.54858,-0.04577
-0.69995,-1.89909,-0.644,-0.15933,-0.54759,-0.04482
-0.69895,-1.88953,-0.643,-0.158,-0.5466,-0.04429
-0.69793,-1.88685,-0.642,-0.15604,-0.5456,-0.0436
-0.69694,-1.86392,-0.64102,-0.15554,-0.54459,-0.04308
-0.69594,-1.84415,-0.64001,-0.15341,-0.54359,-0.0423
-0.69495,-1.84292,-0.63903,-0.15165,-0.54257,-0.0417
-0.69393,-1.82882,-0.638,-0.15008,-0.54157,-0.04126
-0.69295,-1.80676,-0.63701,-0.1494,-0.54058,-0.04047
-0.69194,-1.79548,-0.63601,-0.14745,-0.53958,-0.03996
-0.69093,-1.79209,-0.63503,-0.14579,-0.53857,-0.03925
-0.68991,-1.77402,-0.63401,-0.1441,-0.53758,-0.03889
-0.68892,-1.75263,-0.63304,-0.1433,-0.53658,-0.03813
-0.68792,-1.75061,-0.63202,-0.14181,-0.53556,-0.03763
-0.68693,-1.74009,-0.63101,-0.14008,-0.53456,-0.03707
-0.68593,-1.71947,-0.63002,-0.13847,-0.53356,-0.0365
-0.6849,-1.70452,-0.62902,-0.13766,-0.53256,-0.03592
-0.68393,-1.70226,-0.62801,-0.13626,-0.53158,-0.03532
-0.68291,-1.68785,-0.627,-0.13433,-0.53058,-0.0349
-0.68191,-1.66608,-0.62602,-0.13286,-0.52957,-0.03443
-0.68091,-1.65314,-0.625,-0.13177,-0.52856,-0.03375
-0.67989,-1.65102,-0.62402,-0.13077,-0.52758,-0.03331
-0.67892,-1.62909,-0.623,-0.12892,-0.52658,-0.03296
-0.67789,-1.60985,-0.62201,-0.12731,-0.52558,-0.03228
-0.67689,-1.61113,-0.62101,-0.12618,-0.52457,-0.03187
-0.6759,-1.59604,-0.62002,-0.12521,-0.52357,-0.0313
-0.67489,-1.58282,-0.61901,-0.12342,-0.52256,-0.03099
-0.67391,-1.56424,-0.61803,-0.12209,-0.52158,-0.03045
-0.67292,-1.56075,-0.61701,-0.12073,-0.52057,-0.02992
-0.67189,-1.55063,-0.61604,-0.11991,-0.51957,-0.02955
-0.67091,-1.52271,-0.61502,-0.11827,-0.51858,-0.02914
-0.6699,-1.51741,-0.61402,-0.11678,-0.51759,-0.02856
-0.6689,-1.51305,-0.61302,-0.11544,-0.51658,-0.02817
-0.66791,-1.49096,-0.61204,-0.11468,-0.5156,-0.02781
-0.66691,-1.47683,-0.61102,-0.11312,-0.51459,-0.02731
-0.6659,-1.46849,-0.61001,-0.11174,-0.51357,-0.02692
-0.66489,-1.46087,-0.60901,-0.1103,-0.51256,-0.0265
-0.66389,-1.43987,-0.60801,-0.10957,-0.51157,-0.02622
-0.66291,-1.42599,-0.60702,-0.10816,-0.51057,-0.02566
-0.66191,-1.42573,-0.60603,-0.1067,-0.50959,-0.02537
-0.6609,-1.40737,-0.60502,-0.10532,-0.50857,-0.02495
-0.6599,-1.38904,-0.60401,-0.10446,-0.50755,-0.02458
-0.65887,-1.38297,-0.60302,-0.1034,-0.50657,-0.02418
-0.65789,-1.37355,-0.60202,-0.10189,-0.50558,-0.02383
-0.65689,-1.35581,-0.60101,-0.10062,-0.50457,-0.02352
-0.65589,-1.33837,-0.60001,-0.09963,-0.50357,-0.02311
-0.65488,-1.33529,-0.59902,-0.09872,-0.5026,-0.02275
-0.6539,-1.32178,-0.59802,-0.09714,-0.50158,-0.02242
-0.65289,-1.30021,-0.59702,-0.09587,-0.50059,-0.02215
-0.65189,-1.29283,-0.59602,-0.09493,-0.49958,-0.02167
-0.65088,-1.28621,-0.59499,-0.09396,-0.49859,-0.02143
-0.64988,-1.26882,-0.59401,-0.09251,-0.49759,-0.02109
-0.64889,-1.25169,-0.593,-0.09134,-0.49658,-0.02086
-0.64788,-1.24375,-0.59201,-0.09013,-0.49559,-0.02045
-0.64688,-1.23835,-0.59103,-0.0895,-0.49459,-0.02014
-0.64589,-1.21576,-0.59,-0.08808,-0.49358,-0.01987
-0.64488,-1.20246,-0.58905,-0.08686,-0.49258,-0.01959
-0.64389,-1.19956,-0.58803,-0.08574,-0.49158,-0.01925
-0.64289,-1.18286,-0.58702,-0.08507,-0.49058,-0.01887
-0.64189,-1.16501,-0.58525,-0.08288,-0.48958,-0.01869
-0.64091,-1.15445,-0.58349,-0.08094,-0.48857,-0.01842
-0.6399,-1.14889,-0.58251,-0.08019,-0.48759,-0.01814
-0.63889,-1.13053,-0.58152,-0.07889,-0.48659,-0.01786
-0.6379,-1.1144,-0.5805,-0.07785,-0.48559,-0.01756
-0.63688,-1.11163,-0.57952,-0.07683,-0.48457,-0.01731
-0.6359,-1.09783,-0.57853,-0.07609,-0.48359,-0.01707
-0.63488,-1.08087,-0.57749,-0.07491,-0.48259,-0.01678
-0.6339,-1.06853,-0.57649,-0.07395,-0.48159,-0.01662
-0.63289,-1.06203,-0.5755,-0.07275,-0.48057,-0.01623
-0.6319,-1.04684,-0.57448,-0.07227,-0.47959,-0.01605
-0.63087,-1.02716,-0.57351,-0.07105,-0.47858,-0.01586
-0.62987,-1.02244,-0.5725,-0.07006,-0.47758,-0.01564
-0.6289,-1.01202,-0.57151,-0.0691,-0.47659,-0.01538
-0.62789,-0.99484,-0.57052,-0.06829,-0.47559,-0.01515
-0.62688,-0.97967,-0.56951,-0.06744,-0.47457,-0.01486
-0.6259,-0.97405,-0.56852,-0.06636,-0.47359,-0.01469
-0.62488,-0.9629,-0.56752,-0.06542,-0.47258,-0.01447
-0.62388,-0.94392,-0.56651,-0.06458,-0.47157,-0.01425
-0.62289,-0.93463,-0.56551,-0.06388,-0.47057,-0.01409
-0.62187,-0.92796,-0.56451,-0.06272,-0.46958,-0.01384
-0.62089,-0.91127,-0.56351,-0.06193,-0.46857,-0.01356
-0.61911,-0.89427,-0.56249,-0.06099,-0.46759,-0.01348
-0.6174,-0.86981,-0.56151,-0.06038,-0.46658,-0.01323
-0.61636,-0.85415,-0.5605,-0.05938,-0.46557,-0.01305
-0.61539,-0.84718,-0.55951,-0.0585,-0.46456,-0.01287
-0.61438,-0.83615,-0.5585,-0.05762,-0.46357,-0.0127
-0.61338,-0.82017,-0.55751,-0.05706,-0.46257,-0.01253
-0.61238,-0.8091,-0.55652,-0.0561,-0.46157,-0.01222
-0.61138,-0.80203,-0.55551,-0.05535,-0.46059,-0.01218
-0.61038,-0.78809,-0.55452,-0.0544,-0.45959,-0.01195
-0.60937,-0.77229,-0.55352,-0.05389,-0.45859,-0.0118
-0.60837,-0.76496,-0.55253,-0.05304,-0.45757,-0.01162
-0.60736,-0.75447,-0.55152,-0.05225,-0.45655,-0.01149
-0.60638,-0.73984,-0.55052,-0.05138,-0.45556,-0.01138
-0.60539,-0.72651,-0.54949,-0.05089,-0.45457,-0.01117
-0.60436,-0.72038,-0.54851,-0.05005,-0.45355,-0.01095
-0.60339,-0.70808,-0.54753,-0.04928,-0.45256,-0.01091
-0.60237,-0.69252,-0.5465,-0.04856,-0.45159,-0.01072
-0.60137,-0.68365,-0.54553,-0.04793,-0.45058,-0.01062
-0.60037,-0.67472,-0.5445,-0.04726,-0.44962,-0.01046
-0.59935,-0.6615,-0.5435,-0.04654,-0.4486,-0.01035
-0.59838,-0.64827,-0.54251,-0.04574,-0.4476,-0.0102
-0.59737,-0.64065,-0.54153,-0.04519,-0.4466,-0.01004
-0.59638,-0.63123,-0.5405,-0.04459,-0.44559,-0.00995
-0.59537,-0.61623,-0.53951,-0.04388,-0.4446,-0.00972
-0.59436,-0.60557,-0.5385,-0.04316,-0.4436,-0.00958
-0.59335,-0.59864,-0.5375,-0.04256,-0.44259,-0.00951
-0.59238,-0.5854,-0.53651,-0.04203,-0.44159,-0.00936
-0.59137,-0.57273,-0.53551,-0.04137,-0.44058,-0.0092
-0.59037,-0.56511,-0.5345,-0.04067,-0.43961,-0.00911
-0.58937,-0.55561,-0.53352,-0.04005,-0.4386,-0.00897
-0.58836,-0.54352,-0.53252,-0.0396,-0.43758,-0.00889
-0.58736,-0.53202,-0.53152,-0.03886,-0.43657,-0.00872
-0.58636,-0.5254,-0.53049,-0.03833,-0.43557,-0.0086
-0.58537,-0.51455,-0.52949,-0.03762,-0.4346,-0.00855
-0.58438,-0.5016,-0.5285,-0.03717,-0.43359,-0.00834
-0.58334,-0.49358,-0.5275,-0.03671,-0.43257,-0.00825
-0.58234,-0.48481,-0.5265,-0.03594,-0.43075,-0.00797
-0.58135,-0.47401,-0.52548,-0.03547,-0.42907,-0.0079
-0.58033,-0.4626,-0.52447,-0.03493,-0.42805,-0.00777
-0.57935,-0.45495,-0.52349,-0.03451,-0.42708,-0.00772
-0.57834,-0.44722,-0.52249,-0.03392,-0.42606,-0.00756
-0.57734,-0.4349,-0.52149,-0.03334,-0.42504,-0.0075
-0.57634,-0.42523,-0.52048,-0.03285,-0.42405,-0.00739
-0.57533,-0.41949,-0.5195,-0.03249,-0.42306,-0.00732
-0.57434,-0.40915,-0.51849,-0.03181,-0.42206,-0.00712
-0.57333,-0.39923,-0.5175,-0.0314,-0.42105,-0.00709
-0.57232,-0.39046,-0.51649,-0.03092,-0.42005,-0.00703
-0.57135,-0.38398,-0.51549,-0.03043,-0.41905,-0.00695
-0.57033,-0.37421,-0.5145,-0.02999,-0.41807,-0.00684
-0.56933,-0.36397,-0.51352,-0.02954,-0.41705,-0.00676
-0.56834,-0.35746,-0.5125,-0.02897,-0.41605,-0.00669
-0.56732,-0.34969,-0.51149,-0.02868,-0.41504,-0.00659
-0.56633,-0.34007,-0.51052,-0.02824,-0.41405,-0.00651
-0.56532,-0.33144,-0.5095,-0.02769,-0.41304,-0.00642
-0.56436,-0.32552,-0.50852,-0.02734,-0.41204,-0.00639
-0.56335,-0.31717,-0.50752,-0.02695,-0.41105,-0.00627
-0.56234,-0.30819,-0.5065,-0.02655,-0.41005,-0.00622
-0.56133,-0.30141,-0.50551,-0.02611,-0.40906,-0.00614
-0.56033,-0.29511,-0.50452,-0.02572,-0.40805,-0.00607
-0.55932,-0.28654,-0.5035,-0.02534,-0.40705,-0.00589
-0.55834,-0.27875,-0.50249,-0.02491,-0.40605,-0.00589
-0.55733,-0.27303,-0.50151,-0.02452,-0.40507,-0.00584
-0.55632,-0.26604,-0.50048,-0.02417,-0.40407,-0.00578
-0.55533,-0.25813,-0.49949,-0.02368,-0.40306,-0.00568
-0.55433,-0.25146,-0.4985,-0.02347,-0.40206,-0.00563
-0.55333,-0.24587,-0.49752,-0.02307,-0.40108,-0.0056
-0.55233,-0.23878,-0.49651,-0.02271,-0.40008,-0.00551
-0.55133,-0.23179,-0.49552,-0.02229,-0.39907,-0.00544
-0.55034,-0.22652,-0.49452,-0.02206,-0.39807,-0.00539
-0.54932,-0.22059,-0.49349,-0.02171,-0.39706,-0.00536
-0.5483,-0.21397,-0.49251,-0.02138,-0.39606,-0.00526
-0.54735,-0.2078,-0.49151,-0.02105,-0.39508,-0.00522
-0.54632,-0.20288,-0.4905,-0.02068,-0.39406,-0.00516
-0.54534,-0.19695,-0.48952,-0.02048,-0.39307,-0.00513
-0.54434,-0.19073,-0.48853,-0.02013,-0.39208,-0.00504
-0.54334,-0.18596,-0.4875,-0.01985,-0.39108,-0.00499
-0.54231,-0.18074,-0.48651,-0.0196,-0.39008,-0.00497
-0.54132,-0.17531,-0.48552,-0.01928,-0.38909,-0.0049
-0.54034,-0.16991,-0.48451,-0.01898,-0.38805,-0.00483
-0.53933,-0.16553,-0.48349,-0.01875,-0.38704,-0.00468
-0.53832,-0.16074,-0.4825,-0.01844,-0.38605,-0.00477
-0.5373,-0.15542,-0.48148,-0.01824,-0.38506,-0.0047
-0.53631,-0.15125,-0.4805,-0.01793,-0.38407,-0.00466
-0.53532,-0.14706,-0.47951,-0.01768,-0.38305,-0.00461
-0.53433,-0.14244,-0.47848,-0.01744,-0.38206,-0.00458
-0.53332,-0.13797,-0.47748,-0.01725,-0.38105,-0.00452
-0.53233,-0.13404,-0.4765,-0.01696,-0.38006,-0.00449
-0.53132,-0.13024,-0.47549,-0.01665,-0.37906,-0.00445
-0.53031,-0.12598,-0.47451,-0.01644,-0.37806,-0.00442
-0.5293,-0.12208,-0.47352,-0.01625,-0.37705,-0.00436
-0.52832,-0.11879,-0.4725,-0.01601,-0.37605,-0.00432
-0.52729,-0.11494,-0.47151,-0.01576,-0.37506,-0.0043
-0.52629,-0.11121,-0.4705,-0.01546,-0.37406,-0.00425
-0.52531,-0.10785,-0.46949,-0.01531,-0.37306,-0.00421
-0.52432,-0.10483,-0.46849,-0.01514,-0.37207,-0.00417
-0.52329,-0.1014,-0.4675,-0.01487,-0.37106,-0.00417
-0.52228,-0.09802,-0.46648,-0.01467,-0.37008,-0.00411
-0.52129,-0.09525,-0.4655,-0.01447,-0.36906,-0.00409
-0.52029,-0.09241,-0.46449,-0.01431,-0.36805,-0.00403
-0.51929,-0.08931,-0.46349,-0.01397,-0.36708,-0.00402
-0.51753,-0.08477,-0.4625,-0.01385,-0.36608,-0.00397
-0.51577,-0.07988,-0.46149,-0.01367,-0.36505,-0.00392
-0.51477,-0.07731,-0.4605,-0.01353,-0.36407,-0.00391
-0.51378,-0.07513,-0.45951,-0.01331,-0.36305,-0.00386
-0.51277,-0.07268,-0.4585,-0.01315,-0.36207,-0.00382
-0.51178,-0.0704,-0.45749,-0.01296,-0.36106,-0.00378
-0.51079,-0.06822,-0.45649,-0.01277,-0.36004,-0.00377
-0.50978,-0.06623,-0.4555,-0.01262,-0.35906,-0.00372
-0.50877,-0.06409,-0.4545,-0.01246,-0.35805,-0.00368
-0.50779,-0.06205,-0.45347,-0.01231,-0.35708,-0.00364
-0.50678,-0.06025,-0.45251,-0.0122,-0.35609,-0.00365
-0.50576,-0.05834,-0.4515,-0.01204,-0.35505,-0.00349
-0.50477,-0.05653,-0.45049,-0.01187,-0.35406,-0.00356
-0.50377,-0.05484,-0.44949,-0.01174,-0.35306,-0.00352
-0.50279,-0.05328,-0.44849,-0.01164,-0.35208,-0.0035
-0.50179,-0.05159,-0.44749,-0.01147,-0.35108,-0.00346
-0.50077,-0.04996,-0.4465,-0.01132,-0.35006,-0.00343
-0.49978,-0.04855,-0.44548,-0.01119,-0.34905,-0.00341
-0.49877,-0.04718,-0.44447,-0.01109,-0.34807,-0.00338
-0.49778,-0.04575,-0.4435,-0.01098,-0.34707,-0.00334
-0.49679,-0.04432,-0.44251,-0.0108,-0.34607,-0.00331
-0.49579,-0.04313,-0.4415,-0.01069,-0.34505,-0.00329
-0.4948,-0.04183,-0.44051,-0.01058,-0.34405,-0.00325
-0.49378,-0.04065,-0.43951,-0.01049,-0.34305,-0.00322
-0.49279,-0.03952,-0.43848,-0.01034,-0.34205,-0.00321
-0.49178,-0.03838,-0.43751,-0.01023,-0.34106,-0.0032
-0.49079,-0.03734,-0.43651,-0.01012,-0.34005,-0.00316
-0.48981,-0.03627,-0.4355,-0.00998,-0.33905,-0.00316
-0.4888,-0.03523,-0.4345,-0.00991,-0.33808,-0.00313
-0.4878,-0.03438,-0.43351,-0.00982,-0.33704,-0.00311
-0.48678,-0.03325,-0.43251,-0.00971,-0.33603,-0.00307
-0.48579,-0.03246,-0.43149,-0.00966,-0.33505,-0.00304
-0.48478,-0.03161,-0.43051,-0.00955,-0.33405,-0.00304
-0.48377,-0.03068,-0.42951,-0.00943,-0.33305,-0.00299
-0.48279,-0.02991,-0.42851,-0.00935,-0.33206,-0.00297
-0.48178,-0.02912,-0.42751,-0.0093,-0.33106,-0.00293
-0.48079,-0.02842,-0.42651,-0.00919,-0.33006,-0.00292
-0.47977,-0.02767,-0.4255,-0.00907,-0.32907,-0.00288
-0.47879,-0.02698,-0.42449,-0.00899,-0.32806,-0.00285
-0.47779,-0.02641,-0.4235,-0.00892,-0.32707,-0.00282
-0.4768,-0.02563,-0.42248,-0.00886,-0.32605,-0.00281
-0.47579,-0.02508,-0.42149,-0.00864,-0.32505,-0.00276
-0.47478,-0.02455,-0.4205,-0.00863,-0.32406,-0.00274
-0.47379,-0.02389,-0.41949,-0.00857,-0.32305,-0.00271
-0.47278,-0.0234,-0.41849,-0.00851,-0.32207,-0.00269
-0.47178,-0.02277,-0.4175,-0.00839,-0.32104,-0.00267
-0.47078,-0.02236,-0.41649,-0.00833,-0.32004,-0.00264
-0.46977,-0.02188,-0.4155,-0.00824,-0.31906,-0.00264
-0.46876,-0.02127,-0.4137,-0.00818,-0.31807,-0.0026
-0.46776,-0.0209,-0.41199,-0.00796,-0.31706,-0.00257
-0.46678,-0.02052,-0.41097,-0.00795,-0.31605,-0.00255
-0.46577,-0.02006,-0.40999,-0.00789,-0.31507,-0.00256
-0.46475,-0.01954,-0.40897,-0.00777,-0.31404,-0.00242
-0.46378,-0.01927,-0.40798,-0.00772,-0.31308,-0.00249
-0.46276,-0.0189,-0.40698,-0.00755,-0.31207,-0.00246
-0.46177,-0.01853,-0.40598,-0.00761,-0.31105,-0.00246
-0.46077,-0.01803,-0.40498,-0.0075,-0.31005,-0.00243
-0.45977,-0.01783,-0.40398,-0.00743,-0.30907,-0.00241
-0.45878,-0.01751,-0.40296,-0.00739,-0.30804,-0.00241
-0.45776,-0.01717,-0.40198,-0.00736,-0.30707,-0.00239
-0.45676,-0.01681,-0.401,-0.00728,-0.30606,-0.00238
-0.45576,-0.01659,-0.39998,-0.00723,-0.30503,-0.00234
-0.45476,-0.01629,-0.39899,-0.00719,-0.30406,-0.00234
-0.45377,-0.01604,-0.39798,-0.00716,-0.30305,-0.00229
-0.45275,-0.01582,-0.39698,-0.00713,-0.30204,-0.00228
-0.45177,-0.01558,-0.39598,-0.00705,-0.30105,-0.00225
-0.45076,-0.0152,-0.39495,-0.00702,-0.30004,-0.00224
-0.44973,-0.01507,-0.39398,-0.007,-0.29905,-0.0022
-0.44874,-0.01488,-0.39297,-0.00695,-0.29805,-0.00219
-0.44773,-0.01466,-0.39198,-0.00688,-0.29706,-0.00216
-0.44674,-0.01446,-0.39096,-0.00686,-0.29606,-0.00214
-0.44574,-0.01431,-0.38996,-0.0068,-0.29505,-0.0021
-0.44474,-0.01415,-0.38898,-0.00683,-0.29407,-0.00209
-0.44372,-0.0139,-0.38798,-0.00674,-0.29306,-0.00208
-0.44275,-0.01378,-0.38697,-0.00672,-0.29207,-0.00204
-0.44172,-0.01365,-0.38597,-0.00669,-0.29107,-0.00203
-0.44071,-0.01345,-0.38496,-0.0067,-0.29005,-0.002
-0.43973,-0.01329,-0.38398,-0.00661,-0.28907,-0.00199
-0.43873,-0.01315,-0.38297,-0.00648,-0.28806,-0.00195
-0.43774,-0.01303,-0.38197,-0.00651,-0.28706,-0.00193
-0.43675,-0.01284,-0.38095,-0.0065,-0.28605,-0.00191
-0.43575,-0.0127,-0.37995,-0.00644,-0.28505,-0.0019
-0.43473,-0.0126,-0.37896,-0.00637,-0.28405,-0.00187
-0.43373,-0.01237,-0.37795,-0.00634,-0.28306,-0.00187
-0.43274,-0.01229,-0.37695,-0.00631,-0.28205,-0.00184
-0.43175,-0.01217,-0.37595,-0.00628,-0.28104,-0.00183
-0.43075,-0.01208,-0.37495,-0.00621,-0.28005,-0.0018
-0.42976,-0.01194,-0.37396,-0.00619,-0.27905,-0.00177
-0.42874,-0.01184,-0.37296,-0.00616,-0.27806,-0.00177
-0.42775,-0.01176,-0.37196,-0.00614,-0.27703,-0.00172
-0.42674,-0.01165,-0.37093,-0.00607,-0.27605,-0.00171
-0.42574,-0.01153,-0.36995,-0.00605,-0.27505,-0.00169
-0.42474,-0.01144,-0.36895,-0.00599,-0.27407,-0.00168
-0.42371,-0.01138,-0.36794,-0.006,-0.27306,-0.00165
-0.42273,-0.01129,-0.36693,-0.00592,-0.27207,-0.00164
-0.42176,-0.0112,-0.36595,-0.00589,-0.27105,-0.00162
-0.42072,-0.01103,-0.36494,-0.00587,-0.27005,-0.0016
-0.41974,-0.01105,-0.36394,-0.00587,-0.26907,-0.00158
-0.41874,-0.01096,-0.36292,-0.00582,-0.26805,-0.00156
-0.41772,-0.01089,-0.36195,-0.0058,-0.26706,-0.00155
-0.41673,-0.01085,-0.36095,-0.00578,-0.26604,-0.00152
-0.41572,-0.01076,-0.35994,-0.00578,-0.26506,-0.00151
-0.41473,-0.01071,-0.35896,-0.00574,-0.26407,-0.00139
-0.41373,-0.01064,-0.35795,-0.00568,-0.26306,-0.00145
-0.41274,-0.01061,-0.35694,-0.00566,-0.26206,-0.00143
-0.41175,-0.01055,-0.35595,-0.00563,-0.26105,-0.0014
-0.41073,-0.01047,-0.35494,-0.00559,-0.26006,-0.0014
-0.40974,-0.01045,-0.35395,-0.00552,-0.25905,-0.00136
-0.40873,-0.01039,-0.35296,-0.0055,-0.25806,-0.00134
-0.40772,-0.01033,-0.35196,-0.00539,-0.25705,-0.00133
-0.40674,-0.01028,-0.35096,-0.00544,-0.25607,-0.0013
-0.40572,-0.01026,-0.34995,-0.00536,-0.25506,-0.00129
-0.40473,-0.01021,-0.34896,-0.00532,-0.25405,-0.00126
-0.40374,-0.01014,-0.34794,-0.00529,-0.25305,-0.00126
-0.40274,-0.0101,-0.34693,-0.00529,-0.25206,-0.00124
-0.40174,-0.01007,-0.34595,-0.00521,-0.25107,-0.00121
-0.40074,-0.01,-0.34496,-0.00519,-0.25006,-0.0012
-0.39973,-0.00994,-0.34396,-0.00515,-0.24905,-0.00119
-0.39873,-0.00991,-0.34295,-0.00515,-0.24807,-0.00118
-0.39772,-0.00975,-0.34194,-0.00509,-0.24706,-0.00115
-0.39672,-0.00979,-0.34095,-0.00506,-0.24607,-0.00113
-0.39573,-0.00976,-0.33997,-0.00504,-0.24506,-0.00113
-0.39472,-0.00972,-0.33897,-0.00502,-0.24407,-0.00109
-0.39374,-0.00966,-0.33797,-0.00499,-0.24307,-0.00108
-0.39273,-0.00962,-0.33695,-0.00494,-0.24207,-0.00106
-0.39172,-0.00959,-0.33592,-0.00492,-0.24106,-0.00102
-0.3907,-0.00956,-0.33494,-0.00491,-0.24007,-0.00101
-0.38973,-0.00949,-0.33395,-0.0049,-0.23908,-9.90E-04
-0.38873,-0.00944,-0.33293,-0.00485,-0.23807,-9.66E-04
-0.38772,-0.00943,-0.33194,-0.00483,-0.23707,-9.56E-04
-0.38587,-0.00893,-0.33094,-0.00481,-0.23605,-9.32E-04
-0.3842,-0.00928,-0.32994,-0.00481,-0.23505,-9.01E-04
-0.38319,-0.00925,-0.32894,-0.00477,-0.23405,-8.98E-04
-0.38222,-0.00921,-0.32792,-0.00474,-0.23305,-8.78E-04
-0.3812,-0.00919,-0.32694,-0.00473,-0.23206,-8.68E-04
-0.3802,-0.00916,-0.32592,-0.00473,-0.23106,-8.51E-04
-0.37922,-0.00912,-0.32494,-0.00468,-0.22927,-9.95E-04
-0.37821,-0.00907,-0.32393,-0.00467,-0.22768,-8.84E-04
-0.37722,-0.00907,-0.32293,-0.00465,-0.22646,-7.19E-04
-0.37619,-0.00903,-0.32194,-0.00467,-0.22562,-8.39E-04
-0.37518,-0.00898,-0.32095,-0.00462,-0.22452,-7.09E-04
-0.3742,-0.00893,-0.31995,-0.00461,-0.22357,-7.82E-04
-0.3732,-0.00892,-0.31894,-0.00459,-0.22254,-7.10E-04
-0.37219,-0.00886,-0.31793,-0.00458,-0.22155,-7.27E-04
-0.37119,-0.00882,-0.31694,-0.00454,-0.22056,-6.91E-04
-0.3702,-0.00879,-0.31594,-0.00444,-0.21954,-6.96E-04
-0.36919,-0.00875,-0.31495,-0.00448,-0.21854,-6.71E-04
-0.36818,-0.0087,-0.31393,-0.00447,-0.21755,-6.58E-04
-0.36718,-0.00864,-0.31294,-0.00444,-0.21656,-6.38E-04
-0.36618,-0.00864,-0.31194,-0.0044,-0.21559,-6.33E-04
-0.3652,-0.00859,-0.31094,-0.00437,-0.21457,-6.10E-04
-0.36418,-0.00854,-0.30995,-0.00436,-0.21358,-5.95E-04
-0.36318,-0.00851,-0.30894,-0.00434,-0.21254,-5.81E-04
-0.3622,-0.00849,-0.30794,-0.00429,-0.21156,-5.77E-04
-0.3612,-0.00845,-0.30694,-0.00427,-0.21055,-5.66E-04
-0.36021,-0.00839,-0.30595,-0.00424,-0.20955,-5.41E-04
-0.35921,-0.00839,-0.30494,-0.00424,-0.20857,-5.30E-04
-0.35821,-0.00835,-0.30395,-0.00417,-0.20754,-5.28E-04
-0.35722,-0.00829,-0.30293,-0.00414,-0.20657,-3.84E-04
-0.35621,-0.00828,-0.30195,-0.00411,-0.20553,-5.50E-04
-0.3552,-0.00825,-0.30093,-0.00409,-0.20458,-4.40E-04
-0.35419,-0.00823,-0.29994,-0.00404,-0.20354,-4.82E-04
-0.35322,-0.00819,-0.29895,-0.004,-0.20256,-4.43E-04
-0.35221,-0.00819,-0.29793,-0.00396,-0.20156,-4.36E-04
-0.3512,-0.00816,-0.29694,-0.00396,-0.20056,-4.16E-04
-0.35022,-0.00812,-0.29594,-0.0039,-0.19956,-4.19E-04
-0.3492,-0.00807,-0.29493,-0.00388,-0.19855,-4.03E-04
-0.34819,-0.00804,-0.29393,-0.00385,-0.19754,-3.95E-04
-0.34721,-0.00802,-0.29294,-0.00385,-0.19656,-3.82E-04
-0.34619,-0.00797,-0.29194,-0.00379,-0.19556,-3.69E-04
-0.34519,-0.00792,-0.29093,-0.00376,-0.19453,-3.45E-04
-0.34422,-0.00792,-0.28993,-0.00372,-0.19354,-3.51E-04
-0.34319,-0.00786,-0.28893,-0.00371,-0.19254,-3.31E-04
-0.34221,-0.00782,-0.28793,-0.00366,-0.19156,-3.16E-04
-0.34121,-0.00779,-0.28694,-0.00362,-0.19056,-2.96E-04
-0.34022,-0.00776,-0.28594,-0.00359,-0.18953,-2.78E-04
-0.3392,-0.00773,-0.28492,-0.00356,-0.18856,-2.76E-04
-0.33821,-0.00769,-0.28394,-0.00354,-0.18754,-2.46E-04
-0.3372,-0.00768,-0.28293,-0.00348,-0.18656,-2.42E-04
-0.3362,-0.00763,-0.28194,-0.00345,-0.18553,-2.12E-04
-0.33521,-0.00761,-0.28093,-0.00342,-0.18454,-2.23E-04
-0.3342,-0.0076,-0.27995,-0.00341,-0.18353,-1.80E-04
-0.3332,-0.0076,-0.27894,-0.00335,-0.18254,-1.97E-04
-0.33218,-0.00758,-0.27793,-0.00325,-0.18152,-1.65E-04
-0.33121,-0.00753,-0.27694,-0.00329,-0.18054,-1.69E-04
-0.33019,-0.00744,-0.27595,-0.00328,-0.17955,-1.51E-04
-0.32918,-0.00749,-0.27493,-0.00321,-0.17853,-1.35E-04
-0.32818,-0.00745,-0.27395,-0.0032,-0.17753,-1.42E-04
-0.32718,-0.00741,-0.27294,-0.00316,-0.17656,-1.15E-04
-0.32619,-0.0074,-0.27195,-0.00317,-0.17555,-1.17E-04
-0.3252,-0.00736,-0.27094,-0.00313,-0.17454,-9.36E-05
-0.3242,-0.0073,-0.26994,-0.0031,-0.17357,-9.79E-05
-0.3232,-0.00728,-0.26892,-0.00308,-0.17256,-6.33E-05
-0.32219,-0.00726,-0.26794,-0.00308,-0.17155,-6.71E-05
-0.32121,-0.00721,-0.26695,-0.00304,-0.17054,-5.04E-05
-0.3202,-0.00717,-0.26596,-0.00302,-0.16952,-4.44E-05
-0.31919,-0.00715,-0.26493,-0.00299,-0.16781,-2.49E-05
-0.3182,-0.00712,-0.26393,-0.00298,-0.16604,-2.16E-05
-0.31719,-0.00707,-0.26293,-0.00295,-0.16506,-1.23E-05
-0.31618,-0.00704,-0.26195,-0.00291,-0.16404,-1.99E-06
-0.3152,-0.00703,-0.26094,-0.00289,-0.16305,-7.92E-06
-0.3142,-0.00699,-0.25993,-0.00286,-0.16207,1.42E-05
-0.31319,-0.00694,-0.25895,-0.00283,-0.16106,2.97E-05
-0.31219,-0.00692,-0.25794,-0.00279,-0.16002,4.81E-05
-0.3112,-0.00689,-0.25695,-0.00276,-0.15905,3.49E-05
-0.3102,-0.00684,-0.25595,-0.00273,-0.15804,7.35E-05
-0.30922,-0.00681,-0.25495,-0.00274,-0.15705,6.98E-05
-0.30821,-0.00678,-0.25395,-0.00267,-0.15604,7.85E-05
-0.3072,-0.00675,-0.25295,-0.00266,-0.15506,8.52E-05
-0.30622,-0.0067,-0.25195,-0.00262,-0.15403,1.06E-04
-0.3052,-0.00666,-0.25095,-0.0026,-0.15305,9.59E-05
-0.30419,-0.00667,-0.24993,-0.00255,-0.15204,1.29E-04
-0.30319,-0.00661,-0.24894,-0.00251,-0.15106,1.16E-04
-0.3022,-0.00658,-0.24794,-0.00246,-0.15005,1.35E-04
-0.30121,-0.00657,-0.24693,-0.00245,-0.14905,1.36E-04
-0.30022,-0.00652,-0.24595,-0.0024,-0.14806,1.49E-04
-0.2992,-0.00649,-0.24494,-0.00237,-0.14705,1.44E-04
-0.29821,-0.00646,-0.24394,-0.00235,-0.14606,1.59E-04
-0.29721,-0.00645,-0.24293,-0.00232,-0.14505,1.61E-04
-0.2962,-0.00642,-0.24194,-0.00229,-0.14394,1.72E-04
-0.29519,-0.00637,-0.24095,-0.00226,-0.14285,1.78E-04
-0.29419,-0.00635,-0.23994,-0.00223,-0.14184,1.90E-04
-0.29318,-0.00635,-0.23894,-0.00222,-0.14086,1.85E-04
-0.29221,-0.00631,-0.23795,-0.0021,-0.13985,2.01E-04
-0.29119,-0.00629,-0.23697,-0.00214,-0.13885,2.07E-04
-0.2902,-0.00627,-0.23595,-0.00213,-0.13784,2.15E-04
-0.28917,-0.00615,-0.23494,-0.00211,-0.13685,2.10E-04
-0.28818,-0.0062,-0.23397,-0.00211,-0.13587,2.28E-04
-0.28721,-0.0062,-0.23296,-0.00208,-0.13485,2.28E-04
-0.2862,-0.00619,-0.23195,-0.00206,-0.13386,2.43E-04
-0.28519,-0.00615,-0.23097,-0.00205,-0.13286,2.39E-04
-0.28419,-0.00613,-0.22995,-0.00205,-0.13186,2.60E-04
-0.28317,-0.00612,-0.22895,-0.00201,-0.13086,2.43E-04
-0.2822,-0.00612,-0.22797,-0.002,-0.12984,2.69E-04
-0.28119,-0.00609,-0.22695,-0.00198,-0.12885,2.66E-04
-0.28021,-0.00606,-0.22593,-0.00197,-0.12786,3.78E-04
-0.27919,-0.00605,-0.22496,-0.00194,-0.12683,2.56E-04
-0.2782,-0.00601,-0.22395,-0.00192,-0.12585,3.12E-04
-0.27721,-0.00597,-0.22296,-0.00189,-0.12484,2.71E-04
-0.2762,-0.00594,-0.22194,-0.00187,-0.12386,3.09E-04
-0.27519,-0.00592,-0.22093,-0.00184,-0.12285,2.98E-04
-0.27421,-0.00588,-0.21992,-0.00181,-0.12186,3.10E-04
-0.27318,-0.00583,-0.21895,-0.00179,-0.12085,3.06E-04
-0.27219,-0.00584,-0.21794,-0.00178,-0.11986,3.12E-04
-0.27119,-0.00578,-0.21695,-0.00174,-0.11886,3.17E-04
-0.27019,-0.00576,-0.21595,-0.00172,-0.11785,3.13E-04
-0.2692,-0.00576,-0.21494,-0.00168,-0.11684,3.24E-04
-0.26818,-0.00572,-0.21395,-0.00167,-0.11587,3.21E-04
-0.26721,-0.00569,-0.21295,-0.00164,-0.11485,3.36E-04
-0.26619,-0.00567,-0.21195,-0.00161,-0.11386,3.34E-04
-0.26519,-0.00564,-0.21093,-0.00159,-0.11286,3.42E-04
-0.26418,-0.00562,-0.20993,-0.00157,-0.11186,3.46E-04
-0.26318,-0.00558,-0.20895,-0.00155,-0.11085,3.54E-04
-0.26221,-0.00555,-0.20795,-0.00152,-0.10986,3.55E-04
-0.26121,-0.00554,-0.20694,-0.0015,-0.10884,3.60E-04
-0.26019,-0.00549,-0.20593,-0.00148,-0.10786,3.66E-04
-0.25921,-0.00545,-0.20494,-0.00146,-0.10685,3.73E-04
-0.25821,-0.00543,-0.20396,-0.00144,-0.10584,3.80E-04
-0.25721,-0.00541,-0.20293,-0.00141,-0.10485,3.87E-04
-0.25621,-0.00536,-0.20195,-0.00139,-0.10386,3.84E-04
-0.25519,-0.00533,-0.20093,-0.00137,-0.10283,3.92E-04
-0.2542,-0.00529,-0.19993,-0.00134,-0.10185,4.03E-04
-0.25318,-0.00527,-0.19895,-0.00132,-0.10086,4.08E-04
-0.2522,-0.00521,-0.19795,-0.0013,-0.09986,4.11E-04
-0.2512,-0.00519,-0.19694,-0.00129,-0.09887,4.24E-04
-0.25019,-0.00516,-0.19595,-0.00126,-0.09788,4.18E-04
-0.24919,-0.00512,-0.19495,-0.00123,-0.09685,4.36E-04
-0.24819,-0.00508,-0.19394,-0.00122,-0.09586,4.29E-04
-0.2472,-0.00504,-0.19295,-0.00121,-0.09486,4.45E-04
-0.24619,-0.0049,-0.19192,-0.00117,-0.09385,4.46E-04
-0.24519,-0.00497,-0.19095,-0.00115,-0.09288,4.50E-04
-0.24419,-0.00491,-0.18995,-0.00106,-0.09187,4.61E-04
-0.2432,-0.00489,-0.18895,-0.00111,-0.09087,4.55E-04
-0.24222,-0.00485,-0.18795,-0.00108,-0.08987,4.76E-04
-0.2412,-0.00482,-0.18694,-0.00107,-0.08887,4.67E-04
-0.2402,-0.00479,-0.18594,-0.00104,-0.08786,4.76E-04
-0.23919,-0.00477,-0.18494,-0.00103,-0.08685,4.80E-04
-0.2382,-0.00471,-0.18396,-0.00101,-0.08585,4.82E-04
-0.23719,-0.00468,-0.18296,-9.87E-04,-0.08485,4.88E-04
-0.23621,-0.00466,-0.18193,-9.82E-04,-0.08387,4.88E-04
-0.23519,-0.00462,-0.18094,-9.57E-04,-0.08286,5.00E-04
-0.23418,-0.00459,-0.17994,-9.50E-04,-0.08187,4.95E-04
-0.2332,-0.00456,-0.17896,-9.34E-04,-0.08084,5.13E-04
-0.23219,-0.00454,-0.17795,-9.05E-04,-0.07984,5.06E-04
-0.2312,-0.0045,-0.17694,-8.99E-04,-0.07886,5.18E-04
-0.2302,-0.00447,-0.17594,-8.83E-04,-0.07784,5.13E-04
-0.22918,-0.00445,-0.17494,-8.71E-04,-0.07685,5.21E-04
-0.22821,-0.00443,-0.17395,-8.51E-04,-0.07586,5.20E-04
-0.2272,-0.00439,-0.17295,-8.41E-04,-0.07486,5.39E-04
-0.22621,-0.00437,-0.17118,-0.00107,-0.07385,5.29E-04
-0.22522,-0.00435,-0.16939,-5.76E-04,-0.07286,5.35E-04
-0.22419,-0.00432,-0.16847,-9.53E-04,-0.07185,5.46E-04
-0.22321,-0.00429,-0.16743,-6.78E-04,-0.07084,5.53E-04
-0.22219,-0.00428,-0.16645,-8.43E-04,-0.06986,5.46E-04
-0.2212,-0.00426,-0.16544,-7.09E-04,-0.06886,5.62E-04
-0.22018,-0.00423,-0.16445,-7.71E-04,-0.06786,5.60E-04
-0.21919,-0.00421,-0.16345,-7.17E-04,-0.06684,5.71E-04
-0.21819,-0.00421,-0.16245,-7.21E-04,-0.06583,5.70E-04
-0.2172,-0.00418,-0.16146,-7.11E-04,-0.06485,5.69E-04
-0.21618,-0.00414,-0.16046,-7.04E-04,-0.06383,5.73E-04
-0.21519,-0.00412,-0.15945,-6.80E-04,-0.06286,5.80E-04
-0.2142,-0.00409,-0.15845,-6.80E-04,-0.06186,5.81E-04
-0.2132,-0.00406,-0.15745,-6.75E-04,-0.06086,5.87E-04
-0.2122,-0.00402,-0.15645,-6.46E-04,-0.05986,5.87E-04
-0.21118,-0.004,-0.15544,-6.49E-04,-0.05884,5.92E-04
-0.2102,-0.00397,-0.15447,-6.29E-04,-0.05786,5.86E-04
-0.2092,-0.00392,-0.15345,-6.20E-04,-0.05685,6.06E-04
-0.20821,-0.00389,-0.15246,-6.16E-04,-0.05587,5.96E-04
-0.20721,-0.00388,-0.15146,-5.91E-04,-0.05483,6.08E-04
-0.2062,-0.00383,-0.15047,-5.87E-04,-0.05385,5.95E-04
-0.20519,-0.00381,-0.14947,-5.82E-04,-0.05285,6.18E-04
-0.20422,-0.00378,-0.14846,-5.65E-04,-0.05184,5.97E-04
-0.20323,-0.00361,-0.14747,-5.65E-04,-0.05084,6.13E-04
-0.20223,-0.00372,-0.14646,-5.47E-04,-0.04984,6.11E-04
-0.2012,-0.00369,-0.14548,-5.44E-04,-0.04883,6.12E-04
-0.2002,-0.00366,-0.14444,-5.29E-04,-0.04784,6.22E-04
-0.19922,-0.00364,-0.14344,-5.31E-04,-0.04683,6.08E-04
-0.19823,-0.00359,-0.14243,-5.15E-04,-0.04584,6.22E-04
-0.19723,-0.00358,-0.14144,-5.22E-04,-0.04485,6.22E-04
-0.19622,-0.00354,-0.14045,-4.91E-04,-0.04387,6.22E-04
-0.19521,-0.00352,-0.13947,-5.11E-04,-0.04285,6.22E-04
-0.19422,-0.00349,-0.13843,-4.73E-04,-0.04185,6.34E-04
-0.19322,-0.00347,-0.13745,-4.97E-04,-0.04086,6.32E-04
-0.19222,-0.00345,-0.13645,-4.68E-04,-0.03986,6.41E-04
-0.19121,-0.00342,-0.13546,-4.68E-04,-0.03885,6.28E-04
-0.19021,-0.00339,-0.13447,-4.54E-04,-0.03785,6.34E-04
-0.18921,-0.00337,-0.13344,-4.52E-04,-0.03686,6.45E-04
-0.18822,-0.00334,-0.13244,-4.33E-04,-0.03586,6.39E-04
-0.1872,-0.00331,-0.13145,-4.49E-04,-0.03486,6.46E-04
-0.18622,-0.00328,-0.13046,-4.18E-04,-0.03386,6.52E-04
-0.18518,-0.00326,-0.12945,-4.27E-04,-0.03286,6.51E-04
-0.18421,-0.00322,-0.12846,-4.05E-04,-0.03187,6.50E-04
-0.1832,-0.00319,-0.12745,-4.06E-04,-0.03086,6.58E-04
-0.1822,-0.00318,-0.12646,-3.97E-04,-0.02985,6.63E-04
-0.1812,-0.00316,-0.12547,-3.85E-04,-0.02886,6.49E-04
-0.18021,-0.00313,-0.12446,-3.79E-04,-0.02786,6.61E-04
-0.17922,-0.00309,-0.12345,-3.74E-04,-0.02685,6.57E-04
-0.17821,-0.00308,-0.12244,-3.64E-04,-0.02584,6.77E-04
-0.17721,-0.00305,-0.12146,-3.57E-04,-0.02482,6.58E-04
-0.17622,-0.00302,-0.12046,-3.55E-04,-0.02383,6.71E-04
-0.1752,-0.003,-0.11946,-3.35E-04,-0.02282,6.85E-04
-0.17423,-0.00298,-0.11844,-3.40E-04,-0.02183,6.57E-04
-0.17321,-0.00296,-0.11744,-3.40E-04,-0.02086,6.90E-04
-0.1722,-0.00292,-0.11644,-3.31E-04,-0.01986,6.78E-04
-0.17121,-0.00291,-0.11545,-3.27E-04,-0.01884,6.87E-04
-0.1702,-0.00288,-0.11444,-3.24E-04,-0.01787,6.89E-04
-0.1692,-0.00286,-0.11345,-3.16E-04,-0.01684,7.05E-04
-0.16818,-0.00284,-0.11243,-2.96E-04,-0.01585,6.91E-04
-0.1672,-0.00282,-0.11143,-3.14E-04,-0.01486,7.05E-04
-0.1662,-0.00278,-0.11048,-2.20E-04,-0.01384,6.84E-04
-0.16521,-0.00277,-0.1094,-3.13E-04,-0.01282,7.18E-04
-0.16422,-0.00275,-0.10849,-2.76E-04,-0.01185,6.91E-04
-0.16321,-0.00272,-0.10742,-2.83E-04,-0.01083,7.14E-04
-0.16223,-0.0027,-0.10645,-2.80E-04,-0.00983,7.04E-04
-0.16119,-0.00268,-0.10544,-2.59E-04,-0.00886,7.15E-04
-0.16022,-0.00266,-0.10444,-2.69E-04,-0.00784,7.08E-04
-0.15922,-0.00264,-0.10343,-2.58E-04,-0.00686,7.23E-04
-0.15824,-0.0026,-0.10244,-2.57E-04,-0.00584,7.13E-04
-0.15723,-0.00259,-0.10147,-2.54E-04,-0.00485,7.33E-04
-0.1562,-0.00244,-0.10045,-2.38E-04,-0.00382,7.19E-04
-0.15522,-0.00255,-0.09945,-2.34E-04,-0.00283,7.29E-04
-0.15422,-0.00252,-0.09845,-2.27E-04,-0.00183,7.35E-04
-0.15321,-0.00251,-0.09743,-2.24E-04,-8.40E-04,7.27E-04
-0.15221,-0.00249,-0.09645,-2.16E-04,1.61E-04,8.47E-04
-0.15122,-0.00246,-0.09545,-2.16E-04,0.00119,6.86E-04
-0.1502,-0.00244,-0.09446,-2.03E-04,0.00216,7.85E-04
-0.14922,-0.00244,-0.09345,-2.01E-04,0.00319,7.30E-04
-0.1482,-0.00242,-0.09243,-2.00E-04,0.00416,7.61E-04
-0.14721,-0.00239,-0.09146,-1.92E-04,0.00517,7.43E-04
-0.14622,-0.00238,-0.09045,-1.80E-04,0.00617,7.66E-04
-0.14522,-0.00237,-0.08944,-1.82E-04,0.00717,7.47E-04
-0.14421,-0.00234,-0.08845,-1.85E-04,0.00817,7.61E-04
-0.14321,-0.00234,-0.08745,-1.68E-04,0.00917,7.59E-04
-0.14221,-0.00231,-0.08646,-1.73E-04,0.01017,7.67E-04
-0.14121,-0.00232,-0.08546,-1.74E-04,0.01117,7.57E-04
-0.1402,-0.00229,-0.08445,-1.38E-04,0.01218,7.66E-04
-0.13921,-0.00227,-0.08345,-1.71E-04,0.01316,7.68E-04
-0.13821,-0.00225,-0.08245,-1.27E-04,0.01417,7.75E-04
-0.1372,-0.00224,-0.08144,-1.58E-04,0.01518,7.71E-04
-0.13621,-0.00222,-0.08045,-1.40E-04,0.01617,7.81E-04
-0.13521,-0.00221,-0.07946,-1.29E-04,0.01717,7.77E-04
-0.13421,-0.0022,-0.07844,-1.26E-04,0.01816,7.81E-04
-0.13323,-0.00218,-0.07745,-1.24E-04,0.01914,7.75E-04
-0.1322,-0.00216,-0.07645,-1.17E-04,0.02016,7.89E-04
-0.13121,-0.00214,-0.07545,-1.18E-04,0.02118,8.10E-04
-0.1302,-0.00212,-0.07445,-1.04E-04,0.02218,7.88E-04
-0.12922,-0.00211,-0.07344,-1.02E-04,0.02316,8.03E-04
-0.12821,-0.00209,-0.07245,-1.07E-04,0.02418,8.01E-04
-0.12721,-0.00208,-0.07147,-9.35E-05,0.02517,8.05E-04
-0.12623,-0.00206,-0.07047,-9.59E-05,0.02618,8.08E-04
-0.12524,-0.00204,-0.06944,-9.02E-05,0.02718,8.06E-04
-0.12421,-0.00203,-0.06844,-8.80E-05,0.02818,8.28E-04
-0.12322,-0.00202,-0.06745,-8.23E-05,0.02918,8.05E-04
-0.12221,-0.00199,-0.06646,-7.96E-05,0.03019,8.24E-04
-0.12123,-0.00198,-0.06471,-7.98E-05,0.03118,8.16E-04
-0.12022,-0.00197,-0.06295,-6.31E-05,0.03219,8.42E-04
-0.11923,-0.00195,-0.06195,-6.36E-05,0.03318,8.18E-04
-0.11821,-0.00195,-0.06095,-5.49E-05,0.03418,8.40E-04
-0.11722,-0.00193,-0.05995,-6.18E-05,0.03519,8.23E-04
-0.11622,-0.00193,-0.05895,-4.72E-05,0.03619,8.41E-04
-0.11521,-0.0019,-0.05793,-4.36E-05,0.03718,8.28E-04
-0.11421,-0.00188,-0.05693,-4.80E-05,0.03816,8.40E-04
-0.11323,-0.00188,-0.05595,-3.90E-05,0.03918,8.44E-04
-0.11222,-0.00185,-0.05495,-5.21E-05,0.04017,8.51E-04
-0.1112,-0.00184,-0.05394,-1.23E-05,0.04119,8.45E-04
-0.11023,-0.00182,-0.05294,-4.41E-05,0.04218,8.51E-04
-0.10922,-0.00182,-0.05195,-1.69E-05,0.04316,8.54E-04
-0.10822,-0.00182,-0.05097,-2.72E-05,0.04417,8.55E-04
-0.10722,-0.00178,-0.04994,-1.52E-05,0.04516,8.55E-04
-0.10623,-0.00178,-0.04894,-1.77E-05,0.04616,8.71E-04
-0.10522,-0.00176,-0.04795,-7.16E-06,0.04717,8.72E-04
-0.10422,-0.00174,-0.04696,-2.12E-05,0.04817,8.62E-04
-0.10322,-0.00172,-0.04596,2.54E-06,0.04917,8.87E-04
-0.10221,-0.00171,-0.04496,-8.84E-06,0.05017,8.65E-04
-0.10122,-0.0017,-0.04395,7.27E-06,0.05118,8.91E-04
-0.10022,-0.00168,-0.04295,-4.12E-06,0.05218,8.75E-04
-0.0992,-0.00167,-0.04195,1.94E-05,0.05318,8.99E-04
-0.0982,-0.00165,-0.04096,-1.75E-06,0.05417,8.87E-04
-0.0972,-0.00164,-0.03995,1.60E-05,0.05517,8.99E-04
-0.09621,-0.00161,-0.03894,1.54E-05,0.05619,8.96E-04
-0.09523,-0.00161,-0.03795,2.58E-05,0.05717,9.09E-04
-0.0942,-0.0016,-0.03696,1.16E-05,0.05816,8.93E-04
-0.0932,-0.00156,-0.03594,3.14E-05,0.05917,9.19E-04
-0.09221,-0.00157,-0.03493,1.99E-05,0.06016,9.01E-04
-0.0912,-0.00155,-0.03393,3.18E-05,0.06117,9.23E-04
-0.0902,-0.00146,-0.03294,3.59E-05,0.06217,9.16E-04
-0.08919,-0.00152,-0.03194,3.35E-05,0.06316,9.22E-04
-0.08821,-0.0015,-0.03094,2.74E-05,0.06416,9.21E-04
-0.0872,-0.0015,-0.02995,4.57E-05,0.06517,9.35E-04
-0.08621,-0.00148,-0.02894,4.51E-05,0.06619,9.32E-04
-0.08521,-0.00147,-0.02796,4.58E-05,0.06716,9.35E-04
-0.08421,-0.00145,-0.02694,4.77E-05,0.06816,9.37E-04
-0.08319,-0.00145,-0.02597,5.15E-05,0.06917,9.33E-04
-0.08221,-0.00143,-0.02493,5.97E-05,0.07018,9.49E-04
-0.08122,-0.00142,-0.02395,5.83E-05,0.07118,9.36E-04
-0.0802,-0.00142,-0.02295,6.32E-05,0.07216,9.53E-04
-0.0792,-0.0014,-0.02197,6.81E-05,0.07317,9.48E-04
-0.07818,-0.00138,-0.02095,7.69E-05,0.07416,9.50E-04
-0.07722,-0.00137,-0.01993,6.55E-05,0.07519,9.53E-04
-0.07621,-0.00136,-0.01896,8.38E-05,0.07619,9.67E-04
-0.07521,-0.00135,-0.01797,7.22E-05,0.07717,9.61E-04
-0.07419,-0.00134,-0.01696,9.60E-05,0.07816,9.77E-04
-0.07319,-0.00133,-0.01595,7.41E-05,0.07919,9.94E-04
-0.07221,-0.00131,-0.01495,9.74E-05,0.08018,9.83E-04
-0.07121,-0.00131,-0.01396,8.20E-05,0.08119,9.97E-04
-0.07019,-0.0013,-0.01296,1.02E-04,0.0822,9.98E-04
-0.0692,-0.00128,-0.01195,9.40E-05,0.08317,9.90E-04
-0.06819,-0.00126,-0.01095,1.01E-04,0.0842,0.00101
-0.06719,-0.00126,-0.00995,1.03E-04,0.08518,9.90E-04
-0.0662,-0.00126,-0.00895,1.15E-04,0.0862,0.00101
-0.06519,-0.00123,-0.00795,1.14E-04,0.08719,0.00101
-0.06418,-0.00122,-0.00695,1.10E-04,0.08819,0.00101
-0.06319,-0.00122,-0.00596,1.33E-04,0.08919,0.00101
-0.06218,-0.00121,-0.00494,1.15E-04,0.09019,0.00101
-0.0612,-0.0012,-0.00396,1.23E-04,0.09119,0.00103
-0.0602,-0.00119,-0.00295,1.38E-04,0.09217,0.00102
-0.05918,-0.00117,-0.00197,1.38E-04,0.09318,0.00103
-0.05819,-0.00117,-9.57E-04,1.32E-04,0.09419,0.00103
-0.0572,-0.00115,4.80E-05,1.49E-04,0.09519,0.00104
-0.0562,-0.00114,0.00104,1.43E-04,0.09617,0.00103
-0.05519,-0.00114,0.00205,1.56E-04,0.09718,0.00105
-0.05419,-0.00113,0.00305,1.51E-04,0.09818,0.00103
-0.05321,-0.0011,0.00405,1.58E-04,0.09919,0.00106
-0.05221,-0.00109,0.00506,1.68E-04,0.10019,0.00104
-0.05122,-0.0011,0.00604,1.65E-04,0.10119,0.00105
-0.05022,-0.00109,0.00705,1.70E-04,0.10217,0.00106
-0.04922,-0.00106,0.0081,1.80E-04,0.1032,0.00105
-0.04822,-0.00106,0.00916,1.83E-04,0.10419,0.00106
-0.04722,-0.00103,0.01016,1.78E-04,0.1052,0.00106
-0.04624,-0.00103,0.01117,1.86E-04,0.10618,0.00106
-0.04521,-0.00101,0.01214,1.85E-04,0.1072,0.00106
-0.04423,-0.00101,0.01321,3.17E-04,0.10819,0.00107
-0.0432,-9.79E-04,0.01413,1.11E-04,0.10921,0.00107
-0.0422,-9.56E-04,0.01518,2.58E-04,0.1102,0.00108
-0.04121,-9.74E-04,0.01613,1.64E-04,0.1112,0.00107
-0.0402,-9.49E-04,0.01717,2.30E-04,0.1122,0.00108
-0.03922,-9.41E-04,0.01817,1.80E-04,0.11319,0.00107
-0.03822,-9.24E-04,0.01916,2.28E-04,0.1142,0.00109
-0.03722,-9.12E-04,0.02016,1.95E-04,0.1152,0.00108
-0.0362,-9.08E-04,0.02115,2.30E-04,0.11619,0.00109
-0.03521,-8.86E-04,0.02217,2.04E-04,0.1172,0.00109
-0.0327,-0.0013,0.02316,2.20E-04,0.11819,0.0011
-0.03177,-6.75E-04,0.02417,2.11E-04,0.11918,0.00109
-0.03062,-8.29E-04,0.02516,2.15E-04,0.12021,0.00111
-0.02974,-9.56E-04,0.02616,2.13E-04,0.1212,0.0011
-0.02868,-7.13E-04,0.02716,2.24E-04,0.12219,0.00111
-0.0277,-8.79E-04,0.02817,2.10E-04,0.12319,0.00111
-0.02675,-7.89E-04,0.02916,2.18E-04,0.12421,0.00111
-0.02571,-7.74E-04,0.03015,2.15E-04,0.12521,0.00111
-0.02472,-7.99E-04,0.03116,2.19E-04,0.1262,0.00111
-0.02372,-7.53E-04,0.03217,2.18E-04,0.12719,0.00112
-0.02271,-7.62E-04,0.03315,2.20E-04,0.12819,0.00111
-0.02172,-7.40E-04,0.03416,2.37E-04,0.12919,0.00112
-0.02072,-7.29E-04,0.03515,2.20E-04,0.1302,0.00112
-0.01972,-7.10E-04,0.03616,2.28E-04,0.1312,0.00112
-0.01871,-7.19E-04,0.03717,2.43E-04,0.1322,0.00114
-0.01771,-6.96E-04,0.03816,2.36E-04,0.13318,0.0011
-0.01673,-6.76E-04,0.03919,2.37E-04,0.13418,0.00125
-0.01571,-6.79E-04,0.04016,2.48E-04,0.13521,0.00107
-0.01469,-6.71E-04,0.04117,2.44E-04,0.13616,0.00118
-0.01372,-6.61E-04,0.04217,2.61E-04,0.13721,0.00112
-0.01271,-6.41E-04,0.04316,2.48E-04,0.13818,0.00114
-0.0117,-6.50E-04,0.04416,2.59E-04,0.13921,0.00114
-0.01073,-6.54E-04,0.04516,2.62E-04,0.14018,0.00114
-0.00973,-6.04E-04,0.04617,2.74E-04,0.14119,0.00113
-0.00873,-6.29E-04,0.04717,2.58E-04,0.14218,0.00116
-0.00774,-6.21E-04,0.04816,2.80E-04,0.1432,0.00113
-0.00673,-5.91E-04,0.04916,2.60E-04,0.14418,0.00115
-0.00572,-6.01E-04,0.05016,2.85E-04,0.14519,0.00114
-0.00475,-4.48E-04,0.05115,2.74E-04,0.14619,0.00115
-0.00368,-5.61E-04,0.05216,2.84E-04,0.14719,0.00115
-0.00277,-6.27E-04,0.05317,2.86E-04,0.1482,0.00115
-0.00171,-5.03E-04,0.05415,2.96E-04,0.1492,0.00117
-7.11E-04,-5.84E-04,0.05516,2.89E-04,0.15019,0.00115
2.86E-04,-5.44E-04,0.05615,2.99E-04,0.15117,0.00116
0.00126,-5.22E-04,0.05714,2.94E-04,0.15222,0.00117
0.00228,-5.27E-04,0.05816,3.10E-04,0.1532,0.00115
0.00326,-5.25E-04,0.05916,3.06E-04,0.1542,0.00117
0.00427,-5.16E-04,0.06017,3.17E-04,0.15521,0.00116
0.00527,-5.10E-04,0.06116,3.06E-04,0.15619,0.00118
0.00627,-4.99E-04,0.06216,3.26E-04,0.15721,0.00116
0.00726,-5.09E-04,0.0632,3.18E-04,0.15821,0.00117
0.00826,-4.68E-04,0.06417,3.33E-04,0.1592,0.00118
0.00928,-4.61E-04,0.06518,3.22E-04,0.16021,0.00117
0.01028,-4.70E-04,0.06616,3.39E-04,0.16119,0.00119
0.01126,-4.51E-04,0.06718,3.34E-04,0.16221,0.00117
0.01226,-4.39E-04,0.06817,3.36E-04,0.16321,0.00119
0.01328,-4.36E-04,0.06917,3.42E-04,0.16421,0.00119
0.01428,-4.29E-04,0.07018,3.38E-04,0.16518,0.00118
0.01529,-4.07E-04,0.07116,3.52E-04,0.16618,0.00119
0.01628,-4.05E-04,0.07218,3.51E-04,0.16721,0.00119
0.01728,-3.85E-04,0.07317,3.58E-04,0.16821,0.00119
0.01829,-3.94E-04,0.07416,3.46E-04,0.1692,0.0012
0.0193,-3.58E-04,0.07519,3.66E-04,0.17019,0.00119
0.02031,-3.55E-04,0.07618,3.46E-04,0.1712,0.00121
0.02128,-3.54E-04,0.07718,3.68E-04,0.17221,0.0012
0.02228,-3.28E-04,0.07818,3.64E-04,0.1732,0.00119
0.02328,-3.24E-04,0.07917,3.69E-04,0.1742,0.00121
0.02428,-3.23E-04,0.0802,3.94E-04,0.1752,0.00121
0.02527,-3.06E-04,0.08119,3.51E-04,0.1762,0.00119
0.02629,-2.92E-04,0.08219,3.89E-04,0.17721,0.00122
0.02727,-2.70E-04,0.08316,3.72E-04,0.1782,0.0012
0.02828,-2.69E-04,0.08417,3.89E-04,0.1792,0.00122
0.02931,-2.64E-04,0.08516,3.75E-04,0.1802,0.00121
0.03028,-2.41E-04,0.08619,4.10E-04,0.1812,0.00122
0.03128,-2.29E-04,0.08718,3.82E-04,0.1822,0.00121
0.03228,-2.37E-04,0.08818,4.12E-04,0.1832,0.00123
0.03329,-2.08E-04,0.08916,3.89E-04,0.18419,0.00121
0.03427,-1.73E-04,0.0902,4.12E-04,0.18521,0.00123
0.03527,-2.00E-04,0.09119,4.10E-04,0.1862,0.00122
0.03627,-2.04E-04,0.0922,4.18E-04,0.1872,0.00123
0.03725,-1.66E-04,0.09318,4.06E-04,0.18822,0.00122
0.03826,-1.59E-04,0.0942,4.23E-04,0.1892,0.00122
0.03928,-1.51E-04,0.09519,4.12E-04,0.1902,0.00125
0.04027,-1.42E-04,0.09618,4.30E-04,0.19119,0.00123
0.04127,-1.20E-04,0.09719,4.12E-04,0.1922,0.00125
0.04227,-1.32E-04,0.0982,4.35E-04,0.1932,0.00122
0.04328,-9.50E-05,0.09917,4.23E-04,0.19421,0.00126
0.04428,-8.26E-05,0.10019,4.32E-04,0.1952,0.00123
0.04529,-9.92E-05,0.10118,4.28E-04,0.19618,0.00124
0.04625,-9.38E-05,0.10218,4.31E-04,0.1972,0.00124
0.04805,-6.14E-05,0.10317,4.36E-04,0.19819,0.00124
0.04977,-4.33E-05,0.10416,4.44E-04,0.1992,0.00125
0.05077,-4.30E-05,0.1052,4.43E-04,0.2002,0.00125
0.05176,-2.31E-05,0.10616,4.41E-04,0.2012,0.00125
0.05278,1.99E-05,0.10717,4.55E-04,0.20222,0.00125
0.05378,-9.60E-06,0.10816,4.38E-04,0.20319,0.00124
0.05477,1.71E-05,0.10916,4.63E-04,0.20417,0.00125
0.05578,2.95E-05,0.11019,4.47E-04,0.20521,0.00127
0.05677,5.20E-05,0.11116,4.57E-04,0.20619,0.00125
0.05778,4.97E-05,0.11218,4.58E-04,0.2072,0.00127
0.05878,4.17E-05,0.11316,4.59E-04,0.2082,0.00125
0.05977,1.26E-04,0.11416,4.60E-04,0.20921,0.00128
0.06081,9.52E-05,0.11516,4.67E-04,0.21018,0.00125
0.06178,7.20E-05,0.11617,4.49E-04,0.21118,0.00129
0.06279,1.42E-04,0.11719,4.79E-04,0.21219,0.00126
0.06387,1.30E-04,0.11818,4.63E-04,0.2132,0.00129
0.06489,1.34E-04,0.11916,4.69E-04,0.21419,0.00126
0.06588,1.57E-04,0.12018,4.66E-04,0.21518,0.00128
0.06689,1.48E-04,0.12117,4.74E-04,0.21617,0.00128
0.06789,1.81E-04,0.12218,4.71E-04,0.2172,0.00129
0.0689,1.84E-04,0.12316,4.74E-04,0.21818,0.00128
0.06987,1.76E-04,0.12419,4.80E-04,0.21918,0.00129
0.07088,2.09E-04,0.12517,4.71E-04,0.22018,0.00129
0.07189,2.12E-04,0.12617,4.92E-04,0.22119,0.00129
0.07289,2.39E-04,0.12718,4.75E-04,0.22218,0.00129
0.0739,2.29E-04,0.12816,4.87E-04,0.22318,0.0013
0.07489,2.54E-04,0.12916,4.86E-04,0.22417,0.0013
0.0759,2.55E-04,0.13019,4.92E-04,0.22518,0.0013
0.07689,2.51E-04,0.13119,4.83E-04,0.22619,0.00132
0.0779,2.76E-04,0.13218,4.95E-04,0.22718,0.00129
0.07887,3.95E-04,0.13316,4.85E-04,0.22819,0.00132
0.07996,3.96E-04,0.13417,5.02E-04,0.22919,0.00129
0.08088,1.77E-04,0.13517,4.90E-04,0.2302,0.00132
0.08188,3.99E-04,0.13618,4.99E-04,0.23118,0.00131
0.08294,3.16E-04,0.13718,5.10E-04,0.2322,0.00132
0.08388,2.84E-04,0.13816,4.91E-04,0.23321,0.00131
0.08487,3.88E-04,0.13919,5.16E-04,0.23417,0.00133
0.08589,3.54E-04,0.14019,4.94E-04,0.23519,0.00132
0.0869,3.60E-04,0.14118,5.07E-04,0.23618,0.00133
0.08793,3.85E-04,0.14215,5.08E-04,0.23721,0.00133
0.0889,3.89E-04,0.14317,5.22E-04,0.2382,0.00134
0.0899,4.10E-04,0.14417,5.05E-04,0.23921,0.00134
0.09088,3.93E-04,0.14516,5.17E-04,0.2402,0.00134
0.09191,4.48E-04,0.14616,5.13E-04,0.24121,0.00134
0.09292,4.38E-04,0.14717,5.19E-04,0.2422,0.00135
0.0939,4.55E-04,0.14816,5.15E-04,0.24323,0.00134
0.09489,4.49E-04,0.14917,5.18E-04,0.2442,0.00135
0.0959,4.77E-04,0.15016,5.21E-04,0.2452,0.00134
0.09691,5.12E-04,0.15117,5.22E-04,0.24621,0.00136
0.0979,4.68E-04,0.15214,5.17E-04,0.24719,0.00134
0.09887,5.14E-04,0.15316,5.30E-04,0.24821,0.00135
0.09991,5.29E-04,0.15413,5.21E-04,0.24919,0.00136
0.1009,5.28E-04,0.15515,5.36E-04,0.25021,0.00134
0.10189,5.62E-04,0.15617,5.34E-04,0.2512,0.00137
0.10292,5.32E-04,0.15715,5.31E-04,0.2522,0.00135
0.10389,5.62E-04,0.15814,5.72E-04,0.25319,0.00135
0.1049,6.01E-04,0.15922,5.78E-04,0.25419,0.00137
0.10593,5.66E-04,0.16012,5.16E-04,0.25522,0.00135
0.1069,5.76E-04,0.16119,5.64E-04,0.2562,0.00137
0.1079,6.20E-04,0.16214,5.33E-04,0.25721,0.00137
0.1089,6.08E-04,0.16317,5.58E-04,0.2582,0.00136
0.1099,6.20E-04,0.16416,5.36E-04,0.2592,0.00137
0.1109,6.36E-04,0.1652,5.60E-04,0.2602,0.00137
0.11191,6.80E-04,0.16617,5.45E-04,0.2612,0.00138
0.11291,6.55E-04,0.16717,5.61E-04,0.26222,0.00137
0.1139,6.72E-04,0.16816,5.48E-04,0.2632,0.00138
0.11491,6.97E-04,0.16918,5.62E-04,0.2642,0.00137
0.1159,7.29E-04,0.17017,5.57E-04,0.2652,0.00139
0.11691,7.14E-04,0.17118,5.67E-04,0.2662,0.00137
0.11788,7.41E-04,0.17216,5.47E-04,0.2672,0.0014
0.11889,7.76E-04,0.17317,5.77E-04,0.26819,0.00138
0.11991,7.62E-04,0.17417,5.57E-04,0.26921,0.00138
0.1209,7.78E-04,0.17516,5.72E-04,0.27019,0.00139
0.12191,8.25E-04,0.17618,5.63E-04,0.2712,0.00139
0.12293,8.19E-04,0.17717,5.73E-04,0.2722,0.00139
0.1239,8.33E-04,0.17817,5.71E-04,0.27319,0.00138
0.12492,8.45E-04,0.17919,5.70E-04,0.2742,0.0014
0.12591,8.83E-04,0.18016,5.69E-04,0.27519,0.00139
0.12689,8.74E-04,0.18118,5.79E-04,0.27618,0.00142
0.1279,9.00E-04,0.1822,5.75E-04,0.27721,0.0014
0.1289,9.32E-04,0.18318,5.85E-04,0.2782,0.00139
0.12988,9.60E-04,0.18418,5.73E-04,0.27917,0.00142
0.13091,9.77E-04,0.18518,5.90E-04,0.2802,0.0014
0.13192,9.51E-04,0.18617,5.78E-04,0.28118,0.00142
0.13291,0.00101,0.18715,5.95E-04,0.28221,0.0014
0.13391,0.00101,0.18818,5.81E-04,0.28316,0.00142
0.13491,0.00103,0.18918,5.95E-04,0.28423,0.00154
0.1359,0.00106,0.19017,5.87E-04,0.28518,0.00132
0.13692,0.00109,0.19117,5.91E-04,0.28619,0.0015
0.13792,0.0011,0.19216,5.91E-04,0.28721,0.00137
0.1389,0.0011,0.19316,5.94E-04,0.28818,0.00145
0.13992,0.00114,0.19417,6.06E-04,0.2892,0.00141
0.14093,0.00117,0.19517,5.92E-04,0.29019,0.00142
0.14192,0.00117,0.19617,6.02E-04,0.29118,0.00144
0.14291,0.0012,0.19717,5.97E-04,0.29219,0.00142
0.14394,0.00125,0.19818,6.04E-04,0.29318,0.00145
0.14494,0.00126,0.19919,5.96E-04,0.29421,0.00144
0.14593,0.00129,0.20017,6.12E-04,0.29519,0.00144
0.14692,0.0013,0.20116,6.04E-04,0.29619,0.00144
0.1479,0.00133,0.20215,6.13E-04,0.29717,0.00144
0.14892,0.00157,0.20318,6.11E-04,0.29819,0.00146
0.14997,0.00133,0.20415,6.12E-04,0.29918,0.00144
0.1509,0.00135,0.20518,6.14E-04,0.30019,0.00146
0.15194,0.00154,0.20616,6.24E-04,0.3012,0.00144
0.15294,0.00145,0.20718,6.17E-04,0.30219,0.00147
0.15392,0.00149,0.20818,6.25E-04,0.3032,0.00144
0.15492,0.00157,0.20915,6.17E-04,0.30419,0.00146
0.15593,0.00158,0.21017,6.29E-04,0.3052,0.00146
0.1569,0.00157,0.21116,6.22E-04,0.30619,0.00146
0.1579,0.00164,0.21215,6.27E-04,0.30719,0.00146
0.15893,0.0017,0.21316,6.31E-04,0.3082,0.00147
0.15993,0.00168,0.21418,6.38E-04,0.30921,0.00147
0.1609,0.00173,0.21518,6.28E-04,0.31022,0.00145
0.16193,0.00179,0.21618,6.49E-04,0.31119,0.00147
0.16293,0.00184,0.21718,6.24E-04,0.31221,0.00147
0.16394,0.00182,0.2182,6.44E-04,0.31318,0.00146
0.16493,0.00189,0.21917,6.37E-04,0.31422,0.00148
0.16591,0.00196,0.2202,6.51E-04,0.3152,0.00147
0.16692,0.00199,0.22117,6.39E-04,0.3162,0.00148
0.16865,0.00197,0.22215,6.49E-04,0.31721,0.00148
0.17044,0.00215,0.22318,6.47E-04,0.3182,0.00148
0.17143,0.00218,0.2242,6.57E-04,0.31919,0.0015
0.17243,0.00224,0.22516,6.48E-04,0.32021,0.00148
0.17341,0.00229,0.22617,6.77E-04,0.32121,0.0015
0.17443,0.00233,0.22716,6.38E-04,0.32219,0.00148
0.17543,0.00239,0.22816,6.73E-04,0.32321,0.00151
0.17643,0.00245,0.22919,6.61E-04,0.32421,0.00149
0.17743,0.0025,0.23018,6.59E-04,0.32519,0.00151
0.17842,0.00252,0.23117,6.69E-04,0.32619,0.00149
0.17942,0.00259,0.23216,6.76E-04,0.3272,0.00151
0.18042,0.00281,0.23317,6.69E-04,0.32822,0.00153
0.18142,0.00272,0.23418,6.79E-04,0.32921,0.0015
0.18243,0.00278,0.23517,6.82E-04,0.33019,0.00154
0.18341,0.00287,0.23616,6.72E-04,0.33119,0.00151
0.18442,0.00292,0.23719,7.00E-04,0.3322,0.00154
0.18543,0.00297,0.23816,6.74E-04,0.3332,0.00152
0.1864,0.00305,0.23919,7.11E-04,0.33418,0.00154
0.18742,0.00314,0.24016,6.78E-04,0.33521,0.00154
0.18842,0.00318,0.24117,7.12E-04,0.33621,0.00154
0.1894,0.00325,0.24218,6.88E-04,0.33719,0.00155
0.19043,0.00333,0.24316,7.11E-04,0.33821,0.00155
0.19142,0.00343,0.24419,7.02E-04,0.3392,0.00156
0.1924,0.00348,0.24518,7.15E-04,0.34021,0.00156
0.19341,0.00357,0.24619,7.17E-04,0.34119,0.00157
0.19443,0.00366,0.24718,7.22E-04,0.34222,0.00157
0.19543,0.00374,0.2482,7.19E-04,0.34321,0.00157
0.19642,0.00381,0.24919,7.18E-04,0.3442,0.00158
0.19743,0.0039,0.2502,7.33E-04,0.34519,0.00159
0.19843,0.00401,0.25117,7.27E-04,0.3462,0.00159
0.19943,0.00409,0.25219,7.31E-04,0.3472,0.00159
0.20044,0.00436,0.25318,7.32E-04,0.34821,0.00161
0.20141,0.0043,0.25417,7.46E-04,0.34921,0.0016
0.20242,0.00441,0.25517,7.47E-04,0.35018,0.00161
0.20342,0.00448,0.25618,7.52E-04,0.35119,0.00162
0.20443,0.0046,0.25717,7.58E-04,0.35219,0.00161
0.20541,0.00472,0.25818,7.60E-04,0.35321,0.00164
0.20641,0.00481,0.25917,7.66E-04,0.35421,0.00163
0.20742,0.00493,0.26017,7.71E-04,0.35519,0.00163
0.20841,0.00505,0.26118,7.77E-04,0.35619,0.00164
0.20943,0.00517,0.26217,7.81E-04,0.3572,0.00165
0.21039,0.00528,0.26317,7.85E-04,0.35821,0.00166
0.21141,0.0054,0.26418,7.95E-04,0.35919,0.00165
0.2124,0.00569,0.26518,8.01E-04,0.3602,0.00168
0.21342,0.00568,0.26617,7.94E-04,0.36118,0.00166
0.21443,0.00581,0.26719,8.10E-04,0.3622,0.00168
0.21543,0.00594,0.26818,8.02E-04,0.36321,0.00169
0.21642,0.00611,0.26918,8.21E-04,0.3642,0.0017
0.21743,0.00623,0.27016,8.17E-04,0.36518,0.00168
0.21842,0.00637,0.27118,8.29E-04,0.36619,0.00171
0.21941,0.00655,0.2722,8.33E-04,0.36718,0.00169
0.22042,0.00668,0.27318,8.32E-04,0.36818,0.00172
0.22141,0.00683,0.27419,8.52E-04,0.36918,0.00173
0.22243,0.00698,0.27516,8.49E-04,0.37017,0.00173
0.22343,0.00739,0.27618,8.60E-04,0.37117,0.00175
0.22441,0.00731,0.27718,8.71E-04,0.37219,0.00175
0.22539,0.00751,0.2782,8.76E-04,0.37319,0.00177
0.22642,0.00769,0.27918,8.79E-04,0.37418,0.00176
0.22742,0.00788,0.28017,8.89E-04,0.37518,0.00177
0.22841,0.00804,0.28119,8.98E-04,0.37617,0.00179
0.2294,0.00824,0.28218,8.98E-04,0.37718,0.00178
0.23041,0.00842,0.2832,9.13E-04,0.37817,0.0018
0.23141,0.00863,0.28418,9.25E-04,0.37997,0.00202
0.23242,0.00898,0.28518,9.23E-04,0.38169,0.00183
0.23343,0.00904,0.28617,9.39E-04,0.38268,0.00187
0.23441,0.00927,0.28719,9.50E-04,0.38369,0.00186
0.23541,0.00945,0.2882,9.42E-04,0.38468,0.00189
0.23642,0.00964,0.28917,9.91E-04,0.38566,0.00189
0.23742,0.0099,0.29023,0.00105,0.38669,0.00191
0.23842,0.01013,0.29116,9.18E-04,0.38768,0.00193
0.23943,0.01055,0.2922,0.00105,0.38868,0.00193
0.2404,0.01059,0.29318,9.65E-04,0.38969,0.00195
0.24141,0.01086,0.29419,0.00105,0.39069,0.00195
0.24245,0.01108,0.29518,0.001,0.39169,0.00198
0.24341,0.01133,0.2962,0.00105,0.39271,0.00198
0.24444,0.01157,0.2972,0.00104,0.3937,0.00199
0.24545,0.01203,0.29821,0.00106,0.3947,0.002
0.24643,0.01209,0.29919,0.00107,0.39569,0.00202
0.24743,0.01236,0.30021,0.00109,0.39671,0.00204
0.24845,0.01267,0.3012,0.00108,0.39771,0.00204
0.24943,0.01292,0.30221,0.00112,0.39871,0.00206
0.25043,0.0132,0.30319,0.0011,0.3997,0.00208
0.25144,0.01371,0.30419,0.00114,0.40071,0.00208
0.25243,0.0138,0.30518,0.00114,0.40169,0.0021
0.25343,0.01409,0.30618,0.00116,0.4027,0.00211
0.25443,0.01439,0.30719,0.00117,0.40369,0.00213
0.25543,0.0147,0.30817,0.00118,0.40471,0.00217
0.25644,0.01526,0.30917,0.0012,0.40568,0.00217
0.25743,0.01535,0.31019,0.00122,0.4067,0.00219
0.25843,0.01567,0.31119,0.00123,0.40769,0.00221
0.25943,0.01603,0.31221,0.00124,0.4087,0.00223
0.26042,0.01633,0.3132,0.00126,0.40969,0.00225
0.26143,0.01688,0.31419,0.00128,0.41069,0.00226
0.26241,0.01706,0.31521,0.00129,0.41171,0.00228
0.26342,0.01745,0.3162,0.00132,0.4127,0.00231
0.26443,0.01774,0.3172,0.00132,0.4137,0.00231
0.26545,0.01822,0.31819,0.00134,0.4147,0.00234
0.26644,0.01851,0.31921,0.00136,0.41569,0.00236
0.26744,0.01889,0.32022,0.00138,0.4167,0.00238
0.26843,0.0192,0.3212,0.00139,0.4177,0.00239
0.27016,0.01979,0.32222,0.00142,0.41869,0.00243
0.27193,0.02061,0.32321,0.00143,0.41968,0.00245
0.27292,0.02099,0.32423,0.00145,0.42071,0.00247
0.27391,0.02161,0.32521,0.00146,0.4217,0.00249
0.27492,0.02191,0.32622,0.0015,0.42268,0.00251
0.27592,0.02226,0.32722,0.00151,0.4237,0.00255
0.27691,0.02271,0.3282,0.00154,0.42469,0.00256
0.2779,0.02334,0.32923,0.00156,0.42568,0.00258
0.27892,0.02359,0.3302,0.00158,0.42669,0.0026
0.27992,0.02402,0.33122,0.00162,0.4277,0.00264
0.28093,0.02452,0.33221,0.00161,0.42869,0.00264
0.28192,0.02506,0.33322,0.00166,0.42967,0.00268
0.28291,0.02541,0.33422,0.00167,0.43071,0.0027
0.28391,0.02584,0.33522,0.00171,0.4317,0.00273
0.28492,0.02655,0.33622,0.00173,0.43269,0.00275
0.28591,0.02684,0.33721,0.00176,0.43369,0.00279
0.2869,0.02728,0.3382,0.00178,0.4347,0.00281
0.2879,0.02793,0.33922,0.00181,0.43569,0.00284
0.28891,0.02839,0.34096,0.0018,0.43668,0.00288
0.28991,0.02879,0.34269,0.0019,0.43771,0.00291
0.29093,0.02941,0.34369,0.00194,0.4387,0.00294
0.29192,0.02993,0.3447,0.00199,0.43969,0.00296
0.29291,0.03035,0.34571,0.00203,0.4407,0.00301
0.29391,0.03084,0.34672,0.00204,0.4417,0.0032
0.29492,0.0316,0.34772,0.00208,0.4427,0.00305
0.29592,0.03201,0.3487,0.00211,0.44369,0.00312
0.2969,0.03263,0.3497,0.00214,0.44469,0.00315
0.29791,0.03309,0.35071,0.00218,0.44569,0.00319
0.29891,0.03366,0.35171,0.00221,0.4467,0.00323
0.29992,0.03439,0.3527,0.00225,0.44768,0.00327
0.3009,0.03477,0.3537,0.00227,0.44868,0.00333
0.30189,0.03534,0.3547,0.00233,0.44968,0.00334
0.30289,0.03618,0.3557,0.00236,0.45068,0.00338
0.3039,0.03655,0.35671,0.0024,0.45169,0.00344
0.30489,0.0371,0.3577,0.00244,0.45268,0.00347
0.3059,0.03796,0.35868,0.00248,0.45369,0.00352
0.3069,0.03838,0.3597,0.00253,0.45467,0.00357
0.30789,0.03909,0.3607,0.00256,0.45569,0.00361
0.3089,0.03962,0.36169,0.00261,0.45669,0.00366
0.30988,0.04026,0.36268,0.00265,0.45769,0.0037
0.31088,0.04109,0.36369,0.00269,0.45867,0.00375
0.31189,0.04149,0.36472,0.00275,0.45968,0.00379
0.3129,0.04235,0.36572,0.0028,0.4607,0.00383
0.31392,0.04289,0.36672,0.00284,0.46167,0.00389
0.3149,0.04346,0.36772,0.00289,0.4627,0.00397
0.3159,0.04432,0.3687,0.00294,0.4637,0.00397
0.31689,0.04491,0.36971,0.00299,0.46467,0.00405
0.31792,0.04575,0.37071,0.00304,0.46566,0.00409
0.31889,0.04623,0.3717,0.00309,0.46668,0.00415
0.31989,0.04707,0.37273,0.00316,0.46769,0.00438
0.32091,0.04773,0.37372,0.0032,0.46868,0.00423
0.32191,0.04835,0.37473,0.00332,0.46969,0.00434
0.32291,0.04922,0.37573,0.00332,0.47069,0.00437
0.32392,0.04992,0.37671,0.00337,0.4717,0.00444
0.32492,0.0507,0.3777,0.00343,0.47267,0.00452
0.32591,0.05129,0.37871,0.0035,0.4737,0.00456
0.3269,0.05227,0.37971,0.00355,0.4747,0.00461
0.32792,0.05289,0.3807,0.00361,0.47569,0.00469
0.32892,0.05385,0.38168,0.00368,0.47669,0.00475
0.32989,0.05436,0.38269,0.00374,0.4777,0.00481
0.33092,0.05541,0.3837,0.0038,0.47869,0.00488
0.3319,0.05605,0.3847,0.00386,0.47968,0.00495
0.3329,0.05696,0.38568,0.00394,0.48068,0.00502
0.3339,0.05756,0.3867,0.00401,0.48168,0.0051
0.33492,0.05867,0.38769,0.00407,0.48269,0.00514
0.33591,0.05928,0.38869,0.00415,0.48368,0.00523
0.33693,0.06025,0.38969,0.00421,0.48469,0.0053
0.33793,0.06092,0.39069,0.00429,0.48567,0.00536
0.33892,0.06204,0.3917,0.00436,0.48669,0.00547
0.33993,0.06264,0.3927,0.00443,0.48769,0.00572
0.34091,0.06369,0.39371,0.00463,0.48866,0.0056
0.34192,0.06463,0.39469,0.00457,0.48967,0.00569
0.34294,0.0654,0.3957,0.00468,0.49067,0.00577
0.34392,0.06628,0.39669,0.00475,0.49167,0.00585
0.34492,0.06707,0.39771,0.00484,0.49266,0.00593
0.34591,0.06827,0.39871,0.00491,0.49367,0.00601
0.3469,0.0689,0.39971,0.00499,0.49469,0.00612
0.34791,0.07002,0.4007,0.00509,0.49569,0.00618
0.3489,0.07082,0.40169,0.00517,0.49668,0.00628
0.34989,0.0719,0.4027,0.00525,0.49767,0.00636
0.35092,0.07289,0.40371,0.00535,0.49868,0.00645
0.35194,0.0736,0.40471,0.00543,0.4997,0.00654
0.35291,0.07494,0.4057,0.00552,0.50069,0.00662
0.35389,0.07568,0.4067,0.00561,0.50167,0.00673
0.35491,0.0767,0.40769,0.0057,0.50269,0.00704
0.35592,0.0778,0.40869,0.00586,0.50367,0.00689
0.35691,0.07884,0.40969,0.00588,0.50468,0.00702
0.35791,0.07985,0.41069,0.006,0.50569,0.00712
0.35892,0.08083,0.41171,0.0061,0.50668,0.00725
0.3599,0.08196,0.4127,0.00619,0.5077,0.00733
0.36091,0.08301,0.41368,0.00629,0.50869,0.00742
0.36193,0.08412,0.4147,0.00639,0.5097,0.00752
0.36289,0.08501,0.41568,0.00649,0.51068,0.00765
0.36391,0.0864,0.41668,0.0066,0.51168,0.00773
0.36491,0.08745,0.4177,0.0067,0.51268,0.00785
0.36591,0.0883,0.41869,0.00681,0.51369,0.00797
0.36692,0.08966,0.41969,0.00691,0.51466,0.00814
0.36791,0.09084,0.42068,0.00702,0.51569,0.00822
0.36892,0.09191,0.4217,0.00713,0.51667,0.00831
0.3699,0.09286,0.42271,0.00732,0.51768,0.00845
0.37091,0.09431,0.42368,0.00736,0.51868,0.00853
0.37191,0.09546,0.4247,0.00747,0.51967,0.00865
0.37291,0.09636,0.42567,0.00758,0.52067,0.00878
0.3739,0.09775,0.42669,0.00771,0.52166,0.00891
0.37491,0.0991,0.42769,0.00782,0.52267,0.009
0.37589,0.10021,0.4287,0.00794,0.52367,0.00916
0.37689,0.10131,0.4297,0.00805,0.52466,0.00926
0.37789,0.10262,0.4307,0.00818,0.52566,0.00954
0.37891,0.10404,0.43169,0.00829,0.52666,0.00954
0.37991,0.10515,0.4327,0.00842,0.52768,0.00968
0.38091,0.10648,0.4337,0.00866,0.52867,0.00979
0.3819,0.10788,0.4347,0.00865,0.52968,0.00994
0.38291,0.10894,0.4357,0.0088,0.53066,0.01005
0.38391,0.11034,0.4367,0.00892,0.53165,0.01019
0.38488,0.11184,0.43771,0.00904,0.53266,0.01033
0.38591,0.11325,0.43871,0.00917,0.53368,0.01045
0.3869,0.11444,0.43969,0.00931,0.53466,0.01059
0.3879,0.11561,0.4407,0.00944,0.53567,0.01095
0.3889,0.11738,0.44169,0.00956,0.53666,0.01087
0.3899,0.11852,0.44269,0.0097,0.53767,0.01105
0.39092,0.11993,0.44371,0.00982,0.53866,0.01119
0.39192,0.12149,0.44469,0.01005,0.53969,0.01133
0.39291,0.12299,0.44571,0.01011,0.54068,0.01148
0.3939,0.12433,0.44668,0.01024,0.54166,0.01159
0.3949,0.12557,0.4477,0.01038,0.54266,0.01175
0.39592,0.12732,0.4487,0.01053,0.54368,0.01191
0.39691,0.12879,0.4497,0.01066,0.54466,0.01218
0.39789,0.12996,0.4507,0.01079,0.5457,0.01223
0.39889,0.13157,0.4517,0.01094,0.54667,0.01236
0.39989,0.13342,0.45269,0.01108,0.54767,0.01253
0.40089,0.13463,0.45369,0.01135,0.54869,0.01267
0.40192,0.13618,0.45469,0.01136,0.54968,0.01282
0.40291,0.13802,0.45569,0.0115,0.55068,0.01296
0.40391,0.13948,0.4567,0.01167,0.55169,0.01313
0.40492,0.1409,0.4577,0.01181,0.55269,0.01328
0.40589,0.14254,0.45869,0.01195,0.55371,0.01367
0.40691,0.14435,0.45969,0.0121,0.55467,0.01358
0.40789,0.14585,0.46066,0.01225,0.55569,0.01376
0.4089,0.1474,0.46168,0.0124,0.55669,0.0139
0.40989,0.14909,0.46268,0.01254,0.55771,0.01408
0.41088,0.15096,0.46368,0.01278,0.5587,0.01421
0.41188,0.15227,0.46468,0.01287,0.55968,0.01436
0.4129,0.1541,0.46569,0.013,0.56068,0.01452
0.4139,0.15618,0.46667,0.01316,0.56167,0.01472
0.4149,0.15756,0.46769,0.01331,0.5627,0.01494
0.4159,0.15937,0.46867,0.01347,0.56368,0.015
0.4169,0.16099,0.4697,0.0136,0.56469,0.01515
0.4179,0.1631,0.47068,0.01378,0.56568,0.01531
0.41891,0.1647,0.47169,0.01391,0.56668,0.01547
0.41991,0.16615,0.4727,0.01417,0.56771,0.0156
0.42089,0.16849,0.4737,0.01425,0.56868,0.01573
0.42189,0.17003,0.47468,0.01441,0.56967,0.01588
0.4229,0.17187,0.47569,0.01456,0.57071,0.01633
0.42392,0.17364,0.47669,0.0147,0.57168,0.01618
0.4249,0.17571,0.47769,0.01486,0.57269,0.01635
0.42591,0.1776,0.47868,0.01503,0.57367,0.0165
0.4269,0.17904,0.47969,0.01517,0.57469,0.01663
0.42792,0.18154,0.48069,0.01545,0.57568,0.01676
0.42888,0.18327,0.48171,0.01549,0.57671,0.01689
0.4299,0.18503,0.4827,0.01567,0.5777,0.01706
0.43089,0.18681,0.48368,0.01584,0.57868,0.01715
0.43191,0.18935,0.48471,0.01597,0.57968,0.01729
0.43291,0.19095,0.4857,0.01615,0.58069,0.01769
0.4339,0.19274,0.48671,0.01631,0.58168,0.01756
0.4349,0.19505,0.48772,0.01647,0.5827,0.01768
0.43592,0.19717,0.48872,0.01662,0.58368,0.01779
0.43691,0.19892,0.48972,0.01689,0.58471,0.01793
0.43864,0.20223,0.49072,0.01696,0.58569,0.01804
0.4404,0.20659,0.4917,0.01713,0.58668,0.0181
0.44138,0.20791,0.49272,0.01728,0.58842,0.01828
0.4424,0.21074,0.49369,0.01745,0.59018,0.01849
0.44338,0.21274,0.4947,0.0176,0.59115,0.0186
0.44438,0.2145,0.49572,0.01776,0.59217,0.0187
0.44539,0.21652,0.49672,0.01792,0.59317,0.01902
0.44635,0.21932,0.49844,0.01818,0.59417,0.0189
0.44736,0.22113,0.50018,0.01852,0.59517,0.01898
0.44837,0.22304,0.50119,0.01867,0.59617,0.01911
0.44938,0.22581,0.50218,0.01883,0.59718,0.01915
0.45036,0.22817,0.50317,0.01899,0.59816,0.01921
0.45135,0.23007,0.50417,0.01916,0.59917,0.01931
0.45236,0.23213,0.50518,0.01931,0.60018,0.01939
0.45336,0.235,0.50617,0.01946,0.60116,0.01941
0.45438,0.23732,0.50717,0.01968,0.60217,0.01948
0.45538,0.23907,0.50818,0.01982,0.60317,0.01954
0.45637,0.24163,0.50917,0.01998,0.60418,0.0196
0.45737,0.24438,0.51017,0.02012,0.60516,0.01963
0.45838,0.2464,0.51116,0.02028,0.60617,0.01967
0.45939,0.24835,0.51216,0.02045,0.60716,0.01971
0.46038,0.25138,0.51317,0.02061,0.60815,0.01975
0.46138,0.25384,0.51417,0.02076,0.60915,0.01978
0.46239,0.25592,0.51517,0.02092,0.61017,0.01978
0.46338,0.25817,0.51618,0.02118,0.61116,0.01982
0.46439,0.26136,0.51715,0.02126,0.61215,0.01983
0.4654,0.26361,0.51815,0.02139,0.61314,0.01982
0.46641,0.26565,0.51917,0.02158,0.61415,0.01986
0.46741,0.26886,0.52018,0.02172,0.61515,0.01988
0.46839,0.27135,0.52117,0.0219,0.61618,0.01986
0.46939,0.27355,0.52214,0.02203,0.61715,0.01986
0.4704,0.27586,0.52318,0.0222,0.61815,0.01986
0.4714,0.27921,0.52417,0.02236,0.61916,0.01984
0.47239,0.28156,0.52518,0.02259,0.62015,0.01982
0.47339,0.28364,0.52617,0.02269,0.62116,0.01979
0.47439,0.28654,0.52716,0.02283,0.62216,0.0198
0.47541,0.28987,0.52816,0.02298,0.62316,0.01977
0.47639,0.29197,0.52918,0.02315,0.62417,0.0197
0.4774,0.29427,0.53017,0.02329,0.62516,0.01975
0.4784,0.29803,0.53117,0.02345,0.62616,0.01969
0.47942,0.30047,0.53216,0.02359,0.62715,0.01965
0.48041,0.30268,0.53317,0.02386,0.62816,0.0196
0.4814,0.30536,0.53418,0.02392,0.62916,0.01957
0.48241,0.30928,0.53515,0.02407,0.63015,0.01955
0.48341,0.31135,0.53619,0.02421,0.63116,0.01945
0.48439,0.31375,0.53715,0.02436,0.63214,0.01941
0.48539,0.31704,0.53817,0.02452,0.63315,0.0194
0.48638,0.32036,0.53918,0.02465,0.63415,0.01934
0.48741,0.32241,0.54018,0.0248,0.63517,0.01926
0.4884,0.32507,0.54118,0.02494,0.63618,0.01923
0.48939,0.32906,0.54215,0.02509,0.63718,0.01916
0.49038,0.33167,0.54317,0.02537,0.63816,0.01904
0.49139,0.33412,0.54417,0.02541,0.63915,0.01903
0.49241,0.33722,0.54517,0.02555,0.64017,0.01898
0.49338,0.34097,0.54615,0.0257,0.64117,0.01886
0.4944,0.34359,0.54716,0.02582,0.64216,0.01885
0.49538,0.34568,0.54817,0.02597,0.64316,0.01876
0.49639,0.34983,0.54917,0.02611,0.64417,0.01871
0.49737,0.35304,0.55017,0.02626,0.64515,0.01859
0.49837,0.35528,0.55115,0.02639,0.64616,0.01851
0.49937,0.35848,0.55216,0.02661,0.64716,0.01851
0.50039,0.36254,0.55316,0.02668,0.64817,0.01836
0.50139,0.36537,0.55419,0.02683,0.64916,0.01832
0.5024,0.36771,0.55519,0.02697,0.65017,0.01822
0.5034,0.37138,0.55616,0.02708,0.65118,0.01817
0.5044,0.37546,0.55717,0.02722,0.65216,0.01808
0.50539,0.37772,0.55816,0.02736,0.65316,0.01795
0.50639,0.38053,0.55917,0.02749,0.65417,0.01793
0.50739,0.38504,0.56016,0.02761,0.65516,0.01782
0.5084,0.38827,0.56116,0.02775,0.65616,0.01771
0.5094,0.39053,0.56216,0.02799,0.65718,0.01766
0.5104,0.39432,0.56316,0.02803,0.65818,0.01755
0.5114,0.39849,0.56416,0.02815,0.65916,0.01752
0.51239,0.40102,0.56517,0.02828,0.66017,0.01736
0.51338,0.40379,0.56616,0.0284,0.66116,0.01728
0.51438,0.40807,0.56718,0.02855,0.66216,0.01726
0.51537,0.412,0.56816,0.02865,0.66315,0.01711
0.5164,0.41462,0.56918,0.02878,0.66415,0.01703
0.51738,0.41782,0.57017,0.02889,0.66517,0.0164
0.51839,0.42274,0.57117,0.02904,0.66615,0.01686
0.51939,0.42554,0.57216,0.02915,0.66715,0.01692
0.52038,0.42823,0.57316,0.02936,0.66816,0.01671
0.52139,0.43267,0.57416,0.02939,0.66916,0.01666
0.52238,0.43656,0.57516,0.02954,0.67015,0.01657
0.52339,0.43948,0.57616,0.02965,0.67116,0.01649
0.52439,0.44272,0.57716,0.02974,0.67215,0.01642
0.52539,0.44748,0.57816,0.02988,0.67315,0.01639
0.52638,0.45128,0.57917,0.03,0.67415,0.0163
0.52738,0.45341,0.58015,0.03009,0.67516,0.01622
0.5284,0.45771,0.58116,0.03021,0.67616,0.01616
0.52938,0.46236,0.58216,0.03031,0.67713,0.01611
0.53039,0.46518,0.58315,0.03043,0.67814,0.01602
0.53139,0.46849,0.58417,0.03067,0.67915,0.016
0.53237,0.47347,0.58514,0.03065,0.68014,0.01593
0.53338,0.47754,0.58618,0.03077,0.68114,0.01588
0.53436,0.48024,0.58715,0.03087,0.68213,0.01581
0.53538,0.48419,0.58817,0.03099,0.68313,0.01576
0.53638,0.48924,0.58914,0.03107,0.68414,0.01572
0.53738,0.49219,0.59015,0.03119,0.68514,0.0157
0.53837,0.49512,0.59115,0.03129,0.68615,0.01565
0.53938,0.50007,0.59215,0.0314,0.68713,0.01494
0.54039,0.50471,0.59317,0.03147,0.68814,0.01578
0.54139,0.50766,0.59415,0.03159,0.68915,0.0155
0.54236,0.51112,0.59515,0.03167,0.69015,0.01545
0.54339,0.51698,0.59613,0.03179,0.69115,0.01542
0.54438,0.52017,0.59716,0.03187,0.69215,0.01538
0.54538,0.52344,0.59817,0.03209,0.69313,0.01531
0.54637,0.52777,0.59913,0.03208,0.69415,0.01532
0.54736,0.53306,0.60013,0.03217,0.69513,0.01527
0.54838,0.53629,0.60113,0.03226,0.69614,0.01526
0.54938,0.53918,0.60216,0.03234,0.69715,0.0152
0.55037,0.54537,0.60313,0.03242,0.69814,0.01516
0.55137,0.54908,0.60415,0.03252,0.69914,0.01514
0.55239,0.55194,0.60515,0.03262,0.70014,0.01511
0.55337,0.55632,0.60613,0.03267,0.70114,0.01504
0.55438,0.56183,0.60714,0.03276,0.70215,0.01505
0.5554,0.56532,0.60813,0.03286,0.70315,0.01503
0.55638,0.56826,0.60914,0.03293,0.70413,0.01498
0.55737,0.57428,0.61015,0.03301,0.70513,0.01497
0.55837,0.57871,0.61113,0.03309,0.70614,0.01491
0.55939,0.58167,0.61215,0.03331,0.70712,0.01493
0.56037,0.58581,0.61313,0.03329,0.70813,0.01487
0.56137,0.59164,0.6141,0.03334,0.70914,0.01482
0.56238,0.59528,0.61513,0.03341,0.71011,0.01482
0.56338,0.59827,0.61612,0.03349,0.71114,0.01484
0.56438,0.60348,0.61714,0.03358,0.71212,0.01477
0.56537,0.60896,0.61813,0.03363,0.71314,0.01474
0.56638,0.61192,0.61911,0.03371,0.71414,0.0147
0.56738,0.61515,0.62012,0.03377,0.71514,0.0147
0.56837,0.62156,0.62115,0.03387,0.71612,0.01464
0.5694,0.62572,0.62214,0.03391,0.71712,0.01467
0.57038,0.62869,0.62314,0.03397,0.71813,0.01464
0.57138,0.63299,0.62413,0.03406,0.71915,0.01461
0.57236,0.63954,0.62512,0.03411,0.72014,0.01458
0.57337,0.64267,0.62615,0.03418,0.72112,0.01456
0.57439,0.64558,0.62716,0.03422,0.7221,0.01453
0.57538,0.65207,0.62815,0.03429,0.72313,0.01451
0.57636,0.65635,0.62914,0.03437,0.72411,0.01449
0.57738,0.65928,0.63014,0.03441,0.7251,0.01449
0.57836,0.663,0.63116,0.03446,0.72609,0.01446
0.57936,0.66924,0.63214,0.03466,0.7271,0.01446
0.58035,0.67311,0.63316,0.0346,0.7281,0.01443
0.58136,0.67567,0.63415,0.03467,0.72912,0.01445
0.58236,0.68181,0.63517,0.03471,0.73011,0.01443
0.58336,0.68693,0.63617,0.03475,0.73111,0.01441
0.58438,0.69005,0.63717,0.03481,0.73209,0.01437
0.58539,0.69352,0.63815,0.03487,0.73313,0.01438
0.58636,0.69985,0.63914,0.03491,0.73409,0.01434
0.58737,0.70406,0.64015,0.03495,0.7351,0.01433
0.58837,0.70623,0.64116,0.03498,0.73611,0.01436
0.58935,0.71098,0.64216,0.03506,0.73712,0.01437
0.59038,0.71722,0.64313,0.03509,0.73811,0.01429
0.59138,0.7199,0.64415,0.03512,0.7391,0.01428
0.59238,0.72247,0.64516,0.03516,0.74009,0.01432
0.59337,0.72915,0.64615,0.03524,0.74109,0.01427
0.59438,0.73344,0.64716,0.03526,0.7421,0.0143
0.59539,0.73565,0.64815,0.03529,0.7431,0.0143
0.59638,0.73933,0.64914,0.03533,0.74411,0.0143
0.59738,0.74601,0.65014,0.03539,0.7451,0.01427
0.59839,0.74936,0.65116,0.03541,0.7461,0.01426
0.59937,0.75101,0.65216,0.03545,0.74711,0.01427
0.60039,0.75714,0.65313,0.0355,0.7481,0.01431
0.60139,0.76185,0.65416,0.03551,0.74911,0.01428
0.60239,0.76412,0.65515,0.03557,0.75009,0.01425
0.60338,0.76703,0.65617,0.03558,0.75109,0.01428
0.60439,0.77326,0.65715,0.03561,0.75209,0.01427
0.60539,0.77653,0.65815,0.03565,0.7531,0.01425
0.6064,0.77837,0.65915,0.03585,0.75409,0.01425
0.60738,0.78256,0.66014,0.03572,0.7551,0.01427
0.60836,0.78859,0.66115,0.03576,0.75609,0.01427
0.60938,0.79072,0.66214,0.03578,0.75709,0.01425
0.61039,0.79229,0.66315,0.03583,0.75809,0.01428
0.61137,0.79804,0.66414,0.03584,0.75908,0.01435
0.61236,0.80238,0.66513,0.03587,0.76008,0.01428
0.61337,0.80352,0.66613,0.03589,0.7611,0.01431
0.61438,0.80633,0.66716,0.03593,0.76209,0.0144
0.61537,0.81268,0.66811,0.03594,0.76309,0.01438
0.61639,0.81477,0.66915,0.03596,0.76409,0.01444
0.61738,0.81589,0.67013,0.03598,0.76509,0.01448
0.61841,0.8203,0.67115,0.03605,0.76607,0.01454
0.61937,0.82516,0.67215,0.03605,0.76709,0.01465
0.62036,0.82577,0.67313,0.03605,0.76809,0.01479
0.62137,0.82732,0.67414,0.03608,0.76909,0.0149
0.62238,0.83252,0.67516,0.03612,0.77011,0.01505
0.62337,0.83591,0.67614,0.03613,0.77108,0.01525
0.62437,0.83563,0.67714,0.03613,0.77208,0.01552
0.62538,0.8389,0.67816,0.03617,0.77307,0.01578
0.62639,0.84374,0.67914,0.03619,0.77409,0.01614
0.62738,0.84411,0.68015,0.03622,0.77507,0.01645
0.62838,0.84518,0.68115,0.0362,0.77607,0.01727
0.62937,0.84907,0.68215,0.03625,0.77709,0.01742
0.63038,0.85227,0.68316,0.03623,0.77809,0.01776
0.63137,0.85198,0.68416,0.0363,0.77909,0.01854
0.63237,0.85331,0.68517,0.03628,0.78008,0.01874
0.63335,0.85846,0.68617,0.03631,0.78108,0.01911
0.63438,0.85845,0.68714,0.03629,0.78208,0.01939
0.63537,0.85803,0.68815,0.03637,0.78309,0.01998
0.63636,0.8614,0.68914,0.03634,0.78409,0.02001
0.63737,0.86343,0.69014,0.03637,0.78508,0.02013
0.63835,0.86311,0.69115,0.03637,0.78608,0.02033
0.63936,0.86304,0.69211,0.0364,0.78708,0.02062
0.64036,0.86755,0.69313,0.03642,0.7881,0.0212
0.64135,0.86785,0.69413,0.03642,0.78909,0.02137
0.64237,0.86694,0.69513,0.03645,0.79009,0.02177
0.64336,0.86806,0.69615,0.03647,0.79111,0.0227
0.64436,0.87093,0.69714,0.0365,0.79211,0.02306
0.64539,0.87002,0.69813,0.03646,0.79309,0.02403
0.64637,0.86766,0.69914,0.03652,0.79409,0.02453
0.64737,0.8711,0.70015,0.0365,0.79511,0.0257
0.64838,0.87159,0.70115,0.03654,0.79608,0.0263
0.64936,0.86967,0.70215,0.03655,0.79711,0.02711
0.65036,0.86873,0.70312,0.03656,0.79807,0.02798
0.65137,0.87053,0.70416,0.03658,0.79909,0.02872
0.65237,0.87056,0.70516,0.03659,0.8001,0.02956
0.65338,0.86689,0.70614,0.03658,0.8011,0.03002
0.6544,0.86888,0.70712,0.03661,0.8021,0.03086
0.65538,0.86901,0.70814,0.03661,0.80308,0.03116
0.65639,0.86686,0.70915,0.03666,0.8041,0.03136
0.65738,0.86501,0.71012,0.03663,0.8051,0.03146
0.65837,0.86556,0.71112,0.03664,0.80613,0.03143
0.65937,0.86501,0.71214,0.03668,0.8071,0.03098
0.66036,0.8604,0.71313,0.03695,0.80809,0.03031
0.66138,0.86082,0.71414,0.03672,0.80911,0.02898
0.66237,0.86093,0.71514,0.03675,0.81009,0.02742
0.66339,0.85705,0.71613,0.03676,0.8111,0.02513
0.66439,0.85496,0.71714,0.03681,0.81211,0.02317
0.66537,0.85518,0.71813,0.03679,0.81311,0.02135
0.66635,0.85318,0.71914,0.03678,0.81411,0.01876
0.66737,0.84924,0.72014,0.03683,0.81511,0.01679
0.66837,0.84842,0.72112,0.03681,0.81611,0.01602
0.66937,0.8476,0.72214,0.0369,0.81712,0.01442
0.67037,0.84369,0.72313,0.03686,0.8181,0.01417
0.67138,0.84035,0.72414,0.03688,0.81911,0.01378
0.67236,0.83965,0.72514,0.03691,0.82008,0.01344
0.67339,0.8378,0.72614,0.03693,0.82109,0.01321
0.6744,0.83337,0.72715,0.03693,0.82209,0.013
0.67539,0.82997,0.72813,0.03698,0.82308,0.01287
0.67638,0.83005,0.72913,0.03695,0.82408,0.01279
0.67741,0.82616,0.73014,0.03702,0.82507,0.01267
0.6784,0.8215,0.73112,0.03702,0.82609,0.01253
0.67938,0.82014,0.73214,0.03703,0.82708,0.01253
0.68038,0.81852,0.73313,0.03706,0.82807,0.0125
0.68138,0.8136,0.73414,0.03711,0.82908,0.01242
0.68238,0.80996,0.73515,0.03711,0.83007,0.01236
0.68339,0.80982,0.73614,0.03712,0.83109,0.01235
0.68439,0.80528,0.73713,0.03715,0.83208,0.01196
0.68538,0.8012,0.73814,0.03718,0.83309,0.01193
0.68639,0.79809,0.73913,0.03722,0.83409,0.01256
0.68737,0.79672,0.74015,0.03719,0.83509,0.01223
0.68839,0.79178,0.74114,0.03728,0.83608,0.01218
0.68938,0.78722,0.74215,0.03728,0.83707,0.01212
0.69038,0.78677,0.74316,0.0373,0.83808,0.01215
0.69136,0.78239,0.74416,0.03732,0.83907,0.01214
0.69237,0.77819,0.74514,0.03735,0.84008,0.01206
0.69338,0.77482,0.74613,0.03735,0.8411,0.01205
0.69439,0.77329,0.74716,0.03745,0.84209,0.01201
0.69538,0.76889,0.74814,0.03744,0.84308,0.01202
0.69638,0.76434,0.74915,0.03748,0.84407,0.01195
0.69737,0.76229,0.75015,0.0375,0.84508,0.01201
0.69838,0.75959,0.75114,0.03755,0.84608,0.01193
0.69938,0.75484,0.75215,0.03755,0.84708,0.01191
0.70037,0.75131,0.75315,0.0376,0.84809,0.01189
0.70136,0.7494,0.75416,0.03765,0.84907,0.01185
0.70237,0.74544,0.75515,0.03766,0.85008,0.0119
0.70338,0.74034,0.75614,0.0377,0.8511,0.01187
0.70437,0.73837,0.75715,0.03771,0.85208,0.01183
0.70538,0.73586,0.75814,0.03775,0.85309,0.01181
0.70638,0.73099,0.75914,0.03788,0.85409,0.0118
0.70737,0.7271,0.76014,0.03805,0.85507,0.01172
0.70837,0.72584,0.76114,0.03789,0.85607,0.01176
0.70937,0.72231,0.76214,0.03797,0.85708,0.01173
0.71036,0.71723,0.76314,0.03799,0.85809,0.01177
0.71136,0.71507,0.76412,0.03807,0.85908,0.01171
0.71239,0.71275,0.76512,0.03808,0.8601,0.01166
0.71336,0.70805,0.76613,0.03815,0.86109,0.01168
0.71437,0.70421,0.76714,0.03821,0.86207,0.01165
0.71538,0.70236,0.76813,0.03828,0.86308,0.01162
0.71637,0.69936,0.76913,0.03827,0.86407,0.01164
0.71738,0.69461,0.77013,0.03839,0.8651,0.01165
0.71836,0.69112,0.77113,0.03841,0.86608,0.0116
0.71935,0.69008,0.77212,0.03854,0.86707,0.01155
0.72035,0.686,0.77314,0.03858,0.86809,0.01159
0.72138,0.68148,0.77416,0.03867,0.86908,0.01154
0.72236,0.68005,0.77513,0.03871,0.87008,0.01148
0.72335,0.67731,0.77613,0.03886,0.87108,0.01149
0.72437,0.6734,0.77712,0.03892,0.87209,0.01148
0.72537,0.66954,0.77813,0.03903,0.87308,0.01149
0.72636,0.66748,0.77914,0.03955,0.8741,0.01141
0.72736,0.66536,0.78014,0.03938,0.87508,0.01141
0.72837,0.66037,0.78111,0.03944,0.87609,0.01142
0.72937,0.65764,0.78212,0.03956,0.87708,0.0114
0.73036,0.65677,0.78313,0.03973,0.87805,0.01138
0.73136,0.65198,0.78412,0.03991,0.87906,0.01136
0.73236,0.64909,0.78513,0.04011,0.88004,0.01133
0.73334,0.64626,0.78614,0.04022,0.88106,0.01131
0.73435,0.64485,0.78713,0.04086,0.88204,0.01129
0.73536,0.64047,0.78813,0.04082,0.88307,0.01131
0.73634,0.63751,0.78914,0.04108,0.88406,0.01127
0.73736,0.63625,0.79012,0.04127,0.88504,0.01123
0.73836,0.63261,0.79113,0.04152,0.88605,0.01123
0.73934,0.62956,0.79213,0.04204,0.88705,0.01124
0.74036,0.62652,0.79315,0.04245,0.88805,0.01118
0.74137,0.62545,0.79413,0.04248,0.88905,0.01119
0.74234,0.62172,0.79514,0.0428,0.89007,0.01118
0.74336,0.61799,0.79614,0.04303,0.89106,0.01115
0.74435,0.61652,0.79712,0.04373,0.89206,0.0111
0.74537,0.61415,0.79813,0.04372,0.89305,0.01112
0.74635,0.6105,0.79914,0.04388,0.89404,0.01112
0.74734,0.60823,0.80016,0.04407,0.89506,0.01105
0.74835,0.60647,0.80114,0.04424,0.89608,0.01106
0.74936,0.60351,0.80217,0.04435,0.89705,0.01104
0.75035,0.60007,0.80315,0.04446,0.89805,0.01099
0.75135,0.59862,0.80415,0.04458,0.89906,0.011
0.75234,0.59646,0.80515,0.04524,0.90006,0.01094
0.75335,0.59303,0.80614,0.04506,0.90105,0.01098
0.75434,0.59005,0.80714,0.04505,0.90206,0.01099
0.75535,0.58916,0.80813,0.04522,0.90305,0.01089
0.75636,0.58634,0.80911,0.04537,0.90406,0.01094
0.75734,0.5826,0.81011,0.04556,0.90505,0.0109
0.75835,0.58116,0.81113,0.0456,0.90606,0.01092
0.75938,0.57948,0.81213,0.0458,0.90705,0.01084
0.76036,0.57646,0.81311,0.04601,0.90806,0.01086
0.76136,0.57362,0.81412,0.0466,0.90905,0.01088
0.76236,0.57233,0.81512,0.04642,0.91006,0.01084
0.76334,0.57012,0.81613,0.04661,0.91105,0.01008
0.76436,0.56664,0.81711,0.04675,0.91205,0.01108
0.76534,0.56468,0.81812,0.04702,0.91306,0.01079
0.76636,0.56386,0.8191,0.047,0.91405,0.01075
0.76736,0.56036,0.8201,0.04699,0.91506,0.01073
0.76835,0.55793,0.8211,0.04679,0.91604,0.01074
0.76937,0.55653,0.82212,0.04665,0.91704,0.01074
0.77036,0.55437,0.82311,0.04633,0.91806,0.01067
0.77136,0.55157,0.82413,0.04613,0.91907,0.01066
0.77236,0.54924,0.82514,0.04595,0.92006,0.01065
0.77335,0.54847,0.82612,0.04579,0.92105,0.01064
0.77435,0.54553,0.82712,0.04564,0.92205,0.01057
0.77535,0.54331,0.82814,0.04546,0.92307,0.01058
0.77637,0.54134,0.82914,0.04527,0.92405,0.01056
0.77737,0.54024,0.83013,0.04521,0.92507,0.01052
0.77835,0.53728,0.83115,0.04507,0.92608,0.0105
0.77935,0.53461,0.83212,0.04479,0.92707,0.01049
0.78035,0.53414,0.83311,0.04475,0.92805,0.01045
0.78134,0.53138,0.83413,0.04458,0.92907,0.01041
0.78237,0.52882,0.83512,0.04373,0.93004,0.01041
0.78334,0.52732,0.83613,0.04399,0.93106,0.01041
0.78432,0.5257,0.83714,0.0441,0.93206,0.01037
0.78535,0.52352,0.83813,0.04403,0.93305,0.01033
0.78634,0.52109,0.83914,0.04402,0.93405,0.01032
0.78733,0.52012,0.84014,0.04381,0.93506,0.01031
0.78835,0.51814,0.84115,0.04374,0.93605,0.01028
0.78934,0.51544,0.84214,0.04357,0.93704,0.01027
0.79035,0.51396,0.84313,0.04348,0.93803,0.01023
0.79135,0.51261,0.84413,0.04316,0.93905,0.01026
0.79236,0.51029,0.84514,0.04295,0.94006,0.01019
0.79335,0.50825,0.84612,0.0427,0.94105,0.01019
0.79436,0.50649,0.84714,0.04245,0.94207,0.01015
0.79534,0.50548,0.84812,0.04208,0.94306,0.01012
0.79635,0.50289,0.84912,0.04105,0.94406,0.01008
0.79736,0.50101,0.85013,0.04067,0.94508,0.01008
0.79838,0.49979,0.85115,0.04059,0.94605,0.01006
0.79937,0.49851,0.85214,0.04016,0.94706,0.01009
0.80037,0.4954,0.85312,0.03968,0.94807,0.01003
0.80137,0.49451,0.85414,0.0393,0.94908,0.00998
0.80236,0.49294,0.85514,0.03882,0.95006,0.00999
0.80337,0.49088,0.85612,0.03744,0.95104,0.00994
0.80437,0.48929,0.85714,0.03774,0.95204,0.00993
0.80538,0.48714,0.85814,0.03754,0.95304,0.00992
0.80636,0.48675,0.85913,0.03714,0.95403,0.00989
0.80735,0.48402,0.86011,0.03682,0.95505,0.0099
0.80836,0.48228,0.86113,0.03645,0.95604,0.00984
0.80936,0.48192,0.86212,0.03608,0.95704,0.00983
0.81036,0.47914,0.86311,0.0352,0.95803,0.00983
0.81136,0.47771,0.86412,0.03508,0.95904,0.00978
0.81238,0.47594,0.86512,0.03519,0.96004,0.00978
0.81335,0.47517,0.86612,0.035,0.96105,0.00979
0.81437,0.47301,0.86715,0.03477,0.96205,0.00974
0.81537,0.47064,0.86814,0.03467,0.96305,0.00972
0.81637,0.47055,0.86911,0.03449,0.96405,0.00967
0.81735,0.46866,0.87014,0.03429,0.96503,0.0097
0.81837,0.46672,0.87113,0.03413,0.96603,0.00968
0.81937,0.46506,0.87213,0.03403,0.96703,0.00967
0.82036,0.46401,0.87311,0.03392,0.96803,0.00964
0.82136,0.46285,0.87413,0.03375,0.96902,0.00965
0.82233,0.46016,0.87513,0.03363,0.97003,0.0096
0.82336,0.45924,0.87613,0.03355,0.97105,0.0096
0.82436,0.45867,0.87714,0.03347,0.97205,0.00953
0.82537,0.45623,0.87812,0.03333,0.97305,0.00956
0.82638,0.45456,0.87914,0.03321,0.97403,0.00951
0.82737,0.45364,0.88014,0.03307,0.97502,0.0095
0.82835,0.45264,0.88113,0.03306,0.97602,0.00952
0.82936,0.45028,0.88214,0.03291,0.97704,0.00945
0.83035,0.44897,0.88314,0.03281,0.97802,0.00944
0.83135,0.44815,0.88413,0.03195,0.97903,0.00945
0.83235,0.44656,0.88514,0.03228,0.98002,0.00941
0.83335,0.44449,0.88614,0.03245,0.98102,0.0094
0.83435,0.44357,0.88712,0.0324,0.98202,0.00937
0.83537,0.44284,0.88811,0.03232,0.98302,0.00935
0.83635,0.44058,0.88912,0.03232,0.98401,0.00937
0.83736,0.43915,0.89013,0.03216,0.98501,0.00933
0.83835,0.43868,0.89114,0.03207,0.98601,0.00931
0.83936,0.43688,0.89216,0.03198,0.98702,0.00932
0.84035,0.43519,0.89312,0.03197,0.98804,0.00927
0.84135,0.43402,0.89413,0.03181,0.98902,0.00926
0.84238,0.43331,0.89513,0.03174,0.99081,0.00944
0.84336,0.43134,0.89614,0.03168,0.99255,0.00932
0.84437,0.42975,0.89712,0.0316,0.99355,0.00919
0.84536,0.42941,0.89813,0.03155,0.99453,0.00918
0.84636,0.42748,0.89913,0.03144,0.99554,0.00913
0.84736,0.42616,0.90013,0.0314,0.99653,0.00914
0.84837,0.4247,0.90112,0.03133,0.99753,0.00909
0.84935,0.42428,0.90213,0.03133,0.99854,0.0091
0.85036,0.42242,0.90312,0.03119,0.99954,0.0091
0.85135,0.42105,0.90413,0.03111,1.00054,0.00903
0.85236,0.42016,0.90514,0.03109,1.00154,0.00906
0.85339,0.41911,0.90614,0.03106,1.00255,0.00903
0.85435,0.41739,0.90714,0.0309,1.00352,0.00898
0.85535,0.41611,0.90812,0.03082,1.00453,0.00904
0.85635,0.41538,0.90914,0.03078,1.00553,0.00896
0.85736,0.41411,0.91013,0.03072,1.00655,0.00897
0.85834,0.41225,0.91115,0.03061,1.00753,0.00895
0.85935,0.41141,0.91211,0.03055,1.00855,0.0089
0.86036,0.41089,0.91314,0.03049,1.00953,0.00893
0.86137,0.40888,0.91412,0.03045,1.01052,0.00891
0.86235,0.4077,0.91514,0.03034,1.01156,0.00823
0.86337,0.40719,0.91611,0.03025,1.01254,0.00927
0.86435,0.40578,0.91712,0.03021,1.01354,0.00878
0.86536,0.40442,0.91811,0.03016,1.01453,0.00879
0.86636,0.40302,0.91913,0.03011,1.01554,0.00881
0.86737,0.40255,0.92013,0.03002,1.01654,0.00881
0.86839,0.4013,0.92114,0.03,1.01755,0.00881
0.86938,0.39938,0.92214,0.02986,1.01854,0.00879
0.87037,0.3988,0.92312,0.02991,1.01953,0.0088
0.87136,0.39822,0.92413,0.02971,1.02055,0.00879
0.87235,0.39637,0.92513,0.02973,1.02154,0.00876
0.87336,0.39527,0.92613,0.0297,1.02254,0.00875
0.87436,0.39469,0.9271,0.02877,1.02354,0.00874
0.87537,0.39376,0.92812,0.02919,1.02454,0.00872
0.87636,0.39175,0.92913,0.0294,1.02554,0.00871
0.87738,0.39113,0.93013,0.02937,1.02655,0.00864
0.87836,0.39067,0.93113,0.02936,1.02754,0.00867
0.87939,0.38875,0.93212,0.02919,1.02854,0.00866
0.88038,0.38788,0.93311,0.02916,1.02956,0.00859
0.88139,0.3871,0.93412,0.02914,1.03054,0.0086
0.88238,0.38596,0.93514,0.02909,1.03153,0.00861
0.88337,0.38486,0.93612,0.02901,1.03253,0.00856
0.88439,0.38329,0.93711,0.02892,1.03351,0.00858
0.88538,0.38312,0.93811,0.02888,1.03452,0.00853
0.88638,0.38211,0.93912,0.02884,1.03552,0.00855
0.88739,0.38056,0.94013,0.02879,1.03652,0.0085
0.88837,0.37951,0.94113,0.0287,1.03753,0.00849
0.88937,0.37924,0.94213,0.02861,1.03852,0.00851
0.89035,0.37782,0.94313,0.02863,1.03953,0.00846
0.89136,0.37625,0.94413,0.02853,1.04052,0.00842
0.89235,0.37605,0.94513,0.02839,1.04153,0.00845
0.89338,0.37515,0.94613,0.02836,1.04251,0.00843
0.89437,0.37345,0.94712,0.02832,1.04351,0.00842
0.89538,0.37268,0.94813,0.02832,1.04451,0.00837
0.89637,0.37236,0.94914,0.02815,1.04553,0.0084
0.89737,0.37104,0.95013,0.02816,1.04652,0.00839
0.89836,0.36934,0.95115,0.02806,1.04754,0.00834
0.89938,0.36918,0.95213,0.02806,1.04851,0.00831
0.90037,0.36845,0.95315,0.02798,1.04952,0.00833
0.90135,0.36681,0.95414,0.02789,1.05052,0.0083
0.90235,0.36592,0.95514,0.0278,1.05152,0.00828
0.90337,0.36572,0.95614,0.02781,1.05253,0.0083
0.90436,0.36461,0.95714,0.02773,1.05351,0.00826
0.90536,0.36274,0.95813,0.02762,1.05454,0.00824
0.90635,0.36255,0.95915,0.02757,1.05551,0.00823
0.90735,0.36202,0.96014,0.02757,1.05653,0.00822
0.90834,0.36025,0.96113,0.02751,1.05754,0.00819
0.90937,0.35958,0.96213,0.02738,1.05854,0.00819
0.91038,0.35898,0.96311,0.02734,1.05951,0.00815
0.91138,0.3583,0.96413,0.02733,1.06053,0.00818
0.91236,0.35639,0.96513,0.02728,1.06152,0.00813
0.91335,0.35618,0.96612,0.02718,1.06254,0.00814
0.91437,0.35563,0.96712,0.02715,1.06352,0.00811
0.91536,0.35425,0.9681,0.02707,1.06452,0.00811
0.91636,0.35322,0.96911,0.02701,1.06553,0.00811
0.91734,0.35275,0.97013,0.02692,1.06652,0.00807
0.91836,0.3521,0.97112,0.02685,1.06751,0.00806
0.91935,0.35045,0.97211,0.02683,1.06852,0.00809
0.92036,0.34979,0.97311,0.02679,1.06954,0.00805
0.92136,0.34957,0.9741,0.02671,1.07052,0.00805
0.92235,0.34838,0.97511,0.02666,1.07152,0.00803
0.92336,0.34693,0.97611,0.02655,1.07251,0.008
0.92437,0.34659,0.97713,0.02653,1.07353,0.00799
0.92537,0.34606,0.97811,0.02535,1.07451,0.00797
0.92637,0.34489,0.97912,0.02627,1.07551,0.00799
0.92737,0.34346,0.98014,0.02628,1.07651,0.00797
0.92837,0.34362,0.98113,0.02627,1.0775,0.00793
0.92938,0.34261,0.98213,0.02618,1.0785,0.00791
0.93037,0.34147,0.98312,0.02609,1.07952,0.00794
0.93137,0.34032,0.98412,0.02605,1.08051,0.00788
0.93235,0.34036,0.98512,0.02603,1.0815,0.00788
0.93335,0.33918,0.98612,0.02592,1.08249,0.00788
0.93437,0.3382,0.98712,0.02585,1.0835,0.00783
0.93539,0.33755,0.98813,0.02581,1.08452,0.00786
0.93636,0.33706,0.98911,0.02572,1.08551,0.00783
0.93733,0.33539,0.99012,0.02572,1.08651,0.00783
0.93838,0.33495,0.99114,0.02561,1.08749,0.0078
0.93937,0.3347,0.99212,0.02553,1.0885,0.00779
0.94038,0.33371,0.99313,0.0255,1.0895,0.00783
0.94138,0.33221,0.99412,0.02546,1.0905,0.00779
0.94237,0.33204,0.99511,0.02535,1.09151,0.00778
0.94336,0.33159,0.99611,0.02535,1.09251,0.00776
0.94437,0.33048,0.99712,0.02523,1.09351,0.00774
0.94537,0.32923,0.99812,0.02523,1.0945,0.00775
0.94638,0.32908,0.99912,0.0251,1.09551,0.00772
0.94736,0.32838,1.0001,0.02506,1.09651,0.00769
0.94835,0.32722,1.0011,0.02498,1.0975,0.0077
0.94935,0.32662,1.00211,0.02497,1.09849,0.00768
0.95035,0.32595,1.00312,0.02488,1.09949,0.00768
0.95137,0.32504,1.00412,0.0248,1.10048,0.00766
0.95237,0.32423,1.00511,0.0248,1.1015,0.00767
0.95335,0.32384,1.00609,0.02473,1.10251,0.00765
0.95437,0.32315,1.00712,0.02465,1.10351,0.00764
0.95535,0.32188,1.00812,0.02458,1.1045,0.00761
0.95635,0.3214,1.00912,0.02451,1.1055,0.00763
0.95733,0.32117,1.0101,0.02445,1.10651,0.00758
0.95835,0.32004,1.01111,0.02441,1.10748,0.00759
0.95935,0.31878,1.01211,0.02432,1.1085,0.00761
0.96037,0.31873,1.0131,0.02426,1.1095,0.00759
0.96138,0.31815,1.01409,0.02417,1.1105,0.00756
0.96238,0.31711,1.0151,0.02418,1.11149,0.00755
0.96335,0.3158,1.0161,0.02405,1.11247,0.00755
0.96437,0.31637,1.01711,0.02401,1.11348,0.00754
0.96534,0.3151,1.0181,0.02393,1.11448,0.00753
0.96637,0.31394,1.0191,0.02392,1.11548,0.0075
0.96738,0.31356,1.02009,0.02384,1.11648,0.0075
0.96835,0.31338,1.02108,0.0238,1.11748,0.00749
0.96933,0.3123,1.02208,0.0237,1.11849,0.00748
0.97036,0.31093,1.02309,0.02367,1.11947,0.00748
0.97137,0.31114,1.02409,0.02361,1.1205,0.00749
0.97237,0.3104,1.0251,0.02354,1.12147,0.00687
0.97335,0.3094,1.02609,0.02347,1.12251,0.00781
0.97435,0.30871,1.02709,0.02288,1.1235,0.00742
0.97535,0.30855,1.02809,0.023,1.1245,0.00744
0.97636,0.30712,1.0291,0.02365,1.1255,0.00741
0.97737,0.30664,1.03009,0.02334,1.12649,0.00741
0.97836,0.30625,1.03107,0.02317,1.1275,0.00741
0.97934,0.30578,1.03211,0.02316,1.12852,0.00739
0.98037,0.3044,1.0331,0.02304,1.12951,0.00738
0.98137,0.30397,1.03412,0.02295,1.13051,0.00736
0.98236,0.30386,1.0351,0.02295,1.13149,0.00737
0.98336,0.30303,1.0361,0.02284,1.1325,0.00736
0.98435,0.30211,1.0371,0.0228,1.1335,0.00733
0.98534,0.30118,1.03811,0.02272,1.13448,0.00737
0.98636,0.30126,1.03909,0.02268,1.13549,0.00731
0.98736,0.30027,1.04008,0.02266,1.13647,0.00733
0.98835,0.29951,1.04111,0.02253,1.1375,0.00732
0.98934,0.29918,1.0421,0.02248,1.13848,0.0073
0.99035,0.29856,1.0431,0.02242,1.13949,0.00727
0.99135,0.29742,1.04407,0.02239,1.14051,0.0073
0.99233,0.29692,1.04509,0.02233,1.14149,0.00726
0.99336,0.29693,1.04609,0.02222,1.14248,0.00728
0.99434,0.29594,1.04709,0.02219,1.14349,0.00724
0.99534,0.2947,1.04809,0.02212,1.14449,0.00723
0.99635,0.29462,1.04909,0.02209,1.14548,0.00727
0.99734,0.29432,1.05009,0.02199,1.14648,0.00727
0.99833,0.29335,1.05108,0.02198,1.14749,0.0072
0.99934,0.29253,1.0521,0.02111,1.14848,0.00725
1.00035,0.29249,1.05308,0.02179,1.14948,0.00722
1.00136,0.29134,1.0541,0.02204,1.15047,0.00721
1.00235,0.29072,1.05508,0.02172,1.15147,0.00719
1.00334,0.29025,1.05609,0.02167,1.15246,0.0072
1.00435,0.29015,1.05709,0.02163,1.15347,0.00719
1.00534,0.28916,1.05809,0.02152,1.15449,0.00717
1.00634,0.28783,1.05908,0.02143,1.15549,0.00718
1.00733,0.28815,1.0601,0.02142,1.15646,0.00716
1.00833,0.28755,1.06109,0.02136,1.15746,0.00717
1.00935,0.28666,1.06209,0.02132,1.15849,0.00715
1.01035,0.286,1.06309,0.02122,1.15947,0.00715
1.01134,0.28586,1.06406,0.02115,1.16048,0.00716
1.01237,0.28481,1.06509,0.02114,1.16147,0.00714
1.01333,0.28415,1.06609,0.02108,1.1625,0.00714
1.01433,0.28388,1.06709,0.02098,1.16348,0.00711
1.01536,0.28366,1.06807,0.02095,1.16449,0.00712
1.01637,0.28261,1.06906,0.02086,1.16549,0.0071
1.01735,0.28152,1.07006,0.02088,1.16647,0.00709
1.01836,0.282,1.07106,0.02074,1.16748,0.00709
1.01935,0.28116,1.07208,0.02072,1.16848,0.0071
1.02034,0.28009,1.07307,0.02065,1.16949,0.00708
1.02134,0.27957,1.07408,0.02066,1.1705,0.00709
1.02235,0.27961,1.07506,0.01993,1.17148,0.0071
1.02335,0.27887,1.07607,0.02065,1.17251,0.00708
1.02434,0.27785,1.07708,0.02047,1.17349,0.00705
1.02537,0.27789,1.07809,0.02043,1.17447,0.00706
1.02635,0.27716,1.07906,0.02029,1.17547,0.00704
1.02735,0.27619,1.08006,0.02026,1.17649,0.00706
1.02835,0.27582,1.08108,0.02019,1.17749,0.00708
1.02935,0.27572,1.08208,0.02015,1.17847,0.00703
1.03035,0.27493,1.08307,0.0201,1.17948,0.00705
1.03136,0.27423,1.08406,0.02003,1.18046,0.00704
1.03233,0.27344,1.08506,0.01997,1.18147,0.00704
1.03334,0.27366,1.08605,0.01993,1.1825,0.00704
1.03436,0.27268,1.08706,0.01989,1.18349,0.00704
1.03535,0.27157,1.08807,0.01981,1.18451,0.007
1.03636,0.27189,1.08907,0.01976,1.18548,0.00705
1.03735,0.27123,1.09005,0.01971,1.18648,0.00704
1.03836,0.27048,1.09106,0.01968,1.18749,0.00704
1.03933,0.27,1.09207,0.01959,1.18847,0.00704
1.04035,0.26987,1.09304,0.01952,1.18947,0.00703
1.04137,0.26882,1.09405,0.01949,1.19047,0.00704
1.04238,0.26818,1.09504,0.01946,1.19146,0.00705
1.04337,0.2681,1.09606,0.01938,1.19247,0.00703
1.04437,0.26765,1.09707,0.01931,1.19349,0.00706
1.04536,0.26679,1.09805,0.01927,1.19448,0.00704
1.04636,0.2663,1.09906,0.01926,1.19548,0.00706
1.04735,0.26615,1.10008,0.01917,1.19648,0.00704
1.04835,0.26506,1.10105,0.0191,1.19748,0.00708
1.04935,0.26471,1.10205,0.01906,1.19848,0.00708
1.05035,0.26442,1.10306,0.01902,1.19949,0.00708
1.05134,0.26415,1.10406,0.01897,1.20049,0.00708
1.05235,0.26327,1.10506,0.01821,1.20118,0.00711
1.05336,0.26273,1.10606,0.01917,1.20131,0.00708
1.05435,0.26268,1.10708,0.01884,1.20081,0.00259
1.05535,0.26148,1.10807,0.01879,1.1998,0.00345
1.05635,0.26125,1.10907,0.01868,1.19878,0.0029
1.05735,0.2608,1.11008,0.01866,1.19778,0.00275
1.05833,0.26063,1.11109,0.01861,1.19678,0.00271
1.05935,0.25991,1.11208,0.01855,1.19576,0.00262
1.06034,0.25904,1.11306,0.01847,1.19476,0.00254
1.06135,0.25918,1.11407,0.01847,1.19378,0.00251
1.06235,0.25854,1.11507,0.01839,1.19278,0.00246
1.06336,0.25781,1.11607,0.01834,1.19177,0.00241
1.06437,0.257,1.11707,0.01829,1.19076,0.00237
1.06535,0.25732,1.11806,0.01827,1.18978,0.00234
1.06634,0.25651,1.11906,0.01819,1.18878,0.0023
1.06733,0.25571,1.12007,0.01815,1.18778,0.00229
1.06835,0.25544,1.12105,0.01812,1.18678,0.00225
1.06934,0.25537,1.12206,0.01803,1.18579,0.00226
1.07035,0.25445,1.12305,0.018,1.18478,0.00221
1.07133,0.25363,1.12405,0.01795,1.1838,0.00216
1.07234,0.2541,1.12505,0.01787,1.1828,0.00217
1.07335,0.25317,1.12606,0.01785,1.18178,0.00212
1.07435,0.2523,1.12707,0.01784,1.18078,0.00211
1.07535,0.25207,1.12805,0.01774,1.1798,0.00211
1.07634,0.25193,1.12906,0.01774,1.17878,0.00207
1.07736,0.2512,1.13005,0.01765,1.17779,0.00206
1.07834,0.25063,1.13105,0.01762,1.17679,0.00204
1.07934,0.25059,1.13206,0.01756,1.17577,0.00202
1.08034,0.24989,1.13305,0.01756,1.17479,0.00203
1.08134,0.24907,1.13405,0.01746,1.17378,0.002
1.08235,0.2488,1.13505,0.01744,1.1728,0.00198
1.08336,0.24873,1.13605,0.01691,1.17177,0.00195
1.08435,0.24805,1.13707,0.0173,1.17077,0.00194
1.08535,0.24736,1.13804,0.01743,1.16978,0.00195
1.08635,0.24734,1.13904,0.01724,1.16879,0.00193
1.08735,0.24675,1.14006,0.01722,1.16775,0.0019
1.08836,0.24617,1.14104,0.01716,1.16677,0.00191
1.08934,0.24527,1.14207,0.01713,1.16579,0.00189
1.09034,0.24554,1.14306,0.01708,1.16478,0.00185
1.09135,0.24493,1.14407,0.01699,1.1638,0.00185
1.09235,0.24424,1.14504,0.01702,1.16278,0.00184
1.09336,0.24413,1.14607,0.01695,1.16177,0.00184
1.09435,0.24369,1.14704,0.01689,1.16077,0.00157
1.09533,0.24305,1.14805,0.01686,1.1598,0.0018
1.09634,0.24222,1.14906,0.01681,1.15878,0.00177
1.09735,0.24261,1.15007,0.01676,1.15777,0.00177
1.09835,0.24188,1.15104,0.01672,1.15677,0.00177
1.09936,0.24124,1.15206,0.01669,1.15577,0.00176
1.10034,0.24073,1.15305,0.01666,1.15477,0.00174
1.10135,0.24074,1.15405,0.0166,1.15378,0.00171
1.10234,0.24002,1.15507,0.01655,1.15276,0.00172
1.10337,0.23937,1.15606,0.01653,1.15177,0.00169
1.10435,0.23942,1.15707,0.01649,1.15075,0.00169
1.10535,0.23889,1.15805,0.01646,1.14977,0.00167
1.10635,0.23824,1.15904,0.01641,1.14878,0.00166
1.10736,0.2378,1.16006,0.01634,1.14779,0.00166
1.10837,0.2374,1.16104,0.01632,1.14678,0.00163
1.10935,0.23701,1.16205,0.01629,1.14578,0.00162
1.11034,0.23649,1.16306,0.01624,1.14477,0.0016
1.11135,0.23624,1.16404,0.01621,1.14377,0.00162
1.11235,0.23602,1.16503,0.01615,1.14278,0.00158
1.11333,0.23531,1.16605,0.01614,1.14177,0.00158
1.11433,0.23485,1.16703,0.01608,1.14079,0.00158
1.11535,0.23474,1.16806,0.01602,1.13979,0.00156
1.11635,0.23388,1.16905,0.01602,1.13878,0.00154
1.11735,0.23359,1.17005,0.01598,1.13778,0.00153
1.11836,0.23326,1.17106,0.01594,1.13678,0.00153
1.11935,0.23312,1.17206,0.01537,1.13579,0.0015
1.12036,0.23253,1.17305,0.01609,1.13476,0.00151
1.12134,0.23193,1.17405,0.01582,1.13377,0.00149
1.12234,0.23173,1.17507,0.01577,1.13277,0.00147
1.12334,0.23149,1.17606,0.01573,1.13177,0.00147
1.12436,0.23036,1.17704,0.01573,1.13079,0.00145
1.12536,0.23037,1.17806,0.01569,1.12979,0.00144
1.12634,0.23031,1.17904,0.01564,1.12879,0.00143
1.12734,0.22965,1.18003,0.01561,1.12779,0.0014
1.12834,0.22923,1.18107,0.01557,1.12678,0.00141
1.12936,0.22884,1.18204,0.01553,1.12579,0.00139
1.13035,0.22869,1.18304,0.01551,1.12478,0.00136
1.13136,0.22809,1.18407,0.01548,1.12378,0.00138
1.13236,0.22712,1.18504,0.01545,1.12279,0.00136
1.13336,0.22742,1.18606,0.01541,1.12179,0.00135
1.13437,0.22698,1.18706,0.01539,1.12081,0.0013
1.13534,0.22635,1.18806,0.01534,1.11978,0.00132
1.13635,0.22604,1.18905,0.0153,1.11878,0.00127
1.13736,0.22592,1.19005,0.01528,1.11777,0.00128
1.13835,0.22534,1.19107,0.01527,1.11678,0.00127
1.13934,0.2248,1.19203,0.01522,1.11578,0.00126
1.14036,0.22461,1.19305,0.01519,1.11477,0.00124
1.14136,0.22399,1.19406,0.01516,1.11378,0.00123
1.14234,0.22368,1.19505,0.01513,1.11278,0.0012
1.14335,0.22325,1.19606,0.01513,1.11179,0.0012
1.14438,0.22316,1.19705,0.01506,1.11078,0.00117
1.14534,0.22269,1.19805,0.01508,1.10978,0.00118
1.14637,0.22201,1.19904,0.01504,1.1088,0.00115
1.14736,0.22196,1.20005,0.01501,1.10779,0.00115
1.14837,0.22155,1.20102,0.01498,1.10679,0.00111
1.14933,0.22081,1.20205,0.01497,1.10579,0.00114
1.15033,0.22059,1.20302,0.01492,1.1048,0.00111
1.15135,0.22035,1.20404,0.01493,1.10378,0.00107
1.15236,0.22009,1.20505,0.01489,1.1028,0.00108
1.15336,0.21902,1.20604,0.01487,1.10179,0.00104
1.15436,0.21936,1.20704,0.01486,1.10079,0.00104
1.15536,0.21901,1.20802,0.01485,1.0998,0.00104
1.15635,0.21836,1.20903,0.01482,1.09878,0.00101
1.15735,0.21799,1.21004,0.01482,1.09779,9.92E-04
1.15836,0.21745,1.21105,0.0148,1.0968,9.87E-04
1.15934,0.21741,1.21204,0.01478,1.0958,9.47E-04
1.16036,0.21686,1.21302,0.01477,1.09479,9.33E-04
1.16134,0.21652,1.21404,0.01476,1.09378,9.38E-04
1.16234,0.21642,1.21505,0.01476,1.09279,7.73E-04
1.16337,0.21583,1.21605,0.01474,1.09177,8.74E-04
1.16435,0.21539,1.21703,0.01477,1.09078,8.69E-04
1.16536,0.21524,1.21803,0.01471,1.08978,8.81E-04
1.16635,0.21487,1.21905,0.01473,1.08877,8.88E-04
1.16735,0.21403,1.22002,0.01473,1.08778,8.46E-04
1.16834,0.21392,1.22101,0.01473,1.08679,8.56E-04
1.16935,0.2139,1.22204,0.01474,1.08498,8.07E-04
1.17036,0.21331,1.22304,0.01474,1.0832,0.00111
1.17135,0.21289,1.22403,0.01475,1.08235,0.00106
1.17235,0.2126,1.22502,0.01478,1.08133,6.10E-04
1.17336,0.21243,1.22603,0.01477,1.08023,6.40E-04
1.17435,0.21188,1.22702,0.01478,1.07925,8.87E-04
1.17535,0.21116,1.22803,0.01478,1.0783,8.47E-04
1.17636,0.21142,1.22903,0.01482,1.07731,6.85E-04
1.17735,0.21088,1.23004,0.01483,1.07628,6.92E-04
1.17836,0.21044,1.23104,0.01481,1.07527,7.60E-04
1.17935,0.21013,1.23203,0.01485,1.07431,7.44E-04
1.18035,0.20995,1.23303,0.01488,1.07328,6.80E-04
1.18135,0.20916,1.23403,0.01487,1.0723,6.86E-04
1.18236,0.20895,1.23505,0.01488,1.07131,7.05E-04
1.18338,0.2089,1.23601,0.01493,1.07031,6.89E-04
1.18435,0.20847,1.23703,0.01493,1.06928,6.32E-04
1.18538,0.20802,1.23803,0.01494,1.0683,6.14E-04
1.18634,0.20765,1.23904,0.01494,1.0673,6.48E-04
1.18735,0.20755,1.24002,0.01497,1.0663,6.50E-04
1.18833,0.20711,1.24101,0.01496,1.06528,6.03E-04
1.18933,0.20657,1.24202,0.015,1.0643,5.94E-04
1.19033,0.20639,1.24301,0.01501,1.06328,5.99E-04
1.19132,0.20588,1.24403,0.01502,1.06229,5.86E-04
1.19236,0.20562,1.24501,0.01503,1.06129,5.58E-04
1.19336,0.20526,1.24602,0.01507,1.06029,5.38E-04
1.19433,0.20512,1.24701,0.01507,1.05928,5.48E-04
1.19533,0.20481,1.24801,0.0151,1.05829,5.14E-04
1.19634,0.20426,1.24901,0.01511,1.05727,5.18E-04
1.19734,0.20393,1.25001,0.01513,1.05627,5.21E-04
1.19834,0.20389,1.25101,0.01519,1.05527,4.96E-04
1.19935,0.20335,1.25201,0.01518,1.05427,4.78E-04
1.20034,0.20286,1.25303,0.01523,1.05328,4.76E-04
1.20135,0.20259,1.25401,0.01526,1.05228,4.57E-04
1.20235,0.2025,1.255,0.01534,1.05126,4.42E-04
1.20337,0.20197,1.25601,0.01534,1.05026,4.27E-04
1.20435,0.20163,1.25701,0.01539,1.04926,4.12E-04
1.20535,0.20157,1.25801,0.01544,1.04827,3.96E-04
1.20634,0.20111,1.25901,0.0155,1.04726,3.91E-04
1.20735,0.20065,1.26001,0.01555,1.04628,3.84E-04
1.20836,0.2004,1.26102,0.01562,1.04528,3.59E-04
1.20933,0.20027,1.26202,0.01568,1.04426,3.43E-04
1.21033,0.19951,1.26304,0.01576,1.04327,3.08E-04
1.21133,0.19925,1.26403,0.01582,1.04226,3.11E-04
1.21234,0.19924,1.26501,0.01588,1.04125,3.16E-04
1.21334,0.19888,1.26602,0.01596,1.04028,3.02E-04
1.21433,0.19839,1.26702,0.01606,1.03926,2.65E-04
1.21532,0.19811,1.26803,0.01612,1.03827,2.59E-04
1.21632,0.19803,1.26904,0.01619,1.03727,2.63E-04
1.21734,0.19755,1.27001,0.01628,1.03627,2.31E-04
1.21833,0.19711,1.27103,0.01636,1.03526,2.17E-04
1.21933,0.197,1.27203,0.01643,1.03426,2.13E-04
1.22031,0.19674,1.27303,0.01651,1.03326,2.12E-04
1.22133,0.19595,1.27402,0.01657,1.03227,1.78E-04
1.22234,0.1959,1.27502,0.01666,1.0313,1.66E-04
1.22333,0.19584,1.27602,0.01673,1.03028,1.69E-04
1.22434,0.19539,1.27702,0.01677,1.02928,1.39E-04
1.22535,0.19499,1.27801,0.01683,1.02828,1.03E-04
1.22635,0.19475,1.27901,0.01711,1.02728,9.91E-05
1.22733,0.19462,1.28002,0.01699,1.02629,9.84E-05
1.22834,0.19409,1.28102,0.017,1.02527,9.79E-05
1.22932,0.19372,1.282,0.01704,1.02429,5.07E-05
1.23033,0.19371,1.28302,0.01707,1.02331,-2.21E-04
1.23133,0.1933,1.28402,0.01711,1.02223,-1.37E-04
1.23233,0.19255,1.28502,0.01713,1.02125,1.35E-04
1.23333,0.19261,1.28601,0.01717,1.02031,1.04E-04
1.23434,0.19251,1.28702,0.01719,1.0193,-5.58E-05
1.23534,0.19209,1.28802,0.01721,1.01828,-1.01E-04
1.23633,0.19163,1.28902,0.01722,1.01727,-3.99E-05
1.23733,0.19155,1.29001,0.01724,1.01628,-3.38E-05
1.23834,0.19134,1.2909,0.01724,1.01528,-5.80E-05
1.23933,0.19079,1.29126,0.01736,1.01426,-1.15E-04
1.24035,0.19051,1.29123,0.01619,1.01327,-1.29E-04
1.24134,0.19045,1.29063,0.01305,1.01229,-1.03E-04
1.24235,0.19005,1.28964,0.01302,1.01128,-1.02E-04
1.24333,0.18929,1.28864,0.01268,1.01026,-1.73E-04
1.24434,0.18955,1.28765,0.0124,1.00926,-1.94E-04
1.24534,0.18929,1.28663,0.01213,1.00827,-1.48E-04
1.24634,0.18879,1.28564,0.01189,1.00729,-1.52E-04
1.24732,0.18848,1.28463,0.01168,1.00626,-2.10E-04
1.24836,0.18843,1.28364,0.01147,1.00526,-2.38E-04
1.24933,0.18807,1.28263,0.01105,1.0043,-2.24E-04
1.25033,0.18733,1.28163,0.01108,1.00329,-2.26E-04
1.25135,0.18731,1.28063,0.01089,1.00229,-2.41E-04
1.25237,0.18734,1.27963,0.01075,1.00128,-2.76E-04
1.25334,0.18687,1.27865,0.01059,1.00026,-2.68E-04
1.25432,0.18642,1.27764,0.01047,0.99926,-2.73E-04
1.25535,0.18639,1.27664,0.01031,0.99827,-3.14E-04
1.25635,0.18611,1.27563,0.01018,0.99727,-3.20E-04
1.25734,0.18569,1.27465,0.01007,0.99625,-3.32E-04
1.25834,0.18535,1.27365,0.00976,0.99527,-3.40E-04
1.25934,0.18533,1.27264,0.00983,0.99426,-3.39E-04
1.26035,0.18495,1.27165,0.00973,0.99328,-3.55E-04
1.26133,0.18419,1.27063,0.00962,0.99227,-3.90E-04
1.26236,0.18431,1.26963,0.00953,0.99127,-3.87E-04
1.26336,0.18422,1.26867,0.00945,0.99028,-3.92E-04
1.26435,0.18379,1.26765,0.00934,0.98927,-4.22E-04
1.26533,0.1834,1.26665,0.00926,0.98827,-4.31E-04
1.26634,0.18332,1.26565,0.00918,0.98727,-4.49E-04
1.26734,0.18311,1.26465,0.0091,0.98628,-4.78E-04
1.26836,0.18264,1.26365,0.00902,0.98527,-4.90E-04
1.26933,0.18238,1.26266,0.00895,0.98428,-4.85E-04
1.27033,0.18236,1.26163,0.00886,0.98328,-5.03E-04
1.27133,0.18192,1.26064,0.00881,0.98228,-5.14E-04
1.27234,0.18158,1.25963,0.00873,0.98128,-5.24E-04
1.27335,0.18141,1.25864,0.00844,0.98026,-5.35E-04
1.27433,0.181,1.25763,0.00858,0.97928,-5.36E-04
1.27534,0.18077,1.25589,0.00856,0.97827,-5.55E-04
1.27633,0.18047,1.25412,0.00844,0.97726,-5.73E-04
1.27734,0.18045,1.25313,0.00836,0.97627,-5.78E-04
1.27834,0.18014,1.25211,0.00828,0.97529,-6.10E-04
1.27934,0.17974,1.25112,0.00823,0.97428,-6.32E-04
1.28034,0.17952,1.25011,0.00819,0.97329,-6.35E-04
1.28136,0.17949,1.24912,0.00813,0.9723,-6.52E-04
1.28234,0.17911,1.24811,0.00809,0.97127,-6.88E-04
1.28334,0.1787,1.24711,0.00802,0.97027,-6.96E-04
1.28434,0.17865,1.24612,0.00797,0.96929,-6.91E-04
1.28534,0.17846,1.24511,0.00795,0.96827,-7.05E-04
1.28633,0.17774,1.24411,0.00791,0.96728,-7.32E-04
1.28735,0.17778,1.2431,0.00784,0.96628,-7.60E-04
1.28836,0.17787,1.24209,0.0078,0.96526,-7.50E-04
1.28936,0.17752,1.24109,0.00774,0.96427,-7.41E-04
1.29037,0.17712,1.24011,0.00772,0.96328,-7.69E-04
1.29107,0.17688,1.23912,0.00769,0.96228,-8.00E-04
1.29129,0.17706,1.23813,0.00763,0.96128,-8.17E-04
1.29121,0.17539,1.23711,0.0076,0.96028,-8.08E-04
1.29067,0.17375,1.23612,0.00751,0.95928,-8.30E-04
1.28968,0.17302,1.23512,0.00743,0.95832,-9.05E-04
1.28868,0.17261,1.23412,0.00746,0.95728,-0.00115
1.28768,0.17229,1.23311,0.00745,0.95624,-9.74E-04
1.28666,0.17218,1.23211,0.00739,0.95529,-7.66E-04
1.28567,0.1715,1.23109,0.0074,0.95432,-8.56E-04
1.28467,0.17122,1.23013,0.00733,0.9533,-9.84E-04
1.28369,0.17116,1.22912,0.00729,0.95228,-9.75E-04
1.28267,0.17086,1.22811,0.00726,0.95129,-9.13E-04
1.28167,0.17024,1.22713,0.00725,0.9503,-9.06E-04
1.28067,0.17003,1.2261,0.0072,0.94931,-9.51E-04
1.27966,0.16999,1.22512,0.00717,0.94829,-9.95E-04
1.27867,0.1696,1.2241,0.00714,0.9473,-0.00102
1.27767,0.16915,1.22312,0.00713,0.94629,-0.00102
1.27667,0.16899,1.22211,0.00707,0.94529,-0.00101
1.27566,0.16871,1.22113,0.00705,0.9443,-0.00101
1.27467,0.16835,1.22014,0.00701,0.9433,-0.00105
1.27366,0.16802,1.21913,0.00699,0.94227,-0.00108
1.27267,0.16797,1.21811,0.00698,0.94127,-0.00111
1.27166,0.16766,1.21713,0.00693,0.94028,-0.00111
1.27065,0.16704,1.21613,0.0069,0.93928,-0.00109
1.26966,0.16699,1.21512,0.00686,0.93827,-0.0011
1.26866,0.1669,1.21412,0.00685,0.93727,-0.00112
1.26766,0.1665,1.21313,0.0068,0.93628,-0.00115
1.26665,0.16612,1.21211,0.0068,0.93528,-0.00117
1.26567,0.16595,1.21112,0.00675,0.93429,-0.00116
1.26467,0.16583,1.21012,0.00672,0.93327,-0.00118
1.26368,0.16516,1.20912,0.0067,0.93228,-0.00118
1.26268,0.16505,1.20811,0.00666,0.93129,-0.00119
1.26169,0.16498,1.20713,0.00667,0.9303,-0.00122
1.26069,0.16468,1.20612,0.00665,0.9293,-0.00123
1.25969,0.16419,1.20512,0.0066,0.92827,-0.00121
1.25868,0.16396,1.20415,0.00656,0.92727,-0.00123
1.25768,0.16395,1.20312,0.00654,0.92629,-0.00127
1.25668,0.16357,1.20211,0.00654,0.92528,-0.00128
1.25566,0.16317,1.20112,0.00651,0.92428,-0.00127
1.25467,0.16307,1.20012,0.00649,0.92327,-0.00128
1.25369,0.16292,1.19911,0.00647,0.92227,-0.0013
1.25267,0.16229,1.19811,0.00614,0.92128,-0.00135
1.25168,0.16215,1.19712,0.00644,0.92027,-0.00136
1.25068,0.16212,1.19611,0.0064,0.91927,-0.00135
1.24969,0.16182,1.19513,0.00636,0.91827,-0.00136
1.24867,0.16141,1.19412,0.00632,0.91727,-0.00137
1.24766,0.16123,1.19312,0.00634,0.91629,-0.00139
1.24667,0.16114,1.19213,0.00628,0.9153,-0.00142
1.24569,0.16059,1.19113,0.00629,0.91429,-0.00142
1.24467,0.16039,1.19012,0.00623,0.91328,-0.00141
1.24367,0.16033,1.18912,0.00626,0.91227,-0.00143
1.24267,0.16011,1.18811,0.0062,0.9113,-0.00144
1.24167,0.15962,1.18712,0.0062,0.9103,-0.00145
1.24067,0.15937,1.18611,0.00616,0.9093,-0.00146
1.23966,0.15939,1.18512,0.00617,0.90828,-0.00148
1.23866,0.15901,1.18412,0.00611,0.90728,-0.0015
1.23769,0.15871,1.18311,0.00611,0.90628,-0.0015
1.23668,0.15851,1.18211,0.00609,0.90527,-0.0015
1.23567,0.15841,1.1811,0.00606,0.90428,-0.00149
1.23466,0.15796,1.18012,0.00608,0.90329,-0.00151
1.23366,0.15762,1.17912,0.00601,0.90228,-0.00152
1.23266,0.15768,1.1781,0.006,0.90129,-0.00153
1.23167,0.15735,1.17711,0.006,0.90027,-0.00156
1.23067,0.15701,1.17612,0.00597,0.89928,-0.00159
1.22967,0.15671,1.17511,0.00594,0.89828,-0.0016
1.22867,0.15674,1.1741,0.00593,0.89728,-0.0016
1.22769,0.15629,1.17312,0.00589,0.89631,-0.0016
1.22668,0.15592,1.17212,0.0059,0.89527,-0.00162
1.22567,0.15586,1.17112,0.00584,0.89429,-0.00162
1.22467,0.15573,1.17011,0.00587,0.89328,-0.00163
1.22367,0.15531,1.16911,0.00579,0.89228,-0.00166
1.22267,0.15504,1.16811,0.00581,0.89128,-0.00168
1.22168,0.15499,1.16711,0.00576,0.89027,-0.0017
1.22069,0.15457,1.16611,0.00575,0.88927,-0.0017
1.21967,0.15433,1.16513,0.00573,0.88827,-0.00169
1.21867,0.15417,1.16414,0.00572,0.88728,-0.0017
1.21768,0.15411,1.1631,0.00567,0.8863,-0.00172
1.21669,0.15369,1.16212,0.00567,0.88455,-0.00192
1.21568,0.15342,1.16113,0.00565,0.88278,-0.00173
1.21467,0.15331,1.16013,0.00562,0.88179,-0.00179
1.21368,0.153,1.15913,0.00558,0.8808,-0.00179
1.21266,0.15269,1.15812,0.00558,0.87978,-0.00177
1.21168,0.15253,1.15712,0.00555,0.87878,-0.00183
1.21068,0.15249,1.15613,0.00554,0.87779,-0.00178
1.2097,0.1521,1.15513,0.0055,0.87679,-0.00182
1.20867,0.15184,1.15412,0.00549,0.8758,-0.00185
1.20769,0.15151,1.15312,0.00545,0.8748,-0.00183
1.20668,0.15151,1.15211,0.00543,0.87379,-0.00186
1.20569,0.15118,1.15111,0.00544,0.87277,-0.00188
1.20467,0.15089,1.15013,0.00505,0.8718,-0.00189
1.20369,0.15084,1.14913,0.0054,0.8708,-0.00189
1.20267,0.15062,1.14813,0.00533,0.8698,-0.00192
1.20168,0.15015,1.14714,0.00532,0.8688,-0.00192
1.20068,0.15006,1.14611,0.00528,0.86779,-0.00191
1.19968,0.14994,1.14512,0.00526,0.86679,-0.00192
1.19867,0.14961,1.14412,0.00525,0.8658,-0.00195
1.19766,0.14935,1.14311,0.00523,0.86478,-0.00196
1.19667,0.14923,1.1421,0.0052,0.86379,-0.00195
1.19567,0.14911,1.14111,0.00518,0.86279,-0.00198
1.19468,0.14866,1.14012,0.00515,0.86179,-0.00196
1.19367,0.14841,1.13911,0.00513,0.86078,-0.002
1.19268,0.14845,1.13812,0.0051,0.85979,-0.00199
1.19169,0.14808,1.1371,0.00508,0.85878,-0.00203
1.19068,0.14781,1.13612,0.00507,0.8578,-0.00203
1.18969,0.14764,1.13512,0.00504,0.85677,-0.00202
1.18869,0.14755,1.1341,0.00498,0.85576,-0.00203
1.1877,0.14721,1.13311,0.00498,0.85477,-0.00206
1.18671,0.14675,1.13211,0.00497,0.85378,-0.00205
1.18569,0.14686,1.1311,0.00494,0.85278,-0.00208
1.18468,0.14659,1.13011,0.00492,0.85177,-0.00208
1.18367,0.14625,1.12911,0.00488,0.85079,-0.00211
1.18269,0.14604,1.12812,0.00488,0.84977,-0.00209
1.18169,0.14599,1.12712,0.00483,0.84876,-0.00212
1.18068,0.14569,1.1261,0.00482,0.84777,-0.00215
1.17967,0.14522,1.12511,0.00479,0.84677,-0.00212
1.17869,0.14526,1.1241,0.00478,0.84578,-0.00215
1.1777,0.14514,1.12311,0.00473,0.84477,-0.00213
1.17667,0.14475,1.12212,0.00474,0.84378,-0.00218
1.17565,0.14452,1.12111,0.0047,0.84277,-0.00216
1.17465,0.14446,1.12012,0.00467,0.84176,-0.00219
1.17366,0.1442,1.11913,0.00465,0.84078,-0.00217
1.17267,0.14374,1.11812,0.00462,0.83978,-0.00225
1.17168,0.14368,1.11711,0.00459,0.83878,-0.00219
1.17067,0.14363,1.11613,0.00458,0.83776,-0.00222
1.16966,0.14328,1.11513,0.00456,0.83678,-0.00222
1.16867,0.14302,1.11412,0.00451,0.83579,-0.00224
1.16767,0.14295,1.11312,0.00449,0.83475,-0.00224
1.16668,0.14273,1.1121,0.00445,0.83378,-0.00226
1.16567,0.14241,1.11112,0.00446,0.83278,-0.00226
1.16467,0.14206,1.11013,0.00442,0.83177,-0.00226
1.16366,0.14215,1.10912,0.00441,0.83078,-0.00229
1.16268,0.14187,1.10811,0.00433,0.82977,-0.00229
1.16166,0.14155,1.10713,0.00434,0.82876,-0.00227
1.16067,0.14142,1.10611,0.00433,0.82778,-0.00229
1.15967,0.14131,1.1051,0.0043,0.82679,-0.00231
1.15867,0.14101,1.10412,0.00426,0.82579,-0.00234
1.15768,0.14056,1.10309,0.00394,0.82477,-0.00234
1.15667,0.14068,1.1021,0.00419,0.82377,-0.00241
1.15567,0.14044,1.1011,0.00419,0.82279,-0.00235
1.15466,0.14013,1.1001,0.00417,0.82178,-0.00235
1.15368,0.13993,1.09911,0.00419,0.82078,-0.00238
1.15267,0.13984,1.0981,0.00409,0.81979,-0.00237
1.15166,0.1396,1.0971,0.00409,0.81878,-0.00241
1.15067,0.13925,1.0961,0.00402,0.81779,-0.00241
1.14967,0.13909,1.09508,0.00403,0.8168,-0.0024
1.14868,0.13904,1.09411,0.004,0.81579,-0.00241
1.14768,0.13872,1.09311,0.00401,0.8148,-0.00243
1.14667,0.1385,1.09209,0.00396,0.81379,-0.00245
1.14567,0.13843,1.0911,0.00391,0.81279,-0.00244
1.14466,0.1382,1.0901,0.00394,0.81178,-0.00244
1.14366,0.13788,1.08911,0.00387,0.81077,-0.00248
1.14266,0.13755,1.08811,0.00385,0.80978,-0.00246
1.14168,0.13768,1.08709,0.00382,0.80879,-0.00247
1.14066,0.1373,1.08611,0.0038,0.8078,-0.00252
1.13967,0.13707,1.0851,0.00377,0.80679,-0.00249
1.1387,0.13701,1.08413,0.00375,0.80579,-0.00246
1.13768,0.1368,1.0831,0.00373,0.80479,-0.00292
1.13667,0.13649,1.0821,0.00367,0.80378,-0.00255
1.13568,0.13629,1.08111,0.00369,0.80279,-0.00256
1.13468,0.13623,1.08011,0.00367,0.8018,-0.00256
1.13367,0.1358,1.07912,0.0036,0.80077,-0.00263
1.13267,0.13564,1.07811,0.00361,0.79978,-0.00256
1.13167,0.13552,1.07711,0.00359,0.79878,-0.00257
1.13066,0.13545,1.07611,0.00356,0.79778,-0.00256
1.12967,0.13511,1.0751,0.00349,0.79678,-0.0026
1.12867,0.13487,1.07411,0.00346,0.79579,-0.00259
1.12767,0.13487,1.0731,0.00346,0.79478,-0.00262
1.12667,0.13448,1.07211,0.00342,0.79378,-0.0026
1.12565,0.13427,1.07112,0.0034,0.79279,-0.00265
1.12465,0.13414,1.07011,0.00336,0.79177,-0.00262
1.12364,0.1341,1.0691,0.00334,0.79078,-0.00267
1.12265,0.1338,1.0681,0.00335,0.78979,-0.00262
1.12166,0.13352,1.0671,0.00326,0.78879,-0.00269
1.12065,0.13347,1.06611,0.00326,0.78778,-0.0027
1.11967,0.13325,1.06512,0.00324,0.78676,-0.00267
1.11866,0.13292,1.06413,0.00321,0.78577,-0.00271
1.11766,0.13275,1.06311,0.00319,0.78478,-0.00269
1.11666,0.13272,1.06211,0.00266,0.78379,-0.00271
1.11568,0.13245,1.0611,0.00317,0.78278,-0.00271
1.11466,0.1322,1.06013,0.00306,0.78177,-0.00274
1.11366,0.13204,1.05912,0.00303,0.78076,-0.00273
1.11267,0.13199,1.05811,0.003,0.77979,-0.00274
1.11167,0.13155,1.05712,0.003,0.77878,-0.00272
1.11067,0.13138,1.05612,0.00296,0.77777,-0.00276
1.10967,0.13141,1.05511,0.00295,0.77675,-0.00276
1.10869,0.13114,1.05412,0.00292,0.77577,-0.00273
1.1077,0.13088,1.0531,0.00291,0.77478,-0.00276
1.10668,0.13067,1.05211,0.00284,0.77379,-0.00278
1.10566,0.13062,1.05112,0.00285,0.77277,-0.00282
1.10466,0.13036,1.05013,0.00278,0.77178,-0.00273
1.10366,0.13004,1.04913,0.0028,0.77079,-0.00279
1.10266,0.12994,1.04812,0.00274,0.76978,-0.00285
1.10165,0.12983,1.04711,0.0027,0.76877,-0.00282
1.10066,0.12958,1.0461,0.00271,0.76777,-0.00279
1.09967,0.12936,1.04514,0.00265,0.76677,-0.00285
1.09867,0.12933,1.04413,0.00263,0.76576,-0.00281
1.09766,0.12913,1.04313,0.0026,0.76478,-0.00283
1.09669,0.12881,1.04212,0.0026,0.76378,-0.00281
1.09566,0.12868,1.04112,0.00255,0.76276,-0.00288
1.09466,0.12861,1.04014,0.00252,0.76176,-0.00282
1.09366,0.12813,1.03912,0.00251,0.76076,-0.00285
1.09266,0.12808,1.03812,0.00247,0.75977,-0.00284
1.09165,0.12801,1.0371,0.00238,0.75877,-0.00287
1.09065,0.12785,1.03612,0.00243,0.75776,-0.00286
1.08965,0.12755,1.03513,0.00237,0.75678,-0.00284
1.08866,0.12737,1.03412,0.00234,0.75576,-0.00291
1.08765,0.12733,1.03311,0.00233,0.75477,-0.00286
1.08665,0.12707,1.03213,0.00233,0.75378,-0.00288
1.08565,0.12663,1.03111,0.00222,0.75277,-0.00287
1.08465,0.12672,1.03011,0.00224,0.75177,-0.00292
1.08364,0.12658,1.02911,0.0022,0.75076,-0.00289
1.08267,0.12628,1.0281,0.00216,0.74976,-0.00292
1.08166,0.12608,1.02712,0.00216,0.74876,-0.0029
1.08065,0.12604,1.02611,0.0021,0.74777,-0.00294
1.07964,0.1258,1.0251,0.00208,0.74675,-0.00292
1.07867,0.12552,1.02411,0.00202,0.74576,-0.00293
1.07764,0.12539,1.02312,0.00205,0.74479,-0.00292
1.07664,0.12517,1.02211,0.00144,0.74377,-0.00294
1.07564,0.12503,1.0211,0.00198,0.74277,-0.00297
1.07465,0.12478,1.02011,0.00191,0.74177,-0.0029
1.07366,0.12479,1.01912,0.00189,0.74077,-0.00299
1.07265,0.12457,1.01812,0.0019,0.73979,-0.00297
1.07165,0.1243,1.01711,0.00186,0.73878,-0.00295
1.07065,0.12413,1.01612,0.00182,0.73778,-0.00299
1.06966,0.12409,1.01513,0.00177,0.73676,-0.00305
1.06866,0.12379,1.01411,0.00174,0.73576,-0.00298
1.06766,0.12351,1.01311,0.00172,0.73474,-0.00298
1.06666,0.12347,1.0121,0.0017,0.73376,-0.00298
1.06567,0.12336,1.0111,0.00166,0.73276,-0.00304
1.06466,0.12307,1.01012,0.00167,0.73176,-0.003
1.06366,0.12288,1.0091,0.0016,0.73076,-0.00304
1.06265,0.12287,1.00809,0.00159,0.72975,-0.00302
1.06166,0.12265,1.0071,0.00158,0.72877,-0.00301
1.06063,0.12236,1.00611,0.00151,0.72778,-0.00303
1.05964,0.12226,1.0051,0.0015,0.72675,-0.00305
1.05866,0.12207,1.00412,0.00155,0.72577,-0.00304
1.05767,0.12191,1.0031,0.00149,0.72475,-0.00309
1.05668,0.12169,1.0021,0.00137,0.72376,-0.00305
1.05566,0.12165,1.00111,0.00143,0.72275,-0.00305
1.05466,0.1215,1.00011,0.00141,0.72175,-0.00312
1.05366,0.12119,0.99909,0.00134,0.72078,-0.00307
1.05267,0.12105,0.9981,0.00135,0.71977,-0.00307
1.05167,0.12102,0.9971,0.00134,0.71876,-0.00311
1.05068,0.12077,0.99611,0.00129,0.71777,-0.00313
1.04966,0.12037,0.99512,0.00127,0.71678,-0.00305
1.04865,0.12046,0.99411,0.00127,0.71579,-0.0031
1.04767,0.12031,0.99311,0.00121,0.71478,-0.00312
1.04665,0.12008,0.99211,0.0012,0.71378,-0.00316
1.04567,0.11984,0.99112,0.00116,0.71278,-0.00317
1.04465,0.11985,0.99011,0.00111,0.71177,-0.00322
1.04365,0.11963,0.9891,0.00113,0.71077,-0.00357
1.04266,0.11938,0.98811,0.00112,0.70975,-0.00317
1.04164,0.11928,0.98713,0.00105,0.70877,-0.0032
1.04064,0.11906,0.98611,0.00103,0.70777,-0.00321
1.03966,0.11893,0.98511,0.00104,0.70677,-0.00319
1.03866,0.11872,0.98412,9.88E-04,0.70576,-0.00321
1.03766,0.11865,0.9831,0.00102,0.70478,-0.00321
1.03668,0.11854,0.9821,9.50E-04,0.70378,-0.00324
1.03566,0.11822,0.9811,9.48E-04,0.70276,-0.00325
1.03465,0.11812,0.98013,5.74E-04,0.70177,-0.00322
1.03366,0.11807,0.97908,6.53E-04,0.70076,-0.00327
1.03267,0.1178,0.97809,8.35E-04,0.69976,-0.00323
1.03168,0.11765,0.97712,8.69E-04,0.69876,-0.00326
1.03067,0.11732,0.97611,8.68E-04,0.69777,-0.0033
1.02967,0.11746,0.97513,8.32E-04,0.69677,-0.00329
1.02869,0.11714,0.97252,6.83E-04,0.69577,-0.00329
1.02766,0.11696,0.97157,0.00104,0.69477,-0.00332
1.02666,0.11698,0.97064,9.96E-04,0.69376,-0.00329
1.02566,0.11668,0.96964,7.57E-04,0.69276,-0.00335
1.02468,0.11654,0.96863,5.75E-04,0.69176,-0.00332
1.02365,0.11635,0.9676,5.40E-04,0.69076,-0.00333
1.02266,0.11628,0.96661,6.20E-04,0.68976,-0.00337
1.02166,0.11612,0.96562,6.99E-04,0.68875,-0.00334
1.02064,0.11567,0.96463,6.86E-04,0.68776,-0.00335
1.01965,0.11586,0.96361,6.33E-04,0.68676,-0.00338
1.01868,0.11567,0.96264,5.75E-04,0.68576,-0.00339
1.01765,0.11543,0.96161,5.31E-04,0.68476,-0.00341
1.01666,0.11531,0.9606,5.28E-04,0.68376,-0.00339
1.01566,0.11523,0.95962,5.32E-04,0.68277,-0.00339
1.01466,0.11507,0.95861,5.30E-04,0.68178,-0.00343
1.01368,0.1148,0.95763,5.05E-04,0.68077,-0.00342
1.01266,0.11476,0.95662,4.84E-04,0.67977,-0.00343
1.01168,0.11458,0.95564,4.70E-04,0.67874,-0.00346
1.01068,0.11432,0.95461,4.37E-04,0.67777,-0.00343
1.00967,0.1142,0.9536,4.04E-04,0.67679,-0.00345
1.00866,0.11413,0.95262,4.06E-04,0.67578,-0.00346
1.00767,0.11399,0.95163,4.15E-04,0.67477,-0.00345
1.00667,0.11372,0.95063,4.08E-04,0.67378,-0.00349
1.00568,0.11364,0.94962,3.96E-04,0.67277,-0.00346
1.00468,0.11357,0.9486,3.76E-04,0.67177,-0.00347
1.00369,0.11333,0.94761,3.41E-04,0.67078,-0.00352
1.0027,0.11318,0.9466,3.21E-04,0.66977,-0.00351
1.00168,0.11306,0.9456,3.32E-04,0.66877,-0.00348
1.00067,0.11282,0.94461,3.42E-04,0.66777,-0.00354
0.99968,0.11268,0.94363,3.14E-04,0.66679,-0.0035
0.99869,0.11259,0.94262,2.95E-04,0.66577,-0.00355
0.99769,0.11253,0.94161,2.73E-04,0.66477,-0.00352
0.99668,0.1123,0.94059,2.47E-04,0.66377,-0.00355
0.99566,0.11216,0.93958,2.46E-04,0.66278,-0.00354
0.99467,0.11201,0.9386,2.58E-04,0.6618,-0.0035
0.99368,0.11195,0.9376,2.55E-04,0.66076,-0.00364
0.99267,0.11173,0.9366,2.36E-04,0.65977,-0.00359
0.99167,0.11141,0.9356,2.25E-04,0.65876,-0.00355
0.99067,0.11152,0.93459,2.26E-04,0.65778,-0.00358
0.98965,0.11131,0.93358,2.42E-04,0.6568,-0.0036
0.98865,0.1111,0.9326,2.43E-04,0.65579,-0.0036
0.98765,0.11099,0.93161,2.16E-04,0.65479,-0.00361
0.98667,0.11095,0.93058,2.02E-04,0.65377,-0.00361
0.98569,0.11071,0.92958,1.88E-04,0.65279,-0.00361
0.98467,0.11052,0.92859,1.48E-04,0.65177,-0.00364
0.98369,0.11046,0.92762,1.29E-04,0.65079,-0.00361
0.98268,0.11031,0.92659,1.49E-04,0.64976,-0.00361
0.98168,0.1101,0.9256,1.68E-04,0.64876,-0.00364
0.98067,0.10983,0.92458,1.60E-04,0.64778,-0.00366
0.97967,0.10991,0.9236,1.33E-04,0.64678,-0.00364
0.97867,0.10972,0.92259,1.20E-04,0.64577,-0.00366
0.97768,0.10951,0.9216,1.32E-04,0.64477,-0.00367
0.97667,0.10942,0.92061,1.57E-04,0.64378,-0.00365
0.97565,0.10935,0.91961,1.64E-04,0.64276,-0.00366
0.97469,0.10908,0.91862,1.25E-04,0.64178,-0.00367
0.97369,0.10895,0.91761,9.12E-05,0.64077,-0.00365
0.97267,0.1089,0.91662,7.81E-05,0.63979,-0.00368
0.97168,0.10874,0.91562,1.13E-04,0.63877,-0.00369
0.97067,0.10853,0.91459,1.27E-04,0.63778,-0.00371
0.96968,0.10826,0.91364,1.28E-04,0.6368,-0.00368
0.96865,0.10834,0.91263,7.51E-05,0.63577,-0.00369
0.96766,0.10813,0.9116,4.94E-05,0.63477,-0.00373
0.96665,0.10796,0.9106,9.02E-05,0.63377,-0.00371
0.96565,0.10787,0.90962,1.03E-04,0.63278,-0.00369
0.96467,0.10781,0.90862,8.80E-05,0.63178,-0.00374
0.96366,0.10756,0.90687,8.43E-05,0.63077,-0.00373
0.96265,0.10741,0.90511,8.18E-05,0.62977,-0.00372
0.96167,0.10738,0.90411,7.88E-05,0.62876,-0.00372
0.96068,0.1072,0.90311,6.71E-05,0.62778,-0.00375
0.95969,0.10687,0.90213,-2.13E-04,0.62678,-0.00374
0.95869,0.10685,0.90098,-3.27E-04,0.62576,-0.00373
0.95768,0.10681,0.89994,-7.66E-05,0.62476,-0.00375
0.9567,0.10659,0.89898,1.62E-04,0.62377,-0.00372
0.95568,0.10643,0.89802,2.36E-04,0.62277,-0.00375
0.95469,0.10638,0.89703,1.56E-04,0.62176,-0.00372
0.9537,0.10624,0.896,4.13E-05,0.62076,-0.00375
0.95268,0.10603,0.895,2.60E-05,0.61977,-0.00372
0.95169,0.10588,0.894,6.07E-05,0.61877,-0.00375
0.9507,0.10586,0.89299,9.87E-05,0.61779,-0.00378
0.94968,0.10566,0.89201,1.16E-04,0.61678,-0.00375
0.94868,0.1053,0.89098,1.17E-04,0.61577,-0.00378
0.94768,0.10541,0.89,7.06E-05,0.61477,-0.00377
0.94667,0.10526,0.88899,8.40E-05,0.61377,-0.00381
0.94568,0.10507,0.88799,1.11E-04,0.61277,-0.00377
0.94469,0.10491,0.887,1.35E-04,0.61178,-0.00378
0.94369,0.10489,0.88599,1.39E-04,0.61076,-0.00378
0.94268,0.10474,0.885,1.47E-04,0.60977,-0.00378
0.94169,0.10448,0.88401,1.34E-04,0.60877,-0.00378
0.9407,0.10446,0.88301,1.21E-04,0.60777,-0.00379
0.93968,0.10436,0.88199,1.31E-04,0.60676,-0.00379
0.93867,0.10414,0.88099,1.58E-04,0.60577,-0.00386
0.93768,0.10387,0.88,1.66E-04,0.60476,-0.00408
0.93668,0.10388,0.879,1.81E-04,0.60379,-0.00381
0.93568,0.10377,0.87801,1.79E-04,0.60278,-0.00377
0.93467,0.10355,0.877,1.63E-04,0.60178,-0.0038
0.93369,0.10346,0.876,1.64E-04,0.60079,-0.00379
0.93268,0.10342,0.875,2.08E-04,0.59978,-0.00381
0.93169,0.1032,0.874,2.36E-04,0.59879,-0.00378
0.9307,0.10308,0.873,2.43E-04,0.59778,-0.00381
0.92967,0.10295,0.872,2.33E-04,0.59677,-0.00382
0.92868,0.1029,0.87099,2.26E-04,0.59579,-0.00381
0.92768,0.10269,0.86998,2.26E-04,0.59478,-0.00379
0.92668,0.10253,0.869,2.38E-04,0.59378,-0.0038
0.92569,0.10253,0.86799,2.38E-04,0.59278,-0.0038
0.92467,0.10221,0.86699,2.52E-04,0.59178,-0.00378
0.92366,0.10216,0.86599,2.77E-04,0.59077,-0.00379
0.92266,0.10205,0.865,2.87E-04,0.58978,-0.00384
0.92168,0.10197,0.864,2.65E-04,0.58878,-0.00378
0.9207,0.10178,0.863,2.86E-04,0.58778,-0.00382
0.91967,0.10162,0.862,2.91E-04,0.58678,-0.00378
0.91867,0.10161,0.861,2.40E-04,0.58578,-0.00383
0.91765,0.10142,0.85999,2.46E-04,0.58477,-0.00379
0.91668,0.10129,0.85899,2.81E-04,0.58377,-0.00381
0.91568,0.10114,0.85799,3.09E-04,0.58278,-0.00379
0.91467,0.1011,0.85699,3.18E-04,0.58177,-0.00379
0.91368,0.10089,0.85599,2.98E-04,0.58076,-0.00381
0.91268,0.10069,0.85498,3.13E-04,0.57977,-0.00377
0.91167,0.10069,0.85399,3.07E-04,0.57879,-0.00378
0.91068,0.10057,0.85299,3.08E-04,0.57778,-0.00378
0.90968,0.10037,0.85198,2.83E-04,0.57676,-0.00381
0.90868,0.10025,0.85097,2.76E-04,0.57576,-0.00379
0.90768,0.1002,0.84999,2.90E-04,0.57478,-0.00378
0.90669,0.10004,0.84899,3.21E-04,0.57377,-0.00378
0.90569,0.09984,0.84801,3.27E-04,0.57278,-0.00378
0.90467,0.09974,0.847,3.14E-04,0.57178,-0.00379
0.90366,0.09972,0.84597,2.95E-04,0.57077,-0.00377
0.90267,0.0995,0.84502,2.79E-04,0.56976,-0.00379
0.90169,0.09937,0.84401,2.79E-04,0.56875,-0.00377
0.90069,0.09919,0.84299,3.14E-04,0.56779,-0.00377
0.89969,0.09919,0.84201,3.18E-04,0.56675,-0.00375
0.89868,0.09898,0.84099,3.21E-04,0.56575,-0.00375
0.8977,0.09885,0.84001,2.88E-04,0.56478,-0.00378
0.89668,0.09883,0.83899,2.57E-04,0.56377,-0.00378
0.89567,0.09864,0.838,2.75E-04,0.56277,-0.00372
0.89467,0.09848,0.837,2.98E-04,0.56178,-0.00377
0.89368,0.09838,0.836,2.97E-04,0.56078,-0.00375
0.89268,0.09834,0.835,3.04E-04,0.55979,-0.00373
0.89168,0.09812,0.834,2.93E-04,0.55879,-0.00373
0.89068,0.09797,0.833,2.57E-04,0.55778,-0.00375
0.88967,0.09797,0.83198,2.47E-04,0.55678,-0.00374
0.88868,0.09766,0.831,2.68E-04,0.55576,-0.00375
0.88768,0.09759,0.83,2.73E-04,0.55477,-0.0037
0.88667,0.0975,0.82899,2.61E-04,0.55377,-0.00371
0.88567,0.09745,0.82799,2.32E-04,0.55278,-0.00371
0.88466,0.09726,0.827,2.14E-04,0.55177,-0.0037
0.88365,0.09711,0.82599,2.10E-04,0.55077,-0.0037
0.88267,0.09704,0.82499,2.23E-04,0.54978,-0.00369
0.88166,0.09695,0.82398,2.27E-04,0.54877,-0.00367
0.88068,0.09675,0.82296,2.22E-04,0.54777,-0.00368
0.87966,0.09662,0.82197,2.25E-04,0.54679,-0.00365
0.87868,0.09661,0.82098,2.15E-04,0.54579,-0.00368
0.87768,0.09643,0.82,1.37E-04,0.54476,-0.00367
0.87669,0.09615,0.81898,1.15E-04,0.54377,-0.00363
0.87567,0.0962,0.81799,1.45E-04,0.54275,-0.00366
0.87468,0.09612,0.81698,1.69E-04,0.54176,-0.00361
0.87367,0.0959,0.81599,1.73E-04,0.54077,-0.00364
0.87269,0.09581,0.81499,1.25E-04,0.53977,-0.00362
0.87168,0.09576,0.81399,8.70E-05,0.53878,-0.00362
0.87068,0.09562,0.81298,6.22E-05,0.53777,-0.00361
0.86967,0.09543,0.81197,6.46E-05,0.53675,-0.00359
0.86866,0.09535,0.81098,7.08E-05,0.53577,-0.00357
0.86767,0.0953,0.80999,7.11E-05,0.53478,-0.00356
0.86666,0.09509,0.80901,3.98E-05,0.53376,-0.00355
0.86564,0.09498,0.80799,-2.30E-06,0.53276,-0.00357
0.86465,0.09489,0.80698,-3.99E-05,0.53175,-0.00356
0.86367,0.09472,0.806,-4.73E-05,0.53075,-0.00353
0.86267,0.09462,0.80498,-5.69E-05,0.52977,-0.00351
0.86166,0.09449,0.80399,-7.80E-05,0.52875,-0.0035
0.86066,0.0945,0.80298,-1.23E-04,0.52776,-0.00348
0.85966,0.09432,0.802,-1.28E-04,0.52676,-0.00349
0.85867,0.09417,0.80101,-1.56E-04,0.52577,-0.0035
0.85768,0.09407,0.79999,-2.07E-04,0.52476,-0.00346
0.85668,0.09401,0.799,-2.34E-04,0.52377,-0.00343
0.85492,0.09372,0.79798,-2.62E-04,0.52275,-0.00344
0.85316,0.09353,0.79698,-2.68E-04,0.52174,-0.00343
0.85214,0.09334,0.796,-2.84E-04,0.52077,-0.00342
0.85114,0.09308,0.79498,-3.19E-04,0.51977,-0.00338
0.85014,0.09314,0.79398,-3.61E-04,0.51877,-0.00336
0.84916,0.09306,0.79298,-3.91E-04,0.51777,-0.00338
0.84813,0.09286,0.79198,-4.11E-04,0.51677,-0.00334
0.84713,0.09276,0.791,-4.44E-04,0.51575,-0.00336
0.84614,0.09275,0.78999,-4.87E-04,0.51478,-0.00331
0.84513,0.09256,0.78902,-5.94E-04,0.51377,-0.00333
0.84415,0.09241,0.78801,-9.11E-04,0.51276,-0.0033
0.84315,0.09235,0.78696,-8.39E-04,0.51176,-0.00329
0.84217,0.09226,0.78596,-6.25E-04,0.51077,-0.00327
0.84115,0.09206,0.78499,-5.48E-04,0.50977,-0.00327
0.84014,0.09195,0.78401,-6.23E-04,0.50877,-0.00324
0.83915,0.09194,0.783,-7.32E-04,0.50777,-0.00325
0.83815,0.09164,0.78199,-8.30E-04,0.50678,-0.00321
0.83716,0.09162,0.78097,-8.67E-04,0.50577,-0.00321
0.83616,0.09153,0.77998,-8.65E-04,0.50477,-0.00319
0.83517,0.09148,0.77898,-8.66E-04,0.50376,-0.00317
0.83416,0.09131,0.778,-8.90E-04,0.50278,-0.00317
0.83315,0.09114,0.77699,-9.11E-04,0.50175,-0.00313
0.83216,0.09114,0.77602,-9.57E-04,0.50077,-0.00312
0.83114,0.09099,0.77498,-0.00104,0.49977,-0.00311
0.83015,0.09083,0.77397,-0.00109,0.49876,-0.00307
0.82914,0.09074,0.77297,-0.00111,0.49777,-0.00308
0.82816,0.09066,0.77198,-0.0011,0.49678,-0.00306
0.82714,0.09054,0.77099,-0.00114,0.49577,-0.00304
0.82613,0.09037,0.76999,-0.00115,0.49478,-0.00301
0.82515,0.09034,0.76899,-0.00118,0.49375,-0.00302
0.82415,0.09008,0.76797,-0.00121,0.49275,-0.00298
0.82315,0.09006,0.76701,-0.00123,0.49178,-0.003
0.82215,0.08993,0.76599,-0.00124,0.49076,-0.00293
0.82111,0.08989,0.76499,-0.00126,0.48976,-0.00295
0.82015,0.08977,0.76398,-0.00129,0.48877,-0.00292
0.81914,0.08956,0.76298,-0.00132,0.48777,-0.00292
0.81813,0.08959,0.76199,-0.00134,0.48677,-0.00289
0.81712,0.08944,0.76097,-0.00133,0.48578,-0.00288
0.81613,0.08929,0.76,-0.00134,0.48478,-0.00287
0.81514,0.08923,0.759,-0.00137,0.48378,-0.00285
0.81413,0.08905,0.75799,-0.00139,0.4828,-0.00282
0.81311,0.08899,0.757,-0.0014,0.4818,-0.00282
0.81214,0.08894,0.75598,-0.0014,0.48078,-0.00281
0.81113,0.08858,0.75499,-0.00139,0.47978,-0.00277
0.81014,0.08866,0.75399,-0.00139,0.47878,-0.00277
0.80913,0.0886,0.75298,-0.0014,0.47777,-0.00274
0.80813,0.08842,0.752,-0.00139,0.47679,-0.0027
0.80712,0.08837,0.75101,-0.00138,0.47579,-0.00273
0.8061,0.08822,0.74999,-0.0014,0.4748,-0.0027
0.80515,0.08809,0.74898,-0.00142,0.47377,-0.00268
0.80414,0.08807,0.74799,-0.0014,0.47277,-0.00267
0.80314,0.08788,0.747,-0.00138,0.47177,-0.00263
0.80214,0.08778,0.746,-0.00135,0.47078,-0.00266
0.80115,0.08774,0.74499,-0.00132,0.4698,-0.00262
0.80015,0.08759,0.74398,-0.00133,0.46879,-0.00257
0.79917,0.08748,0.74299,-0.00131,0.46779,-0.00261
0.79815,0.08735,0.74199,-0.0013,0.46678,-0.00255
0.79715,0.08718,0.74098,-0.00126,0.46579,-0.00255
0.79614,0.08716,0.73999,-0.00122,0.4648,-0.00254
0.79515,0.08702,0.73899,-0.00122,0.46381,-0.00251
0.79415,0.08699,0.738,-0.00121,0.46278,-0.00249
0.79312,0.08687,0.73699,-0.00122,0.4618,-0.00249
0.79214,0.08672,0.73597,-0.0012,0.4608,-0.00247
0.79115,0.08662,0.73497,-0.00113,0.45981,-0.00246
0.79015,0.08656,0.73397,-0.00107,0.45879,-0.00243
0.78915,0.08644,0.73302,-0.00106,0.45779,-0.00244
0.78815,0.08628,0.73199,-0.00105,0.45682,-0.0024
0.78714,0.08623,0.73099,-0.00104,0.4558,-0.00241
0.78614,0.08614,0.73,-9.98E-04,0.45479,-0.00238
0.78514,0.08599,0.72898,-9.51E-04,0.4538,-0.00237
0.78414,0.08589,0.728,-9.03E-04,0.45279,-0.00234
0.78315,0.08585,0.72699,-8.78E-04,0.4518,-0.00234
0.78213,0.08554,0.72599,-8.56E-04,0.45078,-0.00231
0.78116,0.08555,0.72499,-8.35E-04,0.44978,-0.00231
0.78014,0.08547,0.72398,-8.33E-04,0.4488,-0.00229
0.77914,0.08542,0.72298,-7.91E-04,0.44779,-0.00226
0.77815,0.08526,0.72196,-7.26E-04,0.44678,-0.00228
0.77715,0.08512,0.72099,-7.05E-04,0.44578,-0.00224
0.77614,0.0851,0.71998,-6.95E-04,0.4448,-0.00223
0.77514,0.08499,0.71899,-6.70E-04,0.4438,-0.00222
0.77414,0.08486,0.71799,-6.43E-04,0.4428,-0.00223
0.77315,0.08472,0.71699,-6.08E-04,0.44179,-0.00219
0.77213,0.0847,0.71598,-5.89E-04,0.4408,-0.00217
0.77114,0.08457,0.71498,-5.68E-04,0.43979,-0.00217
0.77015,0.08438,0.71399,-5.40E-04,0.43878,-0.00214
0.76914,0.08438,0.71299,-5.29E-04,0.43779,-0.00215
0.76813,0.08413,0.71198,-5.09E-04,0.43679,-0.00213
0.76715,0.0841,0.71097,-4.81E-04,0.43579,-0.00211
0.76615,0.084,0.71,-4.51E-04,0.43479,-0.00212
0.76515,0.08394,0.70898,-4.17E-04,0.43379,-0.0021
0.76414,0.08386,0.708,-4.06E-04,0.43281,-0.00208
0.76314,0.08366,0.70699,-3.92E-04,0.43181,-0.00206
0.76216,0.08364,0.70598,-3.58E-04,0.4308,-0.00206
0.76116,0.08354,0.70499,-3.15E-04,0.42978,-0.00205
0.76016,0.08339,0.704,-2.80E-04,0.42879,-0.00204
0.75914,0.0833,0.70301,-2.68E-04,0.4278,-0.00202
0.75813,0.08322,0.70199,-2.40E-04,0.42678,-0.002
0.75714,0.08315,0.70098,-2.03E-04,0.42579,-0.002
0.75616,0.08297,0.69998,-1.55E-04,0.42479,-0.00198
0.75516,0.08286,0.69897,-1.22E-04,0.4238,-0.00198
0.75417,0.08287,0.69798,-6.82E-05,0.42283,-0.00195
0.75315,0.08251,0.69699,-2.53E-05,0.42181,-0.00194
0.75214,0.08256,0.69599,-3.34E-06,0.42082,-0.00194
0.75115,0.08248,0.69497,2.54E-05,0.4198,-0.00194
0.75016,0.08244,0.694,6.77E-05,0.41882,-0.00191
0.74915,0.08228,0.69298,1.08E-04,0.41781,-0.0019
0.74814,0.08215,0.69199,1.21E-04,0.41681,-0.00191
0.74717,0.08213,0.69099,1.77E-04,0.41581,-0.0019
0.74615,0.082,0.69001,2.68E-04,0.41481,-0.00187
0.74515,0.08184,0.68901,2.89E-04,0.41383,-0.00187
0.74415,0.0818,0.688,2.85E-04,0.41282,-0.00185
0.74315,0.08173,0.68702,3.35E-04,0.41181,-0.00185
0.74216,0.08158,0.68599,3.95E-04,0.41081,-0.00185
0.74115,0.08144,0.68498,4.24E-04,0.40982,-0.00182
0.74016,0.08144,0.68401,4.42E-04,0.40884,-0.00182
0.73916,0.08118,0.683,4.95E-04,0.40782,-0.00181
0.73815,0.08112,0.68202,5.25E-04,0.40684,-0.0018
0.73716,0.08105,0.68102,5.58E-04,0.4058,-0.00179
0.73616,0.08101,0.68003,5.82E-04,0.40482,-0.00181
0.73514,0.08087,0.67901,5.95E-04,0.40383,-0.00176
0.73415,0.08074,0.678,6.55E-04,0.40282,-0.00176
0.73314,0.08071,0.67701,6.85E-04,0.40182,-0.00176
0.73214,0.0806,0.67602,7.14E-04,0.40083,-0.00175
0.73113,0.08046,0.67501,7.42E-04,0.3998,-0.00173
0.73014,0.08035,0.67401,7.58E-04,0.39882,-0.00173
0.72914,0.08033,0.67303,7.63E-04,0.39782,-0.00173
0.72818,0.08018,0.672,7.95E-04,0.39682,-0.00174
0.72716,0.08,0.671,8.11E-04,0.39582,-0.00171
0.72617,0.07996,0.66999,8.61E-04,0.39482,-0.0017
0.72515,0.0799,0.66903,9.07E-04,0.39383,-0.0017
0.72418,0.0796,0.66802,9.10E-04,0.39283,-0.00168
0.72316,0.07962,0.66702,9.11E-04,0.3918,-0.0017
0.72215,0.07954,0.66601,9.39E-04,0.39081,-0.00166
0.72116,0.07953,0.66501,9.86E-04,0.38981,-0.00166
0.72017,0.0793,0.66402,9.86E-04,0.38882,-0.00165
0.71915,0.07922,0.66302,1.00E-03,0.3878,-0.00166
0.71816,0.07923,0.66202,0.00102,0.38682,-0.00164
0.71716,0.07903,0.66102,0.00104,0.38581,-0.00163
0.71616,0.07895,0.66003,0.00107,0.3848,-0.00162
0.71516,0.07882,0.65903,0.00107,0.3838,-0.00161
0.71415,0.0788,0.65805,0.00108,0.38281,-0.00162
0.71315,0.07863,0.65703,0.0011,0.38183,-0.00161
0.71216,0.07849,0.65602,0.00113,0.38082,-0.00159
0.71115,0.07847,0.65503,0.00114,0.37981,-0.00159
0.71017,0.07839,0.65402,0.00114,0.37883,-0.0016
0.70916,0.07806,0.65303,0.00116,0.37781,-0.00127
0.70817,0.07809,0.65204,0.00117,0.37679,-0.00178
0.70717,0.07809,0.65102,0.0012,0.37581,-0.00157
0.70618,0.07794,0.65004,0.0012,0.37481,-0.00156
0.70514,0.07777,0.64905,0.00122,0.3738,-0.00156
0.70417,0.07771,0.64804,0.00124,0.37284,-0.00153
0.70318,0.07768,0.64702,0.00123,0.37181,-0.00154
0.70217,0.07749,0.64603,0.00126,0.3708,-0.00153
0.70118,0.07736,0.64503,0.00127,0.36981,-0.00153
0.70016,0.07734,0.64403,0.00128,0.36882,-0.00152
0.69917,0.07724,0.64305,0.00129,0.36781,-0.00151
0.69817,0.07706,0.64205,0.00131,0.36681,-0.00151
0.69715,0.07696,0.64104,0.00131,0.36583,-0.0015
0.69617,0.07696,0.64004,0.00131,0.36483,-0.0015
0.69517,0.0766,0.63905,0.00134,0.36382,-0.00149
0.69415,0.07658,0.63804,0.00134,0.36282,-0.00149
0.69314,0.07662,0.63702,0.00132,0.36183,-0.00148
0.69216,0.07649,0.63604,0.00134,0.36085,-0.00147
0.69116,0.07634,0.63505,0.00137,0.35983,-0.00147
0.69017,0.0762,0.63406,0.00135,0.35884,-0.00146
0.68918,0.07619,0.63303,0.00134,0.35783,-0.00146
0.68815,0.07605,0.63204,0.00139,0.35683,-0.00145
0.68716,0.07585,0.63105,0.00142,0.35581,-0.00145
0.68617,0.07585,0.63005,0.00138,0.35481,-0.00144
0.68515,0.07576,0.62906,0.00139,0.35383,-0.00144
0.68416,0.07558,0.62804,0.00141,0.35282,-0.00144
0.68316,0.07544,0.62704,0.00141,0.35182,-0.00143
0.68216,0.07543,0.62604,0.00142,0.3508,-0.00141
0.68116,0.07519,0.62506,0.00142,0.34979,-0.00142
0.68016,0.07506,0.62405,0.00142,0.34882,-0.00141
0.67916,0.07503,0.62306,0.00142,0.34783,-0.0014
0.67818,0.07502,0.62203,0.00142,0.34683,-0.0014
0.67715,0.07483,0.62103,0.00143,0.34582,-0.0014
0.67617,0.07467,0.62004,0.00145,0.34483,-0.00139
0.67516,0.07462,0.61904,0.00145,0.34383,-0.00139
0.67417,0.07456,0.61803,0.00144,0.34283,-0.00137
0.67316,0.07434,0.61704,0.00146,0.34183,-0.00138
0.67216,0.07426,0.61605,0.00144,0.34082,-0.00138
0.67117,0.07422,0.61507,0.00145,0.33983,-0.00136
0.67016,0.07407,0.61405,0.00146,0.33882,-0.00135
0.66917,0.07387,0.61306,0.00146,0.33781,-0.00136
0.66816,0.07359,0.61205,0.00146,0.33682,-0.00135
0.66717,0.07377,0.61108,0.00146,0.33583,-0.00133
0.66617,0.07356,0.61007,0.00147,0.33483,-0.00135
0.66516,0.07339,0.60908,0.00147,0.33381,-0.00134
0.66417,0.0734,0.60807,0.00147,0.33282,-0.00133
0.66316,0.07326,0.60706,0.00146,0.33182,-0.00133
0.66217,0.07307,0.60607,0.00147,0.33083,-0.00132
0.66119,0.07296,0.60509,0.00148,0.32982,-0.00132
0.66016,0.07294,0.60406,0.00147,0.32882,-0.00132
0.65915,0.07275,0.60308,0.00147,0.32781,-0.00131
0.65816,0.07259,0.60207,0.00146,0.32684,-0.00131
0.65715,0.07255,0.60107,0.00148,0.32581,-0.00131
0.65615,0.07245,0.60009,0.00147,0.32484,-0.0013
0.65517,0.07201,0.59905,0.00146,0.32383,-0.0013
0.65416,0.07208,0.59806,0.00148,0.32282,-0.00129
0.65317,0.0721,0.59707,0.00147,0.32181,-0.00129
0.65214,0.07189,0.59606,0.00145,0.32083,-0.00128
0.65116,0.0717,0.59507,0.00147,0.31983,-0.00128
0.65017,0.07166,0.59409,0.00148,0.31883,-0.00127
0.64917,0.07159,0.59309,0.00145,0.31782,-0.00127
0.64817,0.07136,0.59207,0.00147,0.31682,-0.00127
0.64717,0.0712,0.59109,0.00146,0.31582,-0.00126
0.64618,0.07117,0.59008,0.00145,0.31481,-0.00126
0.64517,0.07099,0.58906,0.00147,0.31383,-0.00126
0.64418,0.07061,0.5881,0.00147,0.31283,-0.00126
0.64315,0.07064,0.58709,0.00144,0.31182,-0.00124
0.64217,0.07065,0.5861,0.00146,0.31084,-0.00124
0.64117,0.07042,0.58509,0.00143,0.30982,-0.00124
0.64016,0.07026,0.58409,0.00145,0.30882,-0.00124
0.63917,0.0702,0.58309,0.00144,0.30784,-0.00124
0.63818,0.07007,0.58209,0.00143,0.30682,-0.00122
0.63717,0.06986,0.5811,0.00143,0.30582,-0.00124
0.63616,0.06971,0.5801,0.00145,0.30483,-0.00123
0.63518,0.06969,0.5791,0.00141,0.30383,-0.00121
0.63417,0.06949,0.57808,0.00141,0.30282,-0.00123
0.63317,0.06912,0.5771,0.00141,0.30183,-0.00122
0.63216,0.06912,0.57611,0.0014,0.30083,-0.00121
0.63118,0.06906,0.57511,0.00141,0.29983,-0.00121
0.63018,0.06886,0.57411,0.0014,0.29884,-0.0012
0.62917,0.06864,0.5731,0.0014,0.29782,-0.0012
0.62817,0.06861,0.57211,0.0014,0.29684,-0.0012
0.62715,0.06843,0.57108,0.00137,0.29582,-0.0012
0.62618,0.06817,0.5701,0.00138,0.29483,-0.00119
0.62518,0.0681,0.5691,0.0014,0.29384,-0.00119
0.62418,0.06798,0.56811,0.00137,0.29284,-0.00119
0.62317,0.06755,0.5671,0.00136,0.29182,-0.00118
0.62216,0.06749,0.56611,0.00137,0.29083,-0.00118
0.62117,0.06744,0.5651,0.00136,0.28984,-0.00118
0.62018,0.0673,0.56412,0.00135,0.28882,-0.00118
0.61916,0.06703,0.5631,0.00135,0.28783,-0.00117
0.61816,0.06686,0.56211,0.00135,0.28682,-0.00117
0.61714,0.06683,0.5611,0.00131,0.28584,-0.00117
0.61616,0.06657,0.5601,0.00134,0.28485,-0.00116
0.61517,0.06635,0.55912,0.00131,0.28384,-0.00117
0.61417,0.06609,0.55811,0.0013,0.28285,-0.00116
0.61315,0.06601,0.55712,0.00132,0.28185,-0.00116
0.61217,0.06582,0.55611,0.0013,0.28083,-0.00115
0.61117,0.0656,0.5551,0.00129,0.27984,-0.00115
0.61017,0.06554,0.55409,0.00128,0.27883,-0.00116
0.60916,0.06531,0.5531,0.00128,0.27785,-0.00116
0.60816,0.06506,0.55208,0.00127,0.27684,-0.00116
0.60715,0.06492,0.5511,0.00126,0.27582,-0.00115
0.60617,0.06478,0.5501,0.00126,0.27486,-0.00115
0.60517,0.06427,0.54912,0.00125,0.27382,-0.00114
0.60415,0.06425,0.54811,0.00124,0.27282,-0.00114
0.60316,0.06418,0.54712,0.00124,0.27185,-0.00113
0.60217,0.06398,0.54611,0.00121,0.27083,-0.00114
0.60117,0.06367,0.54511,0.0012,0.26982,-0.00113
0.60016,0.06351,0.5441,0.00121,0.26882,-0.00113
0.59916,0.06339,0.54311,0.0012,0.2678,-0.00114
0.59817,0.06286,0.54212,0.00119,0.26683,-0.00112
0.59717,0.06278,0.54111,0.00117,0.26582,-0.00113
0.59616,0.06265,0.54012,0.00118,0.26483,-0.00112
0.59516,0.06251,0.53911,0.00115,0.26385,-0.00111
0.59417,0.0622,0.53811,0.00115,0.26282,-0.00112
0.59316,0.06195,0.53714,0.00115,0.26184,-0.00111
0.59217,0.06184,0.53613,0.00114,0.26084,-0.00111
0.59116,0.06145,0.53513,0.00113,0.25983,-0.00113
0.59016,0.06116,0.53415,0.00112,0.25884,-0.0011
0.58917,0.06105,0.53313,0.00111,0.25784,-0.00111
0.58815,0.06091,0.53213,0.00109,0.25684,-0.00111
0.58718,0.06057,0.53112,0.00108,0.25583,-0.0011
0.58617,0.06028,0.53013,0.00108,0.25485,-0.00111
0.58515,0.06015,0.52911,0.00106,0.25383,-0.0011
0.58415,0.05957,0.52811,0.00107,0.25282,-0.00109
0.58316,0.05951,0.52712,0.00105,0.25184,-0.0011
0.58215,0.05925,0.52612,0.00104,0.25083,-0.0011
0.58116,0.05909,0.52511,0.00102,0.24984,-0.00109
0.58017,0.05877,0.52412,0.00103,0.24883,-0.00108
0.57916,0.05814,0.52312,0.001,0.24783,-0.00109
0.57816,0.05813,0.52213,0.001,0.24683,-0.00108
0.57716,0.05792,0.52113,9.80E-04,0.24583,-0.00108
0.57617,0.05756,0.5201,9.47E-04,0.24483,-0.00108
0.57516,0.05722,0.51913,9.67E-04,0.24383,-0.00108
0.57416,0.057,0.51813,9.52E-04,0.24283,-0.00107
0.57317,0.05644,0.51713,9.38E-04,0.24184,-0.00107
0.57218,0.05622,0.51614,9.37E-04,0.24085,-0.00106
0.57118,0.05595,0.51512,9.21E-04,0.23984,-0.00106
0.57017,0.05573,0.51412,9.01E-04,0.23884,-0.00108
0.56916,0.05528,0.51314,9.02E-04,0.23783,-0.00106
0.56817,0.05473,0.51214,8.61E-04,0.23684,-0.00106
0.56717,0.05459,0.51113,8.77E-04,0.23582,-0.00106
0.56617,0.05432,0.51015,8.71E-04,0.23484,-0.00106
0.56515,0.05385,0.50913,8.44E-04,0.23381,-0.00105
0.56416,0.05319,0.50812,8.32E-04,0.23285,-0.00104
0.56316,0.05319,0.50714,8.47E-04,0.23184,-0.00105
0.56217,0.05275,0.50612,7.84E-04,0.23083,-0.00104
0.56117,0.05233,0.50512,8.20E-04,0.22981,-0.00104
0.56018,0.05167,0.50413,7.84E-04,0.22879,-0.00104
0.55916,0.05161,0.50313,7.76E-04,0.22782,-0.00104
0.55818,0.05118,0.50214,7.65E-04,0.22683,-0.00104
0.55715,0.05072,0.50113,7.45E-04,0.22583,-0.00104
0.55615,0.05015,0.50012,7.44E-04,0.22481,-0.00104
0.55517,0.04999,0.49915,7.39E-04,0.22383,-0.00104
0.55417,0.04956,0.49813,6.98E-04,0.22282,-0.00103
0.55317,0.04918,0.49714,7.23E-04,0.22183,-0.00103
0.55217,0.04855,0.49616,6.80E-04,0.22082,-0.00103
0.55116,0.04836,0.49514,6.68E-04,0.21982,-0.00102
0.55016,0.0479,0.49414,6.64E-04,0.21881,-0.00102
0.54917,0.04765,0.49313,6.47E-04,0.21783,-0.00102
0.54818,0.04698,0.49215,6.54E-04,0.21681,-0.00102
0.54718,0.04678,0.49115,6.19E-04,0.21581,-0.00103
0.54615,0.04642,0.49012,6.13E-04,0.2148,-0.00102
0.54515,0.04613,0.48914,6.07E-04,0.21381,-0.00102
0.54416,0.04576,0.48815,5.77E-04,0.21283,-0.00101
0.54318,0.04512,0.48713,5.82E-04,0.21182,-0.00102
0.54215,0.04498,0.48614,5.69E-04,0.21082,-0.00102
0.54115,0.04479,0.48514,5.46E-04,0.20983,-0.00101
0.54017,0.04438,0.48415,5.32E-04,0.20884,-0.00101
0.53916,0.0437,0.48314,5.28E-04,0.20782,-0.00101
0.53818,0.04377,0.48214,4.90E-04,0.20682,-0.001
0.53716,0.0435,0.48113,5.04E-04,0.20584,-0.00101
0.53616,0.04318,0.48014,4.90E-04,0.20482,-0.001
0.53516,0.04289,0.47914,4.58E-04,0.20384,-0.001
0.53418,0.04275,0.47812,4.66E-04,0.20284,-9.98E-04
0.53316,0.04213,0.47715,4.47E-04,0.20182,-0.001
0.53217,0.04208,0.47613,4.32E-04,0.20084,-9.97E-04
0.53117,0.04194,0.47515,4.29E-04,0.19984,-9.97E-04
0.53016,0.04178,0.47413,4.02E-04,0.19883,-9.99E-04
0.52917,0.0415,0.47313,3.89E-04,0.19784,-9.93E-04
0.52817,0.0413,0.47213,3.92E-04,0.19682,-9.99E-04
0.52718,0.0412,0.47113,3.66E-04,0.19583,-9.94E-04
0.52617,0.04063,0.47012,3.61E-04,0.19483,-9.89E-04
0.52517,0.04069,0.46912,3.46E-04,0.19383,-9.97E-04
0.52415,0.04051,0.46812,3.18E-04,0.19284,-9.85E-04
0.52317,0.04045,0.46711,3.22E-04,0.19184,-9.77E-04
0.52216,0.04022,0.46612,3.05E-04,0.19083,-9.89E-04
0.52115,0.04001,0.46509,2.90E-04,0.18983,-9.91E-04
0.52016,0.03993,0.46412,2.91E-04,0.18883,-9.84E-04
0.51916,0.03977,0.46314,2.60E-04,0.18785,-9.78E-04
0.51816,0.0394,0.46212,2.50E-04,0.18684,-9.78E-04
0.51716,0.03921,0.46112,2.57E-04,0.18583,-9.86E-04
0.51615,0.03927,0.46011,2.22E-04,0.18484,-9.76E-04
0.51517,0.03909,0.45913,2.17E-04,0.18383,-9.68E-04
0.51417,0.0388,0.45812,2.03E-04,0.18282,-9.74E-04
0.51314,0.03872,0.45713,1.95E-04,0.18184,-9.70E-04
0.51217,0.03867,0.45614,1.85E-04,0.18082,-9.78E-04
0.51117,0.03837,0.45512,1.67E-04,0.17983,-9.72E-04
0.51016,0.0382,0.45413,1.50E-04,0.17882,-9.67E-04
0.50916,0.0381,0.45312,1.44E-04,0.17783,-9.65E-04
0.50817,0.03761,0.45215,1.33E-04,0.17682,-9.68E-04
0.50718,0.03757,0.45114,1.18E-04,0.17583,-9.62E-04
0.50617,0.03747,0.45014,1.07E-04,0.17482,-9.63E-04
0.50516,0.03738,0.44913,9.08E-05,0.17383,-9.68E-04
0.50418,0.03709,0.44811,7.75E-05,0.17283,-9.62E-04
0.50316,0.03696,0.44712,7.85E-05,0.17183,-9.59E-04
0.50216,0.03668,0.44543,5.72E-05,0.17081,-9.60E-04
0.50118,0.03659,0.44365,2.59E-05,0.16982,-9.60E-04
0.50018,0.03605,0.44261,3.67E-06,0.16884,-9.55E-04
0.49917,0.03598,0.44164,2.01E-05,0.16784,-9.60E-04
0.49818,0.03593,0.44062,-2.11E-05,0.16684,-9.50E-04
0.49716,0.03574,0.43965,-1.18E-05,0.16584,-9.56E-04
0.49619,0.03543,0.43864,-3.14E-05,0.16482,-9.49E-04
0.49519,0.03529,0.43765,-3.63E-05,0.16384,-9.52E-04
0.4942,0.03507,0.43664,-6.35E-05,0.16283,-9.50E-04
0.49319,0.03451,0.43563,-5.87E-05,0.16185,-9.50E-04
0.49217,0.03458,0.43464,-8.17E-05,0.16083,-9.50E-04
0.49118,0.03435,0.43363,-8.48E-05,0.15985,-9.43E-04
0.49018,0.03415,0.43266,-9.23E-05,0.15884,-9.48E-04
0.48919,0.03391,0.43163,-1.21E-04,0.15784,-9.52E-04
0.48819,0.03368,0.43063,-1.08E-04,0.15684,-9.44E-04
0.48716,0.03347,0.42964,-1.46E-04,0.15584,-9.52E-04
0.48618,0.03285,0.42865,-1.29E-04,0.15484,-9.43E-04
0.48518,0.03294,0.42757,-1.70E-04,0.15386,-9.43E-04
0.48419,0.03275,0.42653,-1.45E-04,0.15284,-9.46E-04
0.48318,0.03246,0.42554,-1.89E-04,0.15183,-9.45E-04
0.48217,0.0322,0.42453,-1.78E-04,0.15083,-9.42E-04
0.48118,0.03201,0.42354,-2.04E-04,0.14986,-9.36E-04
0.48018,0.03145,0.42251,-2.10E-04,0.14885,-9.46E-04
0.47914,0.03138,0.42154,-2.20E-04,0.14786,-9.34E-04
0.47817,0.03122,0.42054,-2.29E-04,0.14683,-9.51E-04
0.47716,0.03099,0.41954,-2.36E-04,0.14584,-9.37E-04
0.47615,0.03074,0.41853,-2.51E-04,0.14483,-9.38E-04
0.47519,0.03047,0.41753,-2.71E-04,0.14384,-9.27E-04
0.47415,0.02989,0.41651,-2.57E-04,0.14285,-9.40E-04
0.47314,0.02994,0.41553,-2.81E-04,0.14182,-9.31E-04
0.47215,0.02968,0.41451,-2.94E-04,0.14083,-9.30E-04
0.47117,0.0294,0.41354,-2.85E-04,0.13985,-9.34E-04
0.47015,0.02922,0.41254,-3.17E-04,0.13882,-9.31E-04
0.46917,0.02893,0.41154,-3.04E-04,0.13783,-9.25E-04
0.46815,0.02835,0.41053,-3.38E-04,0.13684,-9.36E-04
0.46717,0.02831,0.40953,-3.23E-04,0.13582,-9.33E-04
0.46614,0.02812,0.40853,-3.54E-04,0.13484,-9.27E-04
0.46516,0.02786,0.40754,-3.42E-04,0.13384,-9.24E-04
0.46416,0.02756,0.40655,-3.71E-04,0.13284,-9.29E-04
0.46317,0.02736,0.40553,-3.61E-04,0.13183,-9.23E-04
0.46217,0.02686,0.40454,-3.69E-04,0.13084,-9.29E-04
0.46116,0.02667,0.40353,-3.99E-04,0.12984,-9.21E-04
0.46014,0.02649,0.40253,-3.83E-04,0.12884,-9.16E-04
0.45916,0.02627,0.40152,-4.10E-04,0.12784,-9.22E-04
0.45816,0.02598,0.40054,-4.03E-04,0.12684,-9.18E-04
0.45716,0.02568,0.39954,-4.20E-04,0.12583,-9.17E-04
0.45616,0.02517,0.39852,-4.28E-04,0.12484,-9.18E-04
0.45516,0.02513,0.39753,-4.07E-04,0.12384,-9.19E-04
0.45417,0.02489,0.39652,-4.63E-04,0.12282,-9.19E-04
0.45316,0.02461,0.39553,-4.35E-04,0.12182,-9.25E-04
0.45216,0.0244,0.39453,-4.61E-04,0.12083,-9.13E-04
0.45117,0.02412,0.39353,-4.61E-04,0.11984,-9.09E-04
0.45016,0.02349,0.39253,-4.85E-04,0.11884,-9.13E-04
0.44919,0.02351,0.39152,-4.73E-04,0.11783,-9.16E-04
0.44819,0.02331,0.39055,-4.79E-04,0.11684,-9.18E-04
0.44717,0.02299,0.38952,-5.01E-04,0.11583,-9.05E-04
0.44616,0.02273,0.38852,-6.25E-04,0.11484,-9.13E-04
0.44515,0.02254,0.38752,-4.23E-04,0.11384,-9.09E-04
0.44416,0.02188,0.38655,-5.62E-04,0.11283,-9.11E-04
0.44318,0.02193,0.38551,-4.99E-04,0.11183,-9.12E-04
0.44216,0.02165,0.38455,-5.31E-04,0.11083,-9.04E-04
0.44118,0.02143,0.38352,-5.26E-04,0.10985,-9.08E-04
0.44015,0.02115,0.38254,-5.33E-04,0.10885,-9.03E-04
0.43915,0.02086,0.38151,-5.57E-04,0.10784,-9.07E-04
0.43817,0.02031,0.38054,-5.31E-04,0.10683,-9.07E-04
0.43719,0.02033,0.37954,-5.68E-04,0.10584,-9.06E-04
0.43614,0.02006,0.37853,-5.49E-04,0.10483,-9.07E-04
0.43516,0.01979,0.37754,-5.59E-04,0.10385,-9.10E-04
0.43418,0.01958,0.37653,-5.77E-04,0.10283,-9.07E-04
0.43317,0.01931,0.37555,-5.72E-04,0.10182,-9.03E-04
0.43216,0.01873,0.37453,-5.84E-04,0.10084,-9.01E-04
0.43117,0.01877,0.37354,-5.86E-04,0.09986,-9.05E-04
0.43017,0.01851,0.37252,-5.93E-04,0.09884,-9.03E-04
0.42916,0.01822,0.37155,-5.94E-04,0.09783,-9.03E-04
0.42817,0.01801,0.37053,-6.04E-04,0.09683,-9.01E-04
0.42718,0.01773,0.36954,-6.04E-04,0.09583,-8.97E-04
0.42617,0.01734,0.36855,-6.04E-04,0.09485,-9.04E-04
0.42516,0.0172,0.36754,-6.20E-04,0.09382,-8.90E-04
0.42418,0.01702,0.36651,-6.24E-04,0.09285,-9.03E-04
0.42317,0.01674,0.36551,-6.37E-04,0.09185,-8.95E-04
0.42218,0.01649,0.36453,-6.17E-04,0.09084,-8.99E-04
0.42117,0.01624,0.36354,-6.52E-04,0.08985,-9.65E-04
0.42017,0.01575,0.36252,-6.22E-04,0.08884,-9.00E-04
0.41917,0.01573,0.36154,-6.38E-04,0.08784,-8.96E-04
0.41818,0.0155,0.36053,-6.55E-04,0.08684,-9.06E-04
0.41717,0.01526,0.35954,-6.52E-04,0.08582,-8.94E-04
0.41616,0.01504,0.35852,-6.54E-04,0.08485,-8.93E-04
0.41517,0.01479,0.35752,-6.61E-04,0.08383,-8.99E-04
0.41415,0.01421,0.35653,-6.53E-04,0.08284,-8.98E-04
0.41316,0.01431,0.35555,-6.73E-04,0.08183,-8.91E-04
0.41217,0.01407,0.35451,-6.64E-04,0.08132,-9.11E-04
0.41116,0.01382,0.35353,-6.71E-04,,
0.41016,0.01358,0.35254,-6.71E-04,,
0.40918,0.0134,0.35152,-6.83E-04,,
0.40818,0.01314,0.35054,-6.74E-04,,
0.40716,0.01259,0.34953,-6.93E-04,,
0.40616,0.01267,0.34854,-6.83E-04,,
0.40518,0.01244,0.34753,-7.02E-04,,
0.40419,0.01222,0.34652,-6.95E-04,,
0.40316,0.01198,0.34553,-7.05E-04,,
0.40218,0.01179,0.34452,-6.96E-04,,
0.40116,0.01158,0.34353,-7.02E-04,,
0.40016,0.01103,0.34252,-7.18E-04,,
0.39919,0.01109,0.34156,-6.97E-04,,
0.39818,0.01093,0.34052,-7.42E-04,,
0.39716,0.01067,0.33952,-6.94E-04,,
0.39617,0.0105,0.33855,-7.28E-04,,
0.39519,0.01029,0.33752,-7.23E-04,,
0.39419,0.01006,0.33654,-7.23E-04,,
0.39244,0.00982,0.33551,-7.29E-04,,
0.39065,0.00919,0.33453,-7.27E-04,,
0.38964,0.00915,0.33352,-7.35E-04,,
0.38864,0.00894,0.33253,-7.27E-04,,
0.38763,0.00872,0.33156,-7.30E-04,,
0.38665,0.00848,0.33052,-7.34E-04,,
0.38566,0.00821,0.32954,-7.34E-04,,
0.38464,0.00812,0.32853,-7.51E-04,,
0.38365,0.00797,0.32754,-7.36E-04,,
0.38266,0.00776,0.32654,-7.53E-04,,
0.38163,0.00756,0.32555,-7.45E-04,,
0.38065,0.00741,0.32452,-7.50E-04,,
0.37965,0.00719,0.32353,-7.49E-04,,
0.37864,0.00707,0.32252,-7.70E-04,,
0.37763,0.00652,0.32153,-7.42E-04,,
0.37668,0.00667,0.32053,-7.66E-04,,
0.37565,0.00651,0.31951,-7.50E-04,,
0.37465,0.0063,0.31853,-7.63E-04,,
0.37365,0.00615,0.31753,-7.61E-04,,
0.37266,0.00599,0.31652,-7.54E-04,,
0.37163,0.00582,0.31551,-7.73E-04,,
0.37065,0.00566,0.31451,-7.64E-04,,
0.36965,0.0055,0.31351,-7.55E-04,,
0.36864,0.00502,0.31251,-7.78E-04,,
0.36764,0.00519,0.31152,-7.54E-04,,
0.36664,0.00501,0.31051,-7.70E-04,,
0.36563,0.00484,0.30952,-7.66E-04,,
0.36463,0.00471,0.30851,-7.72E-04,,
0.36364,0.00456,0.30753,-7.63E-04,,
0.36264,0.00441,0.30653,-7.73E-04,,
0.36164,0.00426,0.30551,-7.69E-04,,
0.36065,0.00411,0.30452,-7.69E-04,,
0.35962,0.00396,0.30353,-7.66E-04,,
0.35861,0.00354,0.30252,-7.82E-04,,
0.35764,0.0037,0.30154,-7.62E-04,,
0.35666,0.00356,0.3005,-7.69E-04,,
0.35564,0.00342,0.29954,-7.71E-04,,
0.35464,0.00328,0.29852,-7.79E-04,,
0.35363,0.00316,0.29753,-7.66E-04,,
0.35266,0.00305,0.29652,-7.86E-04,,
0.35164,0.00292,0.29553,-7.69E-04,,
0.35064,0.00279,0.29453,-7.77E-04,,
0.34964,0.00265,0.29353,-7.90E-04,,
0.34862,0.00254,0.29254,-7.60E-04,,
0.34765,0.00242,0.29153,-7.87E-04,,
0.34663,0.00203,0.29054,-7.58E-04,,
0.34564,0.0022,0.28953,-7.91E-04,,
0.34464,0.00205,0.28852,-7.70E-04,,
0.34364,0.00199,0.28754,-7.76E-04,,
0.34262,0.00185,0.28653,-7.79E-04,,
0.34166,0.00175,0.28553,-7.75E-04,,
0.34064,0.00165,0.28454,-7.72E-04,,
0.33963,0.00153,0.28353,-7.76E-04,,
0.33865,0.00146,0.28254,-7.78E-04,,
0.33763,0.00131,0.28154,-7.78E-04,,
0.33664,0.00126,0.28051,-7.65E-04,,
0.33565,0.00117,0.27953,-7.79E-04,,
0.33464,0.00106,0.27852,-7.68E-04,,
0.33364,9.61E-04,0.27754,-7.75E-04,,
0.33265,8.85E-04,0.27653,-7.75E-04,,
0.33165,6.41E-04,0.27551,-7.75E-04,,
0.33064,7.09E-04,0.27451,-7.69E-04,,
0.32965,6.30E-04,0.27352,-7.70E-04,,
0.32864,5.21E-04,0.27253,-7.76E-04,,
0.32764,4.55E-04,0.27152,-7.67E-04,,
0.32588,3.25E-04,0.27052,-7.76E-04,,
0.32414,3.30E-04,0.26951,-7.68E-04,,
0.32317,1.65E-04,0.26852,-7.72E-04,,
0.32217,-5.18E-05,0.26754,-7.58E-04,,
0.32113,-9.78E-06,0.26653,-7.55E-04,,
0.32016,-4.49E-05,0.26553,-7.73E-04,,
0.31915,-1.59E-04,0.26451,-7.73E-04,,
0.31815,-2.35E-04,0.26353,-7.64E-04,,
0.31714,-2.91E-04,0.26254,-7.73E-04,,
0.31614,-3.36E-04,0.26153,-7.65E-04,,
0.31516,-4.16E-04,0.26054,-7.61E-04,,
0.31414,-5.04E-04,0.25953,-7.67E-04,,
0.31315,-5.22E-04,0.25854,-7.65E-04,,
0.31218,-8.18E-04,0.25754,-7.61E-04,,
0.31108,-7.45E-04,0.25653,-7.76E-04,,
0.31017,-5.69E-04,0.25555,-7.51E-04,,
0.30916,-7.74E-04,0.25451,-7.74E-04,,
0.30815,-9.02E-04,0.25355,-7.52E-04,,
0.30714,-8.45E-04,0.25253,-7.73E-04,,
0.30616,-8.80E-04,0.25153,-7.49E-04,,
0.30514,-9.87E-04,0.25053,-7.65E-04,,
0.30412,-0.00103,0.24953,-7.53E-04,,
0.30315,-0.00104,0.24855,-7.53E-04,,
0.30215,-0.00109,0.24754,-7.66E-04,,
0.30116,-0.00116,0.24653,-7.50E-04,,
0.30016,-0.0012,0.24552,-7.60E-04,,
0.29918,-0.00121,0.24454,-7.55E-04,,
0.29816,-0.00129,0.24354,-7.58E-04,,
0.29715,-0.00132,0.24254,-7.50E-04,,
0.29617,-0.00135,0.24152,-7.53E-04,,
0.29517,-0.00141,0.24054,-7.65E-04,,
0.29414,-0.00143,0.23952,-7.55E-04,,
0.29316,-0.00147,0.23853,-7.51E-04,,
0.29218,-0.0015,0.23753,-7.74E-04,,
0.29115,-0.00153,0.23653,-7.35E-04,,
0.29014,-0.00157,0.23555,-8.48E-04,,
0.28915,-0.00161,0.23449,-7.20E-04,,
0.28815,-0.00164,0.23355,-7.68E-04,,
0.28718,-0.00165,0.23252,-7.45E-04,,
0.28615,-0.0017,0.23154,-7.55E-04,,
0.28516,-0.00172,0.23049,-7.50E-04,,
0.28414,-0.00175,0.22954,-7.46E-04,,
0.28315,-0.0018,0.22851,-7.45E-04,,
0.28216,-0.0018,0.22753,-7.48E-04,,
0.28114,-0.00182,0.22654,-7.42E-04,,
0.28015,-0.00187,0.22552,-7.62E-04,,
0.27845,-0.00184,0.22454,-7.36E-04,,
0.27664,-0.00198,0.22353,-7.53E-04,,
0.27565,-0.00198,0.22253,-7.40E-04,,
0.27466,-0.00201,0.22153,-7.45E-04,,
0.27365,-0.00201,0.22053,-7.43E-04,,
0.27266,-0.00204,0.21953,-7.46E-04,,
0.27165,-0.00207,0.21853,-7.49E-04,,
0.27063,-0.00208,0.21753,-7.35E-04,,
0.26966,-0.00211,0.21652,-7.51E-04,,
0.26865,-0.00212,0.21553,-7.45E-04,,
0.26764,-0.00214,0.21452,-7.42E-04,,
0.26666,-0.00215,0.21352,-7.37E-04,,
0.26565,-0.00218,0.21252,-7.53E-04,,
0.26465,-0.00219,0.21154,-7.29E-04,,
0.26365,-0.00222,0.21055,-7.50E-04,,
0.26266,-0.00222,0.20953,-7.29E-04,,
0.26166,-0.00223,0.20851,-7.49E-04,,
0.26065,-0.00226,0.20752,-7.29E-04,,
0.25965,-0.00226,0.20653,-7.41E-04,,
0.25866,-0.00228,0.20553,-7.42E-04,,
0.25766,-0.0023,0.20454,-7.35E-04,,
0.25664,-0.0023,0.20354,-7.37E-04,,
0.25566,-0.00231,0.20252,-7.35E-04,,
0.25466,-0.00232,0.20154,-7.33E-04,,
0.25365,-0.00235,0.20053,-7.40E-04,,
0.25265,-0.00233,0.19953,-7.27E-04,,
0.25166,-0.00234,0.19854,-7.35E-04,,
0.25066,-0.00237,0.19754,-7.33E-04,,
0.24966,-0.00235,0.19655,-7.33E-04,,
0.24866,-0.0024,0.19553,-7.34E-04,,
0.24767,-0.00239,0.19455,-7.32E-04,,
0.24665,-0.0024,0.19351,-7.34E-04,,
0.24567,-0.00241,0.19253,-7.30E-04,,
0.24465,-0.00241,0.19153,-7.34E-04,,
0.24365,-0.00241,0.19054,-7.29E-04,,
0.24264,-0.00244,0.18955,-7.36E-04,,
0.24166,-0.00243,0.18855,-7.24E-04,,
0.24065,-0.00245,0.18754,-7.30E-04,,
0.23965,-0.00245,0.18651,-7.40E-04,,
0.23865,-0.00248,0.18553,-7.23E-04,,
0.23764,-0.00245,0.18454,-7.28E-04,,
0.23667,-0.00247,0.18353,-7.24E-04,,
0.23565,-0.00246,0.18253,-7.32E-04,,
0.23466,-0.00248,0.18153,-7.33E-04,,
0.23366,-0.00248,0.18054,-7.23E-04,,
0.23268,-0.00248,0.17956,-7.25E-04,,
0.23164,-0.00251,0.17852,-7.20E-04,,
0.23065,-0.00249,0.17753,-7.31E-04,,
0.22964,-0.0025,0.17656,-7.09E-04,,
0.22864,-0.0025,0.17553,-7.35E-04,,
0.22766,-0.00249,0.17455,-7.11E-04,,
0.22664,-0.00252,0.17354,-7.18E-04,,
0.22565,-0.0025,0.17256,-7.30E-04,,
0.22466,-0.00253,0.17163,-7.33E-04,,
0.22366,-0.00252,,,,
0.22266,-0.00251,,,,
0.22165,-0.00252,,,,
0.22066,-0.00252,,,,
0.21964,-0.00253,,,,
0.21868,-0.00253,,,,
0.21765,-0.00251,,,,
0.21666,-0.00255,,,,
0.21566,-0.00254,,,,
0.21465,-0.00253,,,,
0.21364,-0.00253,,,,
0.21266,-0.00254,,,,
0.21165,-0.00252,,,,
0.21064,-0.00253,,,,
0.20967,-0.00254,,,,
0.20867,-0.00255,,,,
0.20766,-0.00253,,,,
0.20665,-0.00253,,,,
0.20565,-0.00254,,,,
0.20465,-0.00255,,,,
0.20366,-0.00253,,,,
0.20264,-0.00254,,,,
0.20166,-0.00253,,,,
0.20066,-0.00254,,,,
0.19967,-0.00254,,,,
0.19868,-0.00253,,,,
0.19766,-0.00255,,,,
0.19667,-0.00252,,,,
0.19566,-0.00254,,,,
0.19467,-0.00254,,,,
0.19366,-0.00253,,,,
0.19264,-0.00253,,,,
0.19164,-0.00254,,,,
0.19067,-0.00252,,,,
0.18964,-0.00254,,,,
0.18866,-0.00253,,,,
0.18765,-0.00253,,,,
0.18664,-0.00254,,,,
0.18566,-0.00252,,,,
0.18465,-0.00253,,,,
0.18366,-0.00253,,,,
0.18265,-0.00252,,,,
0.18164,-0.00252,,,,
0.18066,-0.00253,,,,
0.17966,-0.00251,,,,
0.17865,-0.00252,,,,
0.17764,-0.0025,,,,
0.17665,-0.00251,,,,
0.17564,-0.00251,,,,
0.17466,-0.00249,,,,
0.17367,-0.00251,,,,
0.17264,-0.0025,,,,
0.17171,-0.00251,,,,
